Date,Open,High,Low,Close,Volume,Share_Name,Tomorrow,Target,Close_Ratio_2,Trend_2,Close_Ratio_5,Trend_5,Close_Ratio_60,Trend_60,Close_Ratio_250,Trend_250,Close_Ratio_1000,Trend_1000
1977-02-03 00:00:00-05:00,0.0,3.9361535668373104,3.897181749343872,3.897181749343872,14200,WHR,3.975122213363648,1,0.9950252284420529,1.0,0.9970094531898301,1.0,0.9284337453328274,24.0,0.9176673903570607,99.0,0.9888414372247916,423.0
1977-02-04 00:00:00-05:00,0.0,3.975122213363648,3.897178640552595,3.975122213363648,11200,WHR,3.897181749343872,0,1.0099005912867431,1.0,1.0149250716774694,2.0,0.9476615496389966,24.0,0.9362605618642733,100.0,1.008861874572562,424.0
1977-02-07 00:00:00-05:00,0.0,3.975125384330749,3.897181749343872,3.897181749343872,19000,WHR,3.936150789260864,1,0.9900994087132569,1.0,0.9950253738100896,2.0,0.9300167497251465,24.0,0.9182572478706474,99.0,0.9892963264807806,424.0
1977-02-08 00:00:00-05:00,0.0,3.936150789260864,3.819235419282819,3.936150789260864,21400,WHR,3.955638647079468,1,1.004974771557947,1.0,1.001983865070665,3.0,0.9398990079707796,25.0,0.927814032483155,99.0,0.9993962117134433,425.0
1977-02-09 00:00:00-05:00,0.0,4.014096361075716,3.936152742414052,3.955638647079468,6600,WHR,3.838722467422485,0,1.002469383905362,2.0,1.0059466177103564,3.0,0.9451387953966766,25.0,0.9328018060708323,99.0,1.0045181612328822,426.0
1977-02-10 00:00:00-05:00,0.0,3.9556378725216472,3.838722467422485,3.838722467422485,22400,WHR,3.741291522979736,0,0.9849999021164861,1.0,0.9791252679132779,3.0,0.9183436575627816,24.0,0.9057472165977448,98.0,0.9750448975443262,425.0
1977-02-11 00:00:00-05:00,0.0,3.8582068830728535,3.741291522979736,3.741291522979736,36600,WHR,3.760777711868286,1,0.9871463371220534,0.0,0.9657944102303447,2.0,0.8967769620373148,23.0,0.8834732723548655,97.0,0.9505371370393771,424.0
1977-02-14 00:00:00-05:00,0.0,3.760777711868286,3.663348237467553,3.760777711868286,44000,WHR,3.838722467422485,1,1.0025974418895036,1.0,0.9777100860160274,3.0,0.9039105247461318,23.0,0.8888273020418777,97.0,0.9557245028473992,425.0
1977-02-15 00:00:00-05:00,0.0,3.838722467422485,3.741292963173184,3.838722467422485,138600,WHR,3.838722467422485,0,1.0102565634206582,2.0,1.003055085104349,3.0,0.924665665790372,24.0,0.9081522582137743,97.0,0.9757596630201042,425.0
1977-02-16 00:00:00-05:00,0.0,3.877694269122206,3.838722467422485,3.838722467422485,81600,WHR,3.799750804901123,0,1.0,1.0,1.0092214490409006,2.0,0.9263323775510084,24.0,0.9090406657179855,97.0,0.9760352231087152,424.0
1977-02-17 00:00:00-05:00,0.0,3.838722608028314,3.780264903337528,3.799750804901123,38600,WHR,3.760777711868286,0,0.99489797749734,0.0,1.0010268600990393,2.0,0.9185837750609211,24.0,0.9008760540070814,96.0,0.9664327145324338,423.0
1977-02-18 00:00:00-05:00,0.0,3.7997495016285794,3.7023200272278474,3.760777711868286,56200,WHR,3.741291522979736,0,0.994845189334794,0.0,0.9897433993179626,2.0,0.9108067921136256,24.0,0.8929065304507987,95.0,0.9568427240011936,422.0
1977-02-22 00:00:00-05:00,0.0,3.760777416328589,3.741291522979736,3.741291522979736,71000,WHR,3.721806526184082,0,0.9974025581104964,0.0,0.985626031352604,1.0,0.907944256357691,23.0,0.889465144952516,95.0,0.9522012055834732,422.0
1977-02-23 00:00:00-05:00,0.0,3.7412924242269305,3.721806526184082,3.721806526184082,11000,WHR,3.721806526184082,0,0.9973891543877228,0.0,0.9865702621668518,0.0,0.9049273148727409,23.0,0.8859490884386069,95.0,0.9475710081459795,421.0
1977-02-24 00:00:00-05:00,0.0,3.7412924242269305,3.643862934012688,3.721806526184082,102400,WHR,3.721806526184082,0,1.0,0.0,0.9927235364194249,0.0,0.9067172629817143,22.0,0.8870517923398139,95.0,0.947928418297463,420.0
1977-02-25 00:00:00-05:00,0.0,3.721806526184082,3.682834730098385,3.721806526184082,40200,WHR,3.741291522979736,1,1.0,0.0,0.9968685567156791,0.0,0.9083702871038346,22.0,0.8880581358737588,95.0,0.9483096406858694,419.0
1977-02-28 00:00:00-05:00,0.0,3.741291522979736,3.6438620562354727,3.741291522979736,83800,WHR,3.838722467422485,1,1.002610845612277,1.0,1.003134651552983,1.0,0.9146484172719722,23.0,0.8937712739355861,95.0,0.953638961811486,420.0
1977-03-01 00:00:00-05:00,0.0,3.838722467422485,3.741292963173184,3.838722467422485,126200,WHR,3.838722467422485,0,1.0128536628779465,2.0,1.0239086904290233,2.0,0.9398108666681216,23.0,0.9180212644020348,96.0,0.9787896847204823,421.0
1977-03-02 00:00:00-05:00,0.0,3.8971801699720654,3.838722467422485,3.838722467422485,83200,WHR,3.838722467422485,0,1.0,1.0,1.017562119010707,2.0,0.9415326749112158,22.0,0.9189462427711381,96.0,0.9790474968779405,421.0
1977-03-03 00:00:00-05:00,0.0,3.858208368272346,3.819236566572625,3.838722467422485,133800,WHR,3.916665315628052,1,1.0,0.0,1.0112937398040864,2.0,0.9431102844956624,22.0,0.9198730869966326,96.0,0.9792957081625856,421.0
1977-03-04 00:00:00-05:00,0.0,3.916665315628052,3.858207624350021,3.916665315628052,57200,WHR,3.81923770904541,0,1.0100501548582668,1.0,1.0213413834251,3.0,0.9640286829305406,22.0,0.9395859364327417,96.0,0.9993933177802412,422.0
1977-03-07 00:00:00-05:00,0.0,3.936153149118229,3.8192377090454097,3.81923770904541,69400,WHR,3.936150789260864,1,0.9874057874986413,1.0,0.9919031107690252,2.0,0.9423080588467991,21.0,0.9173456802105331,95.0,0.9747562095329972,422.0
1977-03-08 00:00:00-05:00,0.0,3.936150789260864,3.8582072092755006,3.936150789260864,73800,WHR,3.780266046524048,0,1.0150750771854933,1.0,1.017119575128318,2.0,0.9732592514111036,21.0,0.9465612597585563,95.0,1.0047899684499189,423.0
1977-03-09 00:00:00-05:00,0.0,3.936153306174524,3.780266046524048,3.780266046524048,111400,WHR,3.81923770904541,1,0.9797982993850332,1.0,0.9797982872756762,2.0,0.9374249021691607,20.0,0.9101319407599333,95.0,0.9652321852979404,422.0
1977-03-10 00:00:00-05:00,0.0,3.8192377090454097,3.7412940823301977,3.81923770904541,20000,WHR,3.741291522979736,0,1.0051281851782494,1.0,0.9909001115429172,3.0,0.949459434371147,21.0,0.9204993080419013,96.0,0.9754839065297901,422.0
1977-03-11 00:00:00-05:00,0.0,3.819235096375148,3.702319736282031,3.741291522979736,18400,WHR,3.799750804901123,1,0.9896903796449186,1.0,0.9795914112206473,2.0,0.9323402925094223,21.0,0.9027814315492163,95.0,0.9559179629392213,421.0
1977-03-14 00:00:00-05:00,0.0,3.819236706464719,3.7023212970831456,3.799750804901123,38800,WHR,3.897181749343872,1,1.0077521487587002,1.0,0.9959142377359331,3.0,0.9485205894553053,22.0,0.9178026632193834,96.0,0.9711737148421569,422.0
1977-03-15 00:00:00-05:00,0.0,3.897181749343872,3.780266296863556,3.897181749343872,73000,WHR,3.877691984176636,0,1.0126584121344566,2.0,1.0235417229336128,3.0,0.9741845991590206,22.0,0.9421345889005558,97.0,0.9963389652050216,423.0
1977-03-16 00:00:00-05:00,0.0,3.9361496522798007,3.8776919841766353,3.877691984176636,33800,WHR,3.897181749343872,1,0.9974932370820111,1.0,1.0132377379076838,3.0,0.9708101550066502,21.0,0.9382008280670983,97.0,0.9915933959404003,423.0
1977-03-17 00:00:00-05:00,0.0,3.897181749343872,3.877695840597152,3.897181749343872,82600,WHR,3.897181749343872,0,1.0025067629179891,1.0,1.0141992165272562,3.0,0.9769605033714205,22.0,0.9437350141302318,97.0,0.9967809081596946,424.0
1977-03-18 00:00:00-05:00,0.0,3.9361535668373104,3.897181749343872,3.897181749343872,7600,WHR,3.877691984176636,0,1.0,1.0,1.0060364903621177,3.0,0.9788731277572865,21.0,0.9445551082555356,97.0,0.9969796618534699,424.0
1977-03-21 00:00:00-05:00,0.0,3.916663762912079,3.8776919841766353,3.877691984176636,10200,WHR,3.858207941055298,0,0.9974932370820111,0.0,0.9969933918691676,2.0,0.9759681031867469,21.0,0.940702173828231,96.0,0.9921965635657211,424.0
1977-03-22 00:00:00-05:00,0.0,3.897179738439695,3.858207941055298,3.858207941055298,37800,WHR,3.858207941055298,0,0.9974813475730487,0.0,0.9939758877037067,1.0,0.9729729333229608,21.0,0.9368612119988073,96.0,0.98741789746073,424.0
1977-03-23 00:00:00-05:00,0.0,3.877693839747496,3.819236143670901,3.858207941055298,47600,WHR,3.858207941055298,0,1.0,0.0,0.9949747632051852,1.0,0.9747291979524312,21.0,0.9377486268621238,96.0,0.9876149056081988,424.0
1977-03-24 00:00:00-05:00,0.0,3.877693839747496,3.838722042363099,3.858207941055298,25800,WHR,3.838722467422485,0,1.0,0.0,0.9969788439602293,0.0,0.976331318196314,21.0,0.9386021272530116,96.0,0.9878415619720149,423.0
1977-03-25 00:00:00-05:00,0.0,3.858208368272346,3.819236566572625,3.838722467422485,7200,WHR,3.741291522979736,0,0.9974684097947214,0.0,0.9949496788993449,0.0,0.9730798374195421,21.0,0.9346415978979311,96.0,0.983122340658218,422.0
1977-03-28 00:00:00-05:00,0.0,3.8582068830728535,3.741291522979736,3.741291522979736,53800,WHR,3.741291522979736,0,0.9871463371220534,0.0,0.9766020008818976,0.0,0.9504947484466465,20.0,0.9117672287103161,96.0,0.9584853253373196,421.0
1977-03-29 00:00:00-05:00,0.0,3.799749203026295,3.741291522979736,3.741291522979736,42400,WHR,3.721806526184082,0,1.0,0.0,0.9825996098108514,0.0,0.9525381524663665,20.0,0.9126340101533073,95.0,0.9588347488597603,420.0
1977-03-30 00:00:00-05:00,0.0,3.76077832226978,3.682834730098385,3.721806526184082,28200,WHR,3.721806526184082,0,0.9973891543877228,0.0,0.9845361408620881,0.0,0.9493827563940749,20.0,0.9087275414181665,95.0,0.9541603032521888,420.0
1977-03-31 00:00:00-05:00,0.0,3.76077832226978,3.7023206281412335,3.721806526184082,24000,WHR,3.741291522979736,1,1.0,0.0,0.9916926932411934,0.0,0.9510372828480514,20.0,0.909575736557592,95.0,0.9545083927204169,419.0
1977-04-01 00:00:00-05:00,0.0,3.760777416328589,3.721805629630884,3.741291522979736,50200,WHR,3.682838201522827,0,1.002610845612277,1.0,1.0020875864166545,1.0,0.9570488224614855,21.0,0.915331539165578,95.0,0.9598413589935211,420.0
1977-04-04 00:00:00-05:00,0.0,3.721810034343175,3.682838201522827,3.682838201522827,10200,WHR,3.682838201522827,0,0.9921265759589316,1.0,0.9895296397923296,1.0,0.9433499817682149,21.0,0.9020798791343658,94.0,0.9451993466302387,419.0
1977-04-05 00:00:00-05:00,0.0,3.682838201522827,3.624380452292306,3.682838201522827,39800,WHR,3.6633460521698,0,1.0,0.0,0.9926476712002564,1.0,0.9450795852087681,20.0,0.9030798690571802,94.0,0.9455066997580489,419.0
1977-04-06 00:00:00-05:00,0.0,3.760775468450912,3.6633460521698,3.6633460521698,112000,WHR,3.6243772506713863,0,0.9973466293956309,0.0,0.9905154066301516,1.0,0.9418043649736094,20.0,0.8991938207810908,94.0,0.940803637199853,419.0
1977-04-07 00:00:00-05:00,0.0,3.7023208474600175,3.6243772506713863,3.6243772506713863,51200,WHR,3.643863916397095,1,0.9946528154433056,0.0,0.9851693636976337,1.0,0.9338130785375262,19.0,0.8905316423513545,94.0,0.9310474474672821,419.0
1977-04-11 00:00:00-05:00,0.0,3.7023216262858174,3.624378013100854,3.643863916397095,224800,WHR,3.741291522979736,1,1.0026810703274405,1.0,0.9957401258511939,1.0,0.9408807063636856,19.0,0.8961949601169971,95.0,0.93628761133575,420.0
1977-04-12 00:00:00-05:00,0.0,3.760777416328589,3.6438620562354727,3.741291522979736,220800,WHR,3.7023191452026367,0,1.0131923569358023,2.0,1.019107979940682,2.0,0.9679042737373605,19.0,0.9209867202272026,95.0,0.9614948560596657,421.0
1977-04-13 00:00:00-05:00,0.0,3.741290925678454,3.682833254964729,3.7023191452026367,64000,WHR,3.81923770904541,1,0.9947643180823943,1.0,1.0074229316836858,2.0,0.9599995806051193,18.0,0.9122156010348119,95.0,0.9516220985098756,421.0
1977-04-14 00:00:00-05:00,0.0,3.858209522403016,3.7412940823301977,3.81923770904541,196200,WHR,3.897181749343872,1,1.015544463215317,1.0,1.0304946452058303,3.0,0.9922379915050564,18.0,0.941746634996663,96.0,0.9817331544891483,422.0
1977-04-15 00:00:00-05:00,0.0,3.897181749343872,3.780266296863556,3.897181749343872,122800,WHR,3.897181749343872,0,1.0101010631574365,2.0,1.0362698652838684,4.0,1.013942205573728,19.0,0.9616683943957474,96.0,1.0018388837746512,422.0
1977-04-18 00:00:00-05:00,0.0,3.9361535668373104,3.897181749343872,3.897181749343872,85400,WHR,3.897181749343872,0,1.0,1.0,1.0224952565776748,3.0,1.015314820165254,19.0,0.962260631768867,96.0,1.0019191839532327,421.0
1977-04-19 00:00:00-05:00,0.0,3.9361535668373104,3.897181749343872,3.897181749343872,43800,WHR,3.975122213363648,1,1.0,0.0,1.0141989899906547,2.0,1.0166911561223702,19.0,0.9628721402730746,95.0,1.0020547205772878,420.0
1977-04-20 00:00:00-05:00,0.0,3.9946081065664094,3.936150426958121,3.975122213363648,72400,WHR,3.936150789260864,0,1.0099005912867431,1.0,1.019999373545589,3.0,1.0379915310491674,20.0,0.982677590590012,96.0,1.0222281630966488,420.0
1977-04-21 00:00:00-05:00,0.0,3.9946084742498873,3.936150789260864,3.936150789260864,63200,WHR,3.916665315628052,0,0.9950739376469684,1.0,1.003975739337663,2.0,1.0286876020358522,20.0,0.9736063750972942,96.0,1.0123281565718971,420.0
1977-04-22 00:00:00-05:00,0.0,3.9751230069060814,3.916665315628052,3.916665315628052,5000,WHR,3.936150789260864,1,0.9975186642126154,0.0,0.9980137274839795,1.0,1.0242036958676335,20.0,0.9693846954384328,95.0,1.0074227628764971,420.0
1977-04-25 00:00:00-04:00,0.0,3.936150789260864,3.897178999268183,3.936150789260864,40600,WHR,3.877691984176636,0,1.0024813357873847,1.0,1.0009909374418808,2.0,1.0294739818033785,21.0,0.9747903514112801,96.0,1.01252605446937,421.0
1977-04-26 00:00:00-04:00,0.0,3.9361496522798007,3.8776919841766353,3.877691984176636,76800,WHR,3.877691984176636,0,0.9925185588219213,1.0,0.9871029429752654,2.0,1.0144429769076162,21.0,0.9609250919758952,96.0,0.9975332517662143,421.0
1977-04-27 00:00:00-04:00,0.0,3.897177873544357,3.8776919841766353,3.877691984176636,28200,WHR,3.858207941055298,0,1.0,0.0,0.992023733982439,1.0,1.014529190200676,21.0,0.9615751484072346,95.0,0.9975432529944663,421.0
1977-04-28 00:00:00-04:00,0.0,3.897179738439695,3.858207941055298,3.858207941055298,14600,WHR,3.975122213363648,1,0.9974813475730487,0.0,0.9909912342897471,1.0,1.0095173060961595,21.0,0.9573912297792415,95.0,0.9925657771560288,420.0
1977-04-29 00:00:00-04:00,0.0,3.975122213363648,3.8582068541470695,3.975122213363648,39000,WHR,3.975122213363648,0,1.0149252323090705,1.0,1.017964075877882,2.0,1.0399317093960614,21.0,0.9868990943782301,96.0,1.0226740001412948,420.0
1977-05-02 00:00:00-04:00,0.0,3.9946081065664094,3.936150426958121,3.975122213363648,32400,WHR,3.994612216949463,1,1.0,1.0,1.0159362777997945,1.0,1.0395784259156522,21.0,0.9873576462590791,96.0,1.0226996354244828,420.0
1977-05-03 00:00:00-04:00,0.0,4.014098130202875,3.955640390442639,3.994612216949463,39600,WHR,3.955638647079468,0,1.0024455022631225,1.0,1.0148523007647177,2.0,1.0445867350713636,21.0,0.9926791102800443,96.0,1.027729381704918,421.0
1977-05-04 00:00:00-04:00,0.0,4.014096361075716,3.955638647079468,3.955638647079468,26200,WHR,4.033583164215088,1,0.9950978188567192,1.0,1.0009864009473273,2.0,1.0341317196423971,21.0,0.9835083508147394,96.0,1.0177074065325182,421.0
1977-05-05 00:00:00-04:00,0.0,4.053069073220958,3.955639528191608,4.033583164215088,39000,WHR,4.1115241050720215,1,1.0097562089245573,1.0,1.0117305330483342,3.0,1.0540614505335273,21.0,1.003413081560379,96.0,1.0377505806474716,421.0
1977-05-06 00:00:00-04:00,0.0,4.1115241050720215,4.014094623909177,4.1115241050720215,107800,WHR,4.072554588317871,0,1.0095690502629506,2.0,1.024271475832466,3.0,1.0737001090577234,21.0,1.0232186716406144,97.0,1.0577871290314127,421.0
1977-05-09 00:00:00-04:00,0.0,4.111526402560148,4.072554588317871,4.072554588317871,38800,WHR,4.1115241050720215,1,0.995238374627846,1.0,1.009661893258117,3.0,1.0624421706166745,21.0,1.0139335064930697,97.0,1.04782433131034,420.0
1977-05-10 00:00:00-04:00,0.0,4.150495897537159,4.1115241050720215,4.1115241050720215,30600,WHR,4.092039585113525,0,1.004761625372154,1.0,1.0134482757850631,3.0,1.0708846122209443,22.0,1.0239933257773295,98.0,1.0579091098030928,420.0
1977-05-11 00:00:00-04:00,0.0,4.1115254878997805,4.092039585113525,4.092039585113525,47600,WHR,4.014095306396484,0,0.9976248712517699,1.0,1.001908425020129,3.0,1.064279250531841,21.0,1.0194968497963866,98.0,1.0529062345395628,420.0
1977-05-12 00:00:00-04:00,0.0,4.072553005033327,4.014095306396484,4.014095306396484,71000,WHR,3.975122213363648,0,0.9903845322388262,0.0,0.9837630910159026,2.0,1.0432140417195004,20.0,1.0002330848279788,98.0,1.0328765991167999,420.0
1977-05-13 00:00:00-04:00,0.0,4.053065786174699,3.975122213363648,3.975122213363648,64200,WHR,4.072554588317871,1,0.9951217884684649,0.0,0.9807688984122972,1.0,1.0324754166659038,20.0,0.9906564458850373,98.0,1.0228893681626092,419.0
1977-05-16 00:00:00-04:00,0.0,4.072554588317871,3.97512505271218,4.072554588317871,40000,WHR,4.208953380584717,1,1.0121068946175704,1.0,1.0048080695181056,2.0,1.0565342371397122,21.0,1.0151548724907868,98.0,1.0479556787523723,420.0
1977-05-17 00:00:00-04:00,0.0,4.208953380584717,4.053066218340839,4.208953380584717,68200,WHR,4.286896705627441,1,1.0164702844915479,2.0,1.0334925942855198,2.0,1.0898080347650658,22.0,1.0492361786850977,99.0,1.08296713304455,421.0
1977-05-18 00:00:00-04:00,0.0,4.325868493860418,4.228439023277977,4.286896705627441,136400,WHR,4.22844123840332,0,1.0091742820614524,2.0,1.04265383056269,3.0,1.1073822406399143,23.0,1.0686248884564349,100.0,1.1029335369216744,421.0
1977-05-19 00:00:00-04:00,0.0,4.267413047052199,4.2089553340788814,4.22844123840332,167000,WHR,4.13101053237915,0,0.9931352733610416,1.0,1.0178239280682744,3.0,1.0899048305242116,23.0,1.0540328016265332,100.0,1.0877686771542199,421.0
1977-05-20 00:00:00-04:00,0.0,4.2089541273297,4.13101053237915,4.13101053237915,105200,WHR,4.1115241050720215,0,0.9883448450094892,0.0,0.986964561605742,3.0,1.0629229866110481,23.0,1.02982607020292,100.0,1.0626193520381373,420.0
1977-05-23 00:00:00-04:00,0.0,4.13101000130459,4.072552312606883,4.1115241050720215,27800,WHR,4.1115241050720215,0,0.9976358695274886,0.0,0.9804831958138596,2.0,1.056143970854683,23.0,1.024988185050793,100.0,1.0575591528170292,419.0
1977-05-24 00:00:00-04:00,0.0,4.13101000130459,4.072552312606883,4.1115241050720215,130200,WHR,4.092039585113525,0,1.0,0.0,0.9850606049673336,1.0,1.05447257639419,22.0,1.0249682702419711,100.0,1.0574902493457123,419.0
1977-05-25 00:00:00-04:00,0.0,4.169983196258545,4.092039585113525,4.092039585113525,49600,WHR,4.014095306396484,0,0.9976248712517699,0.0,0.9896325797347144,0.0,1.048340292695614,21.0,1.020150587383857,99.0,1.0524577021690793,418.0
1977-05-26 00:00:00-04:00,0.0,4.09203890457894,3.975123507305256,4.014095306396484,74800,WHR,3.975122213363648,0,0.9903845322388262,0.0,0.9809524235683416,0.0,1.0276022529361521,21.0,1.000777322400768,99.0,1.0324158917786372,417.0
1977-05-27 00:00:00-04:00,0.0,4.053065786174699,3.975122213363648,3.975122213363648,21600,WHR,3.936150789260864,0,0.9951217884684649,0.0,0.9788865345773546,0.0,1.0170333191580807,21.0,0.9912340763018214,98.0,1.022397228775537,417.0
1977-05-31 00:00:00-04:00,0.0,3.936150789260864,3.8582072092755006,3.936150789260864,15600,WHR,4.014095306396484,1,0.9950739376469684,0.0,0.9777346332671852,0.0,1.0069788279260332,20.0,0.9817833322432752,97.0,1.0123636730021022,417.0
1977-06-01 00:00:00-04:00,0.0,4.014095306396484,3.9166658086684154,4.014095306396484,37800,WHR,4.014095306396484,0,1.009804038289858,1.0,1.0019456019381703,1.0,1.026066750471483,21.0,1.001419507734064,98.0,1.032327939441582,418.0
1977-06-02 00:00:00-04:00,0.0,4.053067105487712,4.014095306396484,4.014095306396484,34800,WHR,4.092039585113525,1,1.0,1.0,1.0058594865520776,1.0,1.0257261433843197,20.0,1.001536357043916,98.0,1.0322658639135271,417.0
1977-06-03 00:00:00-04:00,0.0,4.150497293472291,4.014095973968506,4.092039585113525,115000,WHR,4.072554588317871,0,1.009615467761174,1.0,1.0214010262108166,2.0,1.0442567685665878,21.0,1.0209838347443794,99.0,1.0522625799761265,417.0
1977-06-06 00:00:00-04:00,0.0,4.131012309681285,4.072554588317871,4.072554588317871,9600,WHR,4.13101053237915,1,0.9976134763857509,1.0,1.0116169762294294,2.0,1.038165819929524,20.0,1.0160629523361744,99.0,1.047225800929525,416.0
1977-06-07 00:00:00-04:00,0.0,4.13101053237915,4.0530669374286,4.13101053237915,115000,WHR,4.150496482849121,1,1.0071256756301963,1.0,1.0162989903263304,3.0,1.0513265131156038,21.0,1.0307273186329566,99.0,1.0622413261334265,416.0
1977-06-08 00:00:00-04:00,0.0,4.169982381829633,4.131010583868608,4.150496482849121,64800,WHR,4.13101053237915,0,1.0023529474085018,2.0,1.0142855871037249,3.0,1.0547164864929357,21.0,1.0357302496419396,99.0,1.0672037856893528,417.0
1977-06-09 00:00:00-04:00,0.0,4.150496431116788,4.13101053237915,4.13101053237915,42000,WHR,4.053064346313477,0,0.9976470525914982,1.0,1.0037877493165013,3.0,1.0487261619323516,20.0,1.0310682001931022,98.0,1.0621934260383472,416.0
1977-06-10 00:00:00-04:00,0.0,4.13100789143489,4.053064346313477,4.053064346313477,15200,WHR,4.072554588317871,1,0.9904758708563862,0.0,0.9867166745674654,2.0,1.0281752912723794,20.0,1.0119087255760915,97.0,1.0421670398024834,416.0
1977-06-13 00:00:00-04:00,0.0,4.092040495439009,4.014096866954456,4.072554588317871,29800,WHR,4.13101053237915,1,1.002398616297563,1.0,0.991461565132695,3.0,1.032354085032843,20.0,1.0169924511501032,98.0,1.0472467908447858,416.0
1977-06-14 00:00:00-04:00,0.0,4.13101053237915,4.092038734903875,4.13101053237915,88600,WHR,4.053064346313477,0,1.0071256756301963,2.0,1.0056926381689053,3.0,1.046138644534802,21.0,1.0317707261966023,98.0,1.0623318153143964,417.0
1977-06-15 00:00:00-04:00,0.0,4.111522005154536,4.053064346313477,4.053064346313477,27200,WHR,4.092039585113525,1,0.9904758708563862,1.0,0.9914199329353046,2.0,1.0256403552793347,21.0,1.012578681430782,97.0,1.0423602790306765,417.0
1977-06-16 00:00:00-04:00,0.0,4.092039585113525,4.053067779541016,4.092039585113525,11800,WHR,3.994612216949463,0,1.0047851125201321,1.0,1.002865664695658,3.0,1.0344829550278962,22.0,1.0226344952007,97.0,1.0524049614003292,418.0
1977-06-17 00:00:00-04:00,0.0,4.014098130202875,3.975126303696051,3.994612216949463,38400,WHR,4.014095306396484,1,0.9879520757726693,1.0,0.9818013535068705,3.0,1.0092728963610746,22.0,0.9986756454337212,97.0,1.0273842922876026,418.0
1977-06-20 00:00:00-04:00,0.0,4.014095306396484,3.975123507305256,4.014095306396484,13400,WHR,3.955638647079468,0,1.0024327382901956,1.0,0.98943320994853,3.0,1.0135301457170836,23.0,1.0038595130898857,98.0,1.0324003712455918,419.0
1977-06-21 00:00:00-04:00,0.0,4.033582265741132,3.936152742414052,3.955638647079468,145600,WHR,3.897181749343872,0,0.9926651680397035,1.0,0.9835273035922271,2.0,0.9982790988646496,23.0,0.9894719050587459,98.0,1.0174319683746254,418.0
1977-06-22 00:00:00-04:00,0.0,3.95563947558403,3.897181749343872,3.897181749343872,84800,WHR,3.936150789260864,1,0.9925559359841949,0.0,0.976562649358366,2.0,0.9828819393230993,23.0,0.9751535697990519,97.0,1.0024866774222136,417.0
1977-06-23 00:00:00-04:00,0.0,3.955636684257205,3.897178999268183,3.936150789260864,41400,WHR,3.936150789260864,0,1.004974771557947,1.0,0.9940940165539458,2.0,0.9918976255721027,24.0,0.9851734050636171,98.0,1.0126377245223264,417.0
1977-06-24 00:00:00-04:00,0.0,3.9946084742498873,3.936150789260864,3.936150789260864,80000,WHR,3.897181749343872,0,1.0,1.0,0.9970382141194375,2.0,0.9910054880685879,24.0,0.9854425466102663,98.0,1.0127697283725057,416.0
1977-06-27 00:00:00-04:00,0.0,3.975125384330749,3.858209931850433,3.897181749343872,29600,WHR,3.760777711868286,0,0.9950252284420529,0.0,0.9930489824494589,1.0,0.9804727108830582,24.0,0.976010152411275,97.0,1.0028888299450376,415.0
1977-06-28 00:00:00-04:00,0.0,3.897178976029312,3.760777711868286,3.760777711868286,31400,WHR,3.760777711868286,0,0.9821879394678861,0.0,0.9679034324534522,1.0,0.9460781912659344,23.0,0.9422353734813793,97.0,0.9680345943582913,414.0
1977-06-29 00:00:00-04:00,0.0,3.760777711868286,3.7023200272278474,3.760777711868286,71200,WHR,3.81923770904541,1,1.0,0.0,0.9747473322440824,1.0,0.9457691326002079,23.0,0.9425298704005682,97.0,0.9683114316738471,413.0
1977-06-30 00:00:00-04:00,0.0,3.8192377090454097,3.760779989009,3.81923770904541,14600,WHR,3.780266046524048,0,1.0077123849927574,1.0,0.9959352969989149,1.0,0.9599220003046466,24.0,0.9573494850900943,98.0,0.9836398636195064,413.0
1977-07-01 00:00:00-04:00,0.0,3.819237861436667,3.760780139067738,3.780266046524048,67600,WHR,3.81923770904541,1,0.9948718148217506,1.0,0.9938527071736932,1.0,0.9496617949676053,24.0,0.9478954839421446,97.0,0.9738764591611061,413.0
1977-07-05 00:00:00-04:00,0.0,3.8192377090454097,3.799751802366607,3.81923770904541,30200,WHR,3.799750804901123,0,1.0051281851782494,1.0,1.0082306870792235,2.0,0.9586699378359899,25.0,0.957967126273429,97.0,0.9842227109865498,413.0
1977-07-06 00:00:00-04:00,0.0,3.819236706464719,3.799750804901123,3.799750804901123,19800,WHR,3.858207941055298,1,0.9974423239897768,1.0,1.0010265960250553,2.0,0.9531569083669685,24.0,0.9534520946067243,96.0,0.9794714250024634,413.0
1977-07-07 00:00:00-04:00,0.0,3.858207941055298,3.799750244978702,3.858207941055298,25200,WHR,3.81923770904541,0,1.007633514111713,1.0,1.0112356692897246,3.0,0.967347876000017,24.0,0.9683666561603168,97.0,0.9947999042265552,414.0
1977-07-08 00:00:00-04:00,0.0,3.877695429081819,3.8192377090454097,3.81923770904541,55600,WHR,3.780266046524048,0,0.9949240627956283,1.0,1.0010215778641298,2.0,0.957109460174908,24.0,0.9588294159391633,97.0,0.9850586720553255,413.0
1977-07-11 00:00:00-04:00,0.0,3.838723768892976,3.780266046524048,3.780266046524048,129000,WHR,3.741291522979736,0,0.9948718148217506,0.0,0.990807111501712,2.0,0.947497301973244,23.0,0.9493798719009213,96.0,0.9753306115937213,412.0
1977-07-12 00:00:00-04:00,0.0,3.799749203026295,3.702319736282031,3.741291522979736,98800,WHR,3.741291522979736,0,0.9948182908680597,0.0,0.9846149695274797,1.0,0.938339668912195,22.0,0.9399965783606367,95.0,0.9655516526061786,412.0
1977-07-13 00:00:00-04:00,0.0,3.741291522979736,3.702319736282031,3.741291522979736,26000,WHR,3.682838201522827,0,1.0,0.0,0.9876539868643224,1.0,0.9389515250709025,22.0,0.9404570110140346,94.0,0.9658430810668193,411.0
1977-07-15 00:00:00-04:00,0.0,3.721810034343175,3.6633522851126537,3.682838201522827,26800,WHR,3.682838201522827,0,0.9921265759589316,0.0,0.9813090648973773,0.0,0.925110921540185,22.0,0.9263079328278659,93.0,0.951016028771334,411.0
1977-07-18 00:00:00-04:00,0.0,3.721810034343175,3.682838201522827,3.682838201522827,10400,WHR,3.6633460521698,0,1.0,0.0,0.9884942859290458,0.0,0.9262443406888564,21.0,0.9268530406190602,93.0,0.9512505681338733,411.0
1977-07-19 00:00:00-04:00,0.0,3.702317818682245,3.6633460521698,3.6633460521698,19400,WHR,3.6633460521698,0,0.9973466293956309,0.0,0.9894728071904104,0.0,0.9223967881172006,21.0,0.9224903555338451,93.0,0.9464635953444781,410.0
1977-07-20 00:00:00-04:00,0.0,3.702317818682245,3.643860168913578,3.6633460521698,172400,WHR,3.643863916397095,0,1.0,0.0,0.9936567252882293,0.0,0.9233783925487318,21.0,0.9229613595279182,93.0,0.9467591102185577,409.0
1977-07-21 00:00:00-04:00,0.0,3.663349819693336,3.624378013100854,3.643863916397095,41600,WHR,3.6633460521698,1,0.9973338475483106,0.0,0.993623944161766,0.0,0.9195969147322094,20.0,0.9186121506344428,92.0,0.9420135061996882,409.0
1977-07-22 00:00:00-04:00,0.0,3.702317818682245,3.643860168913578,3.6633460521698,92200,WHR,3.682838201522827,1,1.0026661524516896,1.0,0.9999994533099136,1.0,0.9253478601643859,21.0,0.9239774593452689,93.0,0.94733637107396,410.0
1977-07-25 00:00:00-04:00,0.0,3.702324117933001,3.6633522851126537,3.682838201522827,21000,WHR,3.741291522979736,1,1.0026533706043692,2.0,1.0053203098217678,2.0,0.9310352552935877,22.0,0.9293871246351625,93.0,0.9526026229339051,411.0
1977-07-26 00:00:00-04:00,0.0,3.741291522979736,3.6438620562354727,3.741291522979736,127800,WHR,3.6633460521698,0,1.0078734240410683,2.0,1.0169490185359709,3.0,0.9462786244804812,23.0,0.9445283322872471,94.0,0.9679856128169061,411.0
1977-07-27 00:00:00-04:00,0.0,3.702317818682245,3.6633460521698,3.6633460521698,26600,WHR,3.7023191452026367,1,0.9894734252664132,1.0,0.9957620648990736,3.0,0.9277833771676208,22.0,0.9252871624863477,94.0,0.9480720844110424,411.0
1977-07-28 00:00:00-04:00,0.0,3.7023191452026367,3.643861474488911,3.7023191452026367,64800,WHR,3.721806526184082,1,1.0052911844332457,1.0,1.0031677399555232,4.0,0.9387347087868525,23.0,0.9354624727676609,95.0,0.9583709544522734,412.0
1977-07-29 00:00:00-04:00,0.0,3.721806526184082,3.682834730098385,3.721806526184082,63200,WHR,3.6633460521698,0,1.0026248721861688,2.0,1.005263249813081,4.0,0.9447649640247063,23.0,0.9407012779872735,96.0,0.9636244036936573,413.0
1977-08-01 00:00:00-04:00,0.0,3.760775468450912,3.6633460521698,3.6633460521698,54800,WHR,3.7023191452026367,1,0.9920840533226583,1.0,0.9905160068532947,3.0,0.9310764065449808,23.0,0.9262901314360413,96.0,0.9486988212052674,413.0
1977-08-02 00:00:00-04:00,0.0,3.7023191452026367,3.66334736472682,3.7023191452026367,69800,WHR,3.643863916397095,0,1.0052911844332457,1.0,1.0031679602950285,3.0,0.9423040858732925,23.0,0.9364768311304682,97.0,0.9589949583395789,414.0
1977-08-03 00:00:00-04:00,0.0,3.760779336174542,3.643863916397095,3.643863916397095,134200,WHR,3.643863916397095,0,0.992042775368463,1.0,0.9883726148900559,3.0,0.9292697006185788,22.0,0.9220909181419766,96.0,0.9440775246875666,413.0
1977-08-04 00:00:00-04:00,0.0,3.682835722989577,3.624378013100854,3.643863916397095,15200,WHR,3.643863916397095,0,1.0,0.0,0.9915168282179903,2.0,0.9309660145850444,22.0,0.9224366037924101,96.0,0.944263443522158,413.0
1977-08-05 00:00:00-04:00,0.0,3.682835722989577,3.643863916397095,3.643863916397095,102600,WHR,3.6633460521698,1,1.0,0.0,0.9957404891451294,1.0,0.9328236066871978,21.0,0.9227643372253386,96.0,0.9444494355978139,413.0
1977-08-08 00:00:00-04:00,0.0,3.6633460521698,3.624374285657356,3.6633460521698,62800,WHR,3.682838201522827,1,1.0026661524516896,1.0,1.0010642750627676,2.0,0.939529479742499,22.0,0.9278811021980933,97.0,0.9496812545951758,414.0
1977-08-09 00:00:00-04:00,0.0,3.682838201522827,3.64386636870248,3.682838201522827,31800,WHR,3.741291522979736,1,1.0026533706043692,2.0,1.0074634356340015,2.0,0.9458678810252695,23.0,0.9329471542044088,98.0,0.9549418012103194,414.0
1977-08-10 00:00:00-04:00,0.0,3.741291522979736,3.663347949584325,3.741291522979736,22600,WHR,3.780266046524048,1,1.0078734240410683,2.0,1.0180272291111632,3.0,0.9618432450567156,24.0,0.9478108623374091,99.0,0.9703141745201145,414.0
1977-08-11 00:00:00-04:00,0.0,3.819237861436667,3.7412942316114286,3.780266046524048,63600,WHR,3.81923770904541,1,1.0051817091319402,2.0,1.0210529814922091,4.0,0.9730818374785866,24.0,0.9577602318335265,99.0,0.9806304682692583,415.0
1977-08-12 00:00:00-04:00,0.0,3.8192377090454097,3.7218081756513945,3.81923770904541,41400,WHR,3.81923770904541,0,1.0051281851782494,2.0,1.0218980821528272,5.0,0.9847600405927723,24.0,0.9677104504153807,99.0,0.9909453910200701,415.0
1977-08-15 00:00:00-04:00,0.0,3.8192377090454097,3.780265895687804,3.81923770904541,9600,WHR,3.838722467422485,1,1.0,1.0,1.0134436707424885,4.0,0.9867431006610191,23.0,0.9678633638805914,98.0,0.9911708944143095,414.0
1977-08-16 00:00:00-04:00,0.0,3.858208368272346,3.799750665722765,3.838722467422485,59600,WHR,3.858207941055298,1,1.002544379694863,1.0,1.0102562971851863,4.0,0.9934443435373039,24.0,0.9729741173593139,98.0,0.9964341883664926,415.0
1977-08-17 00:00:00-04:00,0.0,3.858207941055298,3.819236143670901,3.858207941055298,18000,WHR,3.877691984176636,1,1.0025315902052785,2.0,1.009174034443994,4.0,0.9996633698999132,25.0,0.9780095720812505,99.0,1.001689716170975,416.0
1977-08-18 00:00:00-04:00,0.0,3.8776919841766353,3.8192343160734703,3.877691984176636,12200,WHR,3.858207941055298,0,1.0025186524269514,2.0,1.0091272168530714,4.0,1.0057272439512372,26.0,0.9829873888042523,100.0,1.0069520421271247,416.0
1977-08-19 00:00:00-04:00,0.0,3.858207941055298,3.819236143670901,3.858207941055298,59400,WHR,3.799750804901123,0,0.9974813475730487,1.0,1.002024284478676,3.0,1.0017707672522305,26.0,0.9781448565271136,99.0,1.0020952880056186,416.0
1977-08-22 00:00:00-04:00,0.0,3.838722608028314,3.799750804901123,3.799750804901123,49800,WHR,3.741291522979736,0,0.9923664858882869,0.0,0.987842135570883,3.0,0.9878420529111867,26.0,0.9634578894717426,99.0,0.9871469848839287,415.0
1977-08-23 00:00:00-04:00,0.0,3.780263309677442,3.741291522979736,3.741291522979736,12200,WHR,3.741291522979736,0,0.9922478512412998,0.0,0.9775965918783294,2.0,0.9737951359317355,26.0,0.9488225787960735,99.0,0.972210701298814,414.0
1977-08-24 00:00:00-04:00,0.0,3.760777416328589,3.741291522979736,3.741291522979736,20200,WHR,3.721806526184082,0,1.0,0.0,0.9836064607857655,1.0,0.974783927313005,26.0,0.9490101712577045,99.0,0.9724569079317138,414.0
1977-08-25 00:00:00-04:00,0.0,3.76077832226978,3.721806526184082,3.721806526184082,28800,WHR,3.741291522979736,1,0.9973891543877228,0.0,0.9865702995773603,0.0,0.9706105870002362,26.0,0.9442729987331112,99.0,0.9676667237969782,413.0
1977-08-26 00:00:00-04:00,0.0,3.741291522979736,3.62437616288662,3.741291522979736,38600,WHR,3.741291522979736,0,1.002610845612277,1.0,0.9979208649161248,1.0,0.9768503757481436,26.0,0.9493292486695543,100.0,0.9730187262567926,413.0
1977-08-29 00:00:00-04:00,0.0,3.799749203026295,3.741291522979736,3.741291522979736,25600,WHR,3.7023191452026367,0,1.0,1.0,1.001042704840097,1.0,0.9780114221144133,26.0,0.9495358267890385,99.0,0.9733196148213521,412.0
1977-08-30 00:00:00-04:00,0.0,3.7218050354405454,3.682833254964729,3.7023191452026367,2800,WHR,3.81923770904541,1,0.9947643180823943,0.0,0.9926853006995481,1.0,0.9694697575713885,25.0,0.939849192886718,99.0,0.9635030824593986,411.0
1977-08-31 00:00:00-04:00,0.0,3.8192377090454097,3.682836362293788,3.81923770904541,709000,WHR,3.780266046524048,0,1.015544463215317,1.0,1.0197716104919345,2.0,1.0011922909722015,26.0,0.9696829480217711,99.0,0.99424797302786,411.0
1977-09-01 00:00:00-04:00,0.0,3.819237861436667,3.780266046524048,3.780266046524048,36800,WHR,3.760777711868286,0,0.9948718148217506,1.0,1.0062245399838696,2.0,0.9924970140170734,25.0,0.9599782339242192,99.0,0.9844022382247763,411.0
1977-09-02 00:00:00-04:00,0.0,3.819235396508726,3.760777711868286,3.760777711868286,13400,WHR,3.799750804901123,1,0.9974156979749556,0.0,0.9999998098117847,1.0,0.9890670926748952,24.0,0.9552939975720517,98.0,0.9796504813303116,410.0
1977-09-06 00:00:00-04:00,0.0,3.838722608028314,3.799750804901123,3.799750804901123,8000,WHR,3.81923770904541,1,1.005154810665206,1.0,1.0072314741648414,2.0,1.000769949511959,25.0,0.9654040006167911,99.0,0.9901443991995875,410.0
1977-09-07 00:00:00-04:00,0.0,3.877695429081819,3.8192377090454097,3.81923770904541,140800,WHR,3.760777711868286,0,1.0025576760102233,2.0,1.0061603298734594,3.0,1.006935898610992,26.0,0.970508795538262,100.0,0.995606531490894,410.0
1977-09-08 00:00:00-04:00,0.0,3.838721291388872,3.760777711868286,3.760777711868286,213600,WHR,3.780266046524048,1,0.9922876150072426,1.0,0.9938204852242946,2.0,0.9928832554332022,25.0,0.9558806834896632,99.0,0.9807307292841859,410.0
1977-09-09 00:00:00-04:00,0.0,3.7997519539803575,3.7412942316114286,3.780266046524048,19000,WHR,3.780266046524048,0,1.0025843020250444,1.0,0.9989704588966765,3.0,0.9995710450744361,25.0,0.9610053991120693,100.0,0.9861937340289899,410.0
1977-09-12 00:00:00-04:00,0.0,3.780266046524048,3.7412942316114286,3.780266046524048,251600,WHR,3.799750804901123,1,1.0,1.0,0.9979425832905774,3.0,1.0007741896206774,25.0,0.9610434842405524,100.0,0.9865748905636859,410.0
1977-09-13 00:00:00-04:00,0.0,3.819236706464719,3.780264903337528,3.799750804901123,20000,WHR,3.81923770904541,1,1.0025705428838738,1.0,1.003086313882632,3.0,1.007231499627489,25.0,0.965977884465861,101.0,0.9920283056381194,411.0
1977-09-14 00:00:00-04:00,0.0,3.838723615724213,3.8192377090454097,3.81923770904541,18600,WHR,3.81923770904541,0,1.0025576760102233,2.0,1.0082306109301817,3.0,1.0131820682121495,26.0,0.9709318720841562,101.0,0.9974304950026928,412.0
1977-09-15 00:00:00-04:00,0.0,3.838723615724213,3.8192377090454097,3.81923770904541,71200,WHR,3.838722467422485,1,1.0,1.0,1.0051282419390932,3.0,1.0140557206990184,25.0,0.9709511102846546,100.0,0.9977554548026822,411.0
1977-09-16 00:00:00-04:00,0.0,3.858208368272346,3.838722467422485,3.838722467422485,23600,WHR,3.858207941055298,1,1.002544379694863,1.0,1.0071572683656427,3.0,1.01975676985873,26.0,0.9759239883762835,100.0,1.0031470329342456,412.0
1977-09-19 00:00:00-04:00,0.0,3.858207941055298,3.838722042363099,3.858207941055298,36200,WHR,3.897181749343872,1,1.0025315902052785,2.0,1.008146422671576,4.0,1.025109976124451,27.0,0.9809166857728401,100.0,1.0085163538154434,413.0
1977-09-20 00:00:00-04:00,0.0,3.9166676580905913,3.877695840597152,3.897181749343872,84200,WHR,3.858207941055298,0,1.0050253836163543,2.0,1.0131714554688498,4.0,1.0356438727561261,27.0,0.9908254463794334,101.0,1.0189789926282833,413.0
1977-09-21 00:00:00-04:00,0.0,3.936151535824092,3.858207941055298,3.858207941055298,72000,WHR,3.858207941055298,0,0.9949746163836458,1.0,1.0010109145066683,3.0,1.0256409676784413,27.0,0.9809166857728401,101.0,1.0090971564098274,412.0
1977-09-22 00:00:00-04:00,0.0,3.877693839747496,3.858207941055298,3.858207941055298,20000,WHR,3.838722467422485,0,1.0,0.0,0.9989907922447557,3.0,1.025818101577215,27.0,0.9809166857728401,101.0,1.009405819354497,412.0
1977-09-23 00:00:00-04:00,0.0,3.858208368272346,3.819236566572625,3.838722467422485,20800,WHR,3.780266046524048,0,0.9974684097947214,0.0,0.9939454942620908,2.0,1.0202849102683902,27.0,0.9759433305169891,101.0,1.004620336397829,412.0
1977-09-26 00:00:00-04:00,0.0,3.7997519539803575,3.780266046524048,3.780266046524048,30400,WHR,3.81923770904541,1,0.9923275352375931,0.0,0.98277631982114,1.0,1.0046611855580094,27.0,0.9611196663507274,101.0,0.9896398309149691,412.0
1977-09-27 00:00:00-04:00,0.0,3.838723615724213,3.780265895687804,3.81923770904541,17000,WHR,3.838722467422485,1,1.0051281851782494,1.0,0.9969483345314023,1.0,1.0150184768676727,27.0,0.9709703506600396,102.0,1.0001585895091618,412.0
1977-09-28 00:00:00-04:00,0.0,3.838722467422485,3.799750665722765,3.838722467422485,28600,WHR,3.838722467422485,0,1.002544379694863,2.0,1.003054885139877,2.0,1.019932748720038,28.0,0.9758659779102272,102.0,1.0055741471889275,413.0
1977-09-29 00:00:00-04:00,0.0,3.838722467422485,3.819236566572625,3.838722467422485,22400,WHR,3.858207941055298,1,1.0,1.0,1.0040773446368667,2.0,1.0198447527745347,27.0,0.9757693043932658,102.0,1.0058822151696407,413.0
1977-09-30 00:00:00-04:00,0.0,3.858207941055298,3.799750244978702,3.858207941055298,18000,WHR,3.838722467422485,0,1.0025315902052785,1.0,1.008146422671576,3.0,1.0247562669089565,28.0,0.9805280687477865,103.0,1.0112979253293333,413.0
1977-10-03 00:00:00-04:00,0.0,3.838722467422485,3.799750665722765,3.838722467422485,7600,WHR,3.858207941055298,1,0.9974684097947214,1.0,0.9999999627347005,3.0,1.0196687967410052,27.0,0.9753248568213108,103.0,1.0065092010489918,412.0
1977-10-04 00:00:00-04:00,0.0,3.877693839747496,3.858207941055298,3.858207941055298,83800,WHR,3.81923770904541,0,1.0025315902052785,1.0,1.0030394471732729,3.0,1.0246678853105629,28.0,0.9799457268683694,104.0,1.0119129652793737,413.0
1977-10-05 00:00:00-04:00,0.0,3.858209522403016,3.8192377090454097,3.81923770904541,60600,WHR,3.838722467422485,1,0.9949240627956283,1.0,0.9939150897177927,2.0,1.0141431782386274,28.0,0.9697597077698104,104.0,1.0019992850455435,412.0
1977-10-06 00:00:00-04:00,0.0,3.838722467422485,3.799750665722765,3.838722467422485,54000,WHR,3.838722467422485,0,1.002544379694863,1.0,0.9989857862404556,3.0,1.018877743757734,29.0,0.9743793432432529,105.0,1.0074253868396286,412.0
1977-10-07 00:00:00-04:00,0.0,3.838722467422485,3.819236566572625,3.838722467422485,17800,WHR,3.780266046524048,0,1.0,1.0,0.9999999627347005,2.0,1.0184387928448464,29.0,0.9740902649199785,104.0,1.0077294343659589,412.0
1977-10-10 00:00:00-04:00,0.0,3.7997519539803575,3.780266046524048,3.780266046524048,18600,WHR,3.741291522979736,0,0.9923275352375931,0.0,0.987780272544781,2.0,1.0024980321815096,29.0,0.9590101455027421,104.0,0.9926984739004109,412.0
1977-10-11 00:00:00-04:00,0.0,3.838720989724,3.741291522979736,3.741291522979736,104600,WHR,3.760777711868286,1,0.9948182908680597,0.0,0.9836061278542533,1.0,0.9919060174148424,29.0,0.9490852219878335,103.0,0.9827554265628216,412.0
1977-10-12 00:00:00-04:00,0.0,3.760777711868286,3.6828341323477,3.760777711868286,30000,WHR,3.721806526184082,0,1.0025974418895036,1.0,0.9917777708866969,2.0,0.9966431936761628,30.0,0.9540095856133382,103.0,0.9881673844494916,412.0
1977-10-13 00:00:00-04:00,0.0,3.7412924242269305,3.721806526184082,3.721806526184082,48800,WHR,3.741291522979736,1,0.9947917478180843,1.0,0.9875904405696574,1.0,0.9860608342133035,30.0,0.9442169771189318,102.0,0.9781728728280423,412.0
1977-10-14 00:00:00-04:00,0.0,3.760777416328589,3.721805629630884,3.741291522979736,48000,WHR,3.6243772506713863,0,1.002610845612277,1.0,0.9979207887622572,2.0,0.9907969666464849,31.0,0.9492729203961956,102.0,0.9835458127991434,412.0
1977-10-17 00:00:00-04:00,0.0,3.7412926458543354,3.6243772506713863,3.6243772506713863,109200,WHR,3.6633460521698,1,0.984127134154256,1.0,0.9748429403176734,2.0,0.9599999696876813,30.0,0.9198449031756206,101.0,0.9530739338765761,412.0
1977-10-18 00:00:00-04:00,0.0,3.702317818682245,3.643860168913578,3.6633460521698,18600,WHR,3.6633460521698,0,1.0053471845566941,1.0,0.989473151273863,3.0,0.970405258703462,30.0,0.9299741034373804,101.0,0.9635779997069017,413.0
1977-10-19 00:00:00-04:00,0.0,3.702317818682245,3.6633460521698,3.6633460521698,41400,WHR,3.6633460521698,0,1.0,1.0,0.9947085773042492,2.0,0.9707393132971324,29.0,0.930305444468797,100.0,0.9638447660788935,412.0
1977-10-20 00:00:00-04:00,0.0,3.682831935426023,3.643860168913578,3.6633460521698,18800,WHR,3.643863916397095,0,1.0,0.0,0.9978765912171174,2.0,0.9707393132971324,29.0,0.930600167204666,100.0,0.9641215691171515,411.0
1977-10-21 00:00:00-04:00,0.0,3.663349819693336,3.624378013100854,3.643863916397095,89600,WHR,3.6243772506713863,0,0.9973338475483106,0.0,0.9978661876674164,1.0,0.9658261415209186,28.0,0.9259077790621865,100.0,0.959245133929106,411.0
1977-10-24 00:00:00-04:00,0.0,3.6243772506713863,3.6048913514742287,3.6243772506713863,32800,WHR,3.526947498321533,0,0.9973189296725595,0.0,0.9925297960555999,1.0,0.9610747429627429,27.0,0.9211751388563292,100.0,0.9543894382613423,410.0
1977-10-25 00:00:00-04:00,0.0,3.585405191663879,3.526947498321533,3.526947498321533,195800,WHR,3.5854060649871826,1,0.9863759854614945,0.0,0.9731185032993009,0.0,0.9358034464898393,27.0,0.8966432179124311,100.0,0.929014987652064,410.0
1977-10-26 00:00:00-04:00,0.0,3.585406064987182,3.4490047472974528,3.5854060649871826,77800,WHR,3.54643177986145,0,1.0082192998625976,1.0,0.9935207913271271,1.0,0.9518063243198615,27.0,0.911685584077936,101.0,0.9446653866315703,411.0
1977-10-27 00:00:00-04:00,0.0,3.5659176687617875,3.5074600020607747,3.54643177986145,25600,WHR,3.54643177986145,0,0.9945351694789466,1.0,0.9891299535469475,1.0,0.9418659677295208,27.0,0.9021329204098418,100.0,0.9346653545838915,410.0
1977-10-28 00:00:00-04:00,0.0,3.54643177986145,3.487974113160437,3.54643177986145,29800,WHR,3.526947498321533,0,1.0,0.0,0.9945351827779402,1.0,0.9422723407936804,27.0,0.9024907969948358,100.0,0.9349246269275805,410.0
1977-10-31 00:00:00-05:00,0.0,3.546433396102316,3.507461600540751,3.526947498321533,37000,WHR,3.4684908390045166,0,0.9972454069301764,0.0,0.9945056268185012,1.0,0.9375808674819393,27.0,0.8978530238669382,100.0,0.9300508717011613,410.0
1977-11-01 00:00:00-05:00,0.0,3.5269485497742554,3.468490839004516,3.4684908390045166,23800,WHR,3.487974166870117,1,0.9916436030884433,0.0,0.9812572569533741,1.0,0.9228378299869718,26.0,0.8835327406709891,99.0,0.9148615809185882,410.0
1977-11-02 00:00:00-05:00,0.0,3.507460056070509,3.4490023884693337,3.487974166870117,50800,WHR,3.4684908390045166,0,1.0028007512219421,1.0,0.9922392417442454,1.0,0.9288242262376838,26.0,0.8890252937081929,100.0,0.9202134050426497,411.0
1977-11-03 00:00:00-05:00,0.0,3.5074626461843423,3.468490839004516,3.4684908390045166,50800,WHR,3.487974166870117,1,0.997199248778058,1.0,0.9910916708965011,1.0,0.92475559398549,25.0,0.884639288097001,99.0,0.9152708450317723,411.0
1977-11-04 00:00:00-05:00,0.0,3.5269459452709007,3.4684882776697257,3.487974166870117,51800,WHR,3.56591796875,1,1.0028007512219421,1.0,0.9999996172151892,2.0,0.9311595802961357,25.0,0.8901925044217631,99.0,0.9205730778158727,412.0
1977-11-07 00:00:00-05:00,0.0,3.56591796875,3.4879744065915297,3.56591796875,19000,WHR,3.5854060649871826,1,1.0110497581166984,2.0,1.0200666464770474,3.0,0.95304186983888,25.0,0.9106285808918337,99.0,0.94130436127379,412.0
1977-11-08 00:00:00-05:00,0.0,3.585406064987182,3.546434259932974,3.5854060649871826,14000,WHR,3.604889869689941,1,1.0027251032319673,2.0,1.01882652741837,4.0,0.9592494735557376,26.0,0.9161340754413682,100.0,0.946604493688186,413.0
1977-11-09 00:00:00-05:00,0.0,3.604889869689941,3.565918087314915,3.604889869689941,38400,WHR,3.760777711868286,1,1.0027097361332227,2.0,1.017601540723703,4.0,0.9654688904423226,26.0,0.9215713804045343,101.0,0.9518415693690659,414.0
1977-11-10 00:00:00-05:00,0.0,3.7997495016285794,3.663348237467553,3.760777711868286,43200,WHR,3.858207941055298,1,1.0211641158730336,2.0,1.0443723574285968,5.0,1.0076573168967071,26.0,0.9617682515164993,101.0,0.99300247405916,415.0
1977-11-11 00:00:00-05:00,0.0,3.858207941055298,3.780264346286504,3.858207941055298,33800,WHR,3.760777711868286,0,1.012787821584836,2.0,1.0498410994730807,5.0,1.0338525852117175,26.0,0.9869798229481423,101.0,1.0187386095978397,415.0
1977-11-14 00:00:00-05:00,0.0,3.819235396508726,3.760777711868286,3.760777711868286,16800,WHR,3.7023191452026367,0,0.9872121784151641,1.0,1.0125917346897821,4.0,1.0081836869159082,26.0,0.9625165022464248,100.0,0.9930586777394751,414.0
1977-11-15 00:00:00-05:00,0.0,3.760776815916363,3.682833254964729,3.7023191452026367,46200,WHR,3.721806526184082,1,0.9921669827170657,0.0,0.9906150311506895,3.0,0.9929444522442739,26.0,0.948273714038449,99.0,0.9776675737854772,414.0
1977-11-16 00:00:00-05:00,0.0,3.721806526184082,3.663348832055537,3.721806526184082,17800,WHR,3.7023191452026367,0,1.0026248721861688,1.0,0.9896374412291374,3.0,0.9982578201468348,27.0,0.9539124906705002,100.0,0.9828439304509384,415.0
1977-11-17 00:00:00-05:00,0.0,3.7023191452026367,3.6243755842510015,3.7023191452026367,64400,WHR,3.7023191452026367,0,0.9973751278138311,1.0,0.9875257736075969,2.0,0.993203976292229,27.0,0.9494868483270482,100.0,0.9777480727981008,414.0
1977-11-18 00:00:00-05:00,0.0,3.7218050354405454,3.6243755842510015,3.7023191452026367,27000,WHR,3.643863916397095,0,1.0,0.0,0.9958070000317685,1.0,0.993290521517632,27.0,0.9500185734659268,100.0,0.9777983916746842,414.0
1977-11-21 00:00:00-05:00,0.0,3.741293432878301,3.643863916397095,3.643863916397095,71000,WHR,3.6243772506713863,0,0.992042775368463,0.0,0.9862873708129694,1.0,0.9780337180815628,26.0,0.9355615418007796,100.0,0.9624839454110907,413.0
1977-11-22 00:00:00-05:00,0.0,3.682834948262861,3.6243772506713863,3.6243772506713863,220400,WHR,3.6633460521698,1,0.9973189296725595,0.0,0.9851696446167515,1.0,0.9733124363595753,26.0,0.9311546401037595,99.0,0.9574451851306452,413.0
1977-11-23 00:00:00-05:00,0.0,3.6633460521698,3.585402519144911,3.6633460521698,85400,WHR,3.7023191452026367,1,1.0053471845566941,1.0,0.9989367905197117,1.0,0.9839489913730912,27.0,0.9416754246604236,100.0,0.9678192138555691,414.0
1977-11-25 00:00:00-05:00,0.0,3.7023191452026367,3.6243755842510015,3.7023191452026367,65000,WHR,3.682838201522827,0,1.0052911844332457,2.0,1.0095641393741257,2.0,0.9949376322630153,27.0,0.9521896116742565,100.0,0.9781557980086785,415.0
1977-11-28 00:00:00-05:00,0.0,3.702324117933001,3.6633522851126537,3.682838201522827,28400,WHR,3.6633460521698,0,0.9973621491370868,1.0,1.0053200742795456,2.0,0.9901345116831443,27.0,0.9476542768168698,100.0,0.9730239432965557,415.0
1977-11-29 00:00:00-05:00,0.0,3.682831935426023,3.6633460521698,3.6633460521698,6600,WHR,3.6633460521698,0,0.9973466293956309,0.0,0.9989367255758457,2.0,0.9853241984542379,27.0,0.943111511875232,100.0,0.967903921052273,414.0
1977-11-30 00:00:00-05:00,0.0,3.682831935426023,3.6633460521698,3.6633460521698,27800,WHR,3.721806526184082,1,1.0,0.0,0.9968182519540774,2.0,0.9859270692496233,26.0,0.9436227582418466,99.0,0.967903921052273,414.0
1977-12-01 00:00:00-05:00,0.0,3.7412924242269305,3.663348832055537,3.721806526184082,87400,WHR,3.760777711868286,1,1.0079159466773417,1.0,1.0095139376522875,2.0,1.002098657627204,26.0,0.9592397985570296,99.0,0.9833651314220474,414.0
1977-12-02 00:00:00-05:00,0.0,3.780263606748433,3.74129181698814,3.760777711868286,85000,WHR,3.741291522979736,0,1.0052082521819157,2.0,1.0168598358336056,2.0,1.0125916729372506,27.0,0.9697710763297578,100.0,0.9936875674651149,414.0
1977-12-05 00:00:00-05:00,0.0,3.741291522979736,3.721805629630884,3.741291522979736,25200,WHR,3.6633460521698,0,0.9974025581104964,1.0,1.0084035028285023,2.0,1.0075212188139364,26.0,0.9653671689487396,99.0,0.9885897485477074,413.0
1977-12-06 00:00:00-05:00,0.0,3.702317818682245,3.6633460521698,3.6633460521698,191400,WHR,3.643863916397095,0,0.9894734252664132,0.0,0.9873945851027446,2.0,0.987048657392692,26.0,0.9459778292397464,98.0,0.9680733801808049,412.0
1977-12-07 00:00:00-05:00,0.0,3.682835722989577,3.643863916397095,3.643863916397095,43600,WHR,3.5854060649871826,0,0.9973338475483106,0.0,0.9831760452591533,2.0,0.9824871824441744,25.0,0.9417430941344552,97.0,0.9629994256245986,412.0
1977-12-08 00:00:00-05:00,0.0,3.682835577622704,3.585406064987182,3.5854060649871826,142600,WHR,3.643863916397095,1,0.9919137268962919,0.0,0.9745766270723037,1.0,0.9677422136501858,24.0,0.9274943291456222,96.0,0.9476868486375185,411.0
1977-12-09 00:00:00-05:00,0.0,3.643863916397095,3.624378013100854,3.643863916397095,40000,WHR,3.643863916397095,0,1.0080862731037081,1.0,0.996802023100464,1.0,0.984297193114791,25.0,0.9433774060127575,97.0,0.9632424859899672,412.0
1977-12-12 00:00:00-05:00,0.0,3.643863916397095,3.604892109804613,3.643863916397095,40200,WHR,3.56591796875,0,1.0,1.0,1.0021438381982066,1.0,0.9851614437792985,24.0,0.9440441573471291,97.0,0.9633715069831309,411.0
1977-12-13 00:00:00-05:00,0.0,3.6048897498292343,3.5074602971311477,3.56591796875,54800,WHR,3.429518699645996,0,0.9891888618977959,0.0,0.9859908688278235,1.0,0.965359283585574,23.0,0.9244661447565427,97.0,0.9428854493675473,411.0
1977-12-14 00:00:00-05:00,0.0,3.5269482081586663,3.390546896240928,3.429518699645996,248600,WHR,3.332087993621826,0,0.9805016790845625,0.0,0.9596511055387892,1.0,0.9303967178992051,22.0,0.8898417811516668,96.0,0.9069361341487129,411.0
1977-12-15 00:00:00-05:00,0.0,3.4100315724199977,3.273630309523198,3.332087993621826,423000,WHR,3.3515758514404297,1,0.9855905984414656,0.0,0.9457962622457958,1.0,0.9061201993377689,22.0,0.8653844341488018,95.0,0.8813295401734444,410.0
1977-12-16 00:00:00-05:00,0.0,3.371061757553455,3.3515758514404297,3.3515758514404297,20200,WHR,3.332087993621826,0,1.0029157447577202,1.0,0.9673794185203486,1.0,0.9135173053771016,23.0,0.8712216567552201,96.0,0.8866211215508114,411.0
1977-12-19 00:00:00-05:00,0.0,3.351573888321369,3.332087993621826,3.332087993621826,72400,WHR,3.332087993621826,0,0.99708425524228,1.0,0.9793813031449881,1.0,0.9103006844459767,23.0,0.8670870111219805,95.0,0.881615800623569,410.0
1977-12-20 00:00:00-05:00,0.0,3.332087993621826,3.3126020989222837,3.332087993621826,30000,WHR,3.4100334644317627,1,1.0,0.0,0.9930311697386626,1.0,0.9121620846572429,23.0,0.8680201190112719,95.0,0.8817658209993967,410.0
1977-12-21 00:00:00-05:00,0.0,3.4295193699428013,3.3126039368765694,3.4100334644317627,33000,WHR,3.487974166870117,1,1.0115609710229752,1.0,1.0174421909179874,2.0,0.9352458318192058,23.0,0.8891737270266618,96.0,0.9024808425351564,411.0
1977-12-22 00:00:00-05:00,0.0,3.546431834471292,3.4490023884693337,3.487974166870117,40600,WHR,3.526947498321533,1,1.0112990165572844,2.0,1.031105524782839,3.0,0.9581582820686466,23.0,0.9102554372342762,97.0,0.9231891397538,411.0
1977-12-23 00:00:00-05:00,0.0,3.546433396102316,3.507461600540751,3.526947498321533,47800,WHR,3.449005365371704,0,1.005555775718039,2.0,1.031927098634177,3.0,0.970249348214769,24.0,0.9211195420921628,98.0,0.9335671068712315,412.0
1977-12-27 00:00:00-05:00,0.0,3.526948989447901,3.429519459352655,3.449005365371704,26000,WHR,3.449005365371704,0,0.9888270270065207,1.0,1.0022653858186767,3.0,0.9505912426450333,23.0,0.9015160994005826,98.0,0.9129973929668647,412.0
1977-12-28 00:00:00-05:00,0.0,3.468491271390753,3.3710617412955077,3.449005365371704,22800,WHR,3.429518699645996,0,1.0,0.0,0.9955008262363076,3.0,0.9522960296521843,23.0,0.9022881639338013,97.0,0.9130256495716368,412.0
1977-12-29 00:00:00-05:00,0.0,3.4684905030510644,3.410032797943462,3.429518699645996,27600,WHR,3.487974166870117,1,0.9971670280511467,0.0,0.9887641258852548,2.0,0.9487873252627405,22.0,0.8979593119901794,97.0,0.9078998937348568,412.0
1977-12-30 00:00:00-05:00,0.0,3.487974166870117,3.4100306100685502,3.487974166870117,34800,WHR,3.429518699645996,0,1.0084503834484706,1.0,1.0056174146452894,2.0,0.9664353687812155,23.0,0.9139176516383173,98.0,0.9233986851150933,412.0
1978-01-03 00:00:00-05:00,0.0,3.5074623064561323,3.429518699645996,3.429518699645996,21400,WHR,3.449005365371704,1,0.9915496165515294,1.0,0.9943503234151794,1.0,0.952037782996503,22.0,0.8992623268494547,98.0,0.907993572239842,411.0
1978-01-04 00:00:00-05:00,0.0,3.4879771774098027,3.429519459352655,3.449005365371704,27800,WHR,3.390547275543213,0,1.0028329719488533,1.0,1.0000002626817714,2.0,0.9591767899950373,23.0,0.9048898040356185,99.0,0.9131952296263683,412.0
1978-01-05 00:00:00-05:00,0.0,3.487976794955374,3.390547275543213,3.390547275543213,79600,WHR,3.293116807937622,0,0.9914529366323188,1.0,0.9863947309919758,2.0,0.9446257893069143,23.0,0.8901168683425822,99.0,0.8978145197169572,411.0
1978-01-06 00:00:00-05:00,0.0,3.390546299296723,3.293116807937622,3.293116807937622,45000,WHR,3.156714916229248,0,0.985422596589437,0.0,0.9657142105237546,2.0,0.919394427445448,23.0,0.8652821914552349,98.0,0.8721365037830239,410.0
1978-01-09 00:00:00-05:00,0.0,3.273630283496998,3.117743127139998,3.156714916229248,51000,WHR,3.1956863403320312,1,0.9788518681507162,0.0,0.9440556309250441,1.0,0.8837969844184365,22.0,0.8302581223979779,98.0,0.8361504276411116,410.0
1978-01-10 00:00:00-05:00,0.0,3.234658124970227,3.1177427710556405,3.1956863403320312,62400,WHR,3.2151732444763184,1,1.0061349122211904,1.0,0.9692667982559955,2.0,0.8969098666470156,23.0,0.84133601052157,98.0,0.8466130076391408,410.0
1978-01-11 00:00:00-05:00,0.0,3.23465914292769,3.1956873460249464,3.2151732444763184,32600,WHR,3.1956863403320312,0,1.0030396710279639,2.0,0.9892086771586809,2.0,0.9046053736160236,23.0,0.8473009483194436,98.0,0.8519118824301998,411.0
1978-01-12 00:00:00-05:00,0.0,3.2151722326511294,3.1956863403320312,3.1956863403320312,44000,WHR,3.293116807937622,1,0.996960328972036,1.0,0.9951454836607896,2.0,0.9009337264402163,23.0,0.8430486813730212,97.0,0.8468884365182358,411.0
1978-01-13 00:00:00-05:00,0.0,3.312602706209442,3.1956873165785207,3.293116807937622,21800,WHR,3.2151732444763184,0,1.0150151677249712,1.0,1.0254855982662139,3.0,0.9300193588100476,23.0,0.8696099428798656,97.0,0.8728166448461431,412.0
1978-01-16 00:00:00-05:00,0.0,3.2541450413790614,3.2151732444763184,3.2151732444763184,34200,WHR,3.23466157913208,1,0.9880239567023609,1.0,0.9975817467067609,3.0,0.9099265628700434,23.0,0.8499721714607238,96.0,0.8522771153492558,412.0
1978-01-17 00:00:00-05:00,0.0,3.273633405386684,3.1956897528774766,3.23466157913208,164200,WHR,3.2151732444763184,0,1.0030215246108982,1.0,1.0012069399007395,3.0,0.9172967640849405,24.0,0.8560237346168218,97.0,0.8575582447507042,413.0
1978-01-18 00:00:00-05:00,0.0,3.3126027367331763,3.2151732444763184,3.2151732444763184,21200,WHR,3.1956863403320312,0,0.9969784753891017,1.0,0.9951748232705687,2.0,0.9136213365095441,24.0,0.8517623608021626,97.0,0.8525149038938412,412.0
1978-01-19 00:00:00-05:00,0.0,3.254144017289325,3.1762004480129336,3.1956863403320312,42000,WHR,3.254146099090576,1,0.996960328972036,0.0,0.989143149418717,2.0,0.9099313626722617,24.0,0.8475099011007096,97.0,0.8474880012916036,411.0
1978-01-20 00:00:00-05:00,0.0,3.2541460990905766,3.234660194305603,3.254146099090576,12600,WHR,3.23466157913208,0,1.0090637639516382,1.0,1.009673691022442,2.0,0.9277781546344552,25.0,0.8638708210289112,98.0,0.8631207307020549,412.0
1978-01-23 00:00:00-05:00,0.0,3.254147492259382,3.1956897528774766,3.23466157913208,30800,WHR,3.2151732444763184,0,0.9969972110556014,1.0,1.0024159079611328,2.0,0.9237625886828035,24.0,0.8595164031611247,98.0,0.8580768866739458,412.0
1978-01-24 00:00:00-05:00,0.0,3.2151732444763184,3.1956873460249464,3.2151732444763184,25400,WHR,3.1956863403320312,0,0.9969784753891017,0.0,0.9975814662821159,1.0,0.9196470640454469,24.0,0.8550994844664116,98.0,0.8530614425069727,411.0
1978-01-25 00:00:00-05:00,0.0,3.2151722326511294,3.1956863403320312,3.1956863403320312,12000,WHR,3.156714916229248,0,0.996960328972036,0.0,0.9927356736245639,1.0,0.9156041230588796,24.0,0.8506221209448853,98.0,0.8480357919841499,411.0
1978-01-26 00:00:00-05:00,0.0,3.195686705318498,3.156714916229248,3.156714916229248,103000,WHR,3.1762003898620605,1,0.9938650877788096,0.0,0.9830093980656244,1.0,0.9060401450281806,24.0,0.840946657382717,98.0,0.8378629572392592,410.0
1978-01-27 00:00:00-05:00,0.0,3.1762003898620605,3.1372286059373726,3.1762003898620605,50200,WHR,3.1762003898620605,0,1.0030768568172814,1.0,0.9939021242219677,1.0,0.9129093125103281,25.0,0.8467881407785246,99.0,0.8432223684562673,410.0
1978-01-30 00:00:00-05:00,0.0,3.1762003898620605,3.1372286059373726,3.1762003898620605,59600,WHR,3.137228012084961,0,1.0,1.0,0.9975519226151995,1.0,0.9142747908698373,24.0,0.8474220821744691,99.0,0.8434099812782309,410.0
1978-01-31 00:00:00-05:00,0.0,3.1761997886326,3.137228012084961,3.137228012084961,18000,WHR,3.1956863403320312,1,0.9938270658514032,0.0,0.9901597214833213,1.0,0.9044939850579603,24.0,0.8377383811805754,98.0,0.833255253194247,410.0
1978-02-01 00:00:00-05:00,0.0,3.1956863403320312,3.156714555693836,3.1956863403320312,38800,WHR,3.2736330032348637,1,1.0092308730221118,1.0,1.0086101120167883,2.0,0.9226439469830376,24.0,0.8539884712045702,99.0,0.8490279969564803,410.0
1978-02-02 00:00:00-05:00,0.0,3.2736330032348637,3.2151752710342407,3.2736330032348637,63000,WHR,3.2736330032348637,0,1.0120486652093228,2.0,1.02564184539777,3.0,0.9464795300164484,24.0,0.8754747513785673,99.0,0.8699800284048156,410.0
1978-02-03 00:00:00-05:00,0.0,3.2736330032348637,3.2346611817677813,3.2736330032348637,19800,WHR,3.254146099090576,0,1.0,1.0,1.0194180913061517,2.0,0.9479036046403325,23.0,0.876059107295057,99.0,0.8702368967719503,409.0
1978-02-06 00:00:00-05:00,0.0,3.2541460990905766,3.2541460990905766,3.254146099090576,2400,WHR,3.254146099090576,0,0.9970147727368187,0.0,1.0084542752888295,2.0,0.9438586771169578,22.0,0.8714804255018577,98.0,0.8653480121873144,408.0
1978-02-07 00:00:00-05:00,0.0,3.2736320038755498,3.234660194305603,3.254146099090576,60800,WHR,3.3515758514404297,1,1.0,0.0,1.001199043581926,2.0,0.9461759804130879,21.0,0.872135797309757,97.0,0.865612648545839,408.0
1978-02-08 00:00:00-05:00,0.0,3.3515758514404297,3.2541463208753005,3.3515758514404297,33400,WHR,3.449005365371704,1,1.0147492966067126,1.0,1.0213776031762611,2.0,0.9769031031773433,21.0,0.8987170510818165,98.0,0.8917418753788009,409.0
1978-02-09 00:00:00-05:00,0.0,3.449005365371704,3.390547647314557,3.449005365371704,24600,WHR,3.507462739944458,1,1.0143266451535662,2.0,1.0399529716389617,2.0,1.0068263513284965,22.0,0.9251325744419787,99.0,0.9178406674830387,410.0
1978-02-10 00:00:00-05:00,0.0,3.5269486440552607,3.4490050276120505,3.507462739944458,16000,WHR,3.507462739944458,0,1.0084033123832021,2.0,1.042873640140266,3.0,1.0248627096727694,23.0,0.9410684669490896,99.0,0.9335327410352415,411.0
1978-02-13 00:00:00-05:00,0.0,3.5074627399444585,3.487976835833656,3.507462739944458,11400,WHR,3.429518699645996,0,1.0,1.0,1.027397212440429,3.0,1.0259336161196155,22.0,0.9414031490091522,98.0,0.9336683238835553,411.0
1978-02-14 00:00:00-05:00,0.0,3.5074623064561323,3.429518699645996,3.429518699645996,54800,WHR,3.3126046657562256,0,0.9887639831564745,0.0,0.9943501447009927,3.0,1.0044708162552243,22.0,0.920887530715603,98.0,0.9130715819065135,411.0
1978-02-15 00:00:00-05:00,0.0,3.4295201245476217,3.3126046657562256,3.3126046657562256,86400,WHR,3.2151732444763184,0,0.9826591672158174,0.0,0.9626276382714627,2.0,0.9720771654754372,22.0,0.8899596608238328,98.0,0.8821046779660002,411.0
1978-02-16 00:00:00-05:00,0.0,3.3126027367331763,3.2151732444763184,3.2151732444763184,27400,WHR,3.2736330032348637,1,0.9850743357663594,0.0,0.9471868879251658,1.0,0.9454684183151384,22.0,0.8642906291233882,98.0,0.8563643270985918,410.0
1978-02-17 00:00:00-05:00,0.0,3.2736330032348637,3.2151752710342407,3.2736330032348637,800,WHR,3.23466157913208,0,1.0090093241386529,1.0,0.9778815474584148,1.0,0.9643170441630289,23.0,0.8804482982273026,99.0,0.8721161904637895,411.0
1978-02-21 00:00:00-05:00,0.0,3.35157705789589,3.23466157913208,3.23466157913208,24600,WHR,3.1956863403320312,0,0.9940120374685606,1.0,0.9822488428643403,1.0,0.954846798393045,22.0,0.8704230432444029,99.0,0.8619218834715651,411.0
1978-02-22 00:00:00-05:00,0.0,3.234658124970227,3.156714555693836,3.1956863403320312,48400,WHR,3.2151732444763184,1,0.9939388600293191,0.0,0.9843931188308809,1.0,0.9456988307771204,21.0,0.8604223574328739,99.0,0.8517353846068624,410.0
1978-02-23 00:00:00-05:00,0.0,3.23465914292769,3.1956873460249464,3.2151732444763184,13200,WHR,3.332087993621826,1,1.0030396710279639,1.0,0.9963765958271181,2.0,0.9536653108793359,22.0,0.8661417038208341,100.0,0.8571250285906736,411.0
1978-02-24 00:00:00-05:00,0.0,3.371059783020912,3.254144414823655,3.332087993621826,16600,WHR,3.2736330032348637,0,1.0178570466174752,2.0,1.025179478790804,3.0,0.9899650220679537,23.0,0.8980335759149952,100.0,0.8884822718313234,411.0
1978-02-27 00:00:00-05:00,0.0,3.293118913968404,3.2736330032348637,3.2736330032348637,186800,WHR,3.2736330032348637,0,0.9911508538712462,1.0,1.0071947026707444,2.0,0.9744784976839154,23.0,0.8828171309305655,99.0,0.8730906467566741,411.0
1978-02-28 00:00:00-05:00,0.0,3.2736330032348637,3.2151752710342407,3.2736330032348637,111800,WHR,3.254146099090576,0,1.0,0.0,1.0047851693821053,2.0,0.9766500795454215,22.0,0.8833555910277451,99.0,0.8732903384950886,410.0
1978-03-01 00:00:00-05:00,0.0,3.2736320038755498,3.234660194305603,3.254146099090576,22400,WHR,3.293116807937622,1,0.9970147727368187,0.0,0.9952324664780339,2.0,0.9732882263321458,21.0,0.8786516543900773,99.0,0.8683175991698074,409.0
1978-03-02 00:00:00-05:00,0.0,3.293116807937622,3.215173214850341,3.293116807937622,25200,WHR,3.293116807937622,0,1.0059522138335415,1.0,1.0023721946392667,2.0,0.9871494234756112,22.0,0.8897733556490292,99.0,0.8789356803867238,410.0
1978-03-03 00:00:00-05:00,0.0,3.3320886044812625,3.234659113122161,3.293116807937622,13600,WHR,3.293116807937622,0,1.0,1.0,1.0047559191587,1.0,0.9889787118490511,22.0,0.8902795813851637,99.0,0.8791688717545436,409.0
1978-03-06 00:00:00-05:00,0.0,3.293116807937622,3.234659113122161,3.293116807937622,87600,WHR,3.293116807937622,0,1.0,0.0,1.0035627507820108,1.0,0.9907180047024499,22.0,0.8908990819462438,98.0,0.8794204911973225,408.0
1978-03-07 00:00:00-05:00,0.0,3.312602706209442,3.215173214850341,3.293116807937622,45800,WHR,3.390547275543213,1,1.0,0.0,1.0023724128682008,1.0,0.9921720955189004,22.0,0.8913689770396717,98.0,0.8796905705953203,407.0
1978-03-08 00:00:00-05:00,0.0,3.4100331794256453,3.312603660013484,3.390547275543213,31400,WHR,3.390547275543213,0,1.014577403410563,1.0,1.0235296461432637,2.0,1.02282764609687,22.0,0.9181672677363578,98.0,0.9059954200603344,407.0
1978-03-09 00:00:00-05:00,0.0,3.390547275543213,3.390547275543213,3.390547275543213,36600,WHR,3.429518699645996,1,1.0,1.0,1.0175440333830903,1.0,1.0241320168946637,22.0,0.918516238777375,98.0,0.9062691114480526,407.0
1978-03-10 00:00:00-05:00,0.0,3.429518699645996,3.371060994538394,3.429518699645996,91600,WHR,3.487974166870117,1,1.0057142297808492,1.0,1.020881694904274,2.0,1.0366153441724915,23.0,0.9294466783324873,98.0,0.916934236371052,408.0
1978-03-13 00:00:00-05:00,0.0,3.507460056070509,3.429516499268942,3.487974166870117,76400,WHR,3.54643177986145,1,1.0084503834484706,2.0,1.026375612643774,3.0,1.0539738714338753,24.0,0.9457084325179431,98.0,0.9327818834066973,409.0
1978-03-14 00:00:00-05:00,0.0,3.54643177986145,3.487974113160437,3.54643177986145,62800,WHR,3.5854060649871826,1,1.008310241608745,2.0,1.028248139144716,4.0,1.0704826525361693,25.0,0.9619038567839637,99.0,0.9486227051640908,410.0
1978-03-15 00:00:00-05:00,0.0,3.604891967514287,3.565920162460078,3.5854060649871826,37200,WHR,3.5854060649871826,0,1.0054648305210534,2.0,1.027933242330804,4.0,1.0809753471814993,25.0,0.9728039632393556,99.0,0.9592477927806238,411.0
1978-03-16 00:00:00-05:00,0.0,3.585406064987182,3.585406064987182,3.5854060649871826,141400,WHR,3.526947498321533,0,1.0,1.0,1.0165748744815941,4.0,1.0796011289901684,25.0,0.9731332403350041,99.0,0.9594378626364811,411.0
1978-03-17 00:00:00-05:00,0.0,3.585405191663879,3.526947498321533,3.526947498321533,87800,WHR,3.56591796875,1,0.9917807001374023,0.0,0.9945055733318321,3.0,1.0609611619705814,25.0,0.9576313601654682,99.0,0.9439767460550816,411.0
1978-03-20 00:00:00-05:00,0.0,3.56591796875,3.526946187670765,3.56591796875,9800,WHR,3.507462739944458,0,1.0054943196948238,1.0,1.0010937870414154,3.0,1.0718463983881208,25.0,0.9685200175800167,100.0,0.954601238462393,411.0
1978-03-21 00:00:00-05:00,0.0,3.5854063563876686,3.5074627399444585,3.507462739944458,27000,WHR,3.449005365371704,0,0.9917358853972486,1.0,0.9868423391614685,2.0,1.0541729597228104,24.0,0.9530064526975742,100.0,0.9391535506468659,411.0
1978-03-22 00:00:00-05:00,0.0,3.468491271390753,3.429519459352655,3.449005365371704,32000,WHR,3.429518699645996,0,0.9915966876167979,0.0,0.977900846934513,1.0,1.0370083879805074,23.0,0.9375400602933048,100.0,0.9237131391545527,411.0
1978-03-23 00:00:00-05:00,0.0,3.429518699645996,3.429518699645996,3.429518699645996,2000,WHR,3.3515758514404297,0,0.9971670280511467,0.0,0.9810480248560869,1.0,1.031250057241609,23.0,0.932657988519278,100.0,0.9186859915415609,411.0
1978-03-27 00:00:00-05:00,0.0,3.4295194758925325,3.332089945327404,3.3515758514404297,75000,WHR,3.4100334644317627,1,0.9885058602828243,0.0,0.9684686925266732,1.0,1.0083051205910558,23.0,0.9118479846972423,100.0,0.8979897732037748,411.0
1978-03-28 00:00:00-05:00,0.0,3.4100334644317627,3.3515757478986465,3.4100334644317627,30600,WHR,3.4100334644317627,0,1.0086455176956335,1.0,0.9943182240828987,1.0,1.0259920461769685,24.0,0.928086852473112,101.0,0.9138241112900067,412.0
1978-03-29 00:00:00-05:00,0.0,3.4295193699428013,3.4100334644317627,3.4100334644317627,34000,WHR,3.390547275543213,0,1.0,1.0,1.0000000279667152,1.0,1.0263932011540267,23.0,0.9284019642316186,101.0,0.9139625154094199,412.0
1978-03-30 00:00:00-05:00,0.0,3.4295190833080773,3.390547275543213,3.390547275543213,9600,WHR,3.390547275543213,0,0.9971346286981042,0.0,0.9977063885487973,1.0,1.020727565649639,23.0,0.9234298596124066,101.0,0.9088869475207482,411.0
1978-03-31 00:00:00-05:00,0.0,3.390547275543213,3.3710613716607805,3.390547275543213,280400,WHR,3.332087993621826,0,1.0,0.0,0.9999999437451134,1.0,1.0210270476022303,22.0,0.9237828432299722,100.0,0.9090293961196919,411.0
1978-04-03 00:00:00-05:00,0.0,3.390545677720455,3.3126020989222837,3.332087993621826,131800,WHR,3.332087993621826,0,0.991304112214815,0.0,0.9838891226466351,1.0,1.0037171572131685,22.0,0.908202293733201,100.0,0.8935427801525393,410.0
1978-04-04 00:00:00-05:00,0.0,3.371059783020912,3.3126020989222837,3.332087993621826,160600,WHR,3.3515758514404297,1,1.0,0.0,0.988439008004793,0.0,1.0035208150189667,22.0,0.9085497280912027,100.0,0.8937295838831834,410.0
1978-04-05 00:00:00-05:00,0.0,3.371061757553455,3.3515758514404297,3.3515758514404297,33800,WHR,3.429518699645996,1,1.0029157447577202,1.0,0.9976800923420904,1.0,1.0084036289909657,23.0,0.9141742732222418,101.0,0.8991586750349843,410.0
1978-04-06 00:00:00-05:00,0.0,3.4879764047535984,3.371060994538394,3.429518699645996,251200,WHR,3.507462739944458,1,1.0114941397171757,2.0,1.018518594570427,2.0,1.0306461380769698,23.0,0.935632842088142,102.0,0.9202519429854736,411.0
1978-04-07 00:00:00-05:00,0.0,3.5074627399444585,3.468490931722853,3.507462739944458,25800,WHR,3.526947498321533,1,1.0112360168435255,2.0,1.034482959877444,3.0,1.0525291511688448,23.0,0.9570397990089287,102.0,0.9413292997065934,412.0
1978-04-10 00:00:00-05:00,0.0,3.526947498321533,3.507461600540751,3.526947498321533,66000,WHR,3.56591796875,1,1.0027699206780807,2.0,1.0284089268271583,4.0,1.0566256135268797,24.0,0.9625815624694087,102.0,0.9466823689122913,413.0
1978-04-11 00:00:00-05:00,0.0,3.585403859289617,3.526946187670765,3.56591796875,65200,WHR,3.56591796875,0,1.0054943196948238,2.0,1.0257842578185188,5.0,1.0668474576206708,24.0,0.9733624021584966,103.0,0.9572377180601391,414.0
1978-04-12 00:00:00-05:00,0.0,3.6048897498292343,3.5074602971311477,3.56591796875,91800,WHR,3.5854060649871826,1,1.0,1.0,1.0132887072539116,4.0,1.0649848802711726,24.0,0.9736316963262337,102.0,0.9573729302179944,413.0
1978-04-13 00:00:00-05:00,0.0,3.585406064987182,3.565920162460078,3.5854060649871826,43600,WHR,3.643863916397095,1,1.0027251032319673,1.0,1.00987953582034,4.0,1.0689389010569272,24.0,0.9792861437855793,102.0,0.9627460945618647,413.0
1978-04-14 00:00:00-05:00,0.0,3.643863916397095,3.585406206508371,3.643863916397095,23600,WHR,3.741291522979736,1,1.0080862731037081,2.0,1.0185188492595305,4.0,1.0840581044727111,25.0,0.9955283233975982,103.0,0.9785813270580175,413.0
1978-04-17 00:00:00-05:00,0.0,3.760777416328589,3.682833842933178,3.741291522979736,199200,WHR,3.6633460521698,0,1.0131923569358023,2.0,1.033369070310969,4.0,1.1100400404492483,26.0,1.0223203695576801,104.0,1.0049511904025044,413.0
1978-04-18 00:00:00-05:00,0.0,3.702317818682245,3.624374285657356,3.6633460521698,172800,WHR,3.6633460521698,0,0.9894734252664132,1.0,1.0064233986970248,3.0,1.084718724015536,25.0,1.0013627499400235,103.0,0.9842048015046366,413.0
1978-04-19 00:00:00-05:00,0.0,3.6633460521698,3.585402519144911,3.6633460521698,192000,WHR,3.6633460521698,0,1.0,0.0,1.0010644576810217,3.0,1.0824287791548157,25.0,1.0016615264004538,103.0,0.9843800167648896,413.0
1978-04-20 00:00:00-05:00,0.0,3.702317818682245,3.624374285657356,3.6633460521698,171000,WHR,3.682838201522827,1,1.0,0.0,0.9968183554240039,2.0,1.0800450467142617,25.0,1.0019391220079783,103.0,0.9845449818915872,413.0
1978-04-21 00:00:00-05:00,0.0,3.702324117933001,3.64386636870248,3.682838201522827,72800,WHR,3.682838201522827,0,1.0026533706043692,1.0,1.0000012559135076,2.0,1.0831989176245467,26.0,1.007549519243067,103.0,0.9899443189939673,414.0
1978-04-24 00:00:00-05:00,0.0,3.721810034343175,3.682838201522827,3.682838201522827,101800,WHR,3.682838201522827,0,1.0,1.0,1.0031857353125293,1.0,1.0804124664493953,26.0,1.0077644069683773,103.0,0.990063590377928,414.0
1978-04-25 00:00:00-05:00,0.0,3.741295950753348,3.6633522851126537,3.682838201522827,81000,WHR,3.643863916397095,0,1.0,0.0,1.0021215706208713,1.0,1.0777427299558748,25.0,1.00797938637471,103.0,0.9901828905056816,414.0
1978-04-26 00:00:00-05:00,0.0,3.663349819693336,3.624378013100854,3.643863916397095,159000,WHR,3.6243772506713863,0,0.9946805145755269,0.0,0.992568803775279,1.0,1.0639106063280546,25.0,0.9975463515915151,103.0,0.9798119035587867,414.0
1978-04-27 00:00:00-05:00,0.0,3.6633490490657024,3.6243772506713863,3.6243772506713863,42600,WHR,3.721806526184082,1,0.9973189296725595,0.0,0.9893611335593728,1.0,1.0557183622470618,25.0,0.9925929060767539,102.0,0.9746844157815648,414.0
1978-04-28 00:00:00-05:00,0.0,3.721806526184082,3.585405239884142,3.721806526184082,33000,WHR,3.741291522979736,1,1.0132625698556101,1.0,1.0137999750537368,1.0,1.081335917073142,25.0,1.0195583761028617,103.0,1.0009957050837268,414.0
1978-05-01 00:00:00-04:00,0.0,3.741291522979736,3.682833842933178,3.741291522979736,143200,WHR,3.721806526184082,0,1.002610845612277,2.0,1.015872563325133,2.0,1.0845410880351343,25.0,1.0251807013612875,103.0,1.006320660531044,415.0
1978-05-02 00:00:00-04:00,0.0,3.76077832226978,3.682834730098385,3.721806526184082,59600,WHR,3.604889869689941,0,0.9973891543877228,1.0,1.0084477135053298,2.0,1.076561610439588,25.0,1.020102913234441,103.0,1.0011688530602607,415.0
1978-05-03 00:00:00-04:00,0.0,3.702319325627508,3.604889869689941,3.604889869689941,49800,WHR,3.5854060649871826,0,0.98404237733121,0.0,0.9788357383813069,2.0,1.0409823333675021,25.0,0.9885220522472019,102.0,0.9698147679981322,415.0
1978-05-04 00:00:00-04:00,0.0,3.604891967514287,3.5269483574058698,3.5854060649871826,111400,WHR,3.5854060649871826,0,0.9972902638667773,0.0,0.9756100519912911,2.0,1.033707967478098,25.0,0.9837469646407073,101.0,0.9646944584075953,414.0
1978-05-05 00:00:00-04:00,0.0,3.643863772568495,3.585406064987182,3.5854060649871826,64800,WHR,3.5854060649871826,0,1.0,0.0,0.9829062370848106,1.0,1.0325478043511527,24.0,0.9842732025123327,101.0,0.9648057427078065,414.0
1978-05-08 00:00:00-04:00,0.0,3.624377870041391,3.585406064987182,3.5854060649871826,96400,WHR,3.6243772506713863,1,1.0,0.0,0.9913794723125741,0.0,1.0318722456413736,23.0,0.9848421695851061,100.0,0.9649069321866663,414.0
1978-05-09 00:00:00-04:00,0.0,3.6633490490657024,3.6048913514742287,3.6243772506713863,134200,WHR,3.604889869689941,0,1.0054053199628847,1.0,1.0075839453672037,1.0,1.042503438513159,23.0,0.9960586118755661,101.0,0.9754869632014068,415.0
1978-05-10 00:00:00-04:00,0.0,3.604889869689941,3.5854039785024283,3.604889869689941,5000,WHR,3.56591796875,0,0.9973043766875679,1.0,1.0021664154424363,1.0,1.0364140874451602,23.0,0.9911489039211391,101.0,0.9703488812054807,414.0
1978-05-11 00:00:00-04:00,0.0,3.6048897498292343,3.56591796875,3.56591796875,73600,WHR,3.741291522979736,1,0.9945652007670561,0.0,0.9924074698625254,1.0,1.024539952756904,23.0,0.9808751769428294,101.0,0.9599542579409515,414.0
1978-05-12 00:00:00-04:00,0.0,3.799749203026295,3.5854043761889143,3.741291522979736,106800,WHR,3.799750804901123,1,1.024000072042306,1.0,1.0322579584161993,2.0,1.072725229029821,24.0,1.0294903182090884,101.0,1.007212819885736,415.0
1978-05-15 00:00:00-04:00,0.0,3.799750804901123,3.760779001773932,3.799750804901123,49000,WHR,3.858207941055298,1,1.0077521487587002,2.0,1.036132111172414,3.0,1.0864519524941758,25.0,1.0460476858393448,101.0,1.022993883826903,415.0
1978-05-16 00:00:00-04:00,0.0,3.858207941055298,3.799750244978702,3.858207941055298,133800,WHR,3.799750804901123,0,1.007633514111713,2.0,1.0388249510977035,3.0,1.1001018111302554,25.0,1.0626422029766966,101.0,1.0387429975119715,416.0
1978-05-17 00:00:00-04:00,0.0,3.838722608028314,3.7412931002103367,3.799750804901123,49200,WHR,3.6633460521698,0,0.9923664858882869,1.0,1.0124612838130367,3.0,1.080532073692463,25.0,1.0470362184614495,101.0,1.0230368199433482,415.0
1978-05-18 00:00:00-04:00,0.0,3.741289585194689,3.6633460521698,3.6633460521698,108800,WHR,3.7023191452026367,1,0.9817227679951539,0.0,0.9710737554815863,3.0,1.039438882204345,25.0,1.009969960833977,101.0,0.9864564032460691,414.0
1978-05-19 00:00:00-04:00,0.0,3.741290925678454,3.6243755842510015,3.7023191452026367,31800,WHR,3.780266046524048,1,1.0052911844332457,1.0,0.9834366033515795,3.0,1.0480826349931922,25.0,1.0211755083264662,102.0,0.9970765407727472,415.0
1978-05-22 00:00:00-04:00,0.0,3.819237861436667,3.72180832415512,3.780266046524048,10400,WHR,3.721806526184082,0,1.0104171084356774,2.0,1.0051819194230511,3.0,1.0678903547881868,25.0,1.0430560682195849,103.0,1.018154013877821,416.0
1978-05-23 00:00:00-04:00,0.0,3.799750118355477,3.7023206281412335,3.721806526184082,14800,WHR,3.643863916397095,0,0.992207550677044,1.0,0.9968685694475462,2.0,1.0491622605569992,25.0,1.0273456339072564,103.0,1.0025193701245139,415.0
1978-05-24 00:00:00-04:00,0.0,3.682835722989577,3.604892109804613,3.643863916397095,31800,WHR,3.56591796875,0,0.9894181242027341,0.0,0.9842108689759843,2.0,1.0254069157090948,25.0,1.006242150974748,103.0,0.981673889744989,414.0
1978-05-25 00:00:00-04:00,0.0,3.663347421448087,3.526946187670765,3.56591796875,75000,WHR,3.54643177986145,0,0.9891888618977959,0.0,0.9682535979127086,2.0,1.00200724219347,25.0,0.9851629057703472,103.0,0.9608413418701875,414.0
1978-05-26 00:00:00-04:00,0.0,3.6243753354628008,3.5074600020607747,3.54643177986145,64200,WHR,3.56591796875,1,0.9972602319096647,0.0,0.9711841882880231,1.0,0.9953508845235216,24.0,0.9802015664580506,103.0,0.9557563634471787,414.0
1978-05-30 00:00:00-04:00,0.0,3.56591796875,3.5464320782103824,3.56591796875,5400,WHR,3.643863916397095,1,1.0027397680903354,1.0,0.9881207575479016,1.0,0.9995444261015536,25.0,0.9860759616613359,103.0,0.9611693731734321,415.0
1978-05-31 00:00:00-04:00,0.0,3.643863916397095,3.585406206508371,3.643863916397095,12400,WHR,3.6243772506713863,0,1.0108111381022042,2.0,1.0141001945103811,2.0,1.0197221411551765,26.0,1.0080430052970917,104.0,0.9823184873317742,416.0
1978-06-01 00:00:00-04:00,0.0,3.6438631498685448,3.6048913514742287,3.6243772506713863,35000,WHR,3.6633460521698,1,0.9973189296725595,1.0,1.0097722275711882,2.0,1.0127042058327655,26.0,1.0031713299691034,103.0,0.9771884389681817,416.0
1978-06-02 00:00:00-04:00,0.0,3.6633460521698,3.624374285657356,3.6633460521698,39400,WHR,3.682838201522827,1,1.0053471845566941,1.0,1.0151182800896126,3.0,1.0222939390684278,26.0,1.0144168708046235,104.0,0.9877884461629935,417.0
1978-06-05 00:00:00-04:00,0.0,3.721810034343175,3.6633522851126537,3.682838201522827,32800,WHR,3.6243772506713863,0,1.0026533706043692,2.0,1.0128626623322166,4.0,1.0263381702068795,27.0,1.0203209414183698,104.0,0.9931225993678167,418.0
1978-06-06 00:00:00-04:00,0.0,3.721806746657177,3.6048913514742287,3.6243772506713863,123600,WHR,3.604889869689941,0,0.9919995583497012,1.0,0.9935896878659316,3.0,1.0091328728679627,26.0,1.0047102701663135,103.0,0.9774297899353273,418.0
1978-06-07 00:00:00-04:00,0.0,3.663347543252481,3.5854039785024283,3.604889869689941,260000,WHR,3.682838201522827,1,0.9973043766875679,0.0,0.9903636852911144,2.0,1.0031627528209974,25.0,0.9998915096837279,103.0,0.9722459194465269,418.0
1978-06-08 00:00:00-04:00,0.0,3.741295950753348,3.604894535882132,3.682838201522827,40200,WHR,3.721806526184082,1,1.010695834294475,1.0,1.008538665760121,3.0,1.0242061216801013,25.0,1.0219318763727647,104.0,0.9933052794681295,419.0
1978-06-09 00:00:00-04:00,0.0,3.721806526184082,3.643862934012688,3.721806526184082,38800,WHR,3.604889869689941,0,1.0052626866101275,2.0,1.0159571201516653,3.0,1.0343893428050501,25.0,1.0331472104733979,104.0,1.0038313278919608,420.0
1978-06-12 00:00:00-04:00,0.0,3.682833434439994,3.604889869689941,3.604889869689941,48800,WHR,3.604889869689941,0,0.98404237733121,1.0,0.9882474532797968,2.0,1.0018046702442862,25.0,1.0012769077062098,103.0,0.9723021278921514,420.0
1978-06-13 00:00:00-04:00,0.0,3.624375760877455,3.546432196127402,3.604889869689941,30400,WHR,3.56591796875,0,1.0,0.0,0.989304482884206,2.0,1.0014431440972118,25.0,1.0017757230601052,103.0,0.9722765785944353,420.0
1978-06-14 00:00:00-04:00,0.0,3.624375640368852,3.5464320782103824,3.56591796875,30200,WHR,3.56591796875,0,0.9945652007670561,0.0,0.980707041502398,2.0,0.9906166987911041,24.0,0.9915255495004376,102.0,0.9617502855259579,420.0
1978-06-15 00:00:00-04:00,0.0,3.6048897498292343,3.5464320782103824,3.56591796875,38600,WHR,3.526947498321533,0,1.0,0.0,0.987054924770883,1.0,0.9903486619260684,24.0,0.9919985387191183,102.0,0.9617654495206394,419.0
1978-06-16 00:00:00-04:00,0.0,3.585405191663879,3.526947498321533,3.526947498321533,47800,WHR,3.526947498321533,0,0.9945056803051762,0.0,0.9869141306270075,0.0,0.9791722812886814,24.0,0.9816895398867077,101.0,0.9512997012758563,418.0
1978-06-19 00:00:00-04:00,0.0,3.546433396102316,3.507461600540751,3.526947498321533,14400,WHR,3.487974166870117,0,1.0,0.0,0.9912378936101118,0.0,0.9787310568262584,24.0,0.9821583113574297,101.0,0.9513547024822958,417.0
1978-06-20 00:00:00-04:00,0.0,3.546431834471292,3.487974166870117,3.487974166870117,77000,WHR,3.429518699645996,0,0.9944442242819612,0.0,0.9867693692224618,0.0,0.9673057035895061,24.0,0.9717482405558382,101.0,0.9408865898069112,417.0
1978-06-21 00:00:00-04:00,0.0,3.4684905030510644,3.410032797943462,3.429518699645996,117800,WHR,3.390547275543213,0,0.9915496165515294,0.0,0.9777780955972087,0.0,0.9510088359672755,23.0,0.9560023195771074,100.0,0.9251667642859578,417.0
1978-06-22 00:00:00-04:00,0.0,3.4295190833080773,3.390547275543213,3.390547275543213,49800,WHR,3.429518699645996,1,0.9942857702191507,0.0,0.9764312700331335,0.0,0.9402867038211528,23.0,0.9457141002242911,100.0,0.9147257341280172,416.0
1978-06-23 00:00:00-04:00,0.0,3.4684905030510644,3.390546896240928,3.429518699645996,25200,WHR,3.429518699645996,0,1.0057142297808492,1.0,0.9932281387319012,1.0,0.9509232009829112,24.0,0.9570836523657863,101.0,0.9252786333997293,417.0
1978-06-26 00:00:00-04:00,0.0,3.429518699645996,3.410032797943462,3.429518699645996,28400,WHR,3.429518699645996,0,1.0,1.0,0.9988650343615909,1.0,0.9507519730832341,24.0,0.9574376944906515,101.0,0.9252834980509747,417.0
1978-06-27 00:00:00-04:00,0.0,3.44900460134853,3.410032797943462,3.429518699645996,37000,WHR,3.429518699645996,0,1.0,0.0,1.0022778821072749,1.0,0.95032416357621,24.0,0.9577919986453,101.0,0.9253272800117072,416.0
1978-06-28 00:00:00-04:00,0.0,3.429518699645996,3.429518699645996,3.429518699645996,412200,WHR,3.507462739944458,1,1.0,0.0,1.0022778821072749,1.0,0.9498967388985896,24.0,0.9582091656311018,100.0,0.9253953937316718,415.0
1978-06-29 00:00:00-04:00,0.0,3.5074627399444585,3.4295191235012483,3.507462739944458,23800,WHR,3.54643177986145,1,1.0112360168435255,1.0,1.018099647717611,2.0,0.9707868262751536,24.0,0.9802856426609267,101.0,0.9464620591681967,416.0
1978-06-30 00:00:00-04:00,0.0,3.5659176687617875,3.5074600020607747,3.54643177986145,39000,WHR,3.4684908390045166,0,1.0055244715961622,2.0,1.022471350164443,2.0,0.9810434886975543,24.0,0.9914793144178995,101.0,0.957007749350771,416.0
1978-07-03 00:00:00-04:00,0.0,3.5464344533641685,3.4490049354146035,3.4684908390045166,9200,WHR,3.4100334644317627,0,0.9888892657707558,1.0,0.9977580337569508,2.0,0.9596552464168738,23.0,0.9700486386577103,101.0,0.9360343802162747,415.0
1978-07-05 00:00:00-04:00,0.0,3.44900527545384,3.371061653409685,3.4100334644317627,68800,WHR,3.371060609817505,0,0.9915014657222988,0.0,0.9820428912200401,2.0,0.9439903041000008,22.0,0.9541779964475521,100.0,0.9203408853250067,414.0
1978-07-06 00:00:00-04:00,0.0,3.3905465092962186,3.3515747103387907,3.371060609817505,82600,WHR,3.429518699645996,1,0.9942527187814346,0.0,0.9740990599199436,2.0,0.9340412862466774,21.0,0.9437462210928886,100.0,0.9099037711958299,414.0
1978-07-07 00:00:00-04:00,0.0,3.429518699645996,3.410032797943462,3.429518699645996,10000,WHR,3.526947498321533,1,1.0085960455967542,1.0,0.9954752120759042,2.0,0.950837559421189,22.0,0.9604891275052001,101.0,0.9257799390980983,414.0
1978-07-10 00:00:00-04:00,0.0,3.526947498321533,3.449003907198405,3.526947498321533,13800,WHR,3.487974166870117,0,1.0140055016301242,2.0,1.024914861499323,2.0,0.9781140095461509,22.0,0.9880127945421138,102.0,0.9521454235087745,415.0
1978-07-11 00:00:00-04:00,0.0,3.585403612872076,3.4490023884693337,3.487974166870117,45800,WHR,3.449005365371704,0,0.9944442242819612,1.0,1.0124429460242068,2.0,0.9680031769141298,21.0,0.9773725227848734,102.0,0.9416785554051705,415.0
1978-07-12 00:00:00-04:00,0.0,3.507463083428852,3.449005365371704,3.449005365371704,13400,WHR,3.449005365371704,0,0.9943824540180214,0.0,0.9988717016991576,2.0,0.9584841474436026,20.0,0.9667063587458173,102.0,0.9312410949749672,414.0
1978-07-13 00:00:00-04:00,0.0,3.4879771774098027,3.449005365371704,3.449005365371704,48400,WHR,3.429518699645996,0,1.0,0.0,0.994382324148669,2.0,0.9594366381149328,20.0,0.9669598568049997,102.0,0.9313047919657742,414.0
1978-07-14 00:00:00-04:00,0.0,3.4684905030510644,3.429518699645996,3.429518699645996,119400,WHR,3.390547275543213,0,0.9971670280511467,0.0,0.9887641258852548,1.0,0.9550512450555154,20.0,0.9617487859033833,102.0,0.9261063250375595,414.0
1978-07-17 00:00:00-04:00,0.0,3.4100331794256453,3.3710613716607805,3.390547275543213,74000,WHR,3.332087993621826,0,0.9942857702191507,0.0,0.9852775923447327,0.0,0.9453955067924157,20.0,0.9511109750904185,102.0,0.9156547647337123,414.0
1978-07-18 00:00:00-04:00,0.0,3.390545677720455,3.332087993621826,3.332087993621826,66800,WHR,3.293116807937622,0,0.991304112214815,0.0,0.977142465289177,0.0,0.9306120538871363,19.0,0.9350391794675943,102.0,0.8999524366155297,414.0
1978-07-19 00:00:00-04:00,0.0,3.312602706209442,3.293116807937622,3.293116807937622,59600,WHR,3.3126046657562256,1,0.9941177387188044,0.0,0.9746250091554117,0.0,0.9213993584154491,19.0,0.9244874072433686,101.0,0.8894876962478299,414.0
1978-07-20 00:00:00-04:00,0.0,3.3515764853533576,3.2541469363605278,3.3126046657562256,127600,WHR,3.2736330032348637,0,1.0029501482761891,1.0,0.9883725049519386,1.0,0.9284549465329558,20.0,0.930345085652473,101.0,0.8948032710585423,415.0
1978-07-21 00:00:00-04:00,0.0,3.312604824701945,3.2736330032348637,3.2736330032348637,62600,WHR,3.23466157913208,0,0.9940828642268946,1.0,0.9859158610807811,1.0,0.9191215830002656,20.0,0.9198831702953756,100.0,0.8843413820697728,414.0
1978-07-24 00:00:00-04:00,0.0,3.23466157913208,3.2151756660047783,3.23466157913208,127000,WHR,3.3126046657562256,1,0.9940120374685606,0.0,0.983412718708448,1.0,0.9098389915884797,20.0,0.909370460449993,100.0,0.873914819616923,413.0
1978-07-25 00:00:00-04:00,0.0,3.3126046657562256,3.2151751167633957,3.3126046657562256,166400,WHR,3.371060609817505,1,1.01190467650296,1.0,1.0083037533570705,2.0,0.9335535220115496,20.0,0.9316911530288327,100.0,0.8950246855161113,414.0
1978-07-26 00:00:00-04:00,0.0,3.3905465092962186,3.332088810860077,3.371060609817505,72800,WHR,3.4684908390045166,1,1.0087460909023847,2.0,1.021251001496407,3.0,0.9516824359956468,20.0,0.9485065383419518,100.0,0.9108475288063321,415.0
1978-07-27 00:00:00-04:00,0.0,3.468490839004516,3.351575417465038,3.4684908390045166,38800,WHR,3.526947498321533,1,1.0142451197152398,2.0,1.040935477105817,3.0,0.9803563926946727,21.0,0.9761342977911646,101.0,0.9371777332242519,416.0
1978-07-28 00:00:00-04:00,0.0,3.546433396102316,3.4684898049791872,3.526947498321533,195400,WHR,3.54643177986145,1,1.0083563969115568,2.0,1.042626363283999,4.0,0.9972451133713768,22.0,0.9927816972492421,101.0,0.9529274250033729,417.0
1978-07-31 00:00:00-04:00,0.0,3.5659176687617875,3.5269458909611124,3.54643177986145,96200,WHR,3.54643177986145,0,1.0027545930698236,2.0,1.0294111907116061,5.0,1.0029385040429808,23.0,0.9983757484864394,102.0,0.9581211613786199,418.0
1978-08-01 00:00:00-04:00,0.0,3.54643177986145,3.5074600020607747,3.54643177986145,88200,WHR,3.6243772506713863,1,1.0,1.0,1.0156246479408118,4.0,1.0031227778865197,23.0,0.9984852969534322,102.0,0.9580102077415159,418.0
1978-08-02 00:00:00-04:00,0.0,3.6243772506713863,3.5659195530799126,3.6243772506713863,99400,WHR,3.643863916397095,1,1.0108698293983356,1.0,1.023102496365676,4.0,1.0249816651262966,24.0,1.0204529624341145,103.0,0.9789319188282123,419.0
1978-08-03 00:00:00-04:00,0.0,3.7023216262858174,3.624378013100854,3.643863916397095,112200,WHR,3.54643177986145,0,1.0026810703274405,2.0,1.0185189171355111,4.0,1.0303978961862865,24.0,1.02596199512027,103.0,0.9840346501037163,420.0
1978-08-04 00:00:00-04:00,0.0,3.663347113263476,3.5074600020607747,3.54643177986145,72600,WHR,3.7023191452026367,1,0.9864494951735653,1.0,0.9902064917036228,3.0,1.003122779013991,24.0,0.9986825418385253,102.0,0.9575817639532768,420.0
1978-08-07 00:00:00-04:00,0.0,3.780262706154272,3.5659179135372767,3.7023191452026367,81600,WHR,3.741291522979736,1,1.02150541064974,1.0,1.0248110135262907,3.0,1.0465432041129408,25.0,1.0426265171745215,102.0,0.9994261934201456,421.0
1978-08-08 00:00:00-04:00,0.0,3.760777416328589,3.702319736282031,3.741291522979736,88400,WHR,3.858207941055298,1,1.0052356819176056,2.0,1.0245463379381083,4.0,1.0575596172073103,25.0,1.0536479598219077,102.0,1.0096439111121729,422.0
1978-08-09 00:00:00-04:00,0.0,3.858207941055298,3.741292548902107,3.858207941055298,60200,WHR,3.760777711868286,0,1.0153847524601947,2.0,1.043203572429942,4.0,1.090308379467758,25.0,1.0865270577163917,102.0,1.0408398026299994,423.0
1978-08-10 00:00:00-04:00,0.0,3.838721291388872,3.721805922107993,3.760777711868286,100400,WHR,3.721806526184082,0,0.9872121784151641,1.0,1.010471286158351,3.0,1.0632630497537918,24.0,1.0591590470635628,102.0,1.0141772492349816,423.0
1978-08-11 00:00:00-04:00,0.0,3.721806526184082,3.663348832055537,3.721806526184082,140200,WHR,3.6243772506713863,0,0.9947917478180843,0.0,0.9906640515647306,3.0,1.0526315600192337,24.0,1.048321549721491,101.0,1.00324605441705,423.0
1978-08-14 00:00:00-04:00,0.0,3.7412926458543354,3.6243772506713863,3.6243772506713863,158000,WHR,3.6243772506713863,0,0.9867374301443897,0.0,0.9687501178935909,2.0,1.02526415276279,24.0,1.02114766153272,100.0,0.9765984007581471,423.0
1978-08-15 00:00:00-04:00,0.0,3.6438631498685448,3.6048913514742287,3.6243772506713863,116200,WHR,3.6243772506713863,0,1.0,0.0,0.9748428277928197,1.0,1.025641045247303,23.0,1.0214392619493826,99.0,0.976198607034627,423.0
1978-08-16 00:00:00-04:00,0.0,3.6438631498685448,3.58540545227707,3.6243772506713863,65000,WHR,3.799750804901123,1,1.0,0.0,0.9872612031676598,0.0,1.0263956863690564,22.0,1.0217085813850126,99.0,0.9758452165974049,422.0
1978-08-17 00:00:00-04:00,0.0,3.799750804901123,3.6633494939559546,3.799750804901123,39600,WHR,3.643863916397095,0,1.0236221079320018,1.0,1.0328390949516648,1.0,1.0756644015294696,23.0,1.0711462234713378,100.0,1.0226558917237023,422.0
1978-08-18 00:00:00-04:00,0.0,3.819237046063265,3.643863916397095,3.643863916397095,347600,WHR,3.6243772506713863,0,0.979057636062491,1.0,0.9946809936213916,1.0,1.0315346716501599,23.0,1.0273147141325447,100.0,0.9803461144405883,422.0
1978-08-21 00:00:00-04:00,0.0,3.682834948262861,3.6243772506713863,3.6243772506713863,140800,WHR,3.526947498321533,0,0.9973189296725595,0.0,0.9893616357992748,1.0,1.0257353105150306,23.0,1.021955578959675,100.0,0.9747661434268943,421.0
1978-08-22 00:00:00-04:00,0.0,3.585405191663879,3.526947498321533,3.526947498321533,89200,WHR,3.5854060649871826,1,0.9863759854614945,0.0,0.96791431652965,1.0,0.9982534517298046,23.0,0.9947021936139384,100.0,0.9482694787313534,420.0
1978-08-23 00:00:00-04:00,0.0,3.604891967514287,3.5269483574058698,3.5854060649871826,99400,WHR,3.54643177986145,0,1.0082192998625976,1.0,0.986066534882362,2.0,1.0147060537192423,23.0,1.0113670725919008,100.0,0.9636688177593918,421.0
1978-08-24 00:00:00-04:00,0.0,3.5854035576621253,3.5074600020607747,3.54643177986145,46800,WHR,3.4684908390045166,0,0.9945351694789466,1.0,0.9891299535469475,1.0,1.0041374109194876,22.0,1.0005932463121052,100.0,0.952859131518734,421.0
1978-08-25 00:00:00-04:00,0.0,3.5269485497742554,3.4295190318246904,3.4684908390045166,35000,WHR,3.449005365371704,0,0.9888892657707558,0.0,0.9769486690706602,1.0,0.982792167102034,22.0,0.9788612354301408,100.0,0.9316008446385782,421.0
1978-08-28 00:00:00-04:00,0.0,3.4879771774098027,3.449005365371704,3.449005365371704,66600,WHR,3.526947498321533,1,0.9971831609216518,0.0,0.9811533105115678,1.0,0.9782611992323675,21.0,0.9737691143358556,99.0,0.9260376774856198,421.0
1978-08-29 00:00:00-04:00,0.0,3.546433396102316,3.507461600540751,3.526947498321533,132800,WHR,3.56591796875,1,1.0111729729934793,1.0,1.0033258424942242,2.0,1.0011061254193392,21.0,0.9960597288448692,100.0,0.9465982004683037,422.0
1978-08-30 00:00:00-04:00,0.0,3.585403859289617,3.5464320782103824,3.56591796875,102600,WHR,3.54643177986145,0,1.0054943196948238,2.0,1.015537939384965,2.0,1.0124476940794547,22.0,1.0072872681259244,101.0,0.9567022532669368,422.0
1978-08-31 00:00:00-04:00,0.0,3.5659176687617875,3.54643177986145,3.54643177986145,22200,WHR,3.54643177986145,0,0.9972602319096647,1.0,1.0099884667712469,2.0,1.0071937253215604,22.0,1.0020697007115782,100.0,0.951121255659882,422.0
1978-09-01 00:00:00-04:00,0.0,3.54643177986145,3.5074600020607747,3.54643177986145,90200,WHR,3.54643177986145,0,1.0,0.0,1.005524580352307,2.0,1.0078444517968517,21.0,1.0023787672412532,99.0,0.950733714285779,422.0
1978-09-05 00:00:00-04:00,0.0,3.54643177986145,3.487974113160437,3.54643177986145,13200,WHR,3.526947498321533,0,1.0,0.0,0.9999998924356341,2.0,1.008682313056675,20.0,1.0026217372121256,99.0,0.9503564138529498,421.0
1978-09-06 00:00:00-04:00,0.0,3.565919293883097,3.526947498321533,3.526947498321533,31200,WHR,3.56591796875,1,0.9972454069301764,0.0,0.9945058407652355,1.0,1.0035113321504412,20.0,0.9973990014995984,98.0,0.9447651071776882,421.0
1978-09-07 00:00:00-04:00,0.0,3.585403859289617,3.526946187670765,3.56591796875,73600,WHR,3.6243772506713863,1,1.0054943196948238,1.0,1.0054944819278622,1.0,1.014787020115761,21.0,1.0086641762217947,99.0,0.9548154060823479,422.0
1978-09-08 00:00:00-04:00,0.0,3.6243772506713863,3.5659195530799126,3.6243772506713863,39800,WHR,3.56591796875,0,1.0081303034350362,2.0,1.0175057897484638,2.0,1.0311374257811017,22.0,1.0254035771035162,99.0,0.970073757146242,422.0
1978-09-11 00:00:00-04:00,0.0,3.624375640368852,3.56591796875,3.56591796875,48200,WHR,3.54643177986145,0,0.9918696965649637,1.0,0.9999998529072174,2.0,1.0145057262354036,22.0,1.0091536610444023,98.0,0.9540438484089987,422.0
1978-09-12 00:00:00-04:00,0.0,3.5659176687617875,3.5269458909611124,3.54643177986145,28800,WHR,3.56591796875,1,0.9972602319096647,0.0,0.9945352891699021,2.0,1.0088686866991725,22.0,1.003949111248178,98.0,0.9484496800969388,422.0
1978-09-13 00:00:00-04:00,0.0,3.6048897498292343,3.5464320782103824,3.56591796875,353000,WHR,3.54643177986145,0,1.0027397680903354,1.0,0.9978189016559015,3.0,1.014224610037413,23.0,1.0097773301362527,98.0,0.9532735374638978,423.0
1978-09-14 00:00:00-04:00,0.0,3.604889446562463,3.54643177986145,3.54643177986145,21000,WHR,3.507462739944458,0,0.9972602319096647,1.0,0.9934496416683944,2.0,1.008402875402321,23.0,1.0046141145469025,97.0,0.9476397830346619,423.0
1978-09-15 00:00:00-04:00,0.0,3.565920452276866,3.487976835833656,3.507462739944458,149200,WHR,3.54643177986145,1,0.9944755284038378,0.0,0.9890115748525773,1.0,0.9969540480971193,23.0,0.9940141212881762,96.0,0.9367878992284412,423.0
1978-09-18 00:00:00-04:00,0.0,3.5854035576621253,3.5269458909611124,3.54643177986145,148400,WHR,3.5854060649871826,1,1.0055244715961622,1.0,1.00109993831397,2.0,1.0072866758840557,24.0,1.0054132804751927,97.0,0.9467623113762201,423.0
1978-09-19 00:00:00-04:00,0.0,3.585406064987182,3.565920162460078,3.5854060649871826,70400,WHR,3.5854060649871826,0,1.0054648305210534,2.0,1.0098796443281304,3.0,1.0176055403904605,24.0,1.0167770362755666,98.0,0.9566891997469259,424.0
1978-09-20 00:00:00-04:00,0.0,3.604891967514287,3.565920162460078,3.5854060649871826,40800,WHR,3.5854060649871826,0,1.0,1.0,1.0087721952035535,2.0,1.0168557150479054,24.0,1.0170692907876049,98.0,0.9562218526681466,423.0
1978-09-21 00:00:00-04:00,0.0,3.624377870041391,3.585406064987182,3.5854060649871826,49400,WHR,3.5854060649871826,0,1.0,0.0,1.0065646754762823,2.0,1.0161069939132983,24.0,1.0172942176976218,98.0,0.9557549619688231,423.0
1978-09-22 00:00:00-04:00,0.0,3.624377870041391,3.585406064987182,3.5854060649871826,87800,WHR,3.604889869689941,1,1.0,0.0,1.002178788183523,2.0,1.0153593745493152,24.0,1.017564260960539,97.0,0.9553034060567123,422.0
1978-09-25 00:00:00-04:00,0.0,3.624375760877455,3.604889869689941,3.604889869689941,49200,WHR,3.6243772506713863,1,1.0027097361332227,1.0,1.0043426382554328,2.0,1.0204078099901008,24.0,1.0233655621556998,97.0,0.9600809909276686,422.0
1978-09-26 00:00:00-04:00,0.0,3.7023208474600175,3.6243772506713863,3.6243772506713863,117400,WHR,3.643863916397095,1,1.0026956233124322,2.0,1.0075839453672037,2.0,1.0255468318969319,24.0,1.0291481808827678,98.0,0.9648604183807536,422.0
1978-09-27 00:00:00-04:00,0.0,3.682835722989577,3.643863916397095,3.643863916397095,67600,WHR,3.7023191452026367,1,1.0026810703274405,2.0,1.0097194063200126,3.0,1.0302087033891754,25.0,1.034933411358609,98.0,0.9696506747767698,422.0
1978-09-28 00:00:00-04:00,0.0,3.741290925678454,3.66334736472682,3.7023191452026367,157600,WHR,3.760777711868286,1,1.0079572246315371,2.0,1.0193129373579992,4.0,1.0452957589070286,26.0,1.051698893597966,99.0,0.9847871821411358,423.0
1978-09-29 00:00:00-04:00,0.0,3.780263606748433,3.7023200272278474,3.760777711868286,39000,WHR,3.81923770904541,1,1.0078330172829344,2.0,1.0255047367550152,5.0,1.059857064030351,27.0,1.0684232010023247,99.0,0.9998858143774393,424.0
1978-10-02 00:00:00-04:00,0.0,3.8192377090454097,3.7412940823301977,3.81923770904541,81400,WHR,3.81923770904541,0,1.0077123849927574,2.0,1.0294121767372533,5.0,1.074365550650542,27.0,1.0850314725088956,100.0,1.014950198356886,425.0
1978-10-03 00:00:00-04:00,0.0,3.838723615724213,3.799751802366607,3.81923770904541,96200,WHR,3.760777711868286,0,1.0,1.0,1.01871134659572,4.0,1.0728952852356013,26.0,1.085055498018804,99.0,1.0144774023969352,424.0
1978-10-04 00:00:00-04:00,0.0,3.7997495016285794,3.760777711868286,3.760777711868286,69000,WHR,3.760777711868286,0,0.9922876150072426,0.0,0.9969006286210998,3.0,1.0551251095420462,26.0,1.0685415072200197,99.0,0.9984994545301625,424.0
1978-10-05 00:00:00-04:00,0.0,3.819235396508726,3.760777711868286,3.760777711868286,136400,WHR,3.721806526184082,0,1.0,0.0,0.993820560362289,2.0,1.053589135349404,26.0,1.068565174561048,99.0,0.9980708763849534,423.0
1978-10-06 00:00:00-04:00,0.0,3.76077832226978,3.7023206281412335,3.721806526184082,251200,WHR,3.7023191452026367,0,0.9947917478180843,0.0,0.9855520026057828,1.0,1.0413448560492091,26.0,1.0575155510686205,99.0,0.9873096638197549,423.0
1978-10-09 00:00:00-04:00,0.0,3.7218050354405454,3.7023191452026367,3.7023191452026367,78000,WHR,3.54643177986145,0,0.9973751278138311,0.0,0.9865001772296909,0.0,1.034576248901754,26.0,1.0520482990118583,98.0,0.9817290584088705,423.0
1978-10-10 00:00:00-04:00,0.0,3.643861224363138,3.54643177986145,3.54643177986145,84000,WHR,3.4684908390045166,0,0.9784945893502599,0.0,0.9589038861694642,0.0,0.9902961145105343,26.0,1.0079523819977798,98.0,0.9400238942795734,423.0
1978-10-11 00:00:00-04:00,0.0,3.5464344533641685,3.390547224644864,3.4684908390045166,208400,WHR,3.429518699645996,0,0.9888892657707558,0.0,0.9528912085753748,0.0,0.9679176484059628,26.0,0.986106153739819,97.0,0.9190371922600015,422.0
1978-10-12 00:00:00-04:00,0.0,3.44900460134853,3.371060994538394,3.429518699645996,198400,WHR,3.429518699645996,0,0.994350234058078,0.0,0.9596512976067819,0.0,0.9564353086079801,26.0,0.9752423250029932,97.0,0.9084200454276787,421.0
1978-10-13 00:00:00-04:00,0.0,3.429518699645996,3.390546896240928,3.429518699645996,147800,WHR,3.4100334644317627,0,1.0,0.0,0.9756099876915787,0.0,0.9559158421871045,25.0,0.9755017804161893,96.0,0.9081247476515923,421.0
1978-10-16 00:00:00-04:00,0.0,3.4295193699428013,3.4100334644317627,3.4100334644317627,53600,WHR,3.449005365371704,1,0.9971510948748118,0.0,0.9864715199837096,0.0,0.9498827924513911,25.0,0.9702389804977768,96.0,0.9026949764888552,420.0
1978-10-17 00:00:00-04:00,0.0,3.449005365371704,3.410033553333606,3.449005365371704,38000,WHR,3.390547275543213,0,1.0056818312167302,1.0,1.0034014796862516,1.0,0.9597835307913916,26.0,0.9815668959211391,97.0,0.9127478554591391,420.0
1978-10-18 00:00:00-04:00,0.0,3.4295190833080773,3.390547275543213,3.390547275543213,302200,WHR,3.371060609817505,0,0.9914529366323188,1.0,0.9908883887192712,1.0,0.9431749561885152,25.0,0.9652084000007751,97.0,0.8970369122355532,419.0
1978-10-19 00:00:00-04:00,0.0,3.3710606098175044,3.3515747103387907,3.371060609817505,76000,WHR,3.293116807937622,0,0.9971180426229835,0.0,0.9885712331240262,1.0,0.9377541985354132,24.0,0.9599379053398515,97.0,0.8916376993035665,419.0
1978-10-20 00:00:00-04:00,0.0,3.3320886044812625,3.2541450113939816,3.293116807937622,102000,WHR,3.254146099090576,0,0.9883040626031023,0.0,0.9735020840984595,1.0,0.9168174152132823,23.0,0.9379925770958591,97.0,0.8708108024506193,418.0
1978-10-23 00:00:00-04:00,0.0,3.2541460990905766,3.195688384735656,3.254146099090576,84400,WHR,3.1956863403320312,0,0.9940477861664586,0.0,0.9709303459625973,1.0,0.9071160510762807,22.0,0.9272423398604822,96.0,0.8603460437016796,417.0
1978-10-24 00:00:00-04:00,0.0,3.254144017289325,3.1956863403320312,3.1956863403320312,40000,WHR,3.156714916229248,0,0.9909362360483619,0.0,0.9681224145046748,0.0,0.892273984637745,21.0,0.9109488776847464,96.0,0.8448205479703639,416.0
1978-10-25 00:00:00-04:00,0.0,3.195686705318498,3.156714916229248,3.156714916229248,46000,WHR,3.156714916229248,0,0.9938650877788096,0.0,0.9700597115958262,0.0,0.8829940583365719,21.0,0.9002398821648724,96.0,0.8344491772164946,416.0
1978-10-26 00:00:00-04:00,0.0,3.176200810773873,3.137229021684623,3.156714916229248,32600,WHR,2.961855411529541,0,1.0,0.0,0.9830095878207451,0.0,0.8849234004367086,20.0,0.9006202460016722,96.0,0.8344147932391464,415.0
1978-10-27 00:00:00-04:00,0.0,3.176200211048126,2.961855411529541,2.961855411529541,84000,WHR,3.1177425384521484,1,0.9681527719284901,0.0,0.9417593785813689,0.0,0.8329525146287269,19.0,0.8455151026989293,96.0,0.7828994944610775,415.0
1978-10-30 00:00:00-05:00,0.0,3.1177425384521484,2.844940066337585,3.1177425384521484,37400,WHR,3.156714916229248,1,1.0256410256410255,1.0,0.9999999082341582,1.0,0.8785574180304893,20.0,0.8903923173506394,96.0,0.8240028719350406,416.0
1978-10-31 00:00:00-05:00,0.0,3.176200810773873,3.117743127139998,3.156714916229248,18200,WHR,3.23466157913208,1,1.0062112745298835,2.0,1.0150376689189087,2.0,0.8918248153674053,20.0,0.9018435911030683,97.0,0.8341612991461191,417.0
1978-11-01 00:00:00-05:00,0.0,3.23466157913208,3.156717926622873,3.23466157913208,33000,WHR,3.1956863403320312,0,1.012195598703879,2.0,1.0349135768867908,3.0,0.9160312672597891,20.0,0.9243798011746658,97.0,0.854600272351798,417.0
1978-11-02 00:00:00-05:00,0.0,3.234658124970227,3.1956863403320312,3.1956863403320312,16200,WHR,3.23466157913208,1,0.9939388600293191,1.0,1.0199002787033074,3.0,0.9078325874795002,19.0,0.9136283758610341,96.0,0.8441161182339356,417.0
1978-11-03 00:00:00-05:00,0.0,3.254147492259382,3.1956897528774766,3.23466157913208,10400,WHR,3.23466157913208,0,1.006061139970681,1.0,1.014670562263359,4.0,0.921199396373978,20.0,0.9251422504930289,96.0,0.8542000917637343,418.0
1978-11-06 00:00:00-05:00,0.0,3.273633405386684,3.2151756660047783,3.23466157913208,23600,WHR,3.1762003898620605,0,1.0,1.0,1.0072819563348117,3.0,0.923334361298016,20.0,0.9255342646579234,95.0,0.8539759784445465,418.0
1978-11-07 00:00:00-05:00,0.0,3.215172173786748,3.1567144978997166,3.1762003898620605,58600,WHR,3.1956863403320312,1,0.9908809159278792,0.0,0.9878781365804712,2.0,0.9085838952770537,20.0,0.9094152087818288,94.0,0.8383304430829468,418.0
1978-11-08 00:00:00-05:00,0.0,3.1956863403320312,3.137228663374738,3.1956863403320312,20400,WHR,3.23466157913208,1,1.0030581131296064,1.0,0.9963543739202373,2.0,0.9160302797652696,21.0,0.9156892642066187,94.0,0.8432740850756378,418.0
1978-11-09 00:00:00-05:00,0.0,3.273633405386684,3.1956897528774766,3.23466157913208,156400,WHR,3.2151732444763184,0,1.006061139970681,2.0,1.0060610355256014,3.0,0.9289318932034456,22.0,0.927416438973283,95.0,0.8533569834633845,418.0
1978-11-10 00:00:00-05:00,0.0,3.23465914292769,3.2151732444763184,3.2151732444763184,7400,WHR,3.1762003898620605,0,0.9969784753891017,1.0,1.0012134170744256,2.0,0.9259259526275396,21.0,0.9223441961350832,95.0,0.848089206899694,417.0
1978-11-13 00:00:00-05:00,0.0,3.234658065749092,3.1762003898620605,3.1762003898620605,58600,WHR,3.1762003898620605,0,0.9939022725248182,0.0,0.9926915511423313,2.0,0.9167601348146187,21.0,0.9117347794005827,94.0,0.8376755855244065,417.0
1978-11-14 00:00:00-05:00,0.0,3.195686281824404,3.1567144978997166,3.1762003898620605,47400,WHR,3.1956863403320312,1,1.0,0.0,0.9926915511423313,2.0,0.9187409277053175,21.0,0.9122858856784756,94.0,0.837546458102946,416.0
1978-11-15 00:00:00-05:00,0.0,3.234658124970227,3.1956863403320312,3.1956863403320312,107800,WHR,3.23466157913208,1,1.0030581131296064,1.0,0.9987817016439368,2.0,0.9258559824013353,22.0,0.918417332992248,95.0,0.8425332731858582,417.0
1978-11-16 00:00:00-05:00,0.0,3.23466157913208,3.1956897528774766,3.23466157913208,94000,WHR,3.2736330032348637,1,1.006061139970681,2.0,1.0109630458639227,2.0,0.938737785531376,22.0,0.9300560421923441,96.0,0.8526337663285626,418.0
1978-11-17 00:00:00-05:00,0.0,3.2736330032348637,3.2151752710342407,3.2736330032348637,32000,WHR,3.2736330032348637,0,1.0059879625314396,2.0,1.0194180307574634,3.0,0.9513029989030747,23.0,0.9416412746960833,97.0,0.8626936635598227,419.0
1978-11-20 00:00:00-05:00,0.0,3.312604824701945,3.2736330032348637,3.2736330032348637,25800,WHR,3.23466157913208,0,1.0,1.0,1.0132693552239744,3.0,0.9522016361659495,23.0,0.9420636910277456,96.0,0.8624456542537103,419.0
1978-11-21 00:00:00-05:00,0.0,3.23466157913208,3.23466157913208,3.23466157913208,39400,WHR,3.254146099090576,1,0.9940120374685606,0.0,0.9975964133231426,3.0,0.9418446915871587,23.0,0.9313501231995757,95.0,0.8519074000285892,419.0
1978-11-22 00:00:00-05:00,0.0,3.2736320038755498,3.215174289520629,3.254146099090576,42400,WHR,3.23466157913208,0,1.0030027889443986,1.0,0.9999997069357036,3.0,0.9487741040017738,23.0,0.9374230989738731,96.0,0.8567620017180916,420.0
1978-11-24 00:00:00-05:00,0.0,3.254147492259382,3.23466157913208,3.23466157913208,16400,WHR,3.2151732444763184,0,0.9969972110556014,1.0,0.9940121102959202,2.0,0.9446137489016344,22.0,0.9322706952061741,96.0,0.8514136535085125,419.0
1978-11-27 00:00:00-05:00,0.0,3.2736309398304333,3.2151732444763184,3.2151732444763184,46400,WHR,3.1956863403320312,0,0.9969784753891017,0.0,0.991586049555986,1.0,0.9404388509237507,22.0,0.9271329365307852,96.0,0.8460453532183205,419.0
1978-11-28 00:00:00-05:00,0.0,3.2151722326511294,3.1762004480129336,3.1956863403320312,26800,WHR,3.137228012084961,0,0.996960328972036,0.0,0.9903375503234116,1.0,0.9363399612460985,22.0,0.922073220752711,95.0,0.8406761471407107,419.0
1978-11-29 00:00:00-05:00,0.0,3.19568567690642,3.137228012084961,3.137228012084961,12200,WHR,3.137228012084961,0,0.9907691269778882,0.0,0.9781282343824106,1.0,0.9210521265581351,22.0,0.9058577568140717,94.0,0.8250735962321708,419.0
1978-11-30 00:00:00-05:00,0.0,3.1761997886326,3.137228012084961,3.137228012084961,66800,WHR,3.137228012084961,0,1.0,0.0,0.9853117171637541,0.0,0.9228118814208689,22.0,0.9064901972498124,94.0,0.8248537866737139,418.0
1978-12-01 00:00:00-05:00,0.0,3.19568567690642,3.137228012084961,3.137228012084961,61600,WHR,3.1762003898620605,1,1.0,0.0,0.9913791635589587,0.0,0.924755388032428,21.0,0.9070417505539453,94.0,0.8246340942038988,418.0
1978-12-04 00:00:00-05:00,0.0,3.1762003898620605,3.1372286059373726,3.1762003898620605,47200,WHR,3.156714916229248,0,1.0061729341485968,1.0,1.0061729493473326,1.0,0.938309184216551,21.0,0.9188064577823599,95.0,0.8346515766874277,418.0
1978-12-05 00:00:00-05:00,0.0,3.176200810773873,3.137229021684623,3.156714916229248,11000,WHR,3.1177425384521484,0,0.9969231431827187,1.0,1.002475467171478,1.0,0.9344354832308555,21.0,0.9136229270040155,95.0,0.8293145505486156,417.0
1978-12-06 00:00:00-05:00,0.0,3.195686101913452,3.1177425384521484,3.1177425384521484,71800,WHR,3.1177425384521484,0,0.9937887254701165,0.0,0.9913259021466281,1.0,0.9248551141289646,21.0,0.9028933996293246,94.0,0.8188705377640898,417.0
1978-12-07 00:00:00-05:00,0.0,3.1372284293174744,3.1177425384521484,3.1177425384521484,17000,WHR,3.137228012084961,1,1.0,0.0,0.9925558086643356,1.0,0.9269089575290618,20.0,0.903444008764003,94.0,0.8186568562757934,417.0
1978-12-08 00:00:00-05:00,0.0,3.1567139003587807,3.1177421238111416,3.137228012084961,35000,WHR,3.137228012084961,0,1.0031151983011557,1.0,0.9987591496395097,2.0,0.9345970161275882,21.0,0.9095423596197674,95.0,0.8235668726940804,417.0
1978-12-11 00:00:00-05:00,0.0,3.1761997886326,3.137228012084961,3.137228012084961,8000,WHR,3.137228012084961,0,1.0,1.0,1.0012436631722696,1.0,0.9363182016108718,21.0,0.9098507650247251,95.0,0.8233815513633153,416.0
1978-12-12 00:00:00-05:00,0.0,3.1567139003587807,3.1177421238111416,3.137228012084961,82600,WHR,3.0982584953308105,0,1.0,0.0,1.0024906068940516,1.0,0.9382279410527405,20.0,0.9100564843433911,95.0,0.8232047313631764,415.0
1978-12-13 00:00:00-05:00,0.0,3.09825849533081,3.078772592844453,3.0982584953308105,65200,WHR,3.0982584953308105,0,0.9937503646735817,0.0,0.9912723738178415,1.0,0.9288289268717564,19.0,0.8990163402493462,94.0,0.8127921643060514,415.0
1978-12-14 00:00:00-05:00,0.0,3.09825849533081,3.078772592844453,3.0982584953308105,35600,WHR,2.961855411529541,0,1.0,0.0,0.9925097998122371,1.0,0.9310952481859548,19.0,0.8992603991744164,94.0,0.812626001826825,414.0
1978-12-15 00:00:00-05:00,0.0,3.0787707567214966,2.961855411529541,2.961855411529541,91600,WHR,2.9228837490081787,0,0.9774916633750309,0.0,0.959595781700762,0.0,0.8928917639230671,19.0,0.8600394816580071,94.0,0.7767820608955827,413.0
1978-12-18 00:00:00-05:00,0.0,2.961855532328288,2.903397857348124,2.9228837490081787,21000,WHR,2.9033992290496826,0,0.993377503835225,0.0,0.9603071231167187,0.0,0.8840861464112062,19.0,0.8492037022878969,93.0,0.7665064358682135,412.0
1978-12-19 00:00:00-05:00,0.0,2.942371030781893,2.9033992290496826,2.9033992290496826,19400,WHR,2.8449411392211914,0,0.9966557546154424,0.0,0.9687907914374179,0.0,0.881309260416455,18.0,0.8441162023074812,92.0,0.7613617372082766,411.0
1978-12-20 00:00:00-05:00,0.0,2.903398833862723,2.8449411392211914,2.8449411392211914,83600,WHR,2.747511625289917,0,0.9898304404256988,0.0,0.965608532829587,0.0,0.8669833660183356,17.0,0.8277769955309893,91.0,0.7460017094983188,411.0
1978-12-21 00:00:00-05:00,0.0,2.825455217496724,2.728025727238216,2.747511625289917,286400,WHR,2.8254544734954834,1,0.9825783930533043,0.0,0.955284659666744,0.0,0.8411214857770991,16.0,0.8000816796965465,91.0,0.7204463373474428,410.0
1978-12-22 00:00:00-05:00,0.0,2.8254544734954834,2.766996794733508,2.8254544734954834,54000,WHR,2.864426374435425,1,1.0139858823513306,1.0,0.9917918922161557,1.0,0.8688702263918836,16.0,0.8233768489128572,92.0,0.7408729799388308,410.0
1978-12-26 00:00:00-05:00,0.0,2.8839122681390674,2.8254545870281405,2.864426374435425,9000,WHR,2.9228837490081787,1,1.0068493351585937,2.0,1.009615226242417,2.0,0.8849200259310841,16.0,0.8352840087130283,93.0,0.7510957854854364,410.0
1978-12-27 00:00:00-05:00,0.0,2.9228837490081783,2.8449401823679605,2.9228837490081787,33600,WHR,2.9228837490081787,0,1.0101009576687365,2.0,1.0288064147966633,3.0,0.9071663173483487,16.0,0.8528927032626258,93.0,0.766447687797019,410.0
1978-12-28 00:00:00-05:00,0.0,2.942369640668233,2.903397857348124,2.9228837490081787,14400,WHR,2.981343984603882,1,1.0,1.0,1.02319226098922,3.0,0.9113921172941567,16.0,0.8533973521095612,93.0,0.7664281069320741,410.0
1978-12-29 00:00:00-05:00,0.0,2.981343984603882,2.9228862594155705,2.981343984603882,28000,WHR,3.0398006439208984,1,1.0099014194968965,1.0,1.0268463042201983,4.0,0.9334016147725774,17.0,0.8709417327537722,93.0,0.7817213923051032,411.0
1979-01-02 00:00:00-05:00,0.0,3.0398006439208984,2.9618570376665163,3.0398006439208984,29800,WHR,3.0398006439208984,0,1.0097085625613578,2.0,1.0317462475386692,4.0,0.9552971665835466,18.0,0.8883828186295422,94.0,0.7969960462089402,412.0
1979-01-03 00:00:00-05:00,0.0,3.0982583486116853,3.0398006439208984,3.0398006439208984,47800,WHR,3.059285879135132,1,1.0,1.0,1.0196079748528888,3.0,0.9587218694021019,18.0,0.8886459706556898,94.0,0.7969390449718696,412.0
1979-01-04 00:00:00-05:00,0.0,3.117743571093128,3.0397999818158,3.059285879135132,70000,WHR,3.0787713527679443,1,1.0031947792740068,1.0,1.0168392315528183,3.0,0.9681397226311814,19.0,0.8944441269933181,95.0,0.8019819020681093,413.0
1979-01-05 00:00:00-05:00,0.0,3.0787713527679443,3.039799563492401,3.0787713527679443,23800,WHR,3.0398006439208984,0,1.003174534367574,2.0,1.0128202004990272,4.0,0.9767152417703092,20.0,0.9002641924572546,95.0,0.8070157533781859,414.0
1979-01-08 00:00:00-05:00,0.0,3.078772447048089,3.0398006439208984,3.0398006439208984,33400,WHR,3.00082802772522,0,0.9936307509549392,1.0,0.9961686973280265,3.0,0.9665429066790333,20.0,0.8890511239113587,94.0,0.7967355354039536,414.0
1979-01-09 00:00:00-05:00,0.0,3.0592857165770093,3.0008280277252197,3.00082802772522,9000,WHR,2.981343984603882,0,0.9935482516284092,0.0,0.9859153925605286,2.0,0.9563236420903649,20.0,0.8778529110119726,94.0,0.7864805965866299,413.0
1979-01-10 00:00:00-05:00,0.0,3.020315801396089,2.9618580762077777,2.981343984603882,67800,WHR,2.961855411529541,0,0.996742981799724,0.0,0.983290932339677,2.0,0.9523814395766314,20.0,0.8724714047566741,93.0,0.7813541130278726,412.0
1979-01-11 00:00:00-05:00,0.0,2.981341302394867,2.922883629798889,2.961855411529541,16400,WHR,2.9033992290496826,0,0.9967208616478491,0.0,0.9831820288233775,1.0,0.9484189451666817,20.0,0.8670252942535033,93.0,0.7762544536925232,411.0
1979-01-12 00:00:00-05:00,0.0,2.961856931647999,2.9033992290496826,2.9033992290496826,53600,WHR,2.8449411392211914,0,0.9900334791817179,0.0,0.9751309532528153,0.0,0.9324156528808016,19.0,0.8502431834198149,92.0,0.7609301464173047,411.0
1979-01-15 00:00:00-05:00,0.0,2.9228847320765667,2.805969342793504,2.8449411392211914,44800,WHR,2.8059699535369877,0,0.9898304404256988,0.0,0.968169725762373,0.0,0.916318002957739,19.0,0.8334855466583738,92.0,0.7456016884013926,411.0
1979-01-16 00:00:00-05:00,0.0,2.844941758447223,2.786484051081869,2.8059699535369877,70000,WHR,2.8449411392211914,1,0.9931035570999965,0.0,0.9677420495412673,0.0,0.9065157873733711,19.0,0.822443727516595,92.0,0.7353956377147338,410.0
1979-01-17 00:00:00-05:00,0.0,2.8449411392211914,2.78648344457966,2.8449411392211914,16800,WHR,2.9033992290496826,1,1.0068964429000036,1.0,0.9905020429370055,1.0,0.9213294163652369,20.0,0.8342666233417946,92.0,0.7456207272658852,410.0
1979-01-18 00:00:00-05:00,0.0,2.942371030781893,2.864427427317472,2.9033992290496826,17800,WHR,2.961855411529541,1,1.0101695595743012,2.0,1.0149864147432728,2.0,0.9420443986964683,21.0,0.8517401604879038,93.0,0.76094180468699,411.0
1979-01-19 00:00:00-05:00,0.0,2.961855411529541,2.8839118480682373,2.961855411529541,108400,WHR,2.961855411529541,0,1.009966520818282,2.0,1.0312072174565794,3.0,0.9622279697818553,22.0,0.8691472018346358,94.0,0.7762306689431356,412.0
1979-01-22 00:00:00-05:00,0.0,2.961855411529541,2.922883629798889,2.961855411529541,6800,WHR,2.942368745803833,0,1.0,1.0,1.0228799163550197,3.0,0.9632442673815755,22.0,0.8693858202630926,94.0,0.7762108493350242,411.0
1979-01-23 00:00:00-05:00,0.0,2.942368745803833,2.922882860070033,2.942368745803833,15800,WHR,2.8839123249053955,0,0.99669953829556,0.0,1.0066662783952056,3.0,0.958019924164891,22.0,0.8638833592715058,94.0,0.771103995943471,410.0
1979-01-24 00:00:00-05:00,0.0,2.9618559012541903,2.883912324905396,2.8839123249053955,31800,WHR,2.8839123249053955,0,0.9899667695071701,0.0,0.9840426358423682,2.0,0.9393841443016153,22.0,0.8470112257163508,93.0,0.7557959515100283,410.0
1979-01-25 00:00:00-05:00,0.0,2.942370007166992,2.883912324905396,2.8839123249053955,45000,WHR,2.942368745803833,1,1.0,0.0,0.9853530137314133,1.0,0.9405781473424234,21.0,0.8473021744742976,93.0,0.755799811375214,410.0
1979-01-26 00:00:00-05:00,0.0,2.942368745803833,2.8644252028686323,2.942368745803833,31200,WHR,2.8449411392211914,0,1.01003323049283,1.0,1.0066664426220335,1.0,0.9607629304625697,21.0,0.8646748593407912,94.0,0.7711079339268191,411.0
1979-01-29 00:00:00-05:00,0.0,2.9423706302904105,2.8449411392211914,2.8449411392211914,136400,WHR,2.864426374435425,1,0.9831653033070269,1.0,0.9811831334504341,1.0,0.9309245853127982,20.0,0.83638861530203,93.0,0.7455750361462414,411.0
1979-01-30 00:00:00-05:00,0.0,2.864426374435425,2.844940480731782,2.864426374435425,36600,WHR,2.8449411392211914,0,1.0034128535547284,1.0,0.9932432729604497,2.0,0.938996943968637,21.0,0.8425225424509641,93.0,0.7507007085692862,411.0
1979-01-31 00:00:00-05:00,0.0,2.883912935648879,2.825455241007348,2.8449411392211914,50800,WHR,2.8449411392211914,0,0.9965871464452717,1.0,0.9891601088357734,2.0,0.9345994295675518,20.0,0.8372135555241719,93.0,0.745655000166219,410.0
1979-02-01 00:00:00-05:00,0.0,2.8449411392211914,2.78648344457966,2.8449411392211914,80600,WHR,2.7864840030670166,0,1.0,0.0,0.991848002267813,2.0,0.9365979443278584,20.0,0.8376170237529909,93.0,0.7457425997164989,409.0
1979-02-02 00:00:00-05:00,0.0,2.805969905186366,2.7864840030670166,2.7864840030670166,138800,WHR,2.7864840030670166,0,0.9896194773654716,0.0,0.9821430612269594,1.0,0.9193187836670423,20.0,0.8208579772800543,93.0,0.7305125516074573,409.0
1979-02-05 00:00:00-05:00,0.0,2.7864840030670166,2.728026296708967,2.7864840030670166,128400,WHR,2.7864840030670166,0,1.0,0.0,0.9862070625230902,1.0,0.9213919820602762,19.0,0.8214049275066568,92.0,0.7306058590088232,409.0
1979-02-06 00:00:00-05:00,0.0,2.805969905186366,2.7669981009476667,2.7864840030670166,34600,WHR,2.766998291015625,0,1.0,0.0,0.9916783051840984,0.0,0.9236734017499587,18.0,0.822047108330802,91.0,0.7306879888814557,409.0
1979-02-07 00:00:00-05:00,0.0,2.786484194473481,2.728026484099912,2.766998291015625,265000,WHR,2.7864840030670166,1,0.996491262415268,0.0,0.990237193986655,0.0,0.9194909093981216,18.0,0.8170124760947213,90.0,0.725645073123958,409.0
1979-02-08 00:00:00-05:00,0.0,2.7864840030670166,2.747512198828317,2.7864840030670166,54800,WHR,2.8059699535369877,1,1.003508737584732,1.0,1.0014005465437146,1.0,0.9279690809543494,19.0,0.8234672393243548,91.0,0.7307925444698009,410.0
1979-02-09 00:00:00-05:00,0.0,2.844941758447223,2.7669981486267514,2.8059699535369877,31600,WHR,2.7864840030670166,0,1.0034843291730566,2.0,1.006993007112675,2.0,0.9363825955071735,20.0,0.8298374301604201,92.0,0.7359556490603808,410.0
1979-02-12 00:00:00-05:00,0.0,2.805969905186366,2.7864840030670166,2.7864840030670166,13000,WHR,2.8059699535369877,1,0.9965156708269435,1.0,0.9999999828874974,2.0,0.9320010833536659,19.0,0.824587862698112,92.0,0.7309232807436316,409.0
1979-02-13 00:00:00-05:00,0.0,2.844941758447223,2.786484051081869,2.8059699535369877,14000,WHR,2.7864840030670166,0,1.0034843291730566,1.0,1.0055865888374242,3.0,0.940766792974741,19.0,0.8307566213715938,93.0,0.7361136581643124,409.0
1979-02-14 00:00:00-05:00,0.0,2.805969905186366,2.747512198828317,2.7864840030670166,393800,WHR,2.7864840030670166,0,0.9965156708269435,1.0,0.9972105928189915,3.0,0.9367837251422033,18.0,0.8254636871806078,92.0,0.7310802262500293,409.0
1979-02-15 00:00:00-05:00,0.0,2.825455807305716,2.7669981009476667,2.7864840030670166,51200,WHR,2.7864840030670166,0,1.0,0.0,0.9972105928189915,2.0,0.9393477352960945,18.0,0.8259022988768496,92.0,0.7312035881939616,408.0
1979-02-16 00:00:00-05:00,0.0,2.7864840030670166,2.728026296708967,2.7864840030670166,49800,WHR,2.7864840030670166,0,1.0,0.0,0.9986033484946265,1.0,0.9417190547794142,18.0,0.8263031744916567,92.0,0.7313269917769287,408.0
1979-02-20 00:00:00-05:00,0.0,2.825455807305716,2.747512198828317,2.7864840030670166,179600,WHR,2.7864840030670166,0,1.0,0.0,0.9986033484946265,1.0,0.9442062656280198,17.0,0.8267235580830713,91.0,0.731472885641879,407.0
1979-02-21 00:00:00-05:00,0.0,2.825455807305716,2.7669981009476667,2.7864840030670166,70800,WHR,2.8059699535369877,1,1.0,0.0,1.0,0.0,0.9466022098916506,17.0,0.8272592102913596,90.0,0.7316562709790669,406.0
1979-02-22 00:00:00-05:00,0.0,2.825455855992105,2.786484051081869,2.8059699535369877,113000,WHR,2.8254544734954834,1,1.0034843291730566,1.0,1.005586606021494,1.0,0.9554354273991734,18.0,0.8335071543621582,91.0,0.7369575215137448,406.0
1979-02-23 00:00:00-05:00,0.0,2.8254544734954834,2.7864826876541664,2.8254544734954834,27000,WHR,2.8059699535369877,0,1.0034599629651362,2.0,1.0097489197239036,2.0,0.9640955587885351,19.0,0.8397421687955137,92.0,0.7422382582485963,407.0
1979-02-26 00:00:00-05:00,0.0,2.825455855992105,2.786484051081869,2.8059699535369877,31400,WHR,2.7864840030670166,0,0.9965400370348639,1.0,1.001390926261832,2.0,0.9592541860853723,19.0,0.8343958198509748,92.0,0.737300893722921,406.0
1979-02-27 00:00:00-05:00,0.0,2.805969905186366,2.7864840030670166,2.7864840030670166,56400,WHR,2.8254544734954834,1,0.9965156708269435,0.0,0.9944368054717571,2.0,0.9545001874041338,19.0,0.8291010217046679,91.0,0.7323532252475706,406.0
1979-02-28 00:00:00-05:00,0.0,2.8254544734954834,2.8059685805748247,2.8254544734954834,9200,WHR,2.8449411392211914,1,1.0069442084212472,1.0,1.0055475595274188,3.0,0.9695751774800188,20.0,0.8411646356441435,92.0,0.742804806698086,406.0
1979-03-01 00:00:00-05:00,0.0,2.864427037435035,2.805969342793504,2.8449411392211914,31200,WHR,2.864426374435425,1,1.0034365619361736,2.0,1.0096819072668544,3.0,0.9781152728290924,20.0,0.8474182721765824,93.0,0.7481347591911721,407.0
1979-03-02 00:00:00-05:00,0.0,2.864426374435425,2.8254545870281405,2.864426374435425,19400,WHR,2.9033992290496826,1,1.0034128535547284,2.0,1.0137928875458218,3.0,0.9864666534759444,21.0,0.8536583354514883,94.0,0.753447976463714,408.0
1979-03-05 00:00:00-05:00,0.0,2.942371030781893,2.844941526451367,2.9033992290496826,24600,WHR,2.8839123249053955,0,1.0067569405341779,2.0,1.0205481183247072,4.0,1.0011199923997214,22.0,0.8657758266495562,94.0,0.7638989338694986,408.0
1979-03-06 00:00:00-05:00,0.0,2.9033982189925944,2.883912324905396,2.8839123249053955,2200,WHR,2.8449411392211914,0,0.9966328226910525,1.0,1.006802623585387,4.0,0.9957387759757188,22.0,0.8604849439994311,94.0,0.7589819549894821,407.0
1979-03-07 00:00:00-05:00,0.0,2.903398833862723,2.8449411392211914,2.8449411392211914,267800,WHR,2.864426374435425,1,0.9931973847946649,0.0,0.9918478868467576,3.0,0.9839380209523382,21.0,0.8494496025097995,93.0,0.7489483668511071,406.0
1979-03-08 00:00:00-05:00,0.0,2.8839122681390674,2.844940480731782,2.864426374435425,228000,WHR,2.864426374435425,0,1.0034128535547284,1.0,0.9972861720132012,3.0,0.9922373847479732,22.0,0.855904963600741,93.0,0.7542675683389402,407.0
1979-03-09 00:00:00-05:00,0.0,2.9033981618427096,2.864426374435425,2.864426374435425,16200,WHR,2.8449411392211914,0,1.0,1.0,0.9972861720132012,2.0,0.993802598925391,22.0,0.8566032207518773,92.0,0.7544572563909038,407.0
1979-03-12 00:00:00-05:00,0.0,2.883912935648879,2.8449411392211914,2.8449411392211914,58600,WHR,2.864426374435425,1,0.9965871464452717,0.0,0.994550543392893,1.0,0.9884901986941665,22.0,0.8515304198912643,91.0,0.749517407657067,407.0
1979-03-13 00:00:00-05:00,0.0,2.8839122681390674,2.864426374435425,2.864426374435425,55200,WHR,2.8059699535369877,0,1.0034128535547284,1.0,1.0027284205038596,2.0,0.9966099626172948,23.0,0.8581033337751361,92.0,0.7548252902531815,408.0
1979-03-14 00:00:00-05:00,0.0,2.844941758447223,2.786484051081869,2.8059699535369877,39400,WHR,2.8059699535369877,0,0.9896909461848253,1.0,0.9849524300695041,2.0,0.9771547161793088,23.0,0.8413182469747379,92.0,0.7395957195498157,408.0
1979-03-15 00:00:00-05:00,0.0,2.825455855992105,2.8059699535369877,2.8059699535369877,25000,WHR,2.8254544734954834,1,1.0,0.0,0.989011211564241,1.0,0.9778182345586326,23.0,0.8420857453842383,91.0,0.7397628960734117,408.0
1979-03-16 00:00:00-05:00,0.0,2.8254544734954834,2.8059685805748247,2.8254544734954834,23400,WHR,2.8254544734954834,0,1.0034599629651362,1.0,0.9986223330190769,2.0,0.9850540914603961,24.0,0.8486279168648618,92.0,0.7450567030901477,409.0
1979-03-19 00:00:00-05:00,0.0,2.8254544734954834,2.8059685805748247,2.8254544734954834,16400,WHR,2.8254544734954834,0,1.0,1.0,0.9999997974823238,2.0,0.9851656408779534,24.0,0.8492641315345272,92.0,0.7452136983879022,409.0
1979-03-20 00:00:00-05:00,0.0,2.8254544734954834,2.8059685805748247,2.8254544734954834,39000,WHR,2.8839123249053955,1,1.0,0.0,1.0027660562816503,1.0,0.9847196165434808,24.0,0.8498813741284857,92.0,0.7453745916035165,408.0
1979-03-21 00:00:00-05:00,0.0,2.883912324905396,2.8449405367309986,2.8839123249053955,133200,WHR,2.9033992290496826,1,1.01023893777963,1.0,1.0178816555198742,2.0,1.0047520129396545,24.0,0.8679535609985739,93.0,0.7609526475468614,408.0
1979-03-22 00:00:00-05:00,0.0,2.981342832514104,2.9033992290496826,2.9033992290496826,69000,WHR,2.9228837490081787,1,1.0033671773089474,2.0,1.0177598810447377,3.0,1.0113123680958944,24.0,0.8743516958579447,93.0,0.7662560158302739,408.0
1979-03-23 00:00:00-05:00,0.0,2.942369640668233,2.903397857348124,2.9228837490081787,20800,WHR,2.942368745803833,1,1.0033442453845576,2.0,1.0176389287813628,3.0,1.0180992184274928,24.0,0.8807362421844335,94.0,0.7715967127055886,408.0
1979-03-26 00:00:00-05:00,0.0,2.942368745803833,2.903396974336233,2.942368745803833,25800,WHR,2.942368745803833,0,1.0033221070726093,2.0,1.016150359691628,4.0,1.0247703159683197,25.0,0.8870867415770345,95.0,0.7769322877374675,409.0
1979-03-27 00:00:00-05:00,0.0,2.942368745803833,2.903396974336233,2.942368745803833,10400,WHR,2.942368745803833,0,1.0,1.0,1.00801037840282,4.0,1.0250022111766097,24.0,0.8875664539364684,95.0,0.7771242156934618,409.0
1979-03-28 00:00:00-05:00,0.0,2.961854631537633,2.942368745803833,2.942368745803833,28600,WHR,2.961855411529541,1,1.0,0.0,1.0039891463121784,3.0,1.0255823716860297,23.0,0.8879840157508041,95.0,0.7773042349963802,409.0
1979-03-29 00:00:00-05:00,0.0,2.961855411529541,2.922883629798889,2.961855411529541,45200,WHR,2.942368745803833,0,1.0033004617044399,1.0,1.0066226674535383,3.0,1.032842256513856,24.0,0.8942646165940492,96.0,0.782645535961991,409.0
1979-03-30 00:00:00-05:00,0.0,2.942368745803833,2.922882860070033,2.942368745803833,24200,WHR,2.942368745803833,0,0.99669953829556,1.0,0.9986771957994602,2.0,1.0267446566521303,23.0,0.8888203204389814,95.0,0.7776925603094574,409.0
1979-04-02 00:00:00-05:00,0.0,2.942368745803833,2.903396974336233,2.942368745803833,39600,WHR,2.9228837490081787,0,1.0,0.0,0.9986771957994602,1.0,1.0275598185773964,22.0,0.8893438114402421,94.0,0.7778768500329556,409.0
1979-04-03 00:00:00-05:00,0.0,2.942369640668233,2.9228837490081783,2.9228837490081787,23200,WHR,3.00082802772522,1,0.9966778929273907,0.0,0.9933776728701957,1.0,1.0214502066308895,22.0,0.8840792233396103,93.0,0.7729167038121109,408.0
1979-04-04 00:00:00-05:00,0.0,3.0008280277252197,2.9423703388734297,3.00082802772522,48800,WHR,2.981343984603882,0,1.0131580133630378,1.0,1.015831458038518,2.0,1.04868912765477,23.0,0.908233009062734,93.0,0.7937202279074825,408.0
1979-04-05 00:00:00-05:00,0.0,3.000829892999985,2.9618580762077777,2.981343984603882,58200,WHR,2.981343984603882,0,0.996742981799724,1.0,1.0079059029477089,1.0,1.0418801056130793,23.0,0.902974997902933,92.0,0.7887780909195967,407.0
1979-04-06 00:00:00-05:00,0.0,3.039801709792193,2.981343984603882,2.981343984603882,81200,WHR,2.981343984603882,0,1.0,0.0,1.0052567703999027,1.0,1.0417618551361985,23.0,0.9036149486051112,92.0,0.7889855351073253,407.0
1979-04-09 00:00:00-05:00,0.0,3.020315801396089,2.981343984603882,2.981343984603882,35400,WHR,3.0787713527679443,1,1.0,0.0,1.0026215270575514,1.0,1.0412891793357026,23.0,0.9042771871572625,91.0,0.7891971600699933,406.0
1979-04-10 00:00:00-05:00,0.0,3.098257247405716,2.9813418795790856,3.0787713527679443,54400,WHR,3.059285879135132,0,1.0160768174762687,1.0,1.0246428723719772,2.0,1.0738557904888573,24.0,0.9344687390803037,91.0,0.8151933816485011,406.0
1979-04-11 00:00:00-05:00,0.0,3.13722946841246,3.0397999818158,3.059285879135132,36000,WHR,3.0787713527679443,1,0.996825465632426,1.0,1.0142115729009185,1.0,1.0654903587525577,24.0,0.9293239968197039,90.0,0.8102263365764472,406.0
1979-04-12 00:00:00-05:00,0.0,3.098257247405716,3.0787713527679443,3.0787713527679443,22800,WHR,3.0982584953308105,1,1.003174534367574,1.0,1.0141203581286762,2.0,1.0708233354690053,24.0,0.9359079127162875,91.0,0.8155847240367029,406.0
1979-04-16 00:00:00-05:00,0.0,3.09825849533081,3.059286690358096,3.0982584953308105,21800,WHR,3.059285879135132,0,1.0031547755219064,2.0,1.0127390115527817,3.0,1.0763852881116127,24.0,0.9424793545384373,92.0,0.820946153477484,406.0
1979-04-17 00:00:00-05:00,0.0,3.098257673773796,3.059285879135132,3.059285879135132,24400,WHR,3.059285879135132,0,0.9936707534975647,1.0,0.9949302931788849,3.0,1.062246303754507,23.0,0.9313085444408261,92.0,0.810807957423155,406.0
1979-04-18 00:00:00-05:00,0.0,3.0787717764544635,3.059285879135132,3.059285879135132,10200,WHR,3.0982584953308105,1,1.0,0.0,0.9961928675880121,2.0,1.061647714202846,23.0,0.9320162129741112,91.0,0.8109964306100163,406.0
1979-04-19 00:00:00-05:00,0.0,3.09825849533081,3.059286690358096,3.0982584953308105,14200,WHR,3.0982584953308105,0,1.0063292465024354,1.0,1.0063293010531817,3.0,1.074203643517268,24.0,0.9445621613477982,92.0,0.8215272653787319,406.0
1979-04-20 00:00:00-05:00,0.0,3.09825849533081,3.059286690358096,3.0982584953308105,16000,WHR,3.0982584953308105,0,1.0,1.0,1.005056995807343,2.0,1.0728747735571076,24.0,0.945236001483521,92.0,0.8216843494292985,406.0
1979-04-23 00:00:00-05:00,0.0,3.09825849533081,3.059286690358096,3.0982584953308105,152000,WHR,3.0787713527679443,0,1.0,0.0,1.005056995807343,1.0,1.0715491873570362,24.0,0.94586578427399,92.0,0.8218160059903625,406.0
1979-04-24 00:00:00-05:00,0.0,3.117743142043488,3.0787713527679443,3.0787713527679443,35200,WHR,3.059285879135132,0,0.9968452244780938,0.0,0.9974744782912996,1.0,1.0639728966521973,23.0,0.9405432209584017,92.0,0.8167821159537475,406.0
1979-04-25 00:00:00-05:00,0.0,3.098257673773796,3.059285879135132,3.059285879135132,30800,WHR,3.059285879135132,0,0.996825465632426,0.0,0.9911614850809807,1.0,1.0559354133224272,23.0,0.9353477849076492,91.0,0.8117679893191809,405.0
1979-04-26 00:00:00-05:00,0.0,3.0787717764544635,3.059285879135132,3.059285879135132,25200,WHR,3.137228012084961,1,1.0,0.0,0.9936708073621241,0.0,1.0547530840531256,22.0,0.9361285790093339,90.0,0.811931715235813,404.0
1979-04-27 00:00:00-05:00,0.0,3.137228012084961,3.0982562355373218,3.137228012084961,52800,WHR,3.0982584953308105,0,1.0125783842847937,1.0,1.0164137392969028,1.0,1.0798116915342644,23.0,0.9606659131776099,91.0,0.832776836779739,404.0
1979-04-30 00:00:00-04:00,0.0,3.117744397817168,3.078772592844453,3.0982584953308105,18000,WHR,3.0982584953308105,0,0.9937503646735817,1.0,1.0037882138043022,1.0,1.0648512524123908,23.0,0.9493219710131472,91.0,0.8225855572953649,404.0
1979-05-01 00:00:00-04:00,0.0,3.137230300303525,3.09825849533081,3.0982584953308105,29600,WHR,3.0982584953308105,0,1.0,0.0,1.0025223218136152,1.0,1.0629529095569918,23.0,0.9498891097652256,91.0,0.8227217601867295,404.0
1979-05-02 00:00:00-04:00,0.0,3.137230300303525,3.09825849533081,3.0982584953308105,26200,WHR,3.0982584953308105,0,1.0,0.0,1.0000002000764077,1.0,1.061061323124305,23.0,0.9504569265562517,91.0,0.8228665250650853,403.0
1979-05-03 00:00:00-04:00,0.0,3.137230300303525,3.09825849533081,3.0982584953308105,15600,WHR,3.137228012084961,1,1.0,0.0,0.9974907366810237,1.0,1.059176457108065,23.0,0.9510254226028905,91.0,0.8230156014996295,402.0
1979-05-04 00:00:00-04:00,0.0,3.137228012084961,3.0982562355373218,3.137228012084961,28000,WHR,3.0982584953308105,0,1.0062496353264183,1.0,1.010037053275905,1.0,1.0702410216265419,24.0,0.9635636416854834,91.0,0.8334666180168916,403.0
1979-05-07 00:00:00-04:00,0.0,3.137230300303525,3.09825849533081,3.0982584953308105,61600,WHR,3.0982584953308105,0,0.9937503646735817,1.0,0.9974907366810237,1.0,1.0550765835660316,23.0,0.952187265367309,91.0,0.8231903029997336,403.0
1979-05-08 00:00:00-04:00,0.0,3.117744397817168,3.078772592844453,3.0982584953308105,33800,WHR,3.2151732444763184,1,1.0,0.0,0.9974907366810237,1.0,1.0533291889447323,22.0,0.9527349954134686,91.0,0.823275549328448,402.0
1979-05-09 00:00:00-04:00,0.0,3.2151732444763184,3.0982578537680885,3.2151732444763184,38400,WHR,3.2151732444763184,0,1.0185184150179913,1.0,1.0273972414884296,2.0,1.0904285202525665,23.0,0.9893272873414027,91.0,0.8544175824149757,402.0
1979-05-10 00:00:00-04:00,0.0,3.2151732444763184,3.176201447573575,3.2151732444763184,37400,WHR,3.2151732444763184,0,1.0,1.0,1.0197775260849344,2.0,1.0879121501457365,22.0,0.9900396322436403,90.0,0.8544928037928878,402.0
1979-05-11 00:00:00-04:00,0.0,3.2151732444763184,3.1956873460249464,3.2151732444763184,18000,WHR,3.2151732444763184,0,1.0,0.0,1.0147600654109985,1.0,1.085288379102623,22.0,0.9908243966388469,89.0,0.8545680384166742,402.0
1979-05-14 00:00:00-04:00,0.0,3.2151732444763184,3.1956873460249464,3.2151732444763184,50000,WHR,3.1762003898620605,0,1.0,0.0,1.0073259668306893,1.0,1.0826772333648351,22.0,0.9915388998767699,89.0,0.8546344334909304,402.0
1979-05-15 00:00:00-04:00,0.0,3.215172173786748,3.1762003898620605,3.1762003898620605,305800,WHR,3.156714916229248,0,0.9939022725248182,0.0,0.9902792009099245,1.0,1.0672192757326293,22.0,0.9801088976318272,89.0,0.8443580422739575,401.0
1979-05-16 00:00:00-04:00,0.0,3.195686705318498,3.117743127139998,3.156714916229248,38200,WHR,3.0787713527679443,0,0.9969231431827187,0.0,0.9878047845178789,0.0,1.0584774918908446,22.0,0.9747525339760289,88.0,0.8392736888071916,400.0
1979-05-17 00:00:00-04:00,0.0,3.13722903668126,3.059285458130173,3.0787713527679443,429400,WHR,3.0787713527679443,0,0.9875000023897352,0.0,0.9717096675792481,0.0,1.0306587237650813,22.0,0.9515090094834968,87.0,0.8186696417057773,399.0
1979-05-18 00:00:00-04:00,0.0,3.0787713527679443,3.0787713527679443,3.0787713527679443,26400,WHR,3.0398006439208984,0,1.0,0.0,0.9801488722624484,0.0,1.0290923797493365,21.0,0.9522659965600042,87.0,0.8187969179828435,398.0
1979-05-21 00:00:00-04:00,0.0,3.078772447048089,3.0398006439208984,3.0398006439208984,9400,WHR,3.0787713527679443,1,0.9936307509549392,0.0,0.9786703207402625,0.0,1.0148544154417631,20.0,0.9409155227394472,87.0,0.808562583090463,398.0
1979-05-22 00:00:00-04:00,0.0,3.098257247405716,3.039799563492401,3.0787713527679443,274600,WHR,3.0398006439208984,0,1.0063692490450609,1.0,0.9974746786183879,1.0,1.0263071337254461,21.0,0.9535533390844501,88.0,0.8190303613819732,399.0
1979-05-23 00:00:00-04:00,0.0,3.078772447048089,3.0398006439208984,3.0398006439208984,167200,WHR,3.00082802772522,0,0.9936307509549392,1.0,0.9923666249193157,1.0,1.011892144281286,21.0,0.9420746740232773,88.0,0.8087805661027635,398.0
1979-05-24 00:00:00-04:00,0.0,3.020313924009149,3.0008280277252197,3.00082802772522,58600,WHR,3.0203158855438232,1,0.9935482516284092,0.0,0.9846546586282627,1.0,0.9979479183852318,20.0,0.9306484753557173,87.0,0.7985272866477282,398.0
1979-05-25 00:00:00-04:00,0.0,3.039801794482816,3.0008299766048308,3.0203158855438232,90800,WHR,2.961855411529541,0,1.0032365706748276,1.0,0.9948656384488245,2.0,1.0034533587022771,20.0,0.9374173715642137,87.0,0.8038214186017344,399.0
1979-05-29 00:00:00-04:00,0.0,3.000827193260193,2.961855411529541,2.961855411529541,30600,WHR,2.961855411529541,0,0.9902275493109195,1.0,0.9806447781083664,2.0,0.983500181293823,19.0,0.9200296898666599,87.0,0.7883650644665785,399.0
1979-05-30 00:00:00-04:00,0.0,3.000827193260193,2.961855411529541,2.961855411529541,67400,WHR,2.981343984603882,1,1.0,0.0,0.9882961390735431,1.0,0.9831821105255188,18.0,0.9208322921703425,86.0,0.7884754813523186,398.0
1979-05-31 00:00:00-04:00,0.0,2.981343984603882,2.9618580762077777,2.981343984603882,52000,WHR,3.00082802772522,1,1.0032791383521509,1.0,0.9986949927254231,2.0,0.9891181324916849,19.0,0.9277005314550163,86.0,0.7937994181493291,398.0
1979-06-01 00:00:00-04:00,0.0,3.0008280277252197,2.9813421314412896,3.00082802772522,5200,WHR,2.961855411529541,0,1.0032570182002762,2.0,1.005221786146046,3.0,0.9947249105466495,20.0,0.9344886244707618,87.0,0.7991239725199487,398.0
1979-06-04 00:00:00-04:00,0.0,2.981341302394867,2.961855411529541,2.961855411529541,12600,WHR,3.0398006439208984,1,0.9934639132543737,1.0,0.9960679164309245,2.0,0.9812779410915977,19.0,0.9230915392677147,87.0,0.7888642317558172,398.0
1979-06-05 00:00:00-04:00,0.0,3.0398006439208984,2.981342939230112,3.0398006439208984,107000,WHR,3.0787713527679443,1,1.012987287453864,1.0,1.0169493580301034,3.0,1.0061272909239145,20.0,0.9481440084500006,87.0,0.8097041048255548,399.0
1979-06-06 00:00:00-04:00,0.0,3.0787713527679443,3.0203136688546293,3.0787713527679443,35000,WHR,3.0398006439208984,0,1.0063692490450609,2.0,1.021992043607052,4.0,1.0177132447463362,21.0,0.9610704034851546,87.0,0.820186805494584,399.0
1979-06-07 00:00:00-04:00,0.0,3.059286545484494,3.020314742357303,3.0398006439208984,21600,WHR,3.059285879135132,1,0.9936307509549392,1.0,1.0051548740596092,3.0,1.003861234898519,20.0,0.9495753071000764,87.0,0.8099395232832439,398.0
1979-06-08 00:00:00-04:00,0.0,3.059285879135132,3.0397999818158,3.059285879135132,201600,WHR,3.0787713527679443,1,1.0031947792740068,1.0,1.007702187628048,3.0,1.0088893814225033,21.0,0.9563140823055055,88.0,0.8152878838029667,398.0
1979-06-11 00:00:00-04:00,0.0,3.0787713527679443,3.039799563492401,3.0787713527679443,129600,WHR,3.137228012084961,1,1.003174534367574,2.0,1.0063692568879734,4.0,1.013795199552786,22.0,0.9629916962323585,89.0,0.8206426259300551,398.0
1979-06-12 00:00:00-04:00,0.0,3.1567139003587807,3.0592844589896826,3.137228012084961,163200,WHR,3.1177425384521484,0,1.0094042254327675,2.0,1.0189869774143152,4.0,1.0312795749332653,22.0,0.9818026181953702,90.0,0.8363979432267238,398.0
1979-06-13 00:00:00-04:00,0.0,3.1177425384521484,3.0982566475868225,3.1177425384521484,81400,WHR,3.156714916229248,1,0.9968848016988442,1.0,1.0101008228429074,3.0,1.023235674875176,22.0,0.9762046524464475,90.0,0.831384436108352,397.0
1979-06-14 00:00:00-04:00,0.0,3.156714916229248,3.059285443506123,3.156714916229248,44000,WHR,3.2151732444763184,1,1.0062112745298835,1.0,1.0150376689189087,4.0,1.0341524513519977,23.0,0.9888659324175821,91.0,0.8419694008407543,397.0
1979-06-15 00:00:00-04:00,0.0,3.23465914292769,3.137229650670832,3.2151732444763184,73400,WHR,3.2736330032348637,1,1.0091744121636619,2.0,1.0235734674038557,4.0,1.051401956050741,23.0,1.0075228661497801,92.0,0.8577577538263387,397.0
1979-06-18 00:00:00-04:00,0.0,3.2736330032348637,3.2151752710342407,3.2736330032348637,119000,WHR,3.2736330032348637,0,1.0090093241386529,2.0,1.029412505606412,4.0,1.0683632317434306,23.0,1.0260425954519459,93.0,0.8735310019330444,398.0
1979-06-19 00:00:00-04:00,0.0,3.312604824701945,3.2346611817677813,3.2736330032348637,88800,WHR,3.293116807937622,1,1.0,1.0,1.0206566342994923,3.0,1.066328881987925,22.0,1.0261930107382913,93.0,0.8737127186392598,397.0
1979-06-20 00:00:00-04:00,0.0,3.293116807937622,3.2736309096658016,3.293116807937622,74000,WHR,3.293116807937622,0,1.0029670392908239,1.0,1.0156247736645934,4.0,1.0706367197672382,22.0,1.0324772297749805,93.0,0.8791002759610566,397.0
1979-06-21 00:00:00-04:00,0.0,3.312602706209442,3.293116807937622,3.293116807937622,7600,WHR,3.2736330032348637,0,1.0,1.0,1.0071511109078515,3.0,1.0686057823145603,22.0,1.0326538776884129,93.0,0.8792878043978528,397.0
1979-06-22 00:00:00-04:00,0.0,3.293118913968404,3.2736330032348637,3.2736330032348637,13000,WHR,3.2736330032348637,0,0.9970329607091762,0.0,0.9976249591994666,2.0,1.0603835993873758,22.0,1.0267449158802444,93.0,0.8743038237083904,396.0
1979-06-25 00:00:00-04:00,0.0,3.293118913968404,3.2736330032348637,3.2736330032348637,9000,WHR,3.293116807937622,1,1.0,0.0,0.9976249591994666,1.0,1.0586017980252997,21.0,1.026945754086132,93.0,0.8745359367410666,395.0
1979-06-26 00:00:00-04:00,0.0,3.293116807937622,3.2736309096658016,3.293116807937622,45600,WHR,3.3126046657562256,1,1.0029670392908239,1.0,1.0023722237364525,2.0,1.062893057715378,22.0,1.0333357949952648,93.0,0.8800066395652008,395.0
1979-06-27 00:00:00-04:00,0.0,3.3126046657562256,3.2736328461590936,3.3126046657562256,37600,WHR,3.3126046657562256,0,1.0029501482761891,2.0,1.007109224083209,2.0,1.067057808605851,23.0,1.0397559779575434,93.0,0.8854817303716103,395.0
1979-06-28 00:00:00-04:00,0.0,3.3126046657562256,3.29311875595766,3.3126046657562256,38200,WHR,3.293116807937622,0,1.0,1.0,1.0059172595797274,2.0,1.0648298812096013,23.0,1.039959516114337,93.0,0.8857216304818007,395.0
1979-06-29 00:00:00-04:00,0.0,3.312602706209442,3.2736309096658016,3.293116807937622,66200,WHR,3.293116807937622,0,0.9970498517238109,0.0,0.9988176026005078,2.0,1.056910505132211,22.0,1.0339933058264148,93.0,0.8807358308889711,395.0
1979-07-02 00:00:00-04:00,0.0,3.293116807937622,3.2541450113939816,3.293116807937622,101600,WHR,3.2736330032348637,0,1.0,0.0,0.9976384880169475,2.0,1.055150829462918,22.0,1.0340945365665486,93.0,0.8809332414875465,395.0
1979-07-03 00:00:00-04:00,0.0,3.293118913968404,3.2541470925013223,3.2736330032348637,45200,WHR,3.23466157913208,0,0.9970329607091762,0.0,0.9929080742607179,1.0,1.0472733394527405,22.0,1.0281776116721513,92.0,0.8759312099336809,394.0
1979-07-05 00:00:00-04:00,0.0,3.23466157913208,3.1956897528774766,3.23466157913208,47000,WHR,3.2736330032348637,1,0.9940120374685606,0.0,0.9857485783606296,0.0,1.0334101470987842,22.0,1.0163107190006848,91.0,0.8657021644932453,394.0
1979-07-06 00:00:00-04:00,0.0,3.2736330032348637,3.2346611817677813,3.2736330032348637,259000,WHR,3.254146099090576,0,1.0059879625314396,1.0,1.0000002330559443,1.0,1.0447767103389654,22.0,1.0288324456380693,92.0,0.8763195761272785,395.0
1979-07-09 00:00:00-04:00,0.0,3.293117908660524,3.234660194305603,3.254146099090576,70600,WHR,3.2151732444763184,0,0.9970147727368187,1.0,0.9964199084330904,1.0,1.0374821436577375,22.0,1.022958715057611,92.0,0.8712985509414458,394.0
1979-07-10 00:00:00-04:00,0.0,3.2541450413790614,3.2151732444763184,3.2151732444763184,38000,WHR,3.23466157913208,1,0.9939757411028082,0.0,0.9892081692222444,1.0,1.0243144608354484,21.0,1.0110046452651649,92.0,0.8610567322199549,394.0
1979-07-11 00:00:00-04:00,0.0,3.254147492259382,3.2151756660047783,3.23466157913208,86200,WHR,3.23466157913208,0,1.0030215246108982,1.0,0.9975964133231426,2.0,1.0297773642106542,21.0,1.0173820620599492,93.0,0.866461297923046,395.0
1979-07-12 00:00:00-04:00,0.0,3.2931193185139853,3.2151756660047783,3.23466157913208,51000,WHR,3.23466157913208,0,1.0,1.0,0.9975964133231426,2.0,1.0288200113015735,21.0,1.017581629985548,93.0,0.8666377160830955,395.0
1979-07-13 00:00:00-04:00,0.0,3.254147492259382,3.23466157913208,3.23466157913208,123400,WHR,3.2736330032348637,1,1.0,0.0,1.000000235863819,1.0,1.0278644367833387,21.0,1.01770639695423,93.0,0.8668096788650091,395.0
1979-07-16 00:00:00-04:00,0.0,3.312604824701945,3.2541470925013223,3.2736330032348637,88800,WHR,3.2736330032348637,0,1.0059879625314396,1.0,1.010830377000987,2.0,1.0392829318867525,21.0,1.0299930491155438,94.0,0.877408835016751,396.0
1979-07-17 00:00:00-04:00,0.0,3.312604824701945,3.2346611817677813,3.2736330032348637,549800,WHR,3.254146099090576,0,1.0,1.0,1.007194170722674,2.0,1.0383194356938263,21.0,1.0300435697531687,93.0,0.8775692486878761,395.0
1979-07-18 00:00:00-04:00,0.0,3.2541460990905766,3.2541460990905766,3.254146099090576,6800,WHR,3.2151732444763184,0,0.9970147727368187,0.0,0.9999997069357036,1.0,1.0312887990555368,21.0,1.0239371586355688,93.0,0.8725048727753549,395.0
1979-07-19 00:00:00-04:00,0.0,3.2736309398304333,3.2151732444763184,3.2151732444763184,190800,WHR,3.23466157913208,1,0.9939757411028082,0.0,0.9892081692222444,1.0,1.0182041241996078,21.0,1.0116989247995123,93.0,0.8622176024048531,395.0
1979-07-20 00:00:00-04:00,0.0,3.254147492259382,3.2151756660047783,3.23466157913208,16200,WHR,3.2151732444763184,0,1.0030215246108982,1.0,0.995204119791669,2.0,1.0234284892181382,22.0,1.0179310626200084,93.0,0.8675798245050956,396.0
1979-07-23 00:00:00-04:00,0.0,3.23465914292769,3.2151732444763184,3.2151732444763184,96400,WHR,3.23466157913208,1,0.9969784753891017,1.0,0.9927794426741914,1.0,1.0164269564931403,22.0,1.0119967675919952,92.0,0.8624880213925061,396.0
1979-07-24 00:00:00-04:00,0.0,3.23466157913208,3.2151756660047783,3.23466157913208,20000,WHR,3.293116807937622,1,1.0030215246108982,1.0,1.001206659136092,2.0,1.0220631950689578,22.0,1.0184306712271833,92.0,0.8678610419586371,396.0
1979-07-25 00:00:00-04:00,0.0,3.312602706209442,3.2541450113939816,3.293116807937622,157600,WHR,3.293116807937622,0,1.0089548427258699,2.0,1.0168468586483987,3.0,1.0394667604876773,23.0,1.0371406773875336,92.0,0.8836693414676545,397.0
1979-07-26 00:00:00-04:00,0.0,3.312602706209442,3.2736309096658016,3.293116807937622,5000,WHR,3.3126046657562256,1,1.0,1.0,1.0119757393091429,3.0,1.038402282238717,23.0,1.037471753360516,91.0,0.8837710050639408,397.0
1979-07-27 00:00:00-04:00,0.0,3.3320905755547914,3.3126046657562256,3.3126046657562256,6400,WHR,3.332087993621826,1,1.0029501482761891,1.0,1.0131111694607533,3.0,1.0433719560713663,24.0,1.0439188599457385,92.0,0.8891032332441423,397.0
1979-07-30 00:00:00-04:00,0.0,3.351573888321369,3.332087993621826,3.332087993621826,36800,WHR,3.3515758514404297,1,1.0029321638884385,2.0,1.0118338996121454,4.0,1.0482219440611085,25.0,1.0504457745614786,92.0,0.8944214379814371,398.0
1979-07-31 00:00:00-04:00,0.0,3.371061757553455,3.3515758514404297,3.3515758514404297,119600,WHR,3.449005365371704,1,1.0029157447577202,2.0,1.0105760354600595,4.0,1.0531689207212824,25.0,1.0569789293238963,92.0,0.8997513289863424,398.0
1979-08-01 00:00:00-04:00,0.0,3.449005365371704,3.351575835276458,3.449005365371704,197400,WHR,3.429518699645996,0,1.0143266451535662,2.0,1.0302679123872482,4.0,1.0817971104323318,26.0,1.087838751775264,93.0,0.9259989225258046,398.0
1979-08-02 00:00:00-04:00,0.0,3.4684905030510644,3.429518699645996,3.429518699645996,59600,WHR,3.4684908390045166,1,0.9971670280511467,1.0,1.016166179297779,4.0,1.0738254919992696,26.0,1.082064947127407,92.0,0.920873074781778,397.0
1979-08-03 00:00:00-04:00,0.0,3.468490839004516,3.4295190318246904,3.4684908390045166,71200,WHR,3.449005365371704,0,1.005649765941922,1.0,1.0183066952604498,4.0,1.0845943813439363,26.0,1.0947381541393615,92.0,0.9314204796165036,398.0
1979-08-06 00:00:00-04:00,0.0,3.4879771774098027,3.429519459352655,3.449005365371704,59000,WHR,3.4684908390045166,1,0.9971831609216518,1.0,1.0056818871483562,3.0,1.0771885708891222,26.0,1.08915074845745,91.0,0.9262605978045217,398.0
1979-08-07 00:00:00-04:00,0.0,3.487976742594429,3.4100331282347773,3.4684908390045166,21200,WHR,3.429518699645996,0,1.0028168390783483,1.0,1.0045146419805788,3.0,1.0818477261817494,27.0,1.0957085431840412,92.0,0.9315569663622448,399.0
1979-08-08 00:00:00-04:00,0.0,3.4879764047535984,3.429518699645996,3.429518699645996,28400,WHR,3.429518699645996,0,0.994350234058078,1.0,0.9943501996899664,2.0,1.0685014360491372,27.0,1.083797394990428,92.0,0.9211815434000479,398.0
1979-08-09 00:00:00-04:00,0.0,3.4879764047535984,3.390546896240928,3.429518699645996,10600,WHR,3.429518699645996,0,1.0,0.0,0.9943501996899664,2.0,1.067097777479162,27.0,1.0840644184865649,92.0,0.9212683379774614,398.0
1979-08-10 00:00:00-04:00,0.0,3.5074623064561323,3.371060994538394,3.429518699645996,22000,WHR,3.4684908390045166,1,1.0,0.0,0.9966024277937962,1.0,1.0655902667082309,27.0,1.0843315735923904,92.0,0.9213406788836598,398.0
1979-08-13 00:00:00-04:00,0.0,3.487976742594429,3.4295190318246904,3.4684908390045166,65400,WHR,3.449005365371704,0,1.005649765941922,1.0,1.0067873885616523,2.0,1.0755287505653655,28.0,1.0968698776075947,93.0,0.931864210466522,399.0
1979-08-14 00:00:00-04:00,0.0,3.468491271390753,3.429519459352655,3.449005365371704,23800,WHR,3.429518699645996,0,0.9971831609216518,1.0,1.0022651636097144,1.0,1.0674441363225233,28.0,1.0911919596565336,92.0,0.9266824976995515,399.0
1979-08-15 00:00:00-04:00,0.0,3.429518699645996,3.35157509283586,3.429518699645996,77600,WHR,3.390547275543213,0,0.9971670280511467,0.0,0.9966024277937962,1.0,1.0592837158639654,28.0,1.085321194028716,92.0,0.9215095191701089,398.0
1979-08-16 00:00:00-04:00,0.0,3.4295190833080773,3.3710613716607805,3.390547275543213,136400,WHR,3.390547275543213,0,0.9942857702191507,0.0,0.9875142138023639,1.0,1.045568398534922,27.0,1.0733058124963761,92.0,0.9111333333282291,397.0
1979-08-17 00:00:00-04:00,0.0,3.390547275543213,3.332089563895916,3.390547275543213,339400,WHR,3.3515758514404297,0,1.0,0.0,0.9897610954757023,1.0,1.0436869378355944,27.0,1.0734912199736246,92.0,0.9112287646361389,397.0
1979-08-20 00:00:00-04:00,0.0,3.371061757553455,3.332089945327404,3.3515758514404297,185000,WHR,3.429518699645996,1,0.9942197104133548,0.0,0.9851089110276352,0.0,1.0298374945188995,27.0,1.0614666990362511,91.0,0.9008587644658418,397.0
1979-08-21 00:00:00-04:00,0.0,3.429518699645996,3.390546896240928,3.429518699645996,244000,WHR,3.429518699645996,0,1.0114941397171757,1.0,1.00917422181627,1.0,1.0515832742767082,27.0,1.0863126175565578,92.0,0.9218860140306109,398.0
1979-08-22 00:00:00-04:00,0.0,3.429518699645996,3.429518699645996,3.429518699645996,85600,WHR,3.4100334644317627,0,1.0,1.0,1.00917422181627,1.0,1.0490760136512638,27.0,1.0863662604451605,92.0,0.9219632813653422,398.0
1979-08-23 00:00:00-04:00,0.0,3.4295193699428013,3.390547558920724,3.4100334644317627,186800,WHR,3.3515758514404297,0,0.9971510948748118,0.0,1.002291040327487,1.0,1.0407375447302065,27.0,1.0802472790490285,92.0,0.9167826627093988,398.0
1979-08-24 00:00:00-04:00,0.0,3.4295194758925325,3.3515758514404297,3.3515758514404297,28200,WHR,3.332087993621826,0,0.9913544823043665,0.0,0.9873709345631481,1.0,1.0209736253096864,26.0,1.0619647772962382,91.0,0.9011089021883546,398.0
1979-08-27 00:00:00-04:00,0.0,3.332087993621826,3.3126020989222837,3.332087993621826,2400,WHR,3.371060609817505,1,0.99708425524228,0.0,0.9827582543054016,1.0,1.013332879733895,25.0,1.056102932919686,90.0,0.8959116157592507,398.0
1979-08-28 00:00:00-04:00,0.0,3.3905465092962186,3.3515747103387907,3.371060609817505,14800,WHR,3.390547275543213,1,1.0058140761157648,1.0,0.9976930903436101,1.0,1.0230630627862407,26.0,1.0686928839696987,91.0,0.90635709662227,399.0
1979-08-29 00:00:00-04:00,0.0,3.390547275543213,3.3710613716607805,3.390547275543213,10400,WHR,3.390547275543213,0,1.0028819573770165,2.0,1.0057804460812176,2.0,1.0271546795073991,26.0,1.0750830582425341,92.0,0.9115104026809109,400.0
1979-08-30 00:00:00-04:00,0.0,3.390547275543213,3.390547275543213,3.390547275543213,8200,WHR,3.4100334644317627,1,1.0,1.0,1.0069445609808734,2.0,1.025540283436508,25.0,1.0752956581365358,92.0,0.9114053641481205,400.0
1979-08-31 00:00:00-04:00,0.0,3.4100334644317627,3.371061653409685,3.4100334644317627,51000,WHR,3.449005365371704,1,1.0028653713018958,1.0,1.0092274269397463,3.0,1.0295127884224673,26.0,1.0816360313471962,93.0,0.9165713875499346,400.0
1979-09-04 00:00:00-04:00,0.0,3.449005365371704,3.429519459352655,3.449005365371704,24800,WHR,3.429518699645996,0,1.0056818312167302,2.0,1.0137458215031148,4.0,1.0392407418909464,26.0,1.0941599167953435,93.0,0.9269639773289631,401.0
1979-09-05 00:00:00-04:00,0.0,3.429518699645996,3.390546896240928,3.429518699645996,28600,WHR,3.429518699645996,0,0.9971670280511467,1.0,1.004566081213979,3.0,1.0315520893534431,25.0,1.0882470690727408,92.0,0.9216639393345895,400.0
1979-09-06 00:00:00-04:00,0.0,3.429518699645996,3.390546896240928,3.429518699645996,23000,WHR,3.390547275543213,0,1.0,0.0,1.0022777983033377,2.0,1.0300427844586522,24.0,1.0884355073245322,92.0,0.9216011986817851,400.0
1979-09-07 00:00:00-04:00,0.0,3.4295190833080773,3.390547275543213,3.390547275543213,15800,WHR,3.3515758514404297,0,0.9942857702191507,0.0,0.9908883887192712,2.0,1.0169491234533758,24.0,1.0762800316746475,92.0,0.9110665402291279,400.0
1979-09-10 00:00:00-04:00,0.0,3.4100335697795066,3.3515758514404297,3.3515758514404297,8400,WHR,3.390547275543213,1,0.9942197104133548,0.0,0.9828572556828682,1.0,1.0042818984728592,23.0,1.0641987500739976,91.0,0.9005568909401233,399.0
1979-09-11 00:00:00-04:00,0.0,3.4100331794256453,3.3515754677783485,3.390547275543213,30600,WHR,3.390547275543213,0,1.0057802895866452,1.0,0.9977064445459325,1.0,1.0150704478808907,23.0,1.0767862205581087,92.0,0.911009299221297,399.0
1979-09-12 00:00:00-04:00,0.0,3.4100331794256453,3.3710613716607805,3.390547275543213,9400,WHR,3.332087993621826,0,1.0,1.0,1.0,1.0,1.0144786334308051,22.0,1.0769461710691448,92.0,0.911009299221297,398.0
1979-09-13 00:00:00-04:00,0.0,3.351573888321369,3.3126020989222837,3.332087993621826,109400,WHR,3.371060609817505,1,0.991304112214815,0.0,0.9884389101343896,1.0,0.9966966123411465,22.0,1.0586659410948904,91.0,0.8953065084332252,398.0
1979-09-14 00:00:00-04:00,0.0,3.3710606098175044,3.332088810860077,3.371060609817505,29800,WHR,3.371060609817505,0,1.0058140761157648,1.0,1.0011572970174147,2.0,1.0079624591566505,22.0,1.0713401011002963,91.0,0.9057781517383994,398.0
1979-09-17 00:00:00-04:00,0.0,3.4100324087749323,3.3710606098175044,3.371060609817505,20800,WHR,3.390547275543213,1,1.0,1.0,0.9999999575649453,2.0,1.0075710924923735,22.0,1.0716320997109368,91.0,0.9057639252085887,398.0
1979-09-18 00:00:00-04:00,0.0,3.4100331794256453,3.3710613716607805,3.390547275543213,55800,WHR,3.390547275543213,0,1.0028819573770165,1.0,1.0057805314419144,2.0,1.0128055684092152,23.0,1.0780938742256703,92.0,0.9109854515806861,398.0
1979-09-19 00:00:00-04:00,0.0,3.4100331794256453,3.3710613716607805,3.390547275543213,25400,WHR,3.390547275543213,0,1.0,1.0,1.0057805314419144,2.0,1.0122163912224402,23.0,1.078361132396516,92.0,0.910999760423739,397.0
1979-09-20 00:00:00-04:00,0.0,3.390547275543213,3.3515754677783485,3.390547275543213,8400,WHR,3.390547275543213,0,1.0,0.0,1.0023042377586118,2.0,1.011725924014485,22.0,1.0786552666233908,91.0,0.9110569997075495,396.0
1979-09-21 00:00:00-04:00,0.0,3.4684908910729417,3.390547275543213,3.390547275543213,51000,WHR,3.390547275543213,0,1.0,0.0,1.0011507930289312,1.0,1.0113339012087545,21.0,1.0789763257016716,90.0,0.9111190172534545,395.0
1979-09-24 00:00:00-04:00,0.0,3.4295190833080773,3.3710613716607805,3.390547275543213,22000,WHR,3.4684908390045166,1,1.0,0.0,1.0,1.0,1.0109421820867615,21.0,1.0793243565986725,89.0,0.9112526218059236,394.0
1979-09-25 00:00:00-04:00,0.0,3.468490839004516,3.371061321054951,3.4684908390045166,29600,WHR,3.449005365371704,0,1.0113636288586862,1.0,1.0183066239822518,1.0,1.0332817051734966,22.0,1.104465239241753,89.0,0.93236696174545,394.0
1979-09-26 00:00:00-04:00,0.0,3.449005365371704,3.449005365371704,3.449005365371704,10000,WHR,3.4684908390045166,1,0.9971831609216518,1.0,1.0091220982339673,1.0,1.0266822274220337,22.0,1.0986968170020428,88.0,0.9273184952074534,393.0
1979-09-27 00:00:00-04:00,0.0,3.468490839004516,3.4295190318246904,3.4684908390045166,400800,WHR,3.4684908390045166,0,1.0028168390783483,1.0,1.0102156327265281,2.0,1.0314853871334768,23.0,1.1053980395073346,88.0,0.9327480497123303,393.0
1979-09-28 00:00:00-04:00,0.0,3.468490839004516,3.4295190318246904,3.4684908390045166,247000,WHR,3.429518699645996,0,1.0,1.0,1.0056496894728695,2.0,1.0302913160755476,23.0,1.1058925150917587,88.0,0.9329338206309361,393.0
1979-10-01 00:00:00-04:00,0.0,3.4684905030510644,3.410032797943462,3.429518699645996,11400,WHR,3.429518699645996,0,0.994350234058078,0.0,0.9921081282819116,2.0,1.0179293273827366,22.0,1.0939288071411808,88.0,0.9226350861055588,393.0
1979-10-02 00:00:00-04:00,0.0,3.429518699645996,3.410032797943462,3.429518699645996,10400,WHR,3.390547275543213,0,1.0,0.0,0.9943501996899664,1.0,1.0170469873966863,22.0,1.0943913545274446,88.0,0.9227995625633724,393.0
1979-10-03 00:00:00-04:00,0.0,3.4295190833080773,3.390547275543213,3.390547275543213,7600,WHR,3.390547275543213,0,0.9942857702191507,0.0,0.9863946078391931,1.0,1.0046189380930008,22.0,1.0824128885983502,88.0,0.9124520463550236,393.0
1979-10-04 00:00:00-04:00,0.0,3.4100331794256453,3.390547275543213,3.390547275543213,22000,WHR,3.4100334644317627,1,1.0,0.0,0.990888430145084,0.0,1.0038461618960226,21.0,1.0828439964795615,88.0,0.9126099749125702,392.0
1979-10-05 00:00:00-04:00,0.0,3.4295193699428013,3.390547558920724,3.4100334644317627,114600,WHR,3.429518699645996,1,1.0028653713018958,1.0,1.0000001118668698,1.0,1.0087425330381883,22.0,1.089257128550944,89.0,0.9180234588702968,392.0
1979-10-08 00:00:00-04:00,0.0,3.429518699645996,3.390546896240928,3.429518699645996,8600,WHR,3.3126046657562256,0,1.0028489051251883,2.0,1.0057142016543237,2.0,1.0135328791583227,23.0,1.0955357931277365,90.0,0.923453210052005,392.0
1979-10-09 00:00:00-04:00,0.0,3.3905483049504896,3.2736328461590936,3.3126046657562256,253000,WHR,3.2736330032348637,0,0.9826591672158174,1.0,0.978136032837944,2.0,0.9787931431614569,22.0,1.0583465274995616,90.0,0.892225016410303,391.0
1979-10-10 00:00:00-04:00,0.0,3.2736330032348637,3.2346611817677813,3.2736330032348637,11200,WHR,3.254146099090576,0,0.9940828642268946,0.0,0.9733490064130421,2.0,0.9672779761245225,22.0,1.0461038428443354,90.0,0.8819365865564691,391.0
1979-10-11 00:00:00-04:00,0.0,3.2541460990905766,3.195688384735656,3.254146099090576,34000,WHR,3.156714916229248,0,0.9970147727368187,0.0,0.9754672057272364,2.0,0.9615200755953572,22.0,1.04008396183273,90.0,0.8769122652939356,390.0
1979-10-12 00:00:00-04:00,0.0,3.234658494407748,3.117743127139998,3.156714916229248,180600,WHR,3.1177425384521484,0,0.9848021689085912,0.0,0.9608536080326131,1.0,0.9330001543546768,22.0,1.009320361370771,89.0,0.8508982342139082,390.0
1979-10-15 00:00:00-04:00,0.0,3.176200211048126,3.1177425384521484,3.1177425384521484,69000,WHR,3.1177425384521484,0,0.9937887254701165,0.0,0.9673513053445953,0.0,0.9220124876052281,21.0,0.9972073572762423,89.0,0.8406227568630394,390.0
1979-10-16 00:00:00-04:00,0.0,3.1372284293174744,3.0787707567214966,3.1177425384521484,16600,WHR,3.1177425384521484,0,1.0,0.0,0.9791917815210741,0.0,0.9224554700997335,21.0,0.9975306512719653,89.0,0.8408701561853562,389.0
1979-10-17 00:00:00-04:00,0.0,3.195686101913452,3.1177425384521484,3.1177425384521484,25400,WHR,3.1177425384521484,0,1.0,0.0,0.9888749713019087,0.0,0.9229876212821164,20.0,0.9977545932978892,89.0,0.8411177011721648,389.0
1979-10-18 00:00:00-04:00,0.0,3.1567143201828003,3.1177425384521484,3.1177425384521484,22000,WHR,3.0398006439208984,0,1.0,0.0,0.9975061963686599,0.0,0.9237869806885135,19.0,0.9979288416823947,89.0,0.8413521192926646,389.0
1979-10-19 00:00:00-04:00,0.0,3.117744250175281,3.000828840793708,3.0398006439208984,47200,WHR,3.0398006439208984,0,0.9873420466210662,0.0,0.9798999300427651,0.0,0.9018209421283391,19.0,0.973175385006992,89.0,0.8205776645623396,388.0
1979-10-22 00:00:00-04:00,0.0,3.0398006439208984,3.000828840793708,3.0398006439208984,20800,WHR,3.059285879135132,1,1.0,0.0,0.9848488125501546,0.0,0.9030390373981113,18.0,0.9733211085350415,89.0,0.8208626413472175,387.0
1979-10-23 00:00:00-04:00,0.0,3.0787717764544635,3.0008281871771354,3.059285879135132,65400,WHR,3.0398006439208984,0,1.0031947792740068,1.0,0.9949303394656269,1.0,0.9100567620724753,18.0,0.9796823818880706,90.0,0.8264244545946083,387.0
1979-10-24 00:00:00-04:00,0.0,3.059286545484494,2.981342939230112,3.0398006439208984,17400,WHR,3.00082802772522,0,0.9968052207259932,1.0,0.9936307277240258,1.0,0.9056603419759999,17.0,0.9733453976549121,90.0,0.8214850966441746,386.0
1979-10-25 00:00:00-04:00,0.0,3.03979982029308,3.0008280277252197,3.00082802772522,40200,WHR,2.981343984603882,0,0.9935482516284092,0.0,0.9884465550903332,1.0,0.8960431738070146,16.0,0.961010255963701,89.0,0.8112606037950603,386.0
1979-10-26 00:00:00-04:00,0.0,2.981343984603882,2.9618580762077777,2.981343984603882,164200,WHR,2.981343984603882,0,0.996742981799724,0.0,0.9858251162339239,1.0,0.8922152672955977,16.0,0.9549850595499154,88.0,0.8063074987267463,385.0
1979-10-29 00:00:00-05:00,0.0,3.000829892999985,2.9618580762077777,2.981343984603882,6800,WHR,3.0203158855438232,1,1.0,0.0,0.9896510183573696,1.0,0.8943884307253496,15.0,0.955295120730328,87.0,0.8066178112800835,385.0
1979-10-30 00:00:00-05:00,0.0,3.0203158855438232,2.9813440676658383,3.0203158855438232,6800,WHR,3.0787713527679443,1,1.0064935204232062,1.0,1.0051882859344736,1.0,0.908026082019443,16.0,0.9680002448029593,88.0,0.8174764684092931,385.0
1979-10-31 00:00:00-05:00,0.0,3.098257247405716,3.0203136688546293,3.0787713527679443,13200,WHR,3.0398006439208984,0,1.009584297607178,2.0,1.0219917847812572,2.0,0.9274111038459748,16.0,0.9869322466432338,88.0,0.8335881426119431,386.0
1979-11-01 00:00:00-05:00,0.0,3.0398006439208984,3.020314742357303,3.0398006439208984,64400,WHR,3.0203158855438232,0,0.9936307509549392,1.0,1.006451470304986,2.0,0.9174671317019596,16.0,0.9746833129549112,88.0,0.8233103382864317,386.0
1979-11-02 00:00:00-05:00,0.0,3.039801794482816,3.0203158855438232,3.0203158855438232,3000,WHR,2.981343984603882,0,0.9967847551639744,0.0,0.9974262275514353,2.0,0.9134665697501922,16.0,0.9686293691378173,88.0,0.818305096061643,386.0
1979-11-05 00:00:00-05:00,0.0,3.000829892999985,2.981343984603882,2.981343984603882,52000,WHR,2.8839123249053955,0,0.9935064795767937,0.0,0.9845561842817608,2.0,0.9037214808113656,16.0,0.9563938713488134,87.0,0.8079979760098369,386.0
1979-11-06 00:00:00-05:00,0.0,2.9618559012541903,2.883912324905396,2.8839123249053955,97600,WHR,2.8449411392211914,0,0.983388337259785,0.0,0.9610385930883875,1.0,0.8767768813747827,15.0,0.9255550562090149,86.0,0.7818275849585927,386.0
1979-11-07 00:00:00-05:00,0.0,2.864427037435035,2.825455241007348,2.8449411392211914,54800,WHR,2.8449411392211914,0,0.9931973847946649,0.0,0.9630604817951268,0.0,0.8675842543525044,15.0,0.913481913226414,86.0,0.7715070454262074,385.0
1979-11-08 00:00:00-05:00,0.0,2.864427037435035,2.8449411392211914,2.8449411392211914,6000,WHR,2.8839123249053955,1,1.0,0.0,0.9759356541487375,0.0,0.8701696869276727,15.0,0.913870725028512,86.0,0.7717435762065488,385.0
1979-11-09 00:00:00-05:00,0.0,2.922884113079793,2.864426430818197,2.8839123249053955,36400,WHR,2.8449411392211914,0,1.006802615205335,1.0,0.9986502375780998,1.0,0.8843737079431709,16.0,0.9267373539602087,87.0,0.7825592969151385,385.0
1979-11-12 00:00:00-05:00,0.0,2.883912935648879,2.8449411392211914,2.8449411392211914,99800,WHR,2.8254544734954834,0,0.9931973847946649,1.0,0.9945504936567895,1.0,0.8748625132116293,16.0,0.9146264236955555,86.0,0.7722374960671112,384.0
1979-11-13 00:00:00-05:00,0.0,2.8449403664161417,2.8254544734954834,2.8254544734954834,17800,WHR,2.8839123249053955,1,0.9965634380638264,0.0,0.9917918922161557,1.0,0.8712193153873901,16.0,0.9088398690167908,85.0,0.7672361178099634,383.0
1979-11-14 00:00:00-05:00,0.0,2.883912324905396,2.805968748556601,2.8839123249053955,96800,WHR,2.8254544734954834,0,1.01023893777963,1.0,1.0095497221477607,2.0,0.8917449875102059,16.0,0.9281088920298235,85.0,0.7833835927702605,384.0
1979-11-15 00:00:00-05:00,0.0,2.8839121522574587,2.8059685805748247,2.8254544734954834,130000,WHR,2.8254544734954834,0,0.98976106222037,1.0,0.9904370808315582,2.0,0.8763973195775747,16.0,0.9098207281826767,85.0,0.767747978027983,384.0
1979-11-16 00:00:00-05:00,0.0,2.8254544734954834,2.8059685805748247,2.8254544734954834,109400,WHR,2.8254544734954834,0,1.0,0.0,0.9945129653585192,1.0,0.8790538829239872,16.0,0.9103005229011595,85.0,0.7679878928535194,384.0
1979-11-19 00:00:00-05:00,0.0,2.8254544734954834,2.8254544734954834,2.8254544734954834,92600,WHR,2.8449411392211914,1,1.0,0.0,0.9958791087587384,1.0,0.8814585989629449,16.0,0.9108037062469607,84.0,0.7682442383806316,383.0
1979-11-20 00:00:00-05:00,0.0,2.883912935648879,2.825455241007348,2.8449411392211914,161000,WHR,2.8449411392211914,0,1.0034365619361736,1.0,1.0013719474789597,2.0,0.8897916399846244,17.0,0.9175464417456366,85.0,0.7737886676629031,384.0
1979-11-21 00:00:00-05:00,0.0,2.883912935648879,2.805969342793504,2.8449411392211914,268800,WHR,2.8449411392211914,0,1.0,1.0,1.0041267106627654,1.0,0.8922386129640706,16.0,0.9179848960858756,85.0,0.7740348071845683,384.0
1979-11-23 00:00:00-05:00,0.0,2.8449411392211914,2.825455241007348,2.8449411392211914,122800,WHR,2.942368745803833,1,1.0,0.0,1.0027473612535172,1.0,0.8947904743270161,15.0,0.9184006594004777,85.0,0.7742564670706635,384.0
1979-11-26 00:00:00-05:00,0.0,2.942368745803833,2.8839110886024324,2.942368745803833,61400,WHR,2.9033992290496826,0,1.016834696692973,1.0,1.0286098861590254,2.0,0.9276126785731662,16.0,0.9500911875103459,86.0,0.8009754750291536,385.0
1979-11-27 00:00:00-05:00,0.0,2.9228851299157883,2.9033992290496826,2.9033992290496826,78000,WHR,2.9228837490081787,1,0.9933337216047945,1.0,1.0094853367993128,2.0,0.9177702602384631,15.0,0.9377911517736103,86.0,0.7905810170388791,384.0
1979-11-28 00:00:00-05:00,0.0,2.9228837490081783,2.8839119656880694,2.9228837490081787,74000,WHR,2.961855411529541,1,1.0033442453845576,1.0,1.0107815040385129,2.0,0.9264974225843866,15.0,0.9443461246001122,87.0,0.7960977557979716,385.0
1979-11-29 00:00:00-05:00,0.0,2.981341302394867,2.961855411529541,2.961855411529541,99200,WHR,2.961855411529541,0,1.006622496164775,2.0,1.0160426477889235,3.0,0.9411760183975977,16.0,0.9572025203872172,87.0,0.8069307748119463,385.0
1979-11-30 00:00:00-05:00,0.0,3.020313084125519,2.961855411529541,2.961855411529541,239200,WHR,2.9228837490081787,0,1.0,1.0,1.0079575024339045,3.0,0.9435129008636018,16.0,0.9574436967880177,87.0,0.8071664533340102,384.0
1979-12-03 00:00:00-05:00,0.0,2.9228837490081783,2.8839119656880694,2.9228837490081787,14200,WHR,2.8449411392211914,0,0.993377503835225,0.0,0.9960158595418981,2.0,0.9334159111820071,16.0,0.9450839140716711,87.0,0.7967828199310864,384.0
1979-12-04 00:00:00-05:00,0.0,2.8449411392211914,2.8449411392211914,2.8449411392211914,143400,WHR,2.8449411392211914,0,0.9864866546232969,0.0,0.9733336130628097,2.0,0.9109816269086147,16.0,0.9202066622000289,87.0,0.7757704250697786,384.0
1979-12-05 00:00:00-05:00,0.0,2.864427037435035,2.8449411392211914,2.8449411392211914,50000,WHR,2.8059699535369877,0,1.0,0.0,0.9785524953804225,1.0,0.9136419867153455,15.0,0.9205547838467218,86.0,0.776009577635889,383.0
1979-12-06 00:00:00-05:00,0.0,2.844941758447223,2.8059699535369877,2.8059699535369877,242400,WHR,2.8059699535369877,0,0.9931035570999965,0.0,0.9756100694847182,0.0,0.9039549354797458,15.0,0.9083340890068089,86.0,0.7656154980213304,383.0
1979-12-07 00:00:00-05:00,0.0,2.844941758447223,2.786484051081869,2.8059699535369877,44200,WHR,2.728025436401367,0,1.0,0.0,0.9863015680087511,0.0,0.9065157082389468,15.0,0.9087238702861076,86.0,0.765867958614627,382.0
1979-12-10 00:00:00-05:00,0.0,2.7864831243242536,2.728025436401367,2.728025436401367,325400,WHR,2.747511625289917,1,0.9859153266955489,0.0,0.972222047565074,0.0,0.8843965476547194,14.0,0.8839051724535687,86.0,0.7448550621912378,382.0
1979-12-11 00:00:00-05:00,0.0,2.747511625289917,2.6890539311348127,2.747511625289917,624000,WHR,2.8254544734954834,1,1.003558772165909,1.0,0.9860139151706071,1.0,0.8937248372225521,15.0,0.8906237361546971,87.0,0.7504390496009883,382.0
1979-12-12 00:00:00-05:00,0.0,2.8449403664161417,2.766996794733508,2.8254544734954834,199400,WHR,2.7864840030670166,0,1.0139858823513306,2.0,1.0154058780571296,2.0,0.9219028377317895,15.0,0.9160514303464695,88.0,0.7719785266897305,383.0
1979-12-13 00:00:00-05:00,0.0,2.864427611544416,2.7864840030670166,2.7864840030670166,110800,WHR,2.8059699535369877,1,0.9930557915787528,1.0,1.0028052453631706,2.0,0.9121838388822309,15.0,0.9035764989933409,88.0,0.7615904076050077,382.0
1979-12-14 00:00:00-05:00,0.0,2.844941758447223,2.8059699535369877,2.8059699535369877,22000,WHR,2.7864840030670166,0,1.0034843291730566,1.0,1.0098178868571344,3.0,0.9215018517243004,16.0,0.9100102331092769,89.0,0.7671777209580183,382.0
1979-12-17 00:00:00-05:00,0.0,2.8449417094250657,2.7864840030670166,2.7864840030670166,48600,WHR,2.7864840030670166,0,0.9965156708269435,1.0,0.9986034850125328,3.0,0.9181381725966477,16.0,0.9037592372062606,89.0,0.7620815097728246,382.0
1979-12-18 00:00:00-05:00,0.0,2.825455807305716,2.7864840030670166,2.7864840030670166,103600,WHR,2.864426374435425,1,1.0,0.0,0.9958218185140247,2.0,0.9211940349461836,16.0,0.903713544815566,89.0,0.762329330248851,381.0
1979-12-19 00:00:00-05:00,0.0,2.864426374435425,2.766996905917213,2.864426374435425,30600,WHR,2.9228837490081787,1,1.0137928875458218,1.0,1.020832978944557,2.0,0.9501236178302298,16.0,0.928944878994802,89.0,0.7839245295611268,381.0
1979-12-20 00:00:00-05:00,0.0,2.9228837490081783,2.8839119656880694,2.9228837490081787,86200,WHR,2.8254544734954834,0,1.0101009576687365,2.0,1.0316365109023091,3.0,0.9723419043954974,17.0,0.9478309625748361,89.0,0.8001960132703126,381.0
1979-12-21 00:00:00-05:00,0.0,2.9033980451781174,2.8254544734954834,2.8254544734954834,236400,WHR,2.8254544734954834,0,0.9830508797949157,1.0,0.9958789413820589,2.0,0.9432936597021859,16.0,0.916352462510868,88.0,0.7738159530984703,380.0
1979-12-24 00:00:00-05:00,0.0,2.8449403664161417,2.8254544734954834,2.8254544734954834,5400,WHR,2.8449411392211914,1,1.0,0.0,0.9931505982570793,2.0,0.9466809038570436,16.0,0.9164682978697193,88.0,0.7741216639279391,379.0
1979-12-26 00:00:00-05:00,0.0,2.8449411392211914,2.825455241007348,2.8449411392211914,17600,WHR,2.9228837490081787,1,1.0034365619361736,1.0,0.9959074523640583,3.0,0.9563318666524742,17.0,0.9229523592894329,88.0,0.7798020267124697,379.0
1979-12-27 00:00:00-05:00,0.0,2.9228837490081783,2.825454290707906,2.9228837490081787,87000,WHR,3.00082802772522,1,1.0135133453767031,2.0,1.019021645167305,3.0,0.9853292039855017,18.0,0.9483822950754456,88.0,0.8014915415636703,380.0
1979-12-28 00:00:00-05:00,0.0,3.020313924009149,2.9618562351573594,3.00082802772522,86800,WHR,2.9228837490081787,0,1.0131580133630378,2.0,1.040540640640598,3.0,1.0138247890243075,19.0,0.9737219729457445,89.0,0.823172735190987,381.0
1979-12-31 00:00:00-05:00,0.0,3.0008273156483964,2.903397857348124,2.9228837490081787,33800,WHR,3.00082802772522,1,0.9868419866369624,1.0,1.0067112809847032,3.0,0.9900986924503752,19.0,0.9485982092939811,88.0,0.8021044204765111,381.0
1980-01-02 00:00:00-05:00,0.0,3.0008280277252197,2.9618562351573594,3.00082802772522,18200,WHR,3.00082802772522,0,1.0131580133630378,1.0,1.021220235983747,4.0,1.0188553658244552,19.0,0.9739929446511703,88.0,0.8237980223440776,382.0
1980-01-03 00:00:00-05:00,0.0,3.0008280277252197,2.9423703388734297,3.00082802772522,142400,WHR,3.0398006439208984,1,1.0,1.0,1.0104987820674822,3.0,1.0213329679425662,18.0,0.9740422293425555,88.0,0.8241463043937284,381.0
1980-01-04 00:00:00-05:00,0.0,3.0398006439208984,3.000828840793708,3.0398006439208984,29400,WHR,2.981343984603882,0,1.006451748371591,1.0,1.01562526635588,3.0,1.036200815468068,19.0,0.9866424710013901,89.0,0.8352207198163115,381.0
1980-01-07 00:00:00-05:00,0.0,3.020315801396089,2.981343984603882,2.981343984603882,36200,WHR,3.00082802772522,1,0.9902914374386421,1.0,0.9973929256877657,2.0,1.0179646458473732,19.0,0.9676689166301948,89.0,0.8195276395580732,381.0
1980-01-08 00:00:00-05:00,0.0,3.0008280277252197,2.9618562351573594,3.00082802772522,137800,WHR,3.00082802772522,0,1.0032570182002762,1.0,0.9987028051978439,3.0,1.0260965619778368,20.0,0.9739436649469567,90.0,0.8252194519455152,382.0
1980-01-09 00:00:00-05:00,0.0,3.03979982029308,2.9618562351573594,3.00082802772522,158800,WHR,3.00082802772522,0,1.0,1.0,0.9987028051978442,2.0,1.0270089502446724,20.0,0.9738204909662208,90.0,0.825546809224332,382.0
1980-01-10 00:00:00-05:00,0.0,3.03979982029308,2.9618562351573594,3.00082802772522,66600,WHR,3.059285879135132,1,1.0,0.0,0.9987028051978442,2.0,1.027694303115322,20.0,0.9736234763629987,90.0,0.8258699977539925,382.0
1980-01-11 00:00:00-05:00,0.0,3.0787717764544635,3.0397999818158,3.059285879135132,9200,WHR,3.059285879135132,0,1.0096463288163173,1.0,1.0168392960164303,2.0,1.048064075896292,21.0,0.9922640084127176,91.0,0.8422971988270356,382.0
1980-01-14 00:00:00-05:00,0.0,3.0787717764544635,3.0397999818158,3.059285879135132,8000,WHR,3.0398006439208984,0,1.0,1.0,1.0115979701463074,2.0,1.0484140076313047,21.0,0.9919881498415235,90.0,0.8426181615759167,382.0
1980-01-15 00:00:00-05:00,0.0,3.059286545484494,3.020314742357303,3.0398006439208984,84400,WHR,3.0398006439208984,0,0.9968052207259932,0.0,1.0025708897626273,1.0,1.0422004016794497,21.0,0.9854956194622602,89.0,0.8375840024932031,381.0
1980-01-16 00:00:00-05:00,0.0,3.059286545484494,3.020314742357303,3.0398006439208984,222600,WHR,2.961855411529541,0,1.0,0.0,1.0000001411781736,1.0,1.0422004016794497,21.0,0.9853960170296095,88.0,0.8379079182188127,381.0
1980-01-17 00:00:00-05:00,0.0,3.020313084125519,2.961855411529541,2.961855411529541,507200,WHR,2.942368745803833,0,0.9870127125461362,0.0,0.9768634075474248,1.0,1.0159292458041647,21.0,0.960128925354209,88.0,0.816760449698212,380.0
1980-01-18 00:00:00-05:00,0.0,2.9813405172714336,2.922882860070033,2.942368745803833,12400,WHR,2.9228837490081787,0,0.99669953829556,0.0,0.9779787845646136,0.0,1.0099202502554037,20.0,0.9538120365050337,88.0,0.8117488485518431,379.0
1980-01-21 00:00:00-05:00,0.0,2.961855532328288,2.9228837490081783,2.9228837490081787,139800,WHR,2.8839123249053955,0,0.9966778929273907,0.0,0.9803920204429487,0.0,1.0039037831591637,20.0,0.9474478116271204,88.0,0.8067332324692666,379.0
1980-01-22 00:00:00-05:00,0.0,2.922884113079793,2.883912324905396,2.8839123249053955,9400,WHR,2.8059699535369877,0,0.9932886528807412,0.0,0.9775429955089127,0.0,0.9911818922647924,20.0,0.9348152905784459,88.0,0.7963280811743387,379.0
1980-01-23 00:00:00-05:00,0.0,2.8644276609023414,2.8059699535369877,2.8059699535369877,200600,WHR,2.8059699535369877,0,0.986301584540033,0.0,0.966443428637873,0.0,0.9653633931905186,20.0,0.9097112888990229,87.0,0.7751063115221596,379.0
1980-01-24 00:00:00-05:00,2.8059699535369877,2.8059699535369877,2.8059699535369877,2.8059699535369877,0,WHR,2.728025436401367,0,1.0,0.0,0.9769338804076493,0.0,0.9663351321459646,20.0,0.9097572668604539,87.0,0.7754151736403373,378.0
1980-01-25 00:00:00-05:00,0.0,2.7669972283499584,2.728025436401367,2.728025436401367,12200,WHR,2.747511625289917,1,0.9859153266955489,0.0,0.964187263753573,0.0,0.9410709894617416,19.0,0.8846424278728157,86.0,0.7541923859002775,378.0
1980-01-28 00:00:00-05:00,0.0,2.747511625289917,2.728025727238216,2.747511625289917,74000,WHR,2.747511625289917,0,1.003558772165909,1.0,0.9832635708370819,1.0,0.9496015856035358,19.0,0.8910740090794458,87.0,0.7599070503355073,378.0
1980-01-29 00:00:00-05:00,0.0,2.747511625289917,2.728025727238216,2.747511625289917,133200,WHR,2.766998291015625,1,1.0,1.0,0.9929576763332169,1.0,0.9512031205051488,19.0,0.8911866492855968,87.0,0.7602471246314269,377.0
1980-01-30 00:00:00-05:00,0.0,2.766998291015625,2.7475123875577685,2.766998291015625,80000,WHR,2.766998291015625,0,1.0035337076225195,1.0,1.002825056227296,2.0,0.9593517585392942,20.0,0.8975300620197472,88.0,0.7659860857457507,377.0
1980-01-31 00:00:00-05:00,0.0,2.805970097931338,2.7475123875577685,2.766998291015625,162400,WHR,2.7864840030670166,1,1.0,1.0,1.0056659104147347,2.0,0.9605414891219841,20.0,0.897552754207524,88.0,0.7663415965700282,376.0
1980-02-01 00:00:00-05:00,0.0,2.805969905186366,2.7864840030670166,2.7864840030670166,21400,WHR,2.7864840030670166,0,1.003508737584732,1.0,1.0084626793961036,3.0,0.9678513686024849,21.0,0.9038734861632354,89.0,0.7721258450198675,376.0
1980-02-04 00:00:00-05:00,0.0,2.7864840030670166,2.728026296708967,2.7864840030670166,196600,WHR,2.8059699535369877,1,1.0,1.0,1.005625893081702,2.0,0.9681790064473468,21.0,0.903850634172889,89.0,0.7725262839049496,375.0
1980-02-05 00:00:00-05:00,0.0,2.8059699535369877,2.786484051081869,2.8059699535369877,2800,WHR,2.7864840030670166,0,1.0034843291730566,1.0,1.0084033476641632,3.0,0.9751695812713939,22.0,0.9101482727489045,89.0,0.7783785167080448,375.0
1980-02-06 00:00:00-05:00,0.0,2.805969905186366,2.7864840030670166,2.7864840030670166,103400,WHR,2.8059699535369877,1,0.9965156708269435,1.0,0.9999999828874974,2.0,0.9689443554069754,21.0,0.903850634172889,88.0,0.7734204269871885,375.0
1980-02-07 00:00:00-05:00,0.0,2.8059699535369877,2.786484051081869,2.8059699535369877,135800,WHR,2.8059699535369877,0,1.0034843291730566,1.0,1.0041841107715128,3.0,0.9759406304526621,22.0,0.9101482727489045,89.0,0.779313692826722,375.0
1980-02-08 00:00:00-05:00,0.0,2.8059699535369877,2.786484051081869,2.8059699535369877,16600,WHR,2.8059699535369877,0,1.0,1.0,1.0027855222031903,2.0,0.9760508735222867,22.0,0.9101482727489045,88.0,0.7798454687568322,374.0
1980-02-11 00:00:00-05:00,0.0,2.8059699535369877,2.786484051081869,2.8059699535369877,66400,WHR,2.7864840030670166,0,1.0,0.0,1.0013908240160065,2.0,0.9764921192824896,21.0,0.9101252629995372,88.0,0.7803525974113455,374.0
1980-02-12 00:00:00-05:00,0.0,2.7864840030670166,2.7669981009476667,2.7864840030670166,20200,WHR,2.8059699535369877,1,0.9965156708269435,0.0,0.9958217166952145,1.0,0.9699301426495197,21.0,0.9038049330993815,88.0,0.7754209111510831,374.0
1980-02-13 00:00:00-05:00,0.0,2.825455855992105,2.7669981486267514,2.8059699535369877,96400,WHR,2.8059699535369877,0,1.0034843291730566,1.0,1.0013908240160065,2.0,0.9768233053680505,22.0,0.9101022544135742,89.0,0.7813264388345037,375.0
1980-02-14 00:00:00-05:00,0.0,2.825455855992105,2.786484051081869,2.8059699535369877,214400,WHR,2.766998291015625,0,1.0,1.0,1.0013908240160065,1.0,0.9769337479545307,22.0,0.9100792469909271,89.0,0.7817845599602433,375.0
1980-02-15 00:00:00-05:00,0.0,2.786484194473481,2.7475123875577685,2.766998291015625,52000,WHR,2.728025436401367,0,0.9930070187355803,0.0,0.9902371432921483,1.0,0.9638011809831607,21.0,0.8974619912300098,89.0,0.7714039117096825,374.0
1980-02-19 00:00:00-05:00,0.0,2.7864831243242536,2.708539540427072,2.728025436401367,95800,WHR,2.7864840030670166,1,0.9929076094030667,0.0,0.9817669118450953,1.0,0.9508715411935722,21.0,0.8849108270912128,88.0,0.7610100660830548,374.0
1980-02-20 00:00:00-05:00,0.0,2.7864840030670166,2.747512198828317,2.7864840030670166,45800,WHR,2.7864840030670166,0,1.0106008643755782,1.0,1.00280509048537,2.0,0.9715776079313532,22.0,0.9039191933310526,88.0,0.7777742744670175,375.0
1980-02-21 00:00:00-05:00,0.0,2.825455807305716,2.747512198828317,2.7864840030670166,37200,WHR,2.766998291015625,0,1.0,1.0,1.004213528159118,1.0,0.9724585440152557,21.0,0.9039420490679833,88.0,0.7782314159021688,375.0
1980-02-22 00:00:00-05:00,0.0,2.766998291015625,2.7475123875577685,2.766998291015625,25200,WHR,2.766998291015625,0,0.996491262415268,0.0,1.000000103398085,1.0,0.9664249421107871,21.0,0.897643534434291,88.0,0.7732858772203075,374.0
1980-02-25 00:00:00-05:00,0.0,2.766998291015625,2.728026484099912,2.766998291015625,77200,WHR,2.708539724349976,0,1.0,0.0,1.000000103398085,1.0,0.9673027025294972,20.0,0.8977116305452185,87.0,0.7737915345646672,373.0
1980-02-26 00:00:00-05:00,0.0,2.7475115189449397,2.708539724349976,2.708539724349976,92600,WHR,2.708539724349976,0,0.9893236853617671,0.0,0.9802536567182532,1.0,0.9482660002706629,19.0,0.8789011915935021,86.0,0.7579681402419273,372.0
1980-02-27 00:00:00-05:00,0.0,2.7475115189449397,2.689053827052494,2.708539724349976,28200,WHR,2.708539724349976,0,1.0,0.0,0.985815427807491,0.0,0.9496697134992722,19.0,0.8790790611799172,85.0,0.7584520336751027,372.0
1980-02-28 00:00:00-05:00,0.0,2.7280256216474577,2.689053827052494,2.708539724349976,3200,WHR,2.8059699535369877,1,1.0,0.0,0.9914406718733795,0.0,0.9508607207803461,19.0,0.8793015007905877,84.0,0.7589241146991607,372.0
1980-02-29 00:00:00-05:00,0.0,2.8059699535369877,2.7280263437165155,2.8059699535369877,26000,WHR,2.9033992290496826,1,1.0176679768244319,1.0,1.0241822269686531,1.0,0.9852892708040916,20.0,0.9110234996921516,85.0,0.7867005288022033,372.0
1980-03-03 00:00:00-05:00,0.0,2.9033992290496826,2.844941526451367,2.9033992290496826,10200,WHR,2.961855411529541,1,1.0170648056548612,2.0,1.0492958701576323,2.0,1.0191519519126053,21.0,0.9425846230308544,86.0,0.8144569573791891,373.0
1980-03-04 00:00:00-05:00,0.0,2.961855411529541,2.922883629798889,2.961855411529541,33000,WHR,2.9228837490081787,0,1.009966520818282,2.0,1.0511752878586673,3.0,1.038723958137219,22.0,0.961440701147903,86.0,0.8312775753760344,374.0
1980-03-05 00:00:00-05:00,0.0,3.0008273156483964,2.9228837490081783,2.9228837490081787,204800,WHR,2.8839123249053955,0,0.993377503835225,1.0,1.021798108720547,3.0,1.0243565731194855,22.0,0.9487181939104549,86.0,0.8207571924983325,374.0
1980-03-06 00:00:00-05:00,0.0,2.922884113079793,2.883912324905396,2.8839123249053955,14600,WHR,2.728025436401367,0,0.9932886528807412,0.0,0.9959622212978397,3.0,1.0097791693203748,22.0,0.9360213742200111,86.0,0.8102483421810993,373.0
1980-03-07 00:00:00-05:00,0.0,2.84494081224714,2.728025436401367,2.728025436401367,215600,WHR,2.6500840187072754,0,0.9722222706069839,0.0,0.9472260451317029,2.0,0.9553052371239924,21.0,0.8855825331354299,85.0,0.7668962486410065,373.0
1980-03-10 00:00:00-05:00,0.0,2.7280276663163128,2.6111121949027565,2.6500840187072754,222600,WHR,2.61111068725586,0,0.9855076549957429,0.0,0.9366398534065834,1.0,0.9289623775807939,20.0,0.8604550492039725,85.0,0.7454428778667592,372.0
1980-03-11 00:00:00-05:00,0.0,2.6500824885581857,2.61111068725586,2.61111068725586,99200,WHR,2.572139024734497,0,0.9925923039101286,0.0,0.9463277827170791,0.0,0.9162394087575737,20.0,0.848015420639966,85.0,0.7349392898580114,372.0
1980-03-12 00:00:00-05:00,0.0,2.6111108281395654,2.552653123031963,2.572139024734497,15800,WHR,2.5331664085388184,0,0.9924812299837282,0.0,0.9565217877021269,0.0,0.9038002092622179,19.0,0.8356335085534861,84.0,0.7244309804052228,372.0
1980-03-13 00:00:00-05:00,0.0,2.5721381994394155,2.51368051308852,2.5331664085388184,174800,WHR,2.4747085571289062,0,0.9923662517933445,0.0,0.9672616216244365,0.0,0.8914284290379924,19.0,0.8232848413274365,84.0,0.7139090139896471,372.0
1980-03-14 00:00:00-05:00,0.0,2.494194451279528,2.455222662978285,2.4747085571289062,85800,WHR,2.4357383251190186,0,0.9883268149043898,0.0,0.9635808496085578,0.0,0.8724522924722722,19.0,0.8046528065872949,84.0,0.6978710414750496,372.0
1980-03-17 00:00:00-05:00,0.0,2.474710138320923,2.4162524185180665,2.4357383251190186,67400,WHR,2.4162516593933105,0,0.9920638115136178,0.0,0.9645065146360233,0.0,0.8608818945243513,18.0,0.7924435270842672,83.0,0.6873194998471256,372.0
1980-03-18 00:00:00-05:00,0.0,2.4162516593933105,2.3383080574773976,2.4162516593933105,382600,WHR,2.4357383251190186,1,0.9959837786582598,0.0,0.9717868753375772,0.0,0.8565508458522438,17.0,0.786602402181789,82.0,0.6822634019527514,371.0
1980-03-19 00:00:00-05:00,0.0,2.4357383251190186,2.4162524185180665,2.4357383251190186,105200,WHR,2.4357383251190186,0,1.00401622134174,1.0,0.9904915889780824,1.0,0.8654515263606793,18.0,0.7934495470038249,82.0,0.6882011975734208,372.0
1980-03-20 00:00:00-05:00,0.0,2.4357383251190186,2.3967665119171144,2.4357383251190186,25600,WHR,2.3967652320861816,0,1.0,1.0,0.9984027474620015,1.0,0.8674534866883696,18.0,0.7939736854908185,81.0,0.6886372046683176,372.0
1980-03-21 00:00:00-05:00,0.0,2.4552229206736493,2.3967652320861816,2.3967652320861816,46400,WHR,2.299336194992065,0,0.9919352168971033,0.0,0.9887456190686521,1.0,0.8558505009255438,17.0,0.7818258786913198,81.0,0.6780893406367803,371.0
1980-03-24 00:00:00-05:00,0.0,2.416251594737425,2.279850295034505,2.299336194992065,28000,WHR,2.299336194992065,0,0.9792532085162534,0.0,0.9593494924033337,1.0,0.8241182901452183,16.0,0.7506743219863651,81.0,0.6509985946194049,370.0
1980-03-25 00:00:00-05:00,0.0,2.357793894864745,2.279850295034505,2.299336194992065,65600,WHR,2.338308334350586,1,1.0,0.0,0.9688012158129456,1.0,0.8275862311607937,15.0,0.7513243544138374,80.0,0.6514622303810643,370.0
1980-03-26 00:00:00-05:00,0.0,2.357794237136841,2.3188224315643318,2.338308334350586,72600,WHR,2.338308334350586,0,1.0084034339225314,1.0,0.9933775679611352,1.0,0.8445749194581449,16.0,0.7646624958416404,81.0,0.6629432618746622,371.0
1980-03-27 00:00:00-05:00,0.0,2.338308334350586,2.2993365287780763,2.338308334350586,81800,WHR,2.4162516593933105,1,1.0,1.0,1.0016695759371899,1.0,0.8479567953790743,15.0,0.7652671700718312,81.0,0.6633793796290239,371.0
1980-03-28 00:00:00-05:00,0.0,2.4162516593933105,2.3383080574773976,2.4162516593933105,22800,WHR,2.49419379234314,1,1.0163933834351198,1.0,1.0333332952675194,2.0,0.8793287175116031,16.0,0.7913007963262406,82.0,0.6859242211642779,372.0
1980-03-31 00:00:00-05:00,0.0,2.533165570348501,2.4357361253350973,2.49419379234314,33400,WHR,2.552651643753052,1,1.0158727214701606,2.0,1.0491797961647629,3.0,0.9107074400822225,16.0,0.8173686126377393,82.0,0.7084854111622967,372.0
1980-04-01 00:00:00-05:00,0.0,2.5721375341633803,2.474708082111737,2.552651643753052,144000,WHR,2.591623544692993,1,1.0115830476978367,2.0,1.051364016210489,4.0,0.9344901242291239,17.0,0.8369960953365254,83.0,0.7255162618693428,373.0
1980-04-02 00:00:00-05:00,0.0,2.650081218633437,2.572137653379512,2.591623544692993,103800,WHR,2.49419379234314,0,1.007575780748952,2.0,1.0455973071710802,4.0,0.9511319165144182,17.0,0.8502092822270966,84.0,0.7370133054869804,374.0
1980-04-03 00:00:00-05:00,0.0,2.6111091263592243,2.474707903340459,2.49419379234314,91200,WHR,2.4162516593933105,0,0.9808428526049597,1.0,0.9937886682366796,4.0,0.9182204722907649,17.0,0.8187698361405776,84.0,0.7097385830989851,373.0
1980-04-07 00:00:00-05:00,0.0,2.474709360830245,2.4162516593933105,2.4162516593933105,115400,WHR,2.377279996871948,0,0.9841272785298395,0.0,0.9627333393598603,3.0,0.8927286427219459,17.0,0.7938743707672968,83.0,0.6879716435772804,373.0
1980-04-08 00:00:00-05:00,0.0,2.455223603326766,2.338308193644539,2.377279996871948,35200,WHR,2.377279996871948,0,0.9918699478138574,0.0,0.9561132058609695,2.0,0.8820340884323216,16.0,0.7817706989827284,83.0,0.6772924732937013,372.0
1980-04-09 00:00:00-05:00,0.0,2.396765898485653,2.357794095258244,2.377279996871948,476000,WHR,2.4162516593933105,1,1.0,0.0,0.9697935699848279,1.0,0.8857697087443485,16.0,0.7824927396927717,82.0,0.6777100948055796,372.0
1980-04-10 00:00:00-05:00,0.0,2.435737559872289,2.377279858435354,2.4162516593933105,251200,WHR,2.4747085571289062,1,1.0081300521861425,1.0,1.0000000986729183,1.0,0.9037901437966389,17.0,0.7960352373643571,82.0,0.6892335548093653,373.0
1980-04-11 00:00:00-05:00,0.0,2.5136803454301493,2.455222662978285,2.4747085571289062,126000,WHR,2.513680458068848,1,1.0119520288752548,2.0,1.0258478538107114,2.0,0.9289282028886608,18.0,0.8159224412524209,83.0,0.7063244853836603,373.0
1980-04-14 00:00:00-05:00,0.0,2.513680458068848,2.474708668021268,2.513680458068848,22000,WHR,2.5331664085388184,1,1.007812522403768,2.0,1.0336536613854004,3.0,0.946210064682078,19.0,0.8293684261914457,84.0,0.7178629548902973,374.0
1980-04-15 00:00:00-05:00,0.0,2.5331664085388184,2.4747087221879225,2.5331664085388184,21200,WHR,2.49419379234314,0,1.0038610148048872,2.0,1.0284809161651667,4.0,0.9559993149892421,20.0,0.8364214519759984,84.0,0.7238386597398588,375.0
1980-04-16 00:00:00-05:00,0.0,2.552651459351182,2.49419379234314,2.49419379234314,61200,WHR,2.513680458068848,1,0.9922478965822181,1.0,1.0031344983509098,4.0,0.9438362913165628,20.0,0.8242107288998911,84.0,0.713123335799572,374.0
1980-04-17 00:00:00-05:00,0.0,2.513680458068848,2.474708668021268,2.513680458068848,111400,WHR,2.4747085571289062,0,1.0038912050805,1.0,1.0031104860483866,4.0,0.9534365916761725,21.0,0.8312924710538362,85.0,0.719111496218847,375.0
1980-04-18 00:00:00-05:00,0.0,2.552652133731392,2.4747085571289062,2.4747085571289062,6400,WHR,2.49419379234314,1,0.9921874775962323,1.0,0.9875583412367394,3.0,0.9406243661624867,21.0,0.8190586657789182,85.0,0.7083691770002507,375.0
1980-04-21 00:00:00-05:00,0.0,2.552651459351182,2.474707903340459,2.49419379234314,20200,WHR,2.552651643753052,1,1.003921436535436,1.0,0.9968845544155628,3.0,0.9499067448241554,22.0,0.8261257681687972,86.0,0.7143451395737396,376.0
1980-04-22 00:00:00-05:00,0.0,2.5721375341633803,2.513679862932394,2.552651643753052,97800,WHR,2.5331664085388184,0,1.0115830476978367,2.0,1.0186624617325952,3.0,0.9732536579637389,23.0,0.8460560490161808,87.0,0.7314918076095801,376.0
1980-04-23 00:00:00-05:00,0.0,2.552652303989117,2.4941946176382213,2.5331664085388184,126200,WHR,2.49419379234314,0,0.9961687116971374,1.0,1.0077520747426751,3.0,0.9671417981199252,22.0,0.8402707502054513,86.0,0.7263136558753553,376.0
1980-04-24 00:00:00-05:00,0.0,2.533165570348501,2.49419379234314,2.49419379234314,63200,WHR,2.572139024734497,1,0.9922478965822181,0.0,0.9937886871178098,2.0,0.9537998184635477,22.0,0.8280068746949029,86.0,0.7155631383190816,375.0
1980-04-25 00:00:00-05:00,0.0,2.572139024734497,2.4552236145192925,2.572139024734497,16800,WHR,2.572139024734497,0,1.0153849411804567,1.0,1.0169495982984549,3.0,0.9848297927730001,22.0,0.8544796123495769,87.0,0.7383377229398941,376.0
1980-04-28 00:00:00-04:00,0.0,2.572139024734497,2.494195417924361,2.572139024734497,64000,WHR,2.61111068725586,1,1.0,1.0,1.0107200661650821,2.0,0.9860559272384967,22.0,0.8550774139416162,87.0,0.738742672248634,376.0
1980-04-29 00:00:00-04:00,0.0,2.61111068725586,2.572138885953533,2.61111068725586,6000,WHR,2.6890549659729004,1,1.007518770016272,1.0,1.0213416143901488,2.0,1.002119008321089,22.0,0.8685957499028655,88.0,0.7503346334042164,377.0
1980-04-30 00:00:00-04:00,0.0,2.6890549659729004,2.591625438220259,2.6890549659729004,50800,WHR,2.6500840187072754,0,1.0147060080413823,2.0,1.039156930937882,3.0,1.0326768377919242,23.0,0.8950579701886343,88.0,0.7731224957602462,378.0
1980-05-01 00:00:00-04:00,0.0,2.7280276663163128,2.6500840187072754,2.6500840187072754,34600,WHR,2.747511625289917,1,0.9927008929010003,1.0,1.011905154232979,3.0,1.018727270643179,22.0,0.882613061393609,88.0,0.7622511602404444,378.0
1980-05-02 00:00:00-04:00,0.0,2.747511625289917,2.650082135031409,2.747511625289917,48400,WHR,2.8059699535369877,1,1.018050186232641,1.0,1.0352419982925725,3.0,1.056443513468442,23.0,0.9154891978708076,89.0,0.7905847120973765,379.0
1980-05-05 00:00:00-04:00,0.0,2.8059699535369877,2.7669981486267514,2.8059699535369877,32400,WHR,2.728025436401367,0,1.0105264287667666,2.0,1.0389609736118137,4.0,1.0789212788457987,23.0,0.9354781097395344,89.0,0.8077500526765777,379.0
1980-05-06 00:00:00-04:00,0.0,2.864426708221436,2.728025436401367,2.728025436401367,51800,WHR,2.6890549659729004,0,0.9859153266955489,1.0,1.001430268586271,3.0,1.0494751139942584,23.0,0.9100835289600819,89.0,0.785664856943835,379.0
1980-05-07 00:00:00-04:00,0.0,2.766998588175013,2.6890549659729004,2.6890549659729004,57800,WHR,2.7864840030670166,1,0.9928060011050628,0.0,0.9871246070087186,2.0,1.035259174421968,23.0,0.8977130278529178,89.0,0.7747892964748287,379.0
1980-05-08 00:00:00-04:00,0.0,2.825455807305716,2.728026296708967,2.7864840030670166,354400,WHR,2.728025436401367,0,1.017793506291345,1.0,1.012747942491974,3.0,1.0727683759009676,24.0,0.9307715220660548,90.0,0.8031904201105347,380.0
1980-05-09 00:00:00-04:00,0.0,2.7864831243242536,2.728025436401367,2.728025436401367,28000,WHR,2.7864840030670166,1,0.9893991356244219,1.0,0.9929075749387768,2.0,1.0507879459984415,23.0,0.911790555074898,90.0,0.7866758319706113,380.0
1980-05-12 00:00:00-04:00,0.0,2.7864840030670166,2.747512198828317,2.7864840030670166,48600,WHR,2.747511625289917,0,1.0106008643755782,1.0,1.015625092330652,2.0,1.0734394500307136,24.0,0.9317904266176451,91.0,0.8038450904168833,381.0
1980-05-13 00:00:00-04:00,0.0,2.766997523341619,2.728025727238216,2.747511625289917,24800,WHR,2.7864840030670166,1,0.992957642109907,1.0,0.9999998611581221,2.0,1.0585585308357477,24.0,0.9191654723929985,91.0,0.7929098818568157,381.0
1980-05-14 00:00:00-04:00,0.0,2.805969905186366,2.7669981009476667,2.7864840030670166,93600,WHR,2.8059699535369877,1,1.0070423578900929,1.0,1.0070423578900929,3.0,1.073170921624576,25.0,0.9325682330792918,92.0,0.8044691482019417,381.0
1980-05-15 00:00:00-04:00,0.0,2.8059699535369877,2.7669981486267514,2.8059699535369877,114600,WHR,2.8254544734954834,1,1.0034843291730566,2.0,1.0126583465668832,3.0,1.0805404796164344,25.0,0.9393837604678505,93.0,0.8103911547196019,382.0
1980-05-16 00:00:00-04:00,0.0,2.8254544734954834,2.766996794733508,2.8254544734954834,25800,WHR,2.8254544734954834,0,1.0034599629651362,2.0,1.0125694893174602,4.0,1.0877716308833,26.0,0.9462277773556127,93.0,0.8163308692885046,382.0
1980-05-19 00:00:00-04:00,0.0,2.8254544734954834,2.8059685805748247,2.8254544734954834,28000,WHR,2.8254544734954834,0,1.0,1.0,1.0097490573810044,3.0,1.0873637780573702,26.0,0.9464995486045953,93.0,0.8166573041829761,381.0
1980-05-20 00:00:00-04:00,0.0,2.8254544734954834,2.8059685805748247,2.8254544734954834,122000,WHR,2.864426374435425,1,1.0,0.0,1.0041549327722563,3.0,1.0869562309602843,26.0,0.9467220223016672,93.0,0.8169840002518626,381.0
1980-05-21 00:00:00-04:00,0.0,2.864426374435425,2.805968693324498,2.864426374435425,217200,WHR,2.8839123249053955,1,1.0068493351585937,1.0,1.012396628403714,3.0,1.1008484804210759,27.0,0.9599808691937866,93.0,0.8285562242634747,382.0
1980-05-22 00:00:00-04:00,0.0,2.942370007166992,2.864426430818197,2.8839123249053955,135600,WHR,2.942368745803833,1,1.0033898403502572,2.0,1.013698670317187,3.0,1.107093655888126,28.0,0.9666123688055636,94.0,0.8344842961508991,383.0
1980-05-23 00:00:00-04:00,0.0,2.961854631537633,2.922882860070033,2.942368745803833,163800,WHR,3.00082802772522,1,1.01003323049283,2.0,1.025814896087066,3.0,1.1278469308235155,29.0,0.9862312059655909,95.0,0.8516632653175393,384.0
1980-05-27 00:00:00-04:00,0.0,3.0008280277252197,2.9618562351573594,3.00082802772522,254400,WHR,2.961855411529541,0,1.0098363362595977,2.0,1.0335572452733366,4.0,1.1488249832138417,29.0,1.0057994736548486,95.0,0.8688880389942794,384.0
1980-05-28 00:00:00-04:00,0.0,3.000827193260193,2.961855411529541,2.961855411529541,24800,WHR,2.9033992290496826,0,0.9934639132543737,1.0,1.010638232097818,4.0,1.1334820905238077,28.0,0.9927887404056922,94.0,0.8579326989716614,383.0
1980-05-29 00:00:00-04:00,0.0,2.942371030781893,2.9033992290496826,2.9033992290496826,13400,WHR,2.9228837490081787,1,0.9900334791817179,0.0,0.9880640312967754,3.0,1.1115257321508554,27.0,0.9732710064140065,94.0,0.8413469116570097,382.0
1980-05-30 00:00:00-04:00,0.0,2.9228837490081783,2.8059683990478512,2.9228837490081787,61600,WHR,2.864426374435425,0,1.0033442453845576,1.0,0.9920634201325966,3.0,1.1189851077323403,28.0,0.9799561918908344,94.0,0.8473424127194832,382.0
1980-06-02 00:00:00-04:00,0.0,2.9423699492499944,2.864426374435425,2.864426374435425,26400,WHR,2.9228837490081787,1,0.9898990423312636,1.0,0.9773935685558452,2.0,1.0967418807550728,28.0,0.9606333066998741,93.0,0.8307382258807324,382.0
1980-06-03 00:00:00-04:00,0.0,2.9228837490081783,2.8644260740280147,2.9228837490081787,5200,WHR,2.9228837490081787,0,1.0101009576687365,1.0,1.0026736900737598,2.0,1.1177343843288696,29.0,0.9803917300413936,94.0,0.8480322439003649,382.0
1980-06-04 00:00:00-04:00,0.0,2.9228837490081783,2.8839119656880694,2.9228837490081787,56400,WHR,2.9033992290496826,0,1.0,1.0,1.0053618146496424,2.0,1.1157943745357204,29.0,0.9805711820674768,93.0,0.8483775811554837,381.0
1980-06-05 00:00:00-04:00,0.0,2.942371030781893,2.8839133281835774,2.9033992290496826,112600,WHR,2.8839123249053955,0,0.9966557546154424,0.0,0.9986598743656,2.0,1.1062989309638893,29.0,0.9742637802516867,92.0,0.8430892946744278,380.0
1980-06-06 00:00:00-04:00,0.0,2.9033982189925944,2.883912324905396,2.8839123249053955,51400,WHR,2.8839123249053955,0,0.9966328226910525,0.0,0.9946236404410713,1.0,1.0967023119855124,29.0,0.9680539086539017,91.0,0.8377957052198332,380.0
1980-06-09 00:00:00-04:00,0.0,2.883912324905396,2.883912324905396,2.8839123249053955,19000,WHR,2.9228837490081787,1,1.0,0.0,0.9932885713147807,1.0,1.094269702176039,29.0,0.9683579369628397,91.0,0.8381468034933256,380.0
1980-06-10 00:00:00-04:00,0.0,2.942369640668233,2.8839119656880694,2.9228837490081787,296400,WHR,2.9228837490081787,0,1.0067113471192588,1.0,1.0067112644510658,1.0,1.1059225262585262,30.0,0.9817520644098386,91.0,0.8497858166350908,381.0
1980-06-11 00:00:00-04:00,0.0,2.9813414239883422,2.903397857348124,2.9228837490081787,147400,WHR,2.9228837490081787,0,1.0,1.0,1.0067112644510658,1.0,1.1025355423205792,30.0,0.9821377521947733,90.0,0.8501036754886532,380.0
1980-06-12 00:00:00-04:00,0.0,2.9228837490081783,2.903397857348124,2.9228837490081787,100600,WHR,2.9033992290496826,0,1.0,0.0,1.005361880607014,1.0,1.099035010521323,30.0,0.9826009801953298,89.0,0.850421772218759,380.0
1980-06-13 00:00:00-04:00,0.0,2.942371030781893,2.9033992290496826,2.9033992290496826,37000,WHR,2.961855411529541,1,0.9966557546154424,0.0,0.997322976414272,1.0,1.0885184432649513,29.0,0.9765369405844615,89.0,0.845073698211849,380.0
1980-06-16 00:00:00-04:00,0.0,2.981341302394867,2.9033977389335632,2.961855411529541,275000,WHR,2.9033992290496826,0,1.009966520818282,1.0,1.0119838935271888,2.0,1.1067958075336737,30.0,0.9966424198497805,89.0,0.8624060944557487,380.0
1980-06-17 00:00:00-04:00,0.0,2.981342832514104,2.9033992290496826,2.9033992290496826,18800,WHR,2.9228837490081787,1,0.9900334791817179,1.0,0.9933336243737615,1.0,1.0815390822829931,30.0,0.9774850853472817,89.0,0.8456972421704027,380.0
1980-06-18 00:00:00-04:00,0.0,2.942369640668233,2.8839119656880694,2.9228837490081787,55400,WHR,2.8839123249053955,0,1.0033442453845576,1.0,0.9999998205468213,2.0,1.0845984428580313,31.0,0.9845099522425071,90.0,0.851657858592748,381.0
1980-06-19 00:00:00-04:00,0.0,2.942370007166992,2.883912324905396,2.8839123249053955,19000,WHR,2.8839123249053955,0,0.9932886528807412,1.0,0.9893047336707045,2.0,1.066282307236088,31.0,0.9718935916865921,90.0,0.8405745612753727,381.0
1980-06-20 00:00:00-04:00,0.0,2.9033982189925944,2.8449405367309986,2.8839123249053955,91400,WHR,2.9228837490081787,1,1.0,0.0,0.990629172765689,2.0,1.0627093244088903,30.0,0.9724299998620044,89.0,0.840875436829482,380.0
1980-06-23 00:00:00-04:00,0.0,2.9228837490081783,2.8839119656880694,2.9228837490081787,21600,WHR,2.864426374435425,0,1.0067113471192588,1.0,1.0067112644510658,2.0,1.0732170358361595,31.0,0.9860891528510326,89.0,0.8525388267480445,380.0
1980-06-24 00:00:00-04:00,0.0,2.922884055546352,2.864426374435425,2.864426374435425,99200,WHR,2.9228837490081787,1,0.9898990423312636,1.0,0.989232873970582,2.0,1.048876093965646,30.0,0.9669522888205329,89.0,0.8358111660374674,379.0
1980-06-25 00:00:00-04:00,0.0,2.942369640668233,2.903397857348124,2.9228837490081787,678400,WHR,2.961855411529541,1,1.0101009576687365,1.0,1.0094211941066784,2.0,1.067488802950954,30.0,0.9871794185937962,90.0,0.853164353264276,380.0
1980-06-26 00:00:00-04:00,0.0,2.961855411529541,2.9033977389335632,2.961855411529541,193200,WHR,2.981343984603882,1,1.006622496164775,2.0,1.0174028659574323,3.0,1.0790342762388607,30.0,1.0007896464370802,91.0,0.8648202203984912,381.0
1980-06-27 00:00:00-04:00,0.0,3.000829892999985,2.9618580762077777,2.981343984603882,21400,WHR,3.0203158855438232,1,1.0032791383521509,2.0,1.0172879175349303,4.0,1.0835700904394674,30.0,1.0077728152240255,92.0,0.8708029270659972,381.0
1980-06-30 00:00:00-04:00,0.0,3.039801794482816,3.0008299766048308,3.0203158855438232,39400,WHR,3.1177425384521484,1,1.0064935204232062,2.0,1.0237786030927125,4.0,1.0942470853505002,31.0,1.0212423188933477,93.0,0.8824823335706183,381.0
1980-07-01 00:00:00-04:00,0.0,3.1177425384521484,3.000827193260193,3.1177425384521484,48400,WHR,3.2151732444763184,1,1.0158725522271745,2.0,1.038960650992896,5.0,1.124780005546419,32.0,1.0544069544029142,93.0,0.911244383473573,381.0
1980-07-02 00:00:00-04:00,0.0,3.23465914292769,3.11774375221946,3.2151732444763184,27600,WHR,3.23466157913208,1,1.0153848099933387,2.0,1.050955360402951,5.0,1.154115310777665,33.0,1.0874149255179044,94.0,0.9400102316941141,381.0
1980-07-03 00:00:00-04:00,0.0,3.254147492259382,3.1956897528774766,3.23466157913208,111200,WHR,3.156714916229248,0,1.0030215246108982,2.0,1.0387989889576927,5.0,1.155185399766647,34.0,1.0939773003939837,95.0,0.9459936106933394,382.0
1980-07-07 00:00:00-04:00,0.0,3.195686705318498,3.156714916229248,3.156714916229248,8400,WHR,3.0982584953308105,0,0.9878044012961209,1.0,1.00247490549826,4.0,1.1224017423440722,33.0,1.0677279728849691,94.0,0.9234924180554147,382.0
1980-07-08 00:00:00-04:00,0.0,3.156716202789882,3.078772592844453,3.0982584953308105,49800,WHR,3.059285879135132,0,0.990654409371205,0.0,0.9790641659675489,3.0,1.0975613119048795,32.0,1.0481490936158064,94.0,0.9066753473745583,382.0
1980-07-09 00:00:00-04:00,0.0,3.098257673773796,3.0397999818158,3.059285879135132,12200,WHR,3.0203158855438232,0,0.9936707534975647,0.0,0.9703335494423626,2.0,1.0802752718770186,31.0,1.0352102302135227,94.0,0.8955819115026611,381.0
1980-07-10 00:00:00-04:00,0.0,3.059287703421808,3.0008299766048308,3.0203158855438232,111400,WHR,2.942368745803833,0,0.9935900417330432,0.0,0.9699627325989089,1.0,1.0634655001873365,30.0,1.0223739924134854,93.0,0.8844663789961184,381.0
1980-07-11 00:00:00-04:00,0.0,2.9813405172714336,2.8839110886024324,2.942368745803833,20800,WHR,3.0982584953308105,1,0.9869275092413577,0.0,0.9630096048066061,0.0,1.0333023375753905,30.0,0.9964358932591535,93.0,0.8619601197584313,380.0
1980-07-14 00:00:00-04:00,0.0,3.09825849533081,2.961857177926309,3.0982584953308105,184000,WHR,3.0787713527679443,0,1.025806881190321,1.0,1.0179258927990793,1.0,1.0843376635633992,30.0,1.0494497089294694,94.0,0.9079075244986123,381.0
1980-07-15 00:00:00-04:00,0.0,3.156714931319032,3.0787713527679443,3.0787713527679443,634200,WHR,3.0787713527679443,0,0.9968452244780938,1.0,1.01282034348714,1.0,1.0737341633955393,30.0,1.0430417403087098,94.0,0.9024753256230357,381.0
1980-07-16 00:00:00-04:00,0.0,3.117743142043488,3.059285458130173,3.0787713527679443,368000,WHR,3.1177425384521484,1,1.0,0.0,1.011523546662845,1.0,1.0700980802163316,29.0,1.0432621326885325,93.0,0.9027331398416262,381.0
1980-07-17 00:00:00-04:00,0.0,3.1177425384521484,3.0787707567214966,3.1177425384521484,70600,WHR,3.254146099090576,1,1.0062892113805189,1.0,1.0178115543166657,2.0,1.0801076762477522,29.0,1.056607313678691,94.0,0.9144107396826029,382.0
1980-07-18 00:00:00-04:00,0.0,3.2541460990905766,3.1567165751657087,3.254146099090576,602800,WHR,3.254146099090576,0,1.0214070848374135,2.0,1.0411475185195322,3.0,1.1226895201578893,30.0,1.102805542695355,94.0,0.9546405796428648,383.0
1980-07-21 00:00:00-04:00,0.0,3.2736320038755498,3.2541460990905766,3.254146099090576,70600,WHR,3.2736330032348637,1,1.0,1.0,1.0308645524164983,2.0,1.1178049792797202,30.0,1.102863804250539,93.0,0.9548643728366268,383.0
1980-07-22 00:00:00-04:00,0.0,3.3515766461690264,3.2736330032348637,3.2736330032348637,49800,WHR,3.2736330032348637,0,1.0029852272631814,1.0,1.024390738123965,3.0,1.120000759793791,30.0,1.1094974230332415,94.0,0.9608076566762842,383.0
1980-07-23 00:00:00-04:00,0.0,3.2736330032348637,3.2151752710342407,3.2736330032348637,65200,WHR,3.2151732444763184,0,1.0,1.0,1.0120485160182524,3.0,1.1155385948046657,30.0,1.109556044202334,93.0,0.9610165094594272,383.0
1980-07-24 00:00:00-04:00,0.0,3.293116838281805,3.1956873460249464,3.2151732444763184,49200,WHR,3.137228012084961,0,0.9909906758613473,0.0,0.9880235730424978,2.0,1.0918716661944814,29.0,1.0899146156729993,92.0,0.9440709222741007,383.0
1980-07-25 00:00:00-04:00,0.0,3.1761997886326,3.1177421238111416,3.137228012084961,36000,WHR,3.1177425384521484,0,0.9877298002372175,0.0,0.9710487368392279,1.0,1.0627057738297196,28.0,1.0638010792624397,91.0,0.9213789303925268,383.0
1980-07-28 00:00:00-04:00,0.0,3.1372284293174744,3.0982566475868225,3.1177425384521484,67400,WHR,3.156714916229248,1,0.9968848016988442,0.0,0.9732355534049759,1.0,1.053324221199633,28.0,1.0576689820363119,90.0,0.9158448872900722,383.0
1980-07-29 00:00:00-04:00,0.0,3.195686705318498,3.117743127139998,3.156714916229248,15600,WHR,3.371060609817505,1,1.0062112745298835,1.0,0.9926469485704744,1.0,1.0640392752170478,28.0,1.0712866217426928,91.0,0.9274683161574182,384.0
1980-07-30 00:00:00-04:00,0.0,3.3905465092962186,3.156715715551652,3.371060609817505,62400,WHR,3.4100334644317627,1,1.0328359473656819,2.0,1.0535934524246948,2.0,1.1326932938983567,28.0,1.1441799232926309,91.0,0.9905865911373116,384.0
1980-07-31 00:00:00-04:00,0.0,3.4100334644317627,3.3515757478986465,3.4100334644317627,125400,WHR,3.4100334644317627,0,1.0057472812185653,2.0,1.0529487713317816,3.0,1.1414289070125663,29.0,1.1574690370695837,92.0,1.0021822304168342,384.0
1980-08-01 00:00:00-04:00,0.0,3.4100334644317627,3.390547558920724,3.4100334644317627,19400,WHR,3.390547275543213,0,1.0,1.0,1.035503283304665,3.0,1.1368562687133734,29.0,1.157560911337633,91.0,1.0023486956514132,383.0
1980-08-04 00:00:00-04:00,0.0,3.4100331794256453,3.3710613716607805,3.390547275543213,29400,WHR,3.449005365371704,1,0.9971346286981042,0.0,1.0128056910320706,3.0,1.126578566197825,28.0,1.1510070886822277,91.0,0.9968036060082002,382.0
1980-08-05 00:00:00-04:00,0.0,3.449005365371704,3.3710617412955077,3.449005365371704,36200,WHR,3.390547275543213,0,1.0085470633676812,1.0,1.0125859123066252,3.0,1.1414450448810802,29.0,1.170821185808831,92.0,1.014141040135462,383.0
1980-08-06 00:00:00-04:00,0.0,3.4295190833080773,3.390547275543213,3.390547275543213,37600,WHR,3.4100334644317627,1,0.9914529366323188,1.0,0.9942856589915233,2.0,1.1183720886137962,28.0,1.1510375432681679,92.0,0.9971063510492338,383.0
1980-08-07 00:00:00-04:00,0.0,3.4100334644317627,3.371061653409685,3.4100334644317627,64600,WHR,3.390547275543213,0,1.0028653713018958,1.0,1.0000000279667152,2.0,1.1207177146269387,29.0,1.157744701761586,92.0,1.002997866013093,383.0
1980-08-08 00:00:00-04:00,0.0,3.4100331794256453,3.332089563895916,3.390547275543213,201600,WHR,3.4684908390045166,1,0.9971346286981042,1.0,0.9954233021985766,2.0,1.1106386538190305,28.0,1.1512203154432774,92.0,0.9974264323989852,383.0
1980-08-11 00:00:00-04:00,0.0,3.5074626461843423,3.371061321054951,3.4684908390045166,34400,WHR,3.487974166870117,1,1.0113636288586862,1.0,1.0136673745429672,3.0,1.1320758152679622,28.0,1.177622800885633,93.0,1.020496155671846,384.0
1980-08-12 00:00:00-04:00,0.0,3.5269459452709007,3.4684882776697257,3.487974166870117,33200,WHR,3.507462739944458,1,1.0028007512219421,2.0,1.017044830291524,3.0,1.1343467867115031,28.0,1.1840811147703376,94.0,1.0263638608189118,385.0
1980-08-13 00:00:00-04:00,0.0,3.5269486440552607,3.468490931722853,3.507462739944458,29600,WHR,3.429518699645996,0,1.0027858979123028,2.0,1.0158015048127607,4.0,1.1364835848530244,29.0,1.190507999535384,95.0,1.0322287372098178,386.0
1980-08-14 00:00:00-04:00,0.0,3.5074623064561323,3.390546896240928,3.429518699645996,73000,WHR,3.4100334644317627,0,0.9887639831564745,1.0,0.992108292505769,3.0,1.1076150665542033,29.0,1.1639289531848598,95.0,1.0094175453158627,386.0
1980-08-15 00:00:00-04:00,0.0,3.4684911809648784,3.371061653409685,3.4100334644317627,80000,WHR,3.3515758514404297,0,0.9971510948748118,0.0,0.985360598616169,3.0,1.0980970482487207,28.0,1.1573465608540634,94.0,1.0038436209023196,385.0
1980-08-18 00:00:00-04:00,0.0,3.4100335697795066,3.3515758514404297,3.3515758514404297,42200,WHR,3.23466157913208,0,0.9913544823043665,0.0,0.9750569315585823,2.0,1.0765704274058667,27.0,1.1376267454967919,94.0,0.9867990583101096,385.0
1980-08-19 00:00:00-04:00,0.0,3.3126052316412866,3.156717926622873,3.23466157913208,188800,WHR,3.156714916229248,0,0.9822487006366263,0.0,0.9551211767285984,1.0,1.0373927014620312,26.0,1.0982039759816815,94.0,0.952583853477831,384.0
1980-08-20 00:00:00-04:00,0.0,3.215172599863123,3.156714916229248,3.156714916229248,14400,WHR,3.2736330032348637,1,0.9878044012961209,0.0,0.9518209128657791,0.0,1.0115514513898989,25.0,1.0720238971016116,94.0,0.9298532476147611,384.0
1980-08-21 00:00:00-04:00,0.0,3.332090735435486,3.156717538833618,3.2736330032348637,369000,WHR,3.390547275543213,1,1.01818223344521,1.0,0.9964415197701806,1.0,1.0472733527658333,26.0,1.1118176939702302,95.0,0.9645089667646602,384.0
1980-08-22 00:00:00-04:00,0.0,3.4100331794256453,3.293117756131052,3.390547275543213,201600,WHR,3.254146099090576,0,1.0175436839067304,2.0,1.0332540587430614,2.0,1.0818655474771817,27.0,1.151494580513964,95.0,0.9991389218242175,385.0
1980-08-25 00:00:00-04:00,0.0,3.3320897182304705,3.215174289520629,3.254146099090576,48600,WHR,3.23466157913208,0,0.9794721639115282,1.0,0.9976104789841961,2.0,1.036516270356287,26.0,1.1053749606037895,94.0,0.9591475026306486,385.0
1980-08-26 00:00:00-04:00,0.0,3.273633405386684,3.1956897528774766,3.23466157913208,74000,WHR,3.1177425384521484,0,0.9969972110556014,0.0,0.9916371880818593,2.0,1.0282889601972827,26.0,1.0989891920776276,94.0,0.9536181160174794,384.0
1980-08-27 00:00:00-04:00,0.0,3.25414377450943,3.1177425384521484,3.1177425384521484,126200,WHR,3.156714916229248,1,0.9815945209851675,0.0,0.9580831479334785,2.0,0.9900985626115149,25.0,1.0596864181412604,93.0,0.9193760474508315,384.0
1980-08-28 00:00:00-04:00,0.0,3.156714916229248,3.098257232595373,3.156714916229248,74600,WHR,3.156714916229248,0,1.0062112745298835,1.0,0.9770804675738701,2.0,1.0012358287095862,26.0,1.0733592380793746,93.0,0.9310503213864876,385.0
1980-08-29 00:00:00-04:00,0.0,3.156714916229248,3.117743127139998,3.156714916229248,3600,WHR,3.1956863403320312,1,1.0,1.0,0.9914318065998778,1.0,0.9998968703722506,26.0,1.073757644551818,93.0,0.9312215841298124,385.0
1980-09-02 00:00:00-04:00,0.0,3.1956863403320312,3.1177427710556405,3.1956863403320312,16600,WHR,3.293116807937622,1,1.0061349122211904,1.0,1.0073707569731727,2.0,1.0105778311087925,27.0,1.0873597339706975,94.0,0.9428914801673098,385.0
1980-09-03 00:00:00-04:00,0.0,3.293116807937622,3.1762014183067007,3.293116807937622,42200,WHR,3.3126046657562256,1,1.0150151677249712,2.0,1.0342719446930346,3.0,1.0391472941219593,28.0,1.1206598941424872,95.0,0.9717949096291012,385.0
1980-09-04 00:00:00-04:00,0.0,3.3905483049504896,3.3126046657562256,3.3126046657562256,114200,WHR,3.4100334644317627,1,1.0029501482761891,2.0,1.027811988685752,4.0,1.0431586386855336,28.0,1.1273514885369131,96.0,0.9777031705703659,385.0
1980-09-05 00:00:00-04:00,0.0,3.4100334644317627,3.293118031365531,3.4100334644317627,18600,WHR,3.449005365371704,1,1.0144926436301893,2.0,1.0416669488829355,4.0,1.071100978157409,29.0,1.1604778467289052,96.0,1.0066036542330088,385.0
1980-09-08 00:00:00-04:00,0.0,3.4879771774098027,3.429519459352655,3.449005365371704,96200,WHR,3.390547275543213,0,1.0056818312167302,2.0,1.0350879058362874,5.0,1.080366538205534,30.0,1.173647086996289,97.0,1.018242432595797,386.0
1980-09-09 00:00:00-04:00,0.0,3.4490049871905097,3.3710613716607805,3.390547275543213,56800,WHR,3.3126046657562256,0,0.9914529366323188,1.0,1.0057803038134225,4.0,1.059360917766662,30.0,1.1536628383860792,97.0,1.0011221979132314,386.0
1980-09-10 00:00:00-04:00,0.0,3.4295201245476217,3.3126046657562256,3.3126046657562256,154200,WHR,3.3126046657562256,0,0.9883722448081823,0.0,0.9815243918514704,3.0,1.0331211118713712,29.0,1.1272318789949245,96.0,0.9782657896296617,386.0
1980-09-11 00:00:00-04:00,0.0,3.3126046657562256,3.195689206964829,3.3126046657562256,112800,WHR,3.2736330032348637,0,1.0,0.0,0.9815243918514704,2.0,1.0309283057444578,29.0,1.1273215764544045,96.0,0.978412176665778,386.0
1980-09-12 00:00:00-04:00,0.0,3.312604824701945,3.2736330032348637,3.2736330032348637,110400,WHR,3.3515758514404297,1,0.9940828642268946,0.0,0.9778813942420267,1.0,1.0169496496526371,28.0,1.1142363534712867,95.0,0.9670573328721509,386.0
1980-09-15 00:00:00-04:00,0.0,3.3515758514404297,3.234660414762275,3.3515758514404297,55400,WHR,3.4100334644317627,1,1.0117645873383394,1.0,1.0070256618067057,1.0,1.038647594247538,29.0,1.1408260502878242,96.0,0.990201969792123,387.0
1980-09-16 00:00:00-04:00,0.0,3.4295193699428013,3.3515757478986465,3.4100334644317627,130600,WHR,3.4684908390045166,1,1.0086455176956335,2.0,1.0233916630660378,2.0,1.053899640485489,30.0,1.1606933485986077,97.0,1.0075831156040955,387.0
1980-09-17 00:00:00-04:00,0.0,3.468490839004516,3.4295190318246904,3.4684908390045166,39400,WHR,3.4684908390045166,0,1.008498534277701,2.0,1.0312860253323441,3.0,1.068962165976028,30.0,1.1804655609228187,98.0,1.02493848422664,388.0
1980-09-18 00:00:00-04:00,0.0,3.5854062605439943,3.468490839004516,3.4684908390045166,140000,WHR,3.487974166870117,1,1.0,1.0,1.0218138882664642,3.0,1.0656556493409108,30.0,1.1803403159625236,98.0,1.0249975032590846,388.0
1980-09-19 00:00:00-04:00,0.0,3.487974166870117,3.429516499268942,3.487974166870117,40400,WHR,3.487974166870117,0,1.0028007512219421,1.0,1.014738586287021,4.0,1.0685496997575725,30.0,1.1869390859985467,98.0,1.0307848341774637,389.0
1980-09-22 00:00:00-04:00,0.0,3.507460056070509,3.4490023884693337,3.487974166870117,30200,WHR,3.3515758514404297,0,1.0,1.0,1.0067486927586209,3.0,1.065686948280519,29.0,1.1868761299288282,98.0,1.0307967064898063,389.0
1980-09-23 00:00:00-04:00,0.0,3.546434912570687,3.3515758514404297,3.3515758514404297,38000,WHR,3.371060609817505,1,0.9800574138555127,0.0,0.970655018452179,2.0,1.02208599654853,28.0,1.1406444844936852,97.0,0.990538417444119,389.0
1980-09-24 00:00:00-04:00,0.0,3.3905465092962186,3.312602911381363,3.371060609817505,25000,WHR,3.332087993621826,0,1.0028983804924398,1.0,0.9818389228566317,2.0,1.0261986026590493,28.0,1.1474279358554118,98.0,0.9963371877093428,390.0
1980-09-25 00:00:00-04:00,0.0,3.332087993621826,3.3126020989222837,3.332087993621826,28800,WHR,3.293116807937622,0,0.9941859238842352,1.0,0.978260822393449,2.0,1.0132328989394095,27.0,1.1343130640522612,98.0,0.984880989972546,389.0
1980-09-26 00:00:00-04:00,0.0,3.3320886044812625,3.2736309096658016,3.293116807937622,80600,WHR,3.1762003898620605,0,0.9941177387188044,0.0,0.9780092985964588,1.0,1.0009869929591722,26.0,1.1212547078399397,98.0,0.9734293705369066,389.0
1980-09-29 00:00:00-04:00,0.0,3.254143957711436,3.1762003898620605,3.1762003898620605,59000,WHR,3.1956863403320312,1,0.9819275489977015,0.0,0.9610845992230436,1.0,0.9657347000255131,25.0,1.0817622938774563,98.0,0.939015477865297,388.0
1980-09-30 00:00:00-04:00,0.0,3.1956863403320312,3.156714555693836,3.1956863403320312,79200,WHR,3.2736330032348637,1,1.0030581131296064,1.0,0.9761903215133799,2.0,0.9714676154993419,26.0,1.0886879017921405,99.0,0.9449287464719988,388.0
1980-10-01 00:00:00-04:00,0.0,3.2736330032348637,3.1762034495671587,3.2736330032348637,103000,WHR,3.4100334644317627,1,1.0120486652093228,2.0,1.0059886995798115,2.0,0.9942794260770954,27.0,1.1154496505558757,99.0,0.9681328919397474,388.0
1980-10-02 00:00:00-04:00,0.0,3.4295193699428013,3.2736321258544923,3.4100334644317627,71400,WHR,3.4100334644317627,0,1.0204080293139641,2.0,1.0429085250428123,3.0,1.0338718133286868,28.0,1.1619572664850133,99.0,1.0086051742639592,388.0
1980-10-03 00:00:00-04:00,0.0,3.4100334644317627,3.371061653409685,3.4100334644317627,39400,WHR,3.449005365371704,1,1.0,1.0,1.0355031783474238,3.0,1.0318398349158264,28.0,1.1618029858767343,99.0,1.0087447058947048,387.0
1980-10-06 00:00:00-04:00,0.0,3.449005365371704,3.410033553333606,3.449005365371704,55400,WHR,3.4684908390045166,1,1.0056818312167302,1.0,1.0302678536874599,4.0,1.04097258299866,29.0,1.174799989606144,100.0,1.0204144091844745,387.0
1980-10-07 00:00:00-04:00,0.0,3.487976742594429,3.4490049354146035,3.4684908390045166,20400,WHR,3.4684908390045166,0,1.0028168390783483,2.0,1.0194729433421619,4.0,1.044907637422942,29.0,1.1810922038029128,101.0,1.0263450082842354,387.0
1980-10-08 00:00:00-04:00,0.0,3.5074626461843423,3.468490839004516,3.4684908390045166,206400,WHR,3.56591796875,1,1.0,1.0,1.007927455243274,3.0,1.042866993899187,29.0,1.1805908489440649,101.0,1.026498895800494,387.0
1980-10-09 00:00:00-04:00,0.0,3.585403859289617,3.468488516051912,3.56591796875,154600,WHR,3.526947498321533,0,1.0138500807115565,1.0,1.0269354351081708,3.0,1.0695493480386555,30.0,1.2130125291526448,102.0,1.0554419863142936,388.0
1980-10-10 00:00:00-04:00,0.0,3.585405191663879,3.526947498321533,3.526947498321533,65200,WHR,3.449005365371704,0,0.9945056803051762,1.0,1.0089184905623625,3.0,1.0557011429228078,29.0,1.1990883618392938,102.0,1.044009850774941,388.0
1980-10-13 00:00:00-04:00,0.0,3.507463083428852,3.449005365371704,3.449005365371704,7600,WHR,3.449005365371704,0,0.9888270270065207,0.0,0.9866223664594731,2.0,1.0313685720025214,28.0,1.172061665535665,102.0,1.021038360748528,388.0
1980-10-14 00:00:00-04:00,0.0,3.507463083428852,3.449005365371704,3.449005365371704,44000,WHR,3.507462739944458,1,1.0,0.0,0.9877234833594527,1.0,1.0303679220812632,28.0,1.1715341390909957,102.0,1.0211384996286128,388.0
1980-10-15 00:00:00-04:00,0.0,3.5269486440552607,3.4490050276120505,3.507462739944458,133400,WHR,3.4684908390045166,0,1.0084033123832021,1.0,1.002227340669393,2.0,1.0466131612075842,28.0,1.1906339939044244,103.0,1.0385776470416208,388.0
1980-10-16 00:00:00-04:00,0.0,3.5269485497742554,3.468490839004516,3.4684908390045166,20800,WHR,3.3515758514404297,0,0.9944133944558425,1.0,0.9966405431142745,1.0,1.0339820867806666,28.0,1.176719741221378,103.0,1.0271801082616592,388.0
1980-10-17 00:00:00-04:00,0.0,3.48797719423161,3.3515758514404297,3.3515758514404297,104400,WHR,3.23466157913208,0,0.9828572075801125,0.0,0.9728507263310163,1.0,0.9984522263419605,28.0,1.136604345064095,102.0,0.9927108597397762,388.0
1980-10-20 00:00:00-04:00,0.0,3.3126052316412866,3.23466157913208,3.23466157913208,105800,WHR,3.1762003898620605,0,0.9822487006366263,0.0,0.9507448823253003,1.0,0.9631569015613352,28.0,1.0966658704102226,102.0,0.9583251214766325,387.0
1980-10-21 00:00:00-04:00,0.0,3.234658065749092,3.1762003898620605,3.1762003898620605,76600,WHR,3.137228012084961,0,0.9908809159278792,0.0,0.9487770700531701,1.0,0.9454751343364672,28.0,1.0765893928101993,102.0,0.9412549309319314,387.0
1980-10-22 00:00:00-04:00,0.0,3.1761997886326,3.1177421238111416,3.137228012084961,59600,WHR,3.1177425384521484,0,0.9938270658514032,0.0,0.9583327173128934,0.0,0.9339643307516575,27.0,1.0631548071444923,102.0,0.9299741251413292,386.0
1980-10-23 00:00:00-04:00,0.0,3.1567143201828003,3.1177425384521484,3.1177425384521484,90800,WHR,3.1177425384521484,0,0.9968848016988442,0.0,0.9732356403244447,0.0,0.9293315059769383,26.0,1.0563561889175117,102.0,0.9244756912528213,385.0
1980-10-24 00:00:00-04:00,0.0,3.1177425384521484,3.0592848658561707,3.1177425384521484,89800,WHR,3.00082802772522,0,1.0,0.0,0.9876541046621694,0.0,0.9306829443620404,25.0,1.0562167252933412,101.0,0.9247588830187027,384.0
1980-10-27 00:00:00-05:00,0.0,3.1177434054288,2.9618562351573594,3.00082802772522,157000,WHR,2.981343984603882,0,0.9808918587336043,0.0,0.9649125120363138,0.0,0.8976100070997882,25.0,1.0167162677358696,100.0,0.890384298007106,384.0
1980-10-28 00:00:00-05:00,0.0,3.000829892999985,2.942372167811674,2.981343984603882,63200,WHR,2.961855411529541,0,0.996742981799724,0.0,0.9708128601847714,0.0,0.893604896957224,25.0,1.0101948728427395,100.0,0.8848947555060421,384.0
1980-10-29 00:00:00-05:00,0.0,2.981341302394867,2.942369520664215,2.961855411529541,61600,WHR,2.9228837490081787,0,0.9967208616478491,0.0,0.9756095300757105,0.0,0.8899292536305916,24.0,1.0036709146380995,100.0,0.8794104234444733,383.0
1980-10-30 00:00:00-05:00,0.0,2.9228837490081783,2.903397857348124,2.9228837490081787,78600,WHR,2.9228837490081787,0,0.993377503835225,0.0,0.975292390908012,0.0,0.8802812509299022,24.0,0.9905432500812854,100.0,0.8681557056963862,382.0
1980-10-31 00:00:00-05:00,0.0,2.9228837490081783,2.8059683990478512,2.9228837490081787,494000,WHR,2.9228837490081787,0,1.0,0.0,0.9881420819044141,0.0,0.8824390242445278,23.0,0.9904909239449868,100.0,0.8684924871349047,381.0
1980-11-03 00:00:00-05:00,0.0,2.9228837490081783,2.8839119656880694,2.9228837490081787,58000,WHR,2.864426374435425,0,1.0,0.0,0.9933773187017516,0.0,0.884520461370786,23.0,0.9903862885756604,100.0,0.8688848896721957,380.0
1980-11-05 00:00:00-05:00,0.0,3.1762006736937023,2.844940480731782,2.864426374435425,887600,WHR,2.9228837490081787,1,0.9898990423312636,0.0,0.981308502053709,0.0,0.869479177248843,22.0,0.9705530328595752,100.0,0.8518921831222029,380.0
1980-11-06 00:00:00-05:00,0.0,2.942369640668233,2.8059683990478512,2.9228837490081787,88200,WHR,3.00082802772522,1,1.0101009576687365,1.0,1.0040160435360426,1.0,0.8897672498320294,22.0,0.9903078269554395,100.0,0.8696304236550075,381.0
1980-11-07 00:00:00-05:00,0.0,3.0008280277252197,2.9033985463055694,3.00082802772522,27600,WHR,2.961855411529541,0,1.0131580133630378,2.0,1.0252997728915612,2.0,0.9158487334130697,22.0,1.0165015253960017,101.0,0.8931521777004431,382.0
1980-11-10 00:00:00-05:00,0.0,3.000827193260193,2.961855411529541,2.961855411529541,6800,WHR,2.981343984603882,1,0.9934639132543737,1.0,1.0092960462384797,2.0,0.9061098301650948,22.0,1.003114534262428,101.0,0.8818798900764336,382.0
1980-11-11 00:00:00-05:00,0.0,2.981343984603882,2.9618580762077777,2.981343984603882,34600,WHR,3.0982584953308105,1,1.0032791383521509,1.0,1.0119053938689553,3.0,0.9140698649698948,23.0,1.0095816239549718,101.0,0.8880174187550496,382.0
1980-11-12 00:00:00-05:00,0.0,3.09825849533081,3.000828982899024,3.0982584953308105,38200,WHR,3.1177425384521484,1,1.0192306176452814,2.0,1.0351564880399906,4.0,0.9511466535872938,24.0,1.048785192959657,102.0,0.9231413960430529,383.0
1980-11-13 00:00:00-05:00,0.0,3.176200211048126,3.0787707567214966,3.1177425384521484,20600,WHR,3.2151732444763184,1,1.0031344980503454,2.0,1.0282772711025525,4.0,0.9577010569498411,25.0,1.054963176849775,103.0,0.9292488909921373,383.0
1980-11-14 00:00:00-05:00,0.0,3.2541450413790614,3.1567155491222034,3.2151732444763184,58400,WHR,3.254146099090576,1,1.0153848099933387,2.0,1.0456273902823947,4.0,0.987334105247651,26.0,1.0873576371311242,104.0,0.9585610820152337,384.0
1980-11-17 00:00:00-05:00,0.0,3.2541460990905766,3.195688384735656,3.254146099090576,34800,WHR,3.293116807937622,1,1.0060242588971917,2.0,1.0385574184486974,5.0,0.9994017923822519,26.0,1.0999292047033413,104.0,0.9704396549363687,385.0
1980-11-18 00:00:00-05:00,0.0,3.293116807937622,3.234659113122161,3.293116807937622,51000,WHR,3.293116807937622,0,1.0059522138335415,2.0,1.0304877660281562,5.0,1.011874968538397,26.0,1.112427563313821,105.0,0.9823239402670052,385.0
1980-11-19 00:00:00-05:00,0.0,3.293116807937622,3.2736309096658016,3.293116807937622,27000,WHR,3.293116807937622,0,1.0,1.0,1.018072293419228,4.0,1.0116730635919546,26.0,1.1117543050514211,105.0,0.9826152273928913,384.0
1980-11-20 00:00:00-05:00,0.0,3.312602706209442,3.2736309096658016,3.293116807937622,49600,WHR,3.2151732444763184,0,1.0,0.0,1.0071513018472993,3.0,1.011370361523945,26.0,1.111227972632095,104.0,0.982895254640114,384.0
1980-11-21 00:00:00-05:00,0.0,3.332088635184548,3.2151732444763184,3.2151732444763184,29000,WHR,3.0787713527679443,0,0.9880239567023609,0.0,0.9833134102725294,2.0,0.9869404139753107,26.0,1.0844703624777152,104.0,0.9599608718720425,383.0
1980-11-24 00:00:00-05:00,0.0,3.1762008259568035,3.039799563492401,3.0787713527679443,22400,WHR,3.137228012084961,1,0.9783280755651875,0.0,0.9518070834543857,1.0,0.9454470395449809,25.0,1.0382439600439997,103.0,0.9195988914052464,382.0
1980-11-25 00:00:00-05:00,0.0,3.1567139003587807,3.0592844589896826,3.137228012084961,58200,WHR,3.1177425384521484,0,1.0094042254327675,1.0,0.9793183640271049,1.0,0.9634943459173528,26.0,1.0577068949101942,103.0,0.9374303373293101,382.0
1980-11-26 00:00:00-05:00,0.0,3.1567143201828003,3.1177425384521484,3.1177425384521484,24600,WHR,3.0982584953308105,0,0.9968848016988442,1.0,0.9840096734960314,1.0,0.9578922005798229,25.0,1.0509164951301642,103.0,0.931987771719995,381.0
1980-11-28 00:00:00-05:00,0.0,3.117744397817168,3.09825849533081,3.0982584953308105,90200,WHR,3.00082802772522,0,0.9968655019496546,0.0,0.9900377429168016,1.0,0.9528567037052973,24.0,1.0441020030286072,103.0,0.9265303945656392,381.0
1980-12-01 00:00:00-05:00,0.0,3.0982575091448696,3.0008280277252197,3.00082802772522,195200,WHR,2.9228837490081787,0,0.9840253999943632,0.0,0.9722223123401843,1.0,0.9243695919634333,23.0,1.0110558283294744,103.0,0.8977496682591907,381.0
1980-12-02 00:00:00-05:00,0.0,3.0008273156483964,2.9228837490081783,2.9228837490081787,35400,WHR,2.961855411529541,1,0.9868419866369624,0.0,0.956632542781061,1.0,0.9026172349043209,22.0,0.9846909689644248,103.0,0.8747678544932264,381.0
1980-12-03 00:00:00-05:00,0.0,2.961855411529541,2.922883629798889,2.961855411529541,40400,WHR,3.0787713527679443,1,1.006622496164775,1.0,0.9806449793756191,1.0,0.9169511508312959,22.0,0.9976105779731679,104.0,0.8867675339792876,381.0
1980-12-04 00:00:00-05:00,0.0,3.0787713527679443,2.92288419566577,3.0787713527679443,39800,WHR,3.0787713527679443,0,1.019354935472826,2.0,1.0219922053732404,2.0,0.9546825684462619,23.0,1.0366091490586395,105.0,0.9220944642091803,381.0
1980-12-05 00:00:00-05:00,0.0,3.117743142043488,3.0787713527679443,3.0787713527679443,13400,WHR,2.961855411529541,0,1.0,1.0,1.0233161143219116,2.0,0.9558376717646366,23.0,1.0361197082806486,105.0,0.9224066900320416,381.0
1980-12-08 00:00:00-05:00,0.0,3.0397989749908447,2.922883629798889,2.961855411529541,98800,WHR,2.9033992290496826,0,0.980645064527174,0.0,0.9870129007519604,2.0,0.9212117659910618,23.0,0.9964856730425611,104.0,0.8877515710438568,380.0
1980-12-09 00:00:00-05:00,0.0,2.961856931647999,2.8839133281835774,2.9033992290496826,54000,WHR,2.942368745803833,1,0.9900334791817179,0.0,0.9687909609945643,2.0,0.9047668475028933,23.0,0.9767162415006955,103.0,0.870611963483807,380.0
1980-12-10 00:00:00-05:00,0.0,2.961854631537633,2.922882860070033,2.942368745803833,377400,WHR,3.0203158855438232,1,1.0066662783952056,1.0,0.9830725324835138,2.0,0.9188635247163535,23.0,0.9896181744034644,104.0,0.8826635232501535,381.0
1980-12-11 00:00:00-05:00,0.0,3.0203158855438232,2.922886340848861,3.0203158855438232,24600,WHR,3.00082802772522,0,1.0130724907586421,2.0,1.0130725555711444,2.0,0.9451224858604823,23.0,1.0155415862648336,104.0,0.9063908042047905,382.0
1980-12-12 00:00:00-05:00,0.0,3.020313924009149,2.9813421314412896,3.00082802772522,24400,WHR,2.961855411529541,0,0.9967634293251725,1.0,1.0118265284922312,2.0,0.9413202207583427,22.0,1.008698260767246,104.0,0.9008796924962865,382.0
1980-12-15 00:00:00-05:00,0.0,3.000827193260193,2.961855411529541,2.961855411529541,86400,WHR,2.9228837490081787,0,0.9934639132543737,0.0,0.9986856465132573,2.0,0.9315624984502605,22.0,0.9953633024574864,104.0,0.8895231465593412,382.0
1980-12-16 00:00:00-05:00,0.0,2.9813414239883422,2.9228837490081783,2.9228837490081787,257200,WHR,2.9228837490081787,0,0.993377503835225,0.0,0.984251811094632,2.0,0.9220363937362972,21.0,0.9821892756306376,103.0,0.8781735342675839,381.0
1980-12-17 00:00:00-05:00,0.0,2.942369640668233,2.8839119656880694,2.9228837490081787,28200,WHR,2.8839123249053955,0,1.0,0.0,0.9855451177879296,1.0,0.9247839303471114,21.0,0.9821892756306376,102.0,0.8785232795617497,381.0
1980-12-18 00:00:00-05:00,0.0,2.9033982189925944,2.689053384033409,2.8839123249053955,568200,WHR,2.8449411392211914,0,0.9932886528807412,0.0,0.9814324194970168,0.0,0.9147093578952051,21.0,0.969017398422053,102.0,0.8671449394669775,381.0
1980-12-19 00:00:00-05:00,0.0,2.8449411392211914,2.805969342793504,2.8449411392211914,167200,WHR,2.8839123249053955,1,0.9931973847946649,0.0,0.9785525274796865,0.0,0.9048652343414335,20.0,0.9558977355276284,102.0,0.8557578672375438,381.0
1980-12-22 00:00:00-05:00,0.0,2.922884113079793,2.805968748556601,2.8839123249053955,550200,WHR,2.981343984603882,1,1.006802615205335,1.0,0.9973045908773974,1.0,0.9194448601084213,21.0,0.9689412694762458,102.0,0.867770314675652,382.0
1980-12-23 00:00:00-05:00,0.0,2.981343984603882,2.8839144426233627,2.981343984603882,146600,WHR,2.981343984603882,0,1.016611662740215,2.0,1.026846219898594,2.0,0.9520851558674371,22.0,1.0015978156036887,102.0,0.8973611370568654,383.0
1980-12-24 00:00:00-05:00,0.0,2.981343984603882,2.942372167811674,2.981343984603882,38000,WHR,2.981343984603882,0,1.0,1.0,1.0227276742305462,2.0,0.9530736033142275,22.0,1.001624041183264,101.0,0.8976665010683974,382.0
1980-12-26 00:00:00-05:00,0.0,2.981343984603882,2.9618580762077777,2.981343984603882,1200,WHR,2.942368745803833,0,1.0,0.0,1.015936504540225,2.0,0.9541632703119635,21.0,1.001545357654734,101.0,0.8979668030958797,382.0
1980-12-29 00:00:00-05:00,0.0,2.961854631537633,2.903396974336233,2.942368745803833,21400,WHR,2.942368745803833,0,0.9934204711514824,0.0,0.996041431525206,2.0,0.9433563532743507,20.0,0.9885297655238114,100.0,0.8865450391930794,381.0
1980-12-30 00:00:00-05:00,0.0,2.942368745803833,2.922882860070033,2.942368745803833,31800,WHR,3.00082802772522,1,1.0,0.0,0.9921149413759167,1.0,0.945719683803263,19.0,0.9886074313542981,100.0,0.8868678703793347,380.0
1980-12-31 00:00:00-05:00,0.0,3.0008280277252197,2.9228844425894995,3.00082802772522,84800,WHR,3.0203158855438232,1,1.0098363362595977,1.0,1.0104986522627566,1.0,0.9666282607653183,20.0,1.0083019970172895,100.0,0.904812420082049,380.0
1981-01-02 00:00:00-05:00,0.0,3.039801794482816,3.0203158855438232,3.0203158855438232,52400,WHR,3.137228012084961,1,1.0032365706748276,2.0,1.0143985217278961,2.0,0.9751500019471249,20.0,1.0147969171486746,101.0,0.9110202788221026,380.0
1981-01-05 00:00:00-05:00,0.0,3.1567139003587807,3.0592844589896826,3.137228012084961,112600,WHR,3.0982584953308105,0,1.0189868117036338,2.0,1.0427458596251447,3.0,1.014705427889855,20.0,1.0538850662751453,101.0,0.9466072729690141,380.0
1981-01-06 00:00:00-05:00,0.0,3.137230300303525,3.09825849533081,3.0982584953308105,30000,WHR,3.1177425384521484,1,0.9937503646735817,1.0,1.019231089295002,3.0,1.0041051153554745,20.0,1.040657843797252,101.0,0.9351677637242225,380.0
1981-01-07 00:00:00-05:00,0.0,3.1177425384521484,2.961855411529541,3.1177425384521484,138200,WHR,3.1956863403320312,1,1.0031344980503454,1.0,1.0139413642230135,4.0,1.0128715955180396,20.0,1.047037769280093,102.0,0.9413588136239727,381.0
1981-01-08 00:00:00-05:00,0.0,3.1956863403320312,3.156714555693836,3.1956863403320312,8200,WHR,3.156714916229248,0,1.01234571630985,2.0,1.0262826354605592,4.0,1.0400589461505547,21.0,1.0730171840317984,102.0,0.9651881473802113,382.0
1981-01-09 00:00:00-05:00,0.0,3.156714916229248,3.117743127139998,3.156714916229248,97000,WHR,3.1177425384521484,0,0.9938650877788096,1.0,1.0049628239819821,3.0,1.029006874151949,21.0,1.0597930502593258,102.0,0.9537151528117187,382.0
1981-01-12 00:00:00-05:00,0.0,3.1567143201828003,3.1177425384521484,3.1177425384521484,87600,WHR,3.0982584953308105,0,0.9937887254701165,0.0,0.9937886499456017,2.0,1.0181352496265028,21.0,1.046599441644597,102.0,0.9422291595873651,382.0
1981-01-13 00:00:00-05:00,0.0,3.117744397817168,3.078772592844453,3.0982584953308105,71400,WHR,3.0787713527679443,0,0.9968655019496546,0.0,0.987578059856707,2.0,1.0140309308181727,20.0,1.039977182191065,102.0,0.936611051275418,382.0
1981-01-14 00:00:00-05:00,0.0,3.117743142043488,3.039799563492401,3.0787713527679443,95400,WHR,3.0787713527679443,0,0.9968452244780938,0.0,0.9838106941834848,1.0,1.0097996634739572,20.0,1.0332738272792397,102.0,0.9309723055240727,382.0
1981-01-15 00:00:00-05:00,0.0,3.117743142043488,3.0787713527679443,3.0787713527679443,29200,WHR,3.1177425384521484,1,1.0,0.0,0.9912170238285346,0.0,1.011307802645163,20.0,1.0330846554057262,102.0,0.9312137302565522,382.0
1981-01-16 00:00:00-05:00,0.0,3.1177425384521484,3.0787707567214966,3.1177425384521484,57400,WHR,3.1177425384521484,0,1.0062892113805189,1.0,1.0062891107131333,1.0,1.024764909035771,21.0,1.0458879320768073,103.0,0.9432234294600036,383.0
1981-01-19 00:00:00-05:00,0.0,3.1177425384521484,3.0592848658561707,3.1177425384521484,134200,WHR,3.0203158855438232,0,1.0,1.0,1.0062891107131333,1.0,1.0250931848912834,21.0,1.0455598712103351,103.0,0.9434403364134067,383.0
1981-01-20 00:00:00-05:00,0.0,3.1177454302387853,3.0008299766048308,3.0203158855438232,32200,WHR,2.942368745803833,0,0.9841274477728253,0.0,0.9797730948598468,1.0,0.9936965711639638,21.0,1.012595912520465,103.0,0.9142120337752342,382.0
1981-01-21 00:00:00-05:00,0.0,3.039798174472834,2.942368745803833,2.942368745803833,29000,WHR,2.961855411529541,1,0.9869275092413577,0.0,0.9630097851563613,1.0,0.9689834541444455,21.0,0.986282822350706,103.0,0.8908758765993239,382.0
1981-01-22 00:00:00-05:00,0.0,2.961855411529541,2.942369520664215,2.961855411529541,14800,WHR,2.961855411529541,0,1.0033004617044399,1.0,0.9768636226284271,2.0,0.9762361019925199,22.0,0.992503588904486,104.0,0.8970511610498376,382.0
1981-01-23 00:00:00-05:00,0.0,2.961855411529541,2.942369520664215,2.961855411529541,15200,WHR,3.00082802772522,1,1.0,1.0,0.9870128537004976,1.0,0.9764451505491886,22.0,0.9922185222287501,103.0,0.8973053500657746,382.0
1981-01-26 00:00:00-05:00,0.0,3.0008280277252197,2.9618562351573594,3.00082802772522,10800,WHR,3.0787713527679443,1,1.0065360867456266,1.0,1.0078534897144835,2.0,0.9891874895020095,23.0,1.004933191169152,104.0,0.9093699308986275,382.0
1981-01-27 00:00:00-05:00,0.0,3.0787713527679443,3.039799563492401,3.0787713527679443,38200,WHR,2.981343984603882,0,1.0128204705877186,2.0,1.0299871164101884,3.0,1.014229112852706,24.0,1.0306048504262466,104.0,0.9332378354450092,382.0
1981-01-28 00:00:00-05:00,0.0,3.0982594349805046,2.981343984603882,2.981343984603882,83000,WHR,3.00082802772522,1,0.9839231825237315,1.0,0.9947990614826254,3.0,0.981818811375471,24.0,0.9977051311436008,104.0,0.9039405546078707,382.0
1981-01-29 00:00:00-05:00,0.0,3.020313924009149,2.9813421314412896,3.00082802772522,9800,WHR,2.981343984603882,0,1.0032570182002762,1.0,0.9987029319897602,3.0,0.9878127160716992,25.0,1.003937405336209,104.0,0.9100524111242405,383.0
1981-01-30 00:00:00-05:00,0.0,3.020315801396089,2.981343984603882,2.981343984603882,17200,WHR,3.0398006439208984,1,0.996742981799724,1.0,0.9909330314243674,3.0,0.9810842923031481,25.0,0.9971589277821657,104.0,0.9043573107976806,382.0
1981-02-02 00:00:00-05:00,0.0,3.078772447048089,2.981342939230112,3.0398006439208984,100400,WHR,3.0787713527679443,1,1.0097085625613578,1.0,1.0077519257301846,3.0,0.9993596510366933,26.0,1.0163927450248595,104.0,0.9223130007788158,382.0
1981-02-03 00:00:00-05:00,0.0,3.0787713527679443,3.039799563492401,3.0787713527679443,89000,WHR,3.0787713527679443,0,1.0063692490450609,2.0,1.0206714594391533,3.0,1.0113077802049466,26.0,1.029020791870385,105.0,0.9343526360779889,383.0
1981-02-04 00:00:00-05:00,0.0,3.117743142043488,3.059285458130173,3.0787713527679443,34200,WHR,3.0982584953308105,1,1.0,1.0,1.0141204377705912,3.0,1.0108764283602996,25.0,1.028645629662381,104.0,0.9345571213893059,383.0
1981-02-05 00:00:00-05:00,0.0,3.117744397817168,3.059286690358096,3.0982584953308105,65000,WHR,3.0787713527679443,0,1.0031547755219064,1.0,1.0140307264067265,3.0,1.0165160242865865,26.0,1.0347522617919065,105.0,0.9406615921881183,384.0
1981-02-06 00:00:00-05:00,0.0,3.117743142043488,3.0787713527679443,3.0787713527679443,73200,WHR,3.0787713527679443,0,0.9968452244780938,1.0,1.0012672754871905,3.0,1.0095845751814163,25.0,1.0278693756764397,105.0,0.9349331646136142,384.0
1981-02-09 00:00:00-05:00,0.0,3.0787713527679443,3.000827774216857,3.0787713527679443,77600,WHR,3.0787713527679443,0,1.0,0.0,0.9987356966352531,2.0,1.0096921105045606,24.0,1.0274683252864234,105.0,0.9351157656494875,384.0
1981-02-10 00:00:00-05:00,0.0,3.0787713527679443,3.000827774216857,3.0787713527679443,682000,WHR,3.1177425384521484,1,1.0,0.0,0.9987356966352531,1.0,1.0099072327772047,23.0,1.0270942940207604,104.0,0.9352984380266139,384.0
1981-02-11 00:00:00-05:00,0.0,3.1177425384521484,3.0787707567214966,3.1177425384521484,19200,WHR,3.1177425384521484,0,1.0062892113805189,1.0,1.0088270009614158,2.0,1.0232357055673598,23.0,1.0396627492401933,105.0,0.9473113148875798,385.0
1981-02-12 00:00:00-05:00,0.0,3.1177425384521484,3.0982566475868225,3.1177425384521484,15000,WHR,3.0982584953308105,0,1.0,1.0,1.0075565586155109,1.0,1.0239997343832035,22.0,1.0391765747901618,105.0,0.9474908287814281,384.0
1981-02-13 00:00:00-05:00,0.0,3.117744397817168,3.059286690358096,3.0982584953308105,24400,WHR,3.156714916229248,1,0.9968655019496546,0.0,1.0000004001528953,1.0,1.0186869387169946,21.0,1.032172845836685,105.0,0.9417815008873353,383.0
1981-02-17 00:00:00-05:00,0.0,3.156714916229248,3.059285443506123,3.156714916229248,87200,WHR,3.293116807937622,1,1.009345590628795,1.0,1.0137672024949036,2.0,1.0386834059231722,22.0,1.0511287874841762,105.0,0.9597495384263292,384.0
1981-02-18 00:00:00-05:00,0.0,3.293116807937622,3.1762014183067007,3.293116807937622,91000,WHR,3.3515758514404297,1,1.0211481318492837,2.0,1.0432100288102408,3.0,1.0835649949211597,23.0,1.0958086927161912,106.0,1.0013865018233559,385.0
1981-02-19 00:00:00-05:00,0.0,3.3515758514404297,3.2931181331013524,3.3515758514404297,233000,WHR,3.3515758514404297,0,1.0087978551453844,2.0,1.0462291164488235,3.0,1.1019760086980896,24.0,1.114394267972488,107.0,1.0193381617326969,385.0
1981-02-20 00:00:00-05:00,0.0,3.390547663666481,3.3515758514404297,3.3515758514404297,46200,WHR,3.429518699645996,1,1.0,1.0,1.0311752995397816,3.0,1.1003310812594704,24.0,1.113528516393715,107.0,1.0194831661526391,385.0
1981-02-23 00:00:00-05:00,0.0,3.429518699645996,3.390546896240928,3.429518699645996,110000,WHR,3.3515758514404297,0,1.0114941397171757,1.0,1.034077569670659,4.0,1.1241220792760487,24.0,1.1383335727278983,108.0,1.0433526293122355,385.0
1981-02-24 00:00:00-05:00,0.0,3.3515758514404297,3.312604039214378,3.3515758514404297,27400,WHR,3.390547275543213,1,0.9885058602828243,1.0,0.9988386849214107,3.0,1.0971725431424957,24.0,1.111513649962307,108.0,1.019773298348198,385.0
1981-02-25 00:00:00-05:00,0.0,3.4295190833080773,3.3515754677783485,3.390547275543213,57000,WHR,3.507462739944458,1,1.0057802895866452,1.0,1.0046188919626933,3.0,1.1081630171404904,25.0,1.1234217147653869,109.0,1.0317655889621018,385.0
1981-02-26 00:00:00-05:00,0.0,3.565920452276866,3.468490931722853,3.507462739944458,65400,WHR,3.54643177986145,1,1.0169491584005739,2.0,1.029748270137925,3.0,1.1432204890138817,26.0,1.1610809180193284,109.0,1.0674196781369674,386.0
1981-02-27 00:00:00-05:00,0.0,3.54643177986145,3.5074600020607747,3.54643177986145,83200,WHR,3.54643177986145,0,1.0055244715961622,2.0,1.0294111337193015,4.0,1.1520197826162326,27.0,1.1729821576473185,109.0,1.0793622646270318,386.0
1981-03-02 00:00:00-05:00,0.0,3.5854035576621253,3.5269458909611124,3.54643177986145,143400,WHR,3.487974166870117,0,1.0,1.0,1.0224714204475271,3.0,1.1483852719694425,26.0,1.1720756808394523,108.0,1.0794775002774064,385.0
1981-03-03 00:00:00-05:00,0.0,3.546431834471292,3.487974166870117,3.487974166870117,27400,WHR,3.449005365371704,0,0.9916897583912548,0.0,0.9977700527915084,3.0,1.126967035554446,25.0,1.1518952616684734,108.0,1.0618098875001867,385.0
1981-03-04 00:00:00-05:00,0.0,3.507463083428852,3.449005365371704,3.449005365371704,20400,WHR,3.4100334644317627,0,0.9943824540180214,0.0,0.9833338707865346,2.0,1.1121588594448417,25.0,1.1381762778907891,108.0,1.050090264073218,384.0
1981-03-05 00:00:00-05:00,0.0,3.4684911809648784,3.4100334644317627,3.4100334644317627,82600,WHR,3.449005365371704,1,0.9943181687832698,0.0,0.9776541288593733,1.0,1.0969499041745103,25.0,1.124303340888227,108.0,1.0383788205913358,384.0
1981-03-06 00:00:00-05:00,0.0,3.54643489546695,3.429519459352655,3.449005365371704,27000,WHR,3.4684908390045166,1,1.0056818312167302,1.0,0.9943823788304975,1.0,1.106250495129173,26.0,1.1359556725334947,109.0,1.050383149456996,385.0
1981-03-09 00:00:00-05:00,0.0,3.5074626461843423,3.4490049354146035,3.4684908390045166,12400,WHR,3.643863916397095,1,1.0028168390783483,2.0,1.0045147529573581,2.0,1.1093802104014416,26.0,1.1410844602699952,110.0,1.0564427719287932,386.0
1981-03-10 00:00:00-05:00,0.0,3.643863916397095,3.5074625933234067,3.643863916397095,310000,WHR,3.56591796875,0,1.0246575267156617,2.0,1.0458612132635596,3.0,1.1616112769256295,26.0,1.1970914307063898,111.0,1.1099308633769933,387.0
1981-03-11 00:00:00-05:00,0.0,3.6828333119877046,3.526946187670765,3.56591796875,179400,WHR,3.7023191452026367,1,0.9891888618977959,1.0,1.016666082990868,3.0,1.1333604591041169,26.0,1.1698967295846323,111.0,1.0862850301210312,387.0
1981-03-12 00:00:00-05:00,0.0,3.7023191452026367,3.5659179135372767,3.7023191452026367,66000,WHR,3.81923770904541,1,1.0187667482931715,1.0,1.0382509196539187,4.0,1.1721155485611998,27.0,1.2126932045057488,112.0,1.1278837654719485,388.0
1981-03-13 00:00:00-05:00,0.0,3.8192377090454097,3.799751802366607,3.81923770904541,99400,WHR,3.877691984176636,1,1.015544463215317,2.0,1.0492509538600971,4.0,1.203438953152473,28.0,1.2487263201912557,113.0,1.1634745016831243,389.0
1981-03-16 00:00:00-05:00,0.0,3.897177873544357,3.8192343160734703,3.877691984176636,92200,WHR,3.858207941055298,0,1.0075944925393696,2.0,1.0418844596953731,4.0,1.2157616304873171,29.0,1.2654197395095654,114.0,1.1812326523915013,390.0
1981-03-17 00:00:00-05:00,0.0,3.897179738439695,3.858207941055298,3.858207941055298,85400,WHR,3.858207941055298,0,0.9974813475730487,1.0,1.0248449049812647,3.0,1.2035255432673104,29.0,1.2567279608819586,113.0,1.1752485396263983,390.0
1981-03-18 00:00:00-05:00,0.0,3.858207941055298,3.819236143670901,3.858207941055298,14000,WHR,3.877691984176636,1,1.0,0.0,1.0091744120492347,3.0,1.1972186465745684,29.0,1.2544031064887196,113.0,1.175199710984986,390.0
1981-03-19 00:00:00-05:00,0.0,3.8776919841766353,3.838720205441192,3.877691984176636,32600,WHR,3.81923770904541,0,1.0025186524269514,1.0,1.0050501359024042,3.0,1.1971119900189606,29.0,1.2583144214693578,114.0,1.1810854270523823,390.0
1981-03-20 00:00:00-05:00,0.0,3.877695429081819,3.8192377090454097,3.81923770904541,58800,WHR,3.780266046524048,0,0.9924055074606306,1.0,0.9898995057325894,2.0,1.1740047423021414,28.0,1.2369057443706861,114.0,1.1632328258191476,390.0
1981-03-23 00:00:00-05:00,0.0,3.858209676349286,3.663350601786191,3.780266046524048,115200,WHR,3.897181749343872,1,0.9948718148217506,0.0,0.9847719441762791,1.0,1.1572883173960005,28.0,1.2219400540272927,114.0,1.1513289847497588,390.0
1981-03-24 00:00:00-05:00,0.0,3.897181749343872,3.858209931850433,3.897181749343872,53000,WHR,3.916665315628052,1,1.0152284594996204,1.0,1.0131715685077387,2.0,1.1875316019955848,29.0,1.257198124192638,114.0,1.1868526513780402,391.0
1981-03-25 00:00:00-05:00,0.0,3.916665315628052,3.858207624350021,3.916665315628052,482400,WHR,3.936150789260864,1,1.0024934665501097,2.0,1.0151512687199449,3.0,1.1875922754017414,30.0,1.2609153048256727,115.0,1.192680036304352,392.0
1981-03-26 00:00:00-05:00,0.0,3.9946084742498873,3.897178999268183,3.936150789260864,157600,WHR,3.975122213363648,1,1.0024813357873847,2.0,1.017119424736721,3.0,1.1875365641883797,31.0,1.26471303130211,115.0,1.1985069651782445,392.0
1981-03-27 00:00:00-05:00,0.0,4.014093999769173,3.936150426958121,3.975122213363648,110200,WHR,3.975122213363648,0,1.0049260623530316,2.0,1.0189806523455456,4.0,1.1934474525099876,31.0,1.2748084424891164,115.0,1.2102870888386976,392.0
1981-03-30 00:00:00-05:00,0.0,4.014093999769173,3.936150426958121,3.975122213363648,24800,WHR,4.053064346313477,1,1.0,1.0,1.0089018593455394,4.0,1.1877726575000507,30.0,1.2724865029274346,114.0,1.2101865718440683,392.0
1981-03-31 00:00:00-05:00,0.0,4.053064346313477,3.994606687472416,4.053064346313477,47400,WHR,4.072554588317871,1,1.0097085602546043,1.0,1.0206080922714442,4.0,1.20556344673177,30.0,1.295013396389062,114.0,1.2338274504688433,392.0
1981-04-01 00:00:00-05:00,0.0,4.072554588317871,4.014096866954456,4.072554588317871,14800,WHR,4.169983386993408,1,1.002398616297563,2.0,1.017527410700886,4.0,1.2055379833296036,31.0,1.2986211866591897,115.0,1.2396944559498286,392.0
1981-04-02 00:00:00-05:00,0.0,4.169983386993408,4.072553868605712,4.169983386993408,104000,WHR,4.189468383789063,1,1.011820242620339,2.0,1.0298367459816993,4.0,1.2280034267148898,31.0,1.3267207561557874,116.0,1.2692465937032102,393.0
1981-04-03 00:00:00-05:00,0.0,4.22844018270803,4.169982484329578,4.189468383789063,231200,WHR,4.150496482849121,0,1.0023308940980746,2.0,1.0238095995527376,4.0,1.2277530195390465,31.0,1.329853108412187,117.0,1.2750639400748558,394.0
1981-04-06 00:00:00-05:00,0.0,4.1894682808101456,4.131010583868608,4.150496482849121,157400,WHR,4.169983386993408,1,0.9953270905137936,1.0,1.0056657141970475,4.0,1.2104565831864358,31.0,1.3145227385930147,117.0,1.263135429103174,393.0
1981-04-07 00:00:00-05:00,0.0,4.208955194348487,4.150497483315869,4.169983386993408,100000,WHR,4.208953380584717,1,1.0023420408977752,1.0,1.004694893178066,4.0,1.2099513340596357,32.0,1.3177668036721835,117.0,1.26897564403681,394.0
1981-04-08 00:00:00-05:00,0.0,4.228439275865202,4.169981590023747,4.208953380584717,134000,WHR,4.247926235198975,1,1.0046509473304657,2.0,1.0074624318892842,4.0,1.2147340976205867,33.0,1.3271724178243272,117.0,1.2807207616063145,395.0
1981-04-09 00:00:00-05:00,0.0,4.267412135360438,4.228440335037512,4.247926235198975,145800,WHR,4.267411231994629,1,1.0046084201720833,2.0,1.0130111864454963,4.0,1.2191258536726888,34.0,1.336537873105639,117.0,1.2924569974361813,395.0
1981-04-10 00:00:00-05:00,0.0,4.286897128031134,4.228439439921619,4.267411231994629,371400,WHR,4.267411231994629,0,1.0022882236753061,2.0,1.013888744442702,4.0,1.2177941151962017,35.0,1.3397443667908921,117.0,1.2982314873655005,396.0
1981-04-13 00:00:00-05:00,0.0,4.286897128031134,4.247925335958124,4.267411231994629,51000,WHR,4.286896705627441,1,1.0,1.0,1.0082871798412372,4.0,1.211171394569167,34.0,1.3367676647804687,117.0,1.298077586823509,396.0
1981-04-14 00:00:00-05:00,0.0,4.286896705627441,4.247924917394465,4.286896705627441,21800,WHR,4.3843255043029785,1,1.0022778550614382,1.0,1.0073258932276956,4.0,1.2100098208236783,35.0,1.3398944609074053,117.0,1.3038347329425286,397.0
1981-04-15 00:00:00-05:00,0.0,4.3843255043029785,4.286896048651801,4.3843255043029785,162600,WHR,4.3843255043029785,0,1.0112358784398305,2.0,1.021798137714332,4.0,1.2296197474647526,36.0,1.367082559943286,118.0,1.3333011977468254,397.0
1981-04-16 00:00:00-05:00,0.0,4.403811395433213,4.364839613172743,4.3843255043029785,126800,WHR,4.403813362121582,1,1.0,1.0,1.0153428283330854,3.0,1.221387423181573,36.0,1.3638672997048928,117.0,1.3331353006348774,397.0
1981-04-20 00:00:00-05:00,0.0,4.423299261953979,4.384327462289186,4.403813362121582,147800,WHR,4.403813362121582,0,1.0022175181929656,1.0,1.0134531948929189,3.0,1.2186574215327557,36.0,1.366781268677674,117.0,1.3388943522521883,397.0
1981-04-21 00:00:00-05:00,0.0,4.423299261953979,4.36484156245679,4.403813362121582,251200,WHR,4.364839553833008,0,1.0,1.0,1.007130363093888,3.0,1.2106062884790982,36.0,1.3636145203279548,117.0,1.3387119408873038,397.0
1981-04-22 00:00:00-05:00,0.0,4.40381133556366,4.364839553833008,4.364839553833008,163000,WHR,4.208953380584717,0,0.9955553254687888,0.0,0.9946712140503411,2.0,1.1924403270618016,35.0,1.3484223034712592,117.0,1.3267307223225047,396.0
1981-04-23 00:00:00-05:00,0.0,4.286896961706656,4.208953380584717,4.208953380584717,103600,WHR,4.169983386993408,0,0.9818182950718908,0.0,0.9668755535525113,1.0,1.1439666385448781,34.0,1.2976400093474143,116.0,1.2793098860319765,395.0
1981-04-24 00:00:00-05:00,0.0,4.208955194348487,4.111525675960791,4.169983386993408,141400,WHR,4.267411231994629,1,0.9953490526695343,0.0,0.9674505595203601,1.0,1.1273049711832135,34.0,1.2830970461957865,116.0,1.2674274374150705,395.0
1981-04-27 00:00:00-04:00,0.0,4.267411231994629,4.169981751812103,4.267411231994629,192200,WHR,4.208953380584717,0,1.0115471480712734,1.0,0.9963602730692538,1.0,1.1470972120680485,34.0,1.3104040918485382,116.0,1.2969782680057536,395.0
1981-04-28 00:00:00-04:00,0.0,4.286896961706656,4.189467485304232,4.208953380584717,146400,WHR,4.13101053237915,0,0.993103428877616,1.0,0.9917354916910105,1.0,1.1251951907841127,34.0,1.2900449477360971,115.0,1.2791659399635984,395.0
1981-04-29 00:00:00-04:00,0.0,4.2089541273297,4.0725528361662375,4.13101053237915,242000,WHR,4.13101053237915,0,0.9906542943088267,0.0,0.9842154613911469,1.0,1.0990150786127164,33.0,1.26386076410453,115.0,1.2554332960743146,395.0
1981-04-30 00:00:00-04:00,0.0,4.169982329854426,4.0530669374286,4.13101053237915,51800,WHR,4.072554588317871,0,1.0,0.0,0.98788444944434,1.0,1.0939112900828991,32.0,1.2617245425541475,114.0,1.2553738225078515,395.0
1981-05-01 00:00:00-04:00,0.0,4.131012309681285,4.0530686811967325,4.072554588317871,112200,WHR,3.955638647079468,0,0.9928743243698037,0.0,0.9784648209862109,1.0,1.0737225563062127,32.0,1.241948694324592,113.0,1.2376096310662361,394.0
1981-05-04 00:00:00-04:00,0.0,4.072554075071965,3.89718093308322,3.955638647079468,51800,WHR,3.877691984176636,0,0.9854368302044718,0.0,0.9648290868892012,0.0,1.0389835367947073,31.0,1.2044908232814517,113.0,1.2021725595771529,393.0
1981-05-05 00:00:00-04:00,0.0,3.9361496522798007,3.838720205441192,3.877691984176636,40800,WHR,3.858207941055298,0,0.990049358750183,0.0,0.9613521427330998,0.0,1.0149604396194771,31.0,1.1790491086018564,113.0,1.1786300829912943,392.0
1981-05-06 00:00:00-04:00,0.0,3.897179738439695,3.760778447594306,3.858207941055298,98200,WHR,3.858207941055298,0,0.9974813475730487,0.0,0.969637555196849,0.0,1.00643851994632,31.0,1.1715976560364758,112.0,1.1728398630491834,392.0
1981-05-07 00:00:00-04:00,0.0,3.858207941055298,3.838722042363099,3.858207941055298,84000,WHR,3.780266046524048,0,1.0,0.0,0.9831181167442364,0.0,1.003039535249399,31.0,1.1699915132686007,112.0,1.172937132466564,392.0
1981-05-08 00:00:00-04:00,0.0,3.858209676349286,3.760780139067738,3.780266046524048,59400,WHR,3.780266046524048,0,0.9897961432273006,0.0,0.9778229669565754,0.0,0.9799634059956377,30.0,1.144975628928481,111.0,1.149357696983814,392.0
1981-05-11 00:00:00-04:00,0.0,3.819237861436667,3.7412942316114286,3.780266046524048,46200,WHR,3.877691984176636,1,1.0,0.0,0.9867755422574971,0.0,0.9771663186757552,30.0,1.1435448118371465,111.0,1.1494734675737643,392.0
1981-05-12 00:00:00-04:00,0.0,3.8776919841766353,3.6828330904994178,3.877691984176636,122200,WHR,3.81923770904541,0,1.0127221822399666,1.0,1.0122069619707939,1.0,0.998995512399862,31.0,1.1714697442449253,111.0,1.1791748330891945,393.0
1981-05-13 00:00:00-04:00,0.0,3.877695429081819,3.8192377090454097,3.81923770904541,41600,WHR,4.053064346313477,1,0.9924055074606306,1.0,0.9989808789136726,1.0,0.9811450678930228,30.0,1.1523993629666045,110.0,1.161468182201853,393.0
1981-05-14 00:00:00-04:00,0.0,4.053064346313477,3.819233710949237,4.053064346313477,155200,WHR,4.092039585113525,1,1.0297024473430734,1.0,1.0494443078571893,2.0,1.037837184701604,30.0,1.221143833608636,110.0,1.2325479737125449,394.0
1981-05-15 00:00:00-04:00,0.0,4.092039585113525,3.955638265609741,4.092039585113525,276400,WHR,4.169983386993408,1,1.0047851125201321,2.0,1.0427013280010946,3.0,1.044516518744725,30.0,1.2310075951979549,111.0,1.2443414611169967,395.0
1981-05-18 00:00:00-04:00,0.0,4.169983386993408,4.072553868605712,4.169983386993408,123400,WHR,4.169983386993408,0,1.0094339851320948,2.0,1.0418698386493033,4.0,1.0607189935220294,31.0,1.2524291141773574,112.0,1.2679831540833586,395.0
1981-05-19 00:00:00-04:00,0.0,4.189469290670948,4.131011579638329,4.169983386993408,68800,WHR,4.189468383789063,1,1.0,1.0,1.0268715638755403,3.0,1.0573996036424174,30.0,1.2504677999617977,111.0,1.2679230526310294,395.0
1981-05-20 00:00:00-04:00,0.0,4.208954283248547,4.13101068541061,4.189468383789063,305800,WHR,4.092039585113525,0,1.0023308940980746,1.0,1.0131951105930534,4.0,1.0585918817043498,31.0,1.2543465200344461,111.0,1.2738099154247098,395.0
1981-05-21 00:00:00-04:00,0.0,4.1894690990448,4.053067779541016,4.092039585113525,131800,WHR,4.189468383789063,1,0.9882353794693688,1.0,0.9877704768768842,3.0,1.030928064788473,30.0,1.2234912946169731,110.0,1.244179270391741,395.0
1981-05-22 00:00:00-04:00,0.0,4.189468383789063,4.111524785951127,4.189468383789063,202600,WHR,4.169983386993408,0,1.0117646205306314,1.0,1.0065541860086098,3.0,1.0524598772635336,30.0,1.2508436506734883,110.0,1.273779728677857,395.0
1981-05-26 00:00:00-04:00,0.0,4.208955194348487,4.150497483315869,4.169983386993408,38200,WHR,4.169983386993408,0,0.9976691059019256,1.0,1.0018727555042237,2.0,1.0448371176195552,29.0,1.2432322621673944,110.0,1.267847934424675,394.0
1981-05-27 00:00:00-04:00,0.0,4.208955194348487,4.169983386993408,4.169983386993408,48400,WHR,4.267411231994629,1,1.0,0.0,1.0018727555042237,2.0,1.042123462861937,29.0,1.2413572298051445,110.0,1.267832911410349,394.0
1981-05-28 00:00:00-04:00,0.0,4.267411231994629,4.189467647848608,4.267411231994629,114800,WHR,4.364839553833008,1,1.0115471480712734,1.0,1.0214549586621313,2.0,1.0630206332109196,30.0,1.2683298055076027,110.0,1.2973701178663495,395.0
1981-05-29 00:00:00-04:00,0.0,4.364839553833008,4.267410099506378,4.364839553833008,171400,WHR,4.364839553833008,0,1.0112865490421497,2.0,1.0313071381612569,3.0,1.0831717122817917,31.0,1.2949768234703927,111.0,1.3268721822911465,395.0
1981-06-01 00:00:00-04:00,0.0,4.423297226428986,4.364839553833008,4.364839553833008,231200,WHR,4.345355033874512,0,1.0,1.0,1.0228307330726503,2.0,1.078911035491708,31.0,1.2927646197900393,110.0,1.3267778723579748,394.0
1981-06-02 00:00:00-04:00,0.0,4.403812724913182,4.345355033874512,4.345355033874512,112200,WHR,4.48175859451294,1,0.9977630212778491,0.0,1.0099638404956526,2.0,1.0701430940473586,30.0,1.284828546064138,110.0,1.3207378293962717,394.0
1981-06-03 00:00:00-04:00,0.0,4.48175859451294,4.32587133905162,4.48175859451294,76200,WHR,4.61815881729126,1,1.0154527931077906,1.0,1.0267862692894767,3.0,1.0991641611444138,30.0,1.3226910301768324,111.0,1.3620353249878923,394.0
1981-06-04 00:00:00-04:00,0.0,4.61815881729126,4.481757502012615,4.61815881729126,54200,WHR,4.676616668701172,1,1.0149891715062584,2.0,1.0413007681621487,3.0,1.128123979519367,30.0,1.3601618571573462,112.0,1.403222321493639,395.0
1981-06-05 00:00:00-04:00,0.0,4.754560279846191,4.618158960342408,4.676616668701172,555800,WHR,4.579185962677002,0,1.006289323663386,2.0,1.0398614973533278,3.0,1.1372613408193777,31.0,1.3744762681976255,113.0,1.4206986776903496,395.0
1981-06-08 00:00:00-04:00,0.0,4.63764365581756,4.501242371822926,4.579185962677002,35400,WHR,4.462270259857178,0,0.9894735540606852,1.0,1.0085835025727508,3.0,1.1096245599801446,30.0,1.343225500101645,112.0,1.3908369657284088,395.0
1981-06-09 00:00:00-04:00,0.0,4.598671534175956,4.42329846719467,4.462270259857178,108200,WHR,4.403813362121582,0,0.9870689300548253,0.0,0.9777965106906819,3.0,1.0784928134906409,29.0,1.3065703472765353,112.0,1.355093557830821,395.0
1981-06-10 00:00:00-04:00,0.0,4.442785161786375,4.36484156245679,4.403813362121582,80000,WHR,4.501243591308594,1,0.9934066832405367,0.0,0.9682947743594894,2.0,1.0621133222562607,28.0,1.2872212668257808,112.0,1.337151580022705,394.0
1981-06-11 00:00:00-04:00,0.0,4.501243591308594,4.4038140763452045,4.501243591308594,84400,WHR,4.48175859451294,0,1.010941000118981,1.0,0.9948321965649626,2.0,1.082812734007304,29.0,1.3132464457986663,113.0,1.3665003344966151,395.0
1981-06-12 00:00:00-04:00,0.0,4.520730408378269,4.48175859451294,4.48175859451294,28600,WHR,4.48175859451294,0,0.9978309037009467,1.0,0.9991315069608603,1.0,1.075436850701217,29.0,1.3052464944559699,112.0,1.3603436069575534,395.0
1981-06-15 00:00:00-04:00,0.0,4.559702222243599,4.48175859451294,4.48175859451294,79400,WHR,4.364839553833008,0,1.0,0.0,1.0034906235002647,1.0,1.0728450176543782,28.0,1.3028509474807175,112.0,1.3600459764128596,395.0
1981-06-16 00:00:00-04:00,0.0,4.520726680755615,4.364839553833008,4.364839553833008,147000,WHR,4.325870037078857,0,0.9867837287599875,0.0,0.9815945525633644,1.0,1.0425874188063105,28.0,1.266738530770899,111.0,1.324322662174436,395.0
1981-06-17 00:00:00-04:00,0.0,4.364841839214703,4.306384136010935,4.325870037078857,16400,WHR,4.3843255043029785,1,0.9955159568563996,0.0,0.9762532603895939,1.0,1.031039670434879,28.0,1.2533310635532655,111.0,1.3122973191073368,394.0
1981-06-18 00:00:00-04:00,0.0,4.423297286563449,4.364839613172743,4.3843255043029785,110800,WHR,4.364839553833008,0,1.0067111544105298,1.0,0.9946945352300005,1.0,1.0429538656265456,28.0,1.2680623463052108,112.0,1.3297867080388777,395.0
1981-06-19 00:00:00-04:00,0.0,4.40381133556366,4.345353662967682,4.364839553833008,57400,WHR,4.325870037078857,0,0.9977728217103585,1.0,0.9955552821583504,1.0,1.0364768067342602,27.0,1.26032401602389,111.0,1.3236574832543868,394.0
1981-06-22 00:00:00-04:00,0.0,4.384327740282626,4.325870037078857,4.325870037078857,31200,WHR,4.403813362121582,1,0.9955159568563996,0.0,0.9937335247335066,1.0,1.0256411570560773,26.0,1.2469669764681888,111.0,1.3116305316331656,394.0
1981-06-23 00:00:00-04:00,0.0,4.403813362121582,4.325869762791997,4.403813362121582,142400,WHR,4.364839553833008,0,1.0089285397280117,1.0,1.0098303638383372,2.0,1.0423553542793664,26.0,1.2672708288477446,111.0,1.335042572179083,394.0
1981-06-24 00:00:00-04:00,0.0,4.40381133556366,4.325867772102356,4.364839553833008,153400,WHR,4.325870037078857,0,0.9955553254687888,1.0,0.9991077403232261,2.0,1.031544603988581,26.0,1.254030295529456,110.0,1.3230085983008442,394.0
1981-06-25 00:00:00-04:00,0.0,4.364841839214703,4.286898234943012,4.325870037078857,107200,WHR,4.3063836097717285,0,0.9955159568563996,0.0,0.9928445859718696,1.0,1.021237560713642,25.0,1.2409168519780047,109.0,1.3109799037263834,394.0
1981-06-26 00:00:00-04:00,0.0,4.325869508458478,4.286897711084978,4.3063836097717285,4200,WHR,4.286896705627441,0,0.9977426025573011,0.0,0.9910314100147544,1.0,1.0157027935074954,24.0,1.2335067206954335,108.0,1.3048509678676012,394.0
1981-06-29 00:00:00-04:00,0.0,4.286896705627441,4.247924917394465,4.286896705627441,84400,WHR,4.286896705627441,0,0.9977323090334471,0.0,0.9883197142117143,1.0,1.0106421392681497,23.0,1.2262822816470615,107.0,1.2987316532340938,394.0
1981-06-30 00:00:00-04:00,0.0,4.286896705627441,4.208953129161488,4.286896705627441,41400,WHR,4.286896705627441,0,1.0,0.0,0.9936765193635677,0.0,1.0102553988744654,22.0,1.2247803561997122,106.0,1.2984940264638694,394.0
1981-07-01 00:00:00-04:00,0.0,4.286896705627441,4.228439023277977,4.286896705627441,236600,WHR,4.286896705627441,0,1.0,0.0,0.9972800265874073,0.0,1.0097144570460388,22.0,1.2233093169400846,105.0,1.2982564866340873,394.0
1981-07-02 00:00:00-04:00,0.0,4.286896705627441,4.2674108115109535,4.286896705627441,62200,WHR,4.22844123840332,0,1.0,0.0,0.999091687750489,0.0,1.009251258067771,21.0,1.2217332380573525,105.0,1.2980113728591998,394.0
1981-07-06 00:00:00-04:00,0.0,4.267413047052199,4.22844123840332,4.22844123840332,74800,WHR,4.150496482849121,0,0.9931352733610416,0.0,0.9890614913009009,0.0,0.9954131470177603,20.0,1.203523282255345,105.0,1.280092861025713,394.0
1981-07-07 00:00:00-04:00,0.0,4.208954179790658,4.131010583868608,4.150496482849121,26000,WHR,4.169983386993408,1,0.9906975373075636,0.0,0.9770643145161653,0.0,0.9774378889591444,19.0,1.1798723869019185,105.0,1.2563036492263024,394.0
1981-07-08 00:00:00-04:00,0.0,4.189469290670948,4.092039772283251,4.169983386993408,120200,WHR,4.169983386993408,0,1.0023420408977752,1.0,0.9870851076322676,1.0,0.9824027094132602,19.0,1.1838643423761872,106.0,1.2620085601058328,394.0
1981-07-09 00:00:00-04:00,0.0,4.208955194348487,4.131011579638329,4.169983386993408,17600,WHR,4.169983386993408,0,1.0,1.0,0.9925789897557811,1.0,0.9827786704124932,19.0,1.1822162308999622,106.0,1.2618225293853953,393.0
1981-07-10 00:00:00-04:00,0.0,4.247927001703565,4.169983386993408,4.169983386993408,71600,WHR,4.169983386993408,0,1.0,0.0,0.998134369455888,1.0,0.9832302032569588,18.0,1.180781153534824,105.0,1.261658866147935,392.0
1981-07-13 00:00:00-04:00,0.0,4.208955194348487,4.169983386993408,4.169983386993408,67200,WHR,4.189468383789063,1,1.0,0.0,1.0009355017690682,1.0,0.984059095990118,17.0,1.179323557426802,105.0,1.2614655001151345,392.0
1981-07-14 00:00:00-04:00,0.0,4.208954283248547,4.150496584870094,4.189468383789063,195600,WHR,4.208953380584717,1,1.0023308940980746,1.0,1.0037346536061487,2.0,0.989415570758107,18.0,1.1833473110140342,106.0,1.2671731836411697,392.0
1981-07-15 00:00:00-04:00,0.0,4.228439275865202,4.189467485304232,4.208953380584717,110800,WHR,4.189468383789063,0,1.0023200783840496,2.0,1.0065234623746186,2.0,0.9947802796775315,18.0,1.1873870873045096,106.0,1.272879186321274,392.0
1981-07-16 00:00:00-04:00,0.0,4.189468383789063,4.169982484329578,4.189468383789063,60200,WHR,4.13101053237915,0,0.9976799216159508,1.0,1.000931055524134,2.0,0.9910117743232297,18.0,1.180644062350678,105.0,1.2667849396135884,392.0
1981-07-17 00:00:00-04:00,0.0,4.169982329854426,4.13101053237915,4.13101053237915,111400,WHR,4.13101053237915,0,0.9929742203545138,0.0,0.9888059407633429,2.0,0.9780853289301525,18.0,1.1630203343750882,105.0,1.248946929684085,391.0
1981-07-20 00:00:00-04:00,0.0,4.150496431116788,4.092038734903875,4.13101053237915,60000,WHR,4.1115241050720215,0,1.0,0.0,0.9906542263400797,2.0,0.9783862522229934,18.0,1.1618984934408758,104.0,1.2487630103446434,391.0
1981-07-21 00:00:00-04:00,0.0,4.150495897537159,4.1115241050720215,4.1115241050720215,141400,WHR,3.955638647079468,0,0.9976358695274886,0.0,0.9896809767932452,1.0,0.9739958546214962,18.0,1.155328598470174,104.0,1.2426967802289846,391.0
1981-07-22 00:00:00-04:00,0.0,4.169983598399045,3.916666837748636,3.955638647079468,294000,WHR,4.053064346313477,1,0.980676544804928,0.0,0.963912884820169,0.0,0.9382224136563316,17.0,1.1106008250261215,104.0,1.1954681794232784,391.0
1981-07-23 00:00:00-04:00,0.0,4.053064346313477,3.994606687472416,4.053064346313477,120800,WHR,3.955638647079468,0,1.0121649784383793,1.0,0.9942633201833515,1.0,0.9619232135868258,18.0,1.136785227640594,105.0,1.2247677993924047,391.0
1981-07-24 00:00:00-04:00,0.0,4.014096361075716,3.936152742414052,3.955638647079468,204800,WHR,3.936150789260864,0,0.9878350215616208,1.0,0.9787852888971965,1.0,0.9394526343661854,18.0,1.1084177524162098,105.0,1.1952288640219235,390.0
1981-07-27 00:00:00-04:00,0.0,3.9946084742498873,3.9166648942645232,3.936150789260864,40600,WHR,3.955638647079468,1,0.997530616094638,0.0,0.9834468161704324,1.0,0.9355459212496082,18.0,1.1019942845364485,104.0,1.1892704246811086,389.0
1981-07-28 00:00:00-04:00,0.0,3.955638647079468,3.955638647079468,3.955638647079468,12800,WHR,3.936150789260864,0,1.002469383905362,1.0,0.9960748727375991,2.0,0.9406134425174787,19.0,1.1067257317636559,104.0,1.1950951703814063,389.0
1981-07-29 00:00:00-04:00,0.0,3.955636684257205,3.9166648942645232,3.936150789260864,47800,WHR,3.975122213363648,1,0.997530616094638,1.0,0.992141348162145,2.0,0.9360517091534643,19.0,1.100625288938244,103.0,1.1891654079010119,388.0
1981-07-30 00:00:00-04:00,0.0,3.975122213363648,3.9166645337553594,3.975122213363648,30400,WHR,3.877691984176636,0,1.0049260623530316,1.0,1.005916885946339,2.0,0.9449545544216181,20.0,1.1108203840479975,104.0,1.2008826568928515,389.0
1981-07-31 00:00:00-04:00,0.0,4.014093209750688,3.8192343160734703,3.877691984176636,616400,WHR,3.858207941055298,0,0.9875929537187408,1.0,0.9851482064165891,2.0,0.9217225699327346,20.0,1.0830044667813887,104.0,1.1714352369604815,388.0
1981-08-03 00:00:00-04:00,0.0,3.897179738439695,3.858207941055298,3.858207941055298,67600,WHR,3.858207941055298,0,0.9974813475730487,0.0,0.9840955534124476,2.0,0.917091237075003,20.0,1.0770703700948845,103.0,1.1655491854731714,387.0
1981-08-04 00:00:00-04:00,0.0,3.897179738439695,3.799750244978702,3.858207941055298,126200,WHR,3.916665315628052,1,1.0,0.0,0.9890111777321469,1.0,0.9168081467125287,20.0,1.076508201441369,103.0,1.1655560459960697,386.0
1981-08-05 00:00:00-04:00,0.0,3.9361512127207288,3.877693521442698,3.916665315628052,48800,WHR,4.033583164215088,1,1.0075187559517456,1.0,1.0050000875446008,2.0,0.9301966117350191,21.0,1.0922012710938531,103.0,1.1831949939235331,387.0
1981-08-06 00:00:00-04:00,0.0,4.033583164215088,3.955639528191608,4.033583164215088,46000,WHR,4.033583164215088,0,1.014706187974309,2.0,1.0319048355393157,2.0,0.957373501934607,21.0,1.1239987735049188,104.0,1.2184289238558315,388.0
1981-08-07 00:00:00-04:00,0.0,4.053069073220958,4.033583164215088,4.033583164215088,6400,WHR,4.014095306396484,0,1.0,1.0,1.0237392090777229,2.0,0.9565624162624006,21.0,1.1232912406780216,103.0,1.2183213547801468,388.0
1981-08-10 00:00:00-04:00,0.0,4.033581205942099,4.014095306396484,4.014095306396484,34400,WHR,4.072554588317871,1,0.9975784497492328,0.0,1.010794731282978,2.0,0.9520875247519578,20.0,1.1172094109160677,102.0,1.2123352606929396,388.0
1981-08-11 00:00:00-04:00,0.0,4.072554588317871,3.9946109598333184,4.072554588317871,172600,WHR,4.053064346313477,0,1.0072291100372228,1.0,1.0145632481339384,3.0,0.9660276619946151,20.0,1.1327672573988758,102.0,1.2298608241835727,389.0
1981-08-12 00:00:00-04:00,0.0,4.092036118874183,4.053064346313477,4.053064346313477,42200,WHR,4.169983386993408,1,0.9976013837024369,1.0,1.0028921417092802,2.0,0.9618490857978834,19.0,1.1265645602356726,102.0,1.2238597852995887,388.0
1981-08-13 00:00:00-04:00,0.0,4.189469290670948,4.0530679649281725,4.169983386993408,44200,WHR,4.169983386993408,0,1.0142184557930218,1.0,1.024904347922291,2.0,0.9895956160232537,20.0,1.1580841567920923,103.0,1.2590015826359113,389.0
1981-08-14 00:00:00-04:00,0.0,4.208955194348487,4.150497483315869,4.169983386993408,17000,WHR,4.092039585113525,0,1.0,1.0,1.0180782073549364,2.0,0.989671887781894,19.0,1.1570322412610767,103.0,1.2588238402216194,389.0
1981-08-17 00:00:00-04:00,0.0,4.169983196258545,4.092039585113525,4.092039585113525,44600,WHR,4.1115241050720215,1,0.9905660148679052,0.0,0.9952607673905911,2.0,0.9711733034019261,19.0,1.1343260210799655,103.0,1.235192644661881,388.0
1981-08-18 00:00:00-04:00,0.0,4.1115241050720215,4.072552312606883,4.1115241050720215,125600,WHR,4.150496482849121,1,1.00237512874823,1.0,0.9981077316185348,2.0,0.9760985525219747,19.0,1.1385218323533606,104.0,1.24095001303807,389.0
1981-08-19 00:00:00-04:00,0.0,4.1894682808101456,4.131010583868608,4.150496482849121,9800,WHR,4.13101053237915,0,1.0047170516415895,2.0,1.0028247507057844,3.0,0.9854267917721723,20.0,1.1481984841657058,104.0,1.2525654149931278,390.0
1981-08-20 00:00:00-04:00,0.0,4.169982329854426,4.13101053237915,4.13101053237915,21400,WHR,4.092039585113525,0,0.9976470525914982,1.0,0.9999999307427874,2.0,0.9809516431602825,20.0,1.1418722500590672,103.0,1.246560192225917,389.0
1981-08-21 00:00:00-04:00,0.0,4.169983196258545,4.092039585113525,4.092039585113525,80600,WHR,4.053064346313477,0,0.9952607673905911,0.0,0.9943183292838967,2.0,0.9723724728518184,19.0,1.1300531964081357,103.0,1.234698806810628,388.0
1981-08-24 00:00:00-04:00,0.0,4.13100789143489,4.053064346313477,4.053064346313477,183800,WHR,3.975122213363648,0,0.9952148874798679,0.0,0.9867167432937409,2.0,0.9643016495729453,18.0,1.1182788715683114,103.0,1.222830890499013,388.0
1981-08-25 00:00:00-04:00,0.0,3.975122213363648,3.8387209609443063,3.975122213363648,261200,WHR,3.936150789260864,0,0.9902914397453959,0.0,0.9742118922410121,1.0,0.9472215153187338,18.0,1.0957370716355355,103.0,1.1992448353307357,387.0
1981-08-26 00:00:00-04:00,0.0,3.9751225792535454,3.9166648942645232,3.936150789260864,27200,WHR,3.916665315628052,0,0.9950739376469684,0.0,0.9749034628196036,0.0,0.9394618703472281,18.0,1.0840630055120875,102.0,1.187431799208058,387.0
1981-08-27 00:00:00-04:00,0.0,3.9751230069060814,3.916665315628052,3.916665315628052,15600,WHR,3.936150789260864,1,0.9975186642126154,0.0,0.9804879163290432,0.0,0.9369172626679919,17.0,1.0777941462194789,102.0,1.1815118791637822,386.0
1981-08-28 00:00:00-04:00,0.0,3.955636684257205,3.897178999268183,3.936150789260864,102200,WHR,3.897181749343872,0,1.0024813357873847,1.0,0.9931170988890816,1.0,0.9441456549394408,17.0,1.0822740835321236,102.0,1.1873480442078237,386.0
1981-08-31 00:00:00-04:00,0.0,3.95563947558403,3.858209931850433,3.897181749343872,88800,WHR,3.897181749343872,0,0.9950252284420529,1.0,0.9910808354447354,1.0,0.9377202635884565,16.0,1.0708478169446576,101.0,1.1755653126744106,386.0
1981-09-01 00:00:00-04:00,0.0,3.897181749343872,3.8387240231037136,3.897181749343872,10000,WHR,4.014095306396484,1,1.0,0.0,0.9950252768980605,1.0,0.9402919687404387,16.0,1.0701602299073945,100.0,1.1755445831812381,385.0
1981-09-02 00:00:00-04:00,0.0,4.014095306396484,3.897179909122801,4.014095306396484,75000,WHR,3.955638647079468,0,1.014778089078271,1.0,1.0208125680497815,2.0,0.970248874799913,17.0,1.101533651077952,100.0,1.2107534171208325,385.0
1981-09-03 00:00:00-04:00,0.0,4.053068170406549,3.955638647079468,3.955638647079468,77800,WHR,3.81923770904541,0,0.9926651680397035,1.0,1.0039565488220032,2.0,0.9578486601979266,17.0,1.0848888622435244,99.0,1.1931003624362133,384.0
1981-09-04 00:00:00-04:00,0.0,3.955639055797032,3.8192377090454097,3.81923770904541,29000,WHR,3.858207941055298,1,0.9824561919976252,0.0,0.9751244304419096,1.0,0.9273720233138221,16.0,1.04698661480067,99.0,1.1519726301800481,384.0
1981-09-08 00:00:00-04:00,0.0,3.858207941055298,3.819236143670901,3.858207941055298,185600,WHR,3.877691984176636,1,1.0050759372043716,1.0,0.9870386326230001,2.0,0.939204672030809,17.0,1.0570373183892137,100.0,1.1637269759650288,385.0
1981-09-09 00:00:00-04:00,0.0,3.8776919841766353,3.8192343160734703,3.877691984176636,187000,WHR,3.897181749343872,1,1.0025186524269514,2.0,0.993013441022799,3.0,0.9462667906409709,18.0,1.0617178919890353,101.0,1.1695900777365151,386.0
1981-09-10 00:00:00-04:00,0.0,3.897181749343872,3.858209931850433,3.897181749343872,71200,WHR,3.936150789260864,1,1.0025067629179891,2.0,1.0040164305742711,3.0,0.9528351664477756,19.0,1.066326009660322,102.0,1.175427133411048,387.0
1981-09-11 00:00:00-04:00,0.0,3.9751225792535454,3.8776931042718417,3.936150789260864,65400,WHR,3.916665315628052,0,1.004974771557947,2.0,1.0150751333558563,4.0,0.9638935626992966,20.0,1.0762999005627034,102.0,1.1871387059996579,387.0
1981-09-14 00:00:00-04:00,0.0,3.9556371098134058,3.877693521442698,3.916665315628052,66600,WHR,3.897181749343872,0,0.9975186642126154,1.0,1.0049999645783945,4.0,0.9609560875126523,19.0,1.070378666255133,101.0,1.1812341409615592,386.0
1981-09-15 00:00:00-04:00,0.0,3.9166676580905913,3.897181749343872,3.897181749343872,21800,WHR,3.877691984176636,0,0.9975065334498904,0.0,0.9980044508431812,3.0,0.9580078153760379,19.0,1.0645551593147926,100.0,1.1753373349587921,386.0
1981-09-16 00:00:00-04:00,0.0,3.916663762912079,3.8776919841766353,3.877691984176636,15200,WHR,3.780266046524048,0,0.9974932370820111,0.0,0.993013441022799,2.0,0.9549703357330608,19.0,1.0587579488772838,100.0,1.1694526133910996,385.0
1981-09-17 00:00:00-04:00,0.0,3.858209676349286,3.7412942316114286,3.780266046524048,374200,WHR,3.526947498321533,0,0.9872778177600336,0.0,0.9738959808381196,1.0,0.9333658079932043,18.0,1.0318275609085972,99.0,1.1400905395134255,385.0
1981-09-18 00:00:00-04:00,0.0,3.721806476129353,3.507461600540751,3.526947498321533,247000,WHR,3.6243772506713863,1,0.9653330853617652,0.0,0.9282050179011402,0.0,0.873833214722175,18.0,0.9626430372584825,99.0,1.0637984703118502,384.0
1981-09-21 00:00:00-04:00,0.0,3.6243772506713863,3.5074618554884385,3.6243772506713863,51000,WHR,3.7023191452026367,1,1.0136240145385054,1.0,0.9687499326891449,1.0,0.900581020060718,19.0,0.988940918985604,100.0,1.0932495023216722,385.0
1981-09-22 00:00:00-04:00,0.0,3.741290925678454,3.5854038037751854,3.7023191452026367,71200,WHR,3.6243772506713863,0,1.0106380680077234,2.0,0.9999996651352443,2.0,0.9222550630474406,20.0,1.009842896110257,100.0,1.1168056811527625,385.0
1981-09-23 00:00:00-04:00,0.0,3.682834948262861,3.6048913514742287,3.6243772506713863,33600,WHR,3.721806526184082,1,0.9893619319922764,1.0,0.9925293683572698,2.0,0.9053297657590283,20.0,0.9882683426662724,100.0,1.0933651793176522,385.0
1981-09-24 00:00:00-04:00,0.0,3.721806526184082,3.643862934012688,3.721806526184082,6600,WHR,3.682838201522827,0,1.0132625698556101,1.0,1.0224840018963626,3.0,0.9318587820289406,21.0,1.014360353660427,101.0,1.1227764505787943,386.0
1981-09-25 00:00:00-04:00,0.0,3.721810034343175,3.682838201522827,3.682838201522827,40000,WHR,3.780266046524048,1,0.9947373133898725,1.0,1.0031855268298209,3.0,0.9244321994234845,21.0,1.003185639149869,101.0,1.1110402683366911,386.0
1981-09-28 00:00:00-04:00,0.0,3.780266046524048,3.624378786873572,3.780266046524048,17000,WHR,3.721806526184082,0,1.0130546005741135,1.0,1.021052902588849,3.0,0.9509030771558589,22.0,1.0290690075559483,101.0,1.140425639147386,386.0
1981-09-29 00:00:00-04:00,0.0,3.76077832226978,3.721806526184082,3.721806526184082,56800,WHR,3.7023191452026367,0,0.992207550677044,1.0,1.0042058001279484,2.0,0.9381906691796557,22.0,1.012660891663313,100.0,1.1227896487098195,386.0
1981-09-30 00:00:00-04:00,0.0,3.760776815916363,3.7023191452026367,3.7023191452026367,13400,WHR,3.741291522979736,1,0.9973751278138311,0.0,0.9947637955415237,2.0,0.935038922396751,22.0,1.0070382494149686,99.0,1.1169238533273993,385.0
1981-10-01 00:00:00-04:00,0.0,3.780263309677442,3.702319736282031,3.741291522979736,20200,WHR,3.897181749343872,1,1.0052356819176056,1.0,1.0041837014669293,2.0,0.9465896815378327,22.0,1.017272177986045,100.0,1.128641318456033,386.0
1981-10-02 00:00:00-04:00,0.0,3.9361535668373104,3.741294479370117,3.897181749343872,86200,WHR,3.994612216949463,1,1.0204085582035052,2.0,1.0341266445850061,3.0,0.9871673008777551,23.0,1.05914308332392,100.0,1.175586041376835,386.0
1981-10-05 00:00:00-04:00,0.0,4.053069956709699,3.936154477189227,3.994612216949463,24000,WHR,3.975122213363648,0,1.0123457946344934,2.0,1.0480579197221749,3.0,1.0125964103812304,24.0,1.0850013566083523,100.0,1.2048555740514846,387.0
1981-10-06 00:00:00-04:00,0.0,4.033579892971936,3.955636320160884,3.975122213363648,50800,WHR,4.1115241050720215,1,0.9975544977368777,1.0,1.029263014076807,3.0,1.0084861228395987,24.0,1.0791135718779243,100.0,1.1988642572934876,387.0
1981-10-07 00:00:00-04:00,0.0,4.13101000130459,3.994608727676608,4.1115241050720215,63000,WHR,4.169983386993408,1,1.016867547600964,1.0,1.0424898637477322,4.0,1.0434350896792555,24.0,1.1154812790225164,100.0,1.2398270808396197,388.0
1981-10-08 00:00:00-04:00,0.0,4.208955194348487,4.0530679649281725,4.169983386993408,80800,WHR,4.169983386993408,0,1.0070590145547047,2.0,1.0348162851185796,4.0,1.0584455297626785,24.0,1.1305526919811322,101.0,1.2572485829605762,389.0
1981-10-09 00:00:00-04:00,0.0,4.2674129053811045,4.131011579638329,4.169983386993408,114200,WHR,4.1115241050720215,0,1.0,1.0,1.0209924536407888,3.0,1.0585327842135912,24.0,1.1296694293088467,101.0,1.2570048810094483,389.0
1981-10-12 00:00:00-04:00,0.0,4.189467690002297,4.092038208839452,4.1115241050720215,65200,WHR,4.014095306396484,0,0.9929409854452952,0.0,1.000948641431219,2.0,1.0437791925393818,24.0,1.1130334489966716,101.0,1.2391863166279562,388.0
1981-10-13 00:00:00-04:00,0.0,4.111524804124555,4.014095306396484,4.014095306396484,25200,WHR,3.858207941055298,0,0.9880096773252725,0.0,0.9753787703233456,2.0,1.0195496139839408,24.0,1.0860626159312259,100.0,1.2096514164393941,388.0
1981-10-14 00:00:00-04:00,0.0,4.033581029285084,3.858207941055298,3.858207941055298,36200,WHR,3.858207941055298,0,0.9801979979122823,0.0,0.9491849595205754,1.0,0.9810073843484224,24.0,1.043445286357979,100.0,1.1625653837660197,388.0
1981-10-15 00:00:00-04:00,0.0,3.877693839747496,3.741292548902107,3.858207941055298,146600,WHR,3.760777711868286,0,1.0,0.0,0.9639727012649683,0.0,0.9814125968849846,24.0,1.0428737176305223,100.0,1.162449352408149,388.0
1981-10-16 00:00:00-04:00,0.0,3.858207186269019,3.760777711868286,3.760777711868286,19200,WHR,3.7023191452026367,0,0.9872121784151641,0.0,0.9592443979400331,0.0,0.9578161407379342,23.0,1.0159604081828597,100.0,1.1329945732368072,388.0
1981-10-19 00:00:00-04:00,0.0,3.7218050354405454,3.643861474488911,3.7023191452026367,76400,WHR,3.741291522979736,1,0.9921669827170657,0.0,0.9644666954777193,0.0,0.9439425855751394,23.0,0.9995997504922511,100.0,1.1153109718519163,387.0
1981-10-20 00:00:00-04:00,0.0,3.760777416328589,3.721805629630884,3.741291522979736,240800,WHR,3.741291522979736,0,1.0052356819176056,1.0,0.9886713775856116,1.0,0.9546694623107174,24.0,1.0094634693497655,101.0,1.1269586535109015,388.0
1981-10-21 00:00:00-04:00,0.0,3.819235096375148,3.741291522979736,3.741291522979736,140200,WHR,3.682838201522827,0,1.0,1.0,0.9948186125127492,1.0,0.9555405201619441,23.0,1.0087845814615164,101.0,1.1268726678121912,387.0
1981-10-22 00:00:00-04:00,0.0,3.721810034343175,3.6633522851126537,3.682838201522827,67400,WHR,3.682838201522827,0,0.9921265759589316,0.0,0.9884946781200648,1.0,0.9416266534990303,23.0,0.9924186391400733,101.0,1.1092275323584269,386.0
1981-10-23 00:00:00-04:00,0.0,3.682838201522827,3.6633522851126537,3.682838201522827,96400,WHR,3.6633460521698,0,1.0,0.0,0.9926477987788364,1.0,0.9428009287688474,22.0,0.991689620076474,101.0,1.1091949825734615,385.0
1981-10-26 00:00:00-05:00,0.0,3.682831935426023,3.643860168913578,3.6633460521698,18600,WHR,3.741291522979736,1,0.9973466293956309,0.0,0.9894728071904104,1.0,0.9386694165066108,22.0,0.9857168193060661,101.0,1.1033049242546604,384.0
1981-10-27 00:00:00-05:00,0.0,3.741291522979736,3.6438620562354727,3.741291522979736,126800,WHR,3.682838201522827,0,1.0105265747335868,1.0,1.0105259435067038,1.0,0.9591204887450663,23.0,1.0058462257775114,102.0,1.126786693534598,384.0
1981-10-28 00:00:00-05:00,0.0,3.780267783573696,3.64386636870248,3.682838201522827,79800,WHR,3.6633460521698,0,0.9921265759589316,1.0,0.9978886440796438,1.0,0.9448433184251693,23.0,0.9893225215113486,102.0,1.1092405510549304,383.0
1981-10-29 00:00:00-05:00,0.0,3.682831935426023,3.643860168913578,3.6633460521698,22800,WHR,3.81923770904541,1,0.9973466293956309,0.0,0.9936567252882293,1.0,0.94086165560091,22.0,0.9833039776116631,102.0,1.1034020561299285,383.0
1981-10-30 00:00:00-05:00,0.0,3.8192377090454097,3.682836362293788,3.81923770904541,60400,WHR,3.81923770904541,0,1.0208339340861976,1.0,1.0283321120358306,2.0,0.9818003125655687,22.0,1.0241622926696448,103.0,1.1503162084043166,384.0
1981-11-02 00:00:00-05:00,0.0,3.877695429081819,3.760779989009,3.81923770904541,93000,WHR,3.81923770904541,0,1.0,1.0,1.0197713508175439,2.0,0.9827027803135647,22.0,1.0231144553302312,103.0,1.1502824530229048,383.0
1981-11-03 00:00:00-05:00,0.0,3.8192377090454097,3.780265895687804,3.81923770904541,23200,WHR,3.916665315628052,1,1.0,0.0,1.0155441799366653,1.0,0.9835246383987415,22.0,1.0221327201481871,102.0,1.15024194878368,383.0
1981-11-04 00:00:00-05:00,0.0,3.9751230069060814,3.858207624350021,3.916665315628052,115800,WHR,3.916665315628052,0,1.012594212501359,1.0,1.0286589966858362,2.0,1.0092893447505638,22.0,1.0471803498891084,102.0,1.1795081324823622,384.0
1981-11-05 00:00:00-05:00,0.0,3.9946089039987593,3.916665315628052,3.916665315628052,121200,WHR,3.877691984176636,0,1.0,1.0,1.015151218534807,2.0,1.0098809464846614,22.0,1.046112131211979,102.0,1.1794112386055169,384.0
1981-11-06 00:00:00-05:00,0.0,3.955635541647523,3.8776919841766353,3.877691984176636,338400,WHR,3.7023191452026367,0,0.9949998017857877,0.0,1.0020135864657636,1.0,1.0010894353938178,21.0,1.0347117721052146,101.0,1.167586277297054,384.0
1981-11-09 00:00:00-05:00,0.0,3.955635718295449,3.7023191452026367,3.7023191452026367,241000,WHR,3.5854060649871826,0,0.9768637755300551,0.0,0.9625123741303553,1.0,0.9577412938245975,21.0,0.9872792650596658,100.0,1.1147678358302926,383.0
1981-11-10 00:00:00-05:00,0.0,3.702321480149808,3.585406064987182,3.5854060649871826,546400,WHR,3.4684908390045166,0,0.9839575345058312,0.0,0.9435900981199782,1.0,0.9295278066279247,21.0,0.9556259254336583,99.0,1.079603326616433,382.0
1981-11-11 00:00:00-05:00,0.0,3.6048921641339073,3.4295190318246904,3.4684908390045166,508000,WHR,3.5854060649871826,1,0.9834254416283706,0.0,0.9348742957294293,0.0,0.9017225784355678,20.0,0.9242146590613832,98.0,1.0444663394711238,382.0
1981-11-12 00:00:00-05:00,0.0,3.624377870041391,3.507462454878765,3.5854060649871826,270800,WHR,3.604889869689941,1,1.0165745583716295,1.0,0.9839574765633696,1.0,0.9344055573057121,20.0,0.9550307170405884,98.0,1.079698351713745,383.0
1981-11-13 00:00:00-05:00,0.0,3.682833434439994,3.5854039785024283,3.604889869689941,223400,WHR,3.54643177986145,0,1.0027097361332227,2.0,1.0043427583392408,2.0,0.941635160794577,21.0,0.9599016794402582,98.0,1.0855847556996874,384.0
1981-11-16 00:00:00-05:00,0.0,3.5659176687617875,3.487974113160437,3.54643177986145,124000,WHR,3.5854060649871826,1,0.9918255543949477,1.0,0.9967136781042457,2.0,0.92857093496233,21.0,0.944080874389064,98.0,1.0680369591949612,383.0
1981-11-17 00:00:00-05:00,0.0,3.604891967514287,3.565920162460078,3.5854060649871826,119800,WHR,3.6243772506713863,1,1.0054648305210534,1.0,1.0076672803417797,3.0,0.9406954407331516,22.0,0.9541590878824566,99.0,1.0798314150494273,383.0
1981-11-18 00:00:00-05:00,0.0,3.6438631498685448,3.58540545227707,3.6243772506713863,154200,WHR,3.5854060649871826,0,1.0054053199628847,2.0,1.009772106838187,4.0,0.95238093050336,23.0,0.9641102564367169,100.0,1.091606963673828,384.0
1981-11-19 00:00:00-05:00,0.0,3.663349675095599,3.585406064987182,3.5854060649871826,223800,WHR,3.6243772506713863,1,0.994594680037115,1.0,0.9989145129530497,3.0,0.9435898770828841,23.0,0.9532297812516345,100.0,1.0798947887340868,384.0
1981-11-20 00:00:00-05:00,0.0,3.682834948262861,3.58540545227707,3.6243772506713863,68000,WHR,3.6633460521698,1,1.0054053199628847,1.0,1.0086768260026866,3.0,0.9550705734325692,24.0,0.963091869092229,100.0,1.0916389960920225,385.0
1981-11-23 00:00:00-05:00,0.0,3.7218037019384673,3.6633460521698,3.6633460521698,33600,WHR,3.7023191452026367,1,1.0053471845566941,2.0,1.012930305059515,4.0,0.9664973459895971,24.0,0.9728827007563514,101.0,1.1033502459984008,386.0
1981-11-24 00:00:00-05:00,0.0,3.7023191452026367,3.6243755842510015,3.7023191452026367,43400,WHR,3.877691984176636,1,1.0052911844332457,2.0,1.0171303817057733,4.0,0.9776172446455825,25.0,0.9826023461017628,102.0,1.1150687822869372,386.0
1981-11-25 00:00:00-05:00,0.0,3.916663762912079,3.721804869234861,3.877691984176636,153000,WHR,3.936150789260864,1,1.023136224469945,2.0,1.0506861920775532,4.0,1.0240132168289555,26.0,1.0281894953537252,103.0,1.1678055354658428,387.0
1981-11-27 00:00:00-05:00,0.0,3.955636684257205,3.897178999268183,3.936150789260864,68200,WHR,4.014095306396484,1,1.0074814411780786,2.0,1.046632316380089,5.0,1.0398076157770346,26.0,1.0425697003224867,104.0,1.1852788286955842,388.0
1981-11-30 00:00:00-05:00,0.0,4.053067105487712,3.9556376077596425,4.014095306396484,104600,WHR,4.208953380584717,1,1.009804038289858,2.0,1.0456857027891862,5.0,1.0601252648969457,27.0,1.0620309106049932,104.0,1.208537238245705,389.0
1981-12-01 00:00:00-05:00,0.0,4.208953380584717,4.033580323060354,4.208953380584717,35800,WHR,4.150496482849121,0,1.0236965730844734,2.0,1.066140248634383,5.0,1.1096838582464297,28.0,1.1122552264399066,104.0,1.2668693625449279,390.0
1981-12-02 00:00:00-05:00,0.0,4.208954179790658,4.131010583868608,4.150496482849121,26000,WHR,4.13101053237915,0,0.9930070879435141,1.0,1.0279924511564278,4.0,1.092868157557381,27.0,1.0955663293129898,104.0,1.2489738508928923,389.0
1981-12-03 00:00:00-05:00,0.0,4.2089541273297,4.13101053237915,4.13101053237915,114800,WHR,4.150496482849121,1,0.9976470525914982,0.0,1.0104862408016504,3.0,1.0865294243425228,26.0,1.0890784075020998,104.0,1.2428113203865072,389.0
1981-12-04 00:00:00-05:00,0.0,4.208954179790658,4.150496482849121,4.150496482849121,59200,WHR,4.13101053237915,0,1.0023529474085018,1.0,1.0047170168496349,3.0,1.0904437064071866,26.0,1.0927784559927531,105.0,1.2483662837982974,390.0
1981-12-07 00:00:00-05:00,0.0,4.169982329854426,4.13101053237915,4.13101053237915,35800,WHR,4.169983386993408,1,0.9976470525914982,1.0,0.994371512970728,2.0,1.0843989801620535,25.0,1.0862881861985023,104.0,1.2422360123760525,389.0
1981-12-08 00:00:00-05:00,0.0,4.169983386993408,4.131011579638329,4.169983386993408,67600,WHR,4.150496482849121,0,1.004694962433752,1.0,1.0056392963913015,2.0,1.093417628785461,26.0,1.0952120657929394,104.0,1.2536984207275987,389.0
1981-12-09 00:00:00-05:00,0.0,4.1894682808101456,4.131010583868608,4.150496482849121,185600,WHR,4.169983386993408,1,0.9976579591022248,1.0,1.000939806068719,2.0,1.0871044766975428,26.0,1.088778957941537,104.0,1.2476058287580183,388.0
1981-12-10 00:00:00-05:00,0.0,4.208955194348487,4.150497483315869,4.169983386993408,43800,WHR,4.189468383789063,1,1.0023420408977752,1.0,1.003752492511876,3.0,1.0908166817203,27.0,1.0925059025912842,105.0,1.2531918432893998,389.0
1981-12-11 00:00:00-05:00,0.0,4.208954283248547,4.169982484329578,4.189468383789063,58000,WHR,4.13101053237915,0,1.0023308940980746,2.0,1.0065542321345788,3.0,1.0939620479382743,28.0,1.0961558562525537,106.0,1.2587674951315224,390.0
1981-12-14 00:00:00-05:00,0.0,4.169982329854426,4.111524633641513,4.13101053237915,62800,WHR,4.169983386993408,1,0.9929742203545138,1.0,0.992509252593541,3.0,1.0758690672412252,28.0,1.0794956994317173,106.0,1.2409416980070387,390.0
1981-12-15 00:00:00-05:00,0.0,4.189469290670948,4.131011579638329,4.169983386993408,99400,WHR,4.189468383789063,1,1.004694962433752,1.0,1.0018728014156633,3.0,1.0834531417541717,28.0,1.0882170295397828,107.0,1.252392430973205,390.0
1981-12-16 00:00:00-05:00,0.0,4.189468383789063,4.150496584870094,4.189468383789063,24000,WHR,4.169983386993408,0,1.0023308940980746,2.0,1.0046728175788013,4.0,1.086224343790375,28.0,1.0917696262473078,108.0,1.2579573440355805,391.0
1981-12-17 00:00:00-05:00,0.0,4.189469290670948,4.169983386993408,4.169983386993408,89200,WHR,4.13101053237915,0,0.9976691059019256,1.0,1.0000001372198914,3.0,1.0786292869185696,28.0,1.0852370017534412,107.0,1.251835646287402,390.0
1981-12-18 00:00:00-05:00,0.0,4.189468228592062,4.13101053237915,4.13101053237915,24200,WHR,4.092039585113525,0,0.995305037566248,0.0,0.9934394417024723,2.0,1.0666666475140538,27.0,1.0738091907820264,106.0,1.239860326955732,390.0
1981-12-21 00:00:00-05:00,0.0,4.1115254878997805,4.092039585113525,4.092039585113525,23000,WHR,4.169983386993408,1,0.9952607673905911,0.0,0.9859155495920647,2.0,1.0547465701368912,27.0,1.062452162731808,106.0,1.2278693624476227,390.0
1981-12-22 00:00:00-05:00,0.0,4.208955194348487,4.111525675960791,4.169983386993408,122600,WHR,4.150496482849121,0,1.0094339851320948,1.0,1.0046949393485223,2.0,1.0730405480002185,27.0,1.081354499284046,107.0,1.2508770854883984,391.0
1981-12-23 00:00:00-05:00,0.0,4.169982381829633,4.131010583868608,4.150496482849121,145400,WHR,4.150496482849121,0,0.9976579591022248,1.0,1.0018813341422461,1.0,1.0660660737285343,27.0,1.074954091689716,107.0,1.2446750704463474,390.0
1981-12-24 00:00:00-05:00,0.0,4.169982381829633,4.111524684888097,4.150496482849121,113000,WHR,4.053064346313477,0,1.0,0.0,1.002824773813134,1.0,1.0640246441576837,27.0,1.0736103697408388,107.0,1.2443260492052153,389.0
1981-12-28 00:00:00-05:00,0.0,4.150493777715242,4.053064346313477,4.053064346313477,31200,WHR,3.994612216949463,0,0.9881231896045329,0.0,0.9829861667340579,1.0,1.0376645838581617,26.0,1.0472673743570504,106.0,1.2148034683363824,389.0
1981-12-29 00:00:00-05:00,0.0,4.072555869963111,3.994612216949463,3.994612216949463,5800,WHR,3.994612216949463,0,0.9927367695626781,0.0,0.9734099585658937,1.0,1.0222746875989068,25.0,1.0311256520502032,105.0,1.1970322391793575,388.0
1981-12-30 00:00:00-05:00,0.0,4.014098130202875,3.936154477189227,3.994612216949463,87800,WHR,3.955638647079468,0,1.0,0.0,0.9818013304938987,0.0,1.0222746875989068,24.0,1.030213641774645,104.0,1.1967527160433034,388.0
1981-12-31 00:00:00-05:00,0.0,3.994610456410301,3.955638647079468,3.955638647079468,16200,WHR,3.897181749343872,0,0.9950978188567192,0.0,0.9816248319771894,0.0,1.0123849608274527,24.0,1.0192608155618443,104.0,1.1848206377098054,387.0
1982-01-04 00:00:00-05:00,0.0,3.975125384330749,3.897181749343872,3.897181749343872,87000,WHR,3.838722467422485,0,0.9925559359841949,0.0,0.9794321093549497,0.0,0.998336588690253,23.0,1.0033919717978506,103.0,1.1670728080048043,387.0
1982-01-05 00:00:00-05:00,0.0,3.8971801699720654,3.819236566572625,3.838722467422485,170200,WHR,3.780266046524048,0,0.9924431223185667,0.0,0.9752471561061469,0.0,0.9847538907625721,22.0,0.9876866062322908,102.0,1.149344923700271,387.0
1982-01-06 00:00:00-05:00,0.0,3.858209676349286,3.72180832415512,3.780266046524048,165200,WHR,3.858207941055298,1,0.9923275352375931,0.0,0.9709709919967753,0.0,0.971376520952767,22.0,0.9720222299053278,102.0,1.131664327871882,386.0
1982-01-07 00:00:00-05:00,0.0,3.877693839747496,3.780264346286504,3.858207941055298,112200,WHR,3.955638647079468,1,1.0102038567726994,1.0,0.9979835948179316,1.0,0.9924811679614999,23.0,0.991308513106289,103.0,1.1547815356540736,387.0
1982-01-08 00:00:00-05:00,0.0,3.975124551744884,3.89718093308322,3.955638647079468,31800,WHR,3.877691984176636,0,1.0124689811765843,2.0,1.0231855143954065,2.0,1.0177992186269489,24.0,1.0154470927493113,104.0,1.183680715097335,388.0
1982-01-11 00:00:00-05:00,0.0,3.916663762912079,3.8776919841766353,3.877691984176636,14000,WHR,3.858207941055298,0,0.990049358750183,1.0,1.004035769416191,2.0,0.9976599186707921,24.0,0.9946215541178006,104.0,1.1601192860758283,388.0
1982-01-12 00:00:00-05:00,0.0,3.877693839747496,3.838722042363099,3.858207941055298,26600,WHR,3.936150789260864,1,0.9974813475730487,0.0,0.9979838163843139,2.0,0.9926470272510679,24.0,0.988833162736804,104.0,1.1540478919437913,388.0
1982-01-13 00:00:00-05:00,0.0,3.955636684257205,3.83872131427916,3.936150789260864,233600,WHR,3.936150789260864,0,1.009999905175317,1.0,1.009999880459725,3.0,1.0119393267579386,25.0,1.0079637068194576,104.0,1.1770941991570436,388.0
1982-01-14 00:00:00-05:00,0.0,4.014094369246228,3.8776931042718417,3.936150789260864,14800,WHR,3.936150789260864,0,1.0,1.0,1.005976014656111,2.0,1.0109264552807564,25.0,1.0071194314230916,104.0,1.176826752439414,388.0
1982-01-15 00:00:00-05:00,0.0,3.9751225792535454,3.897178999268183,3.936150789260864,37200,WHR,4.033583164215088,1,1.0,0.0,1.0069790828186487,1.0,1.0100839451818782,24.0,1.0061763253861682,104.0,1.1765457213176382,388.0
1982-01-18 00:00:00-05:00,0.0,4.033583164215088,3.916667710179868,4.033583164215088,42800,WHR,4.13101053237915,1,1.0122252983001683,1.0,1.0237394197011913,2.0,1.033794402588137,25.0,1.0299332585371856,105.0,1.2053671182109027,388.0
1982-01-19 00:00:00-05:00,0.0,4.169982329854426,4.014095139953326,4.13101053237915,78000,WHR,3.916665315628052,0,1.011932910783387,2.0,1.0341463488003124,3.0,1.0567416778168484,26.0,1.0535522433957918,105.0,1.2341654067926058,388.0
1982-01-20 00:00:00-05:00,0.0,4.169981977832851,3.916665315628052,3.916665315628052,684400,WHR,3.936150789260864,1,0.9733655752543544,1.0,0.9814452157087442,2.0,1.000912836646905,26.0,0.997914703891843,105.0,1.1699036735593216,388.0
1982-01-21 00:00:00-05:00,0.0,3.936150789260864,3.897178999268183,3.936150789260864,366400,WHR,3.81923770904541,0,1.0024813357873847,1.0,0.9863279216158419,3.0,1.0047249728825423,27.0,1.001924279834692,105.0,1.1754845006388006,389.0
1982-01-22 00:00:00-05:00,0.0,3.936153149118229,3.8192377090454097,3.81923770904541,50200,WHR,3.81923770904541,0,0.9849249228145067,1.0,0.962672172053846,3.0,0.9745590741438023,26.0,0.9714323478316711,104.0,1.140377355586813,389.0
1982-01-25 00:00:00-05:00,0.0,3.8192377090454097,3.760779989009,3.81923770904541,32000,WHR,3.780266046524048,0,1.0,0.0,0.9731879822944549,2.0,0.9739940729754598,26.0,0.9706049253988003,104.0,1.1402181377237202,388.0
1982-01-26 00:00:00-05:00,0.0,3.780266046524048,3.70232241669881,3.780266046524048,26800,WHR,3.741291522979736,0,0.9948718148217506,0.0,0.9807889250493479,1.0,0.9635765421263383,26.0,0.9599402401508302,103.0,1.1284717018396728,387.0
1982-01-27 00:00:00-05:00,0.0,3.760777416328589,3.741291522979736,3.741291522979736,357800,WHR,3.780266046524048,1,0.9948182908680597,0.0,0.9795914112206473,1.0,0.953957963526425,25.0,0.9493104810244093,103.0,1.116759212642306,386.0
1982-01-28 00:00:00-05:00,0.0,3.7997519539803575,3.7412942316114286,3.780266046524048,23000,WHR,4.014095306396484,1,1.0051817091319402,1.0,0.9979425456045748,1.0,0.9640553876193217,26.0,0.9584794916499685,103.0,1.1283010598141325,387.0
1982-01-29 00:00:00-05:00,0.0,4.014095306396484,3.7997504113947302,4.014095306396484,214600,WHR,3.975122213363648,0,1.0299997971976012,2.0,1.0488796574037165,2.0,1.0228401274008345,27.0,1.0168019327511089,103.0,1.197883385629188,388.0
1982-02-01 00:00:00-05:00,0.0,3.975122213363648,3.9166645337553594,3.975122213363648,227600,WHR,3.994612216949463,1,0.9951217884684649,1.0,1.0303026636517718,2.0,1.0126579098124513,26.0,1.0060160667935367,103.0,1.1860185783457824,388.0
1982-02-02 00:00:00-05:00,0.0,4.053069956709699,3.955640390442639,3.994612216949463,81000,WHR,3.975122213363648,0,1.0024455022631225,1.0,1.0239766466152127,3.0,1.0172862973329602,27.0,1.010032065648485,103.0,1.1915565204866636,389.0
1982-02-03 00:00:00-05:00,0.0,3.9946081065664094,3.955636320160884,3.975122213363648,124000,WHR,3.897181749343872,0,0.9975544977368777,1.0,1.0069097504391746,3.0,1.0119044267759434,27.0,1.004193679683644,103.0,1.1854947673075527,388.0
1982-02-04 00:00:00-05:00,0.0,3.9361535668373104,3.897181749343872,3.897181749343872,38200,WHR,3.897181749343872,0,0.9900994087132569,0.0,0.9813546303473661,2.0,0.991244458506768,27.0,0.9836908943330477,103.0,1.1620211040794557,388.0
1982-02-05 00:00:00-05:00,0.0,3.897181749343872,3.858209931850433,3.897181749343872,22200,WHR,3.721806526184082,0,1.0,0.0,0.9871671021540774,1.0,0.9899360954790422,27.0,0.9828787390735494,103.0,1.161778101225252,388.0
1982-02-08 00:00:00-05:00,0.0,3.8582078124840224,3.721806526184082,3.721806526184082,35400,WHR,3.6633460521698,0,0.9769818226754473,0.0,0.9549996857327706,1.0,0.9443756788350707,27.0,0.9380770295297711,102.0,1.109329933943118,387.0
1982-02-09 00:00:00-05:00,0.0,3.702317818682245,3.6633460521698,3.6633460521698,34600,WHR,3.741291522979736,1,0.9920840533226583,0.0,0.9562556067698762,0.0,0.9292355624949101,26.0,0.9228345065478024,102.0,1.0917972758229564,386.0
1982-02-10 00:00:00-05:00,0.0,3.741291522979736,3.663347949584325,3.741291522979736,30600,WHR,3.780266046524048,1,1.0105265747335868,1.0,0.9886712031719808,1.0,0.9484600889409186,26.0,0.9418594968626719,103.0,1.114872194433732,387.0
1982-02-11 00:00:00-05:00,0.0,3.780266046524048,3.72180832415512,3.780266046524048,15600,WHR,3.877691984176636,1,1.0051817091319402,2.0,1.0051818174637135,2.0,0.957394674927973,27.0,0.9510740344383583,103.0,1.1263162195536163,388.0
1982-02-12 00:00:00-05:00,0.0,3.8776919841766353,3.8192343160734703,3.877691984176636,34600,WHR,3.741291522979736,0,1.0127221822399666,2.0,1.032157413613859,3.0,0.9808587545202258,27.0,0.9750117553996994,103.0,1.1551293120068729,389.0
1982-02-16 00:00:00-05:00,0.0,3.8582068830728535,3.741291522979736,3.741291522979736,25400,WHR,3.7023191452026367,0,0.9820972888222186,1.0,0.9948186503533145,3.0,0.9458901594177418,26.0,0.9403464712204161,102.0,1.1143480768633467,388.0
1982-02-17 00:00:00-05:00,0.0,3.741290925678454,3.7023191452026367,3.7023191452026367,11200,WHR,3.7023191452026367,0,0.9947643180823943,0.0,0.9824196278086671,3.0,0.9355760838624074,26.0,0.9302230250438824,102.0,1.1026057212166347,388.0
1982-02-18 00:00:00-05:00,0.0,3.760776815916363,3.66334736472682,3.7023191452026367,92000,WHR,3.682838201522827,0,1.0,0.0,0.9844557614629443,2.0,0.9352690674891317,25.0,0.9299680566606233,101.0,1.1024713668415391,388.0
1982-02-19 00:00:00-05:00,0.0,3.682838201522827,3.64386636870248,3.682838201522827,8600,WHR,3.6633460521698,0,0.9973621491370868,0.0,0.9843760395347575,1.0,0.9302715032423622,24.0,0.9247669375827633,101.0,1.0965431043627603,388.0
1982-02-22 00:00:00-05:00,0.0,3.7218037019384673,3.6633460521698,3.6633460521698,9400,WHR,3.7023191452026367,1,0.9973466293956309,0.0,0.9905157514391023,0.0,0.925499708144373,23.0,0.9196204488461275,100.0,1.090650845922667,387.0
1982-02-23 00:00:00-05:00,0.0,3.7023191452026367,3.5854038037751854,3.7023191452026367,255800,WHR,3.760777711868286,1,1.0052911844332457,1.0,1.0031677010720912,1.0,0.9360369827825804,23.0,0.929222165119266,100.0,1.1021516069716386,388.0
1982-02-24 00:00:00-05:00,0.0,3.760777711868286,3.6828341323477,3.760777711868286,137800,WHR,3.780266046524048,1,1.0078330172829344,2.0,1.0157894671089303,2.0,0.9515198917713806,23.0,0.9436912465257171,100.0,1.1194438755064966,388.0
1982-02-25 00:00:00-05:00,0.0,3.7997519539803575,3.7412942316114286,3.780266046524048,339600,WHR,3.81923770904541,1,1.0025843020250444,2.0,1.0167719564492141,3.0,0.9573946787819444,23.0,0.9483588671123216,101.0,1.125146936293492,388.0
1982-02-26 00:00:00-05:00,0.0,3.877695429081819,3.780265895687804,3.81923770904541,42400,WHR,3.858207941055298,1,1.0051281851782494,2.0,1.019771597508212,4.0,0.9688584582423534,23.0,0.9578173291056341,102.0,1.136654050840424,388.0
1982-03-01 00:00:00-05:00,0.0,3.858207941055298,3.838722042363099,3.858207941055298,7800,WHR,3.994612216949463,1,1.0050759372043716,2.0,1.019567406463108,5.0,0.9799553855837312,24.0,0.9671935538397243,103.0,1.1481588726823024,388.0
1982-03-02 00:00:00-05:00,0.0,3.994612216949463,3.897182650682403,3.994612216949463,151200,WHR,4.014095306396484,1,1.0173701005689175,2.0,1.0395542309680208,5.0,1.0151872024504232,25.0,1.0008013641935463,104.0,1.1886064936161327,389.0
1982-03-03 00:00:00-05:00,0.0,4.033581205942099,3.9556376077596425,4.014095306396484,107400,WHR,4.072554588317871,1,1.0024327382901956,2.0,1.0310307358115463,5.0,1.020728341159332,25.0,1.0051134132762587,104.0,1.1942306277190808,390.0
1982-03-04 00:00:00-05:00,0.0,4.072554588317871,4.014096866954456,4.072554588317871,442000,WHR,3.994612216949463,0,1.0072291100372228,2.0,1.030572099507123,5.0,1.0358503434114537,26.0,1.0191347861752582,104.0,1.2114402076407986,390.0
1982-03-05 00:00:00-05:00,0.0,4.053069956709699,3.916668563935815,3.994612216949463,33000,WHR,3.936150789260864,0,0.9903383215880057,1.0,1.0019553854825836,4.0,1.016781676925194,25.0,0.9992792903425626,103.0,1.1880829583820058,390.0
1982-03-08 00:00:00-05:00,0.0,4.014094369246228,3.936150789260864,3.936150789260864,53000,WHR,3.897181749343872,0,0.9926285241857788,0.0,0.9834463943744532,3.0,1.0028128838545527,25.0,0.9842901233842892,103.0,1.1705256871530736,390.0
1982-03-09 00:00:00-05:00,0.0,3.9166676580905913,3.858209931850433,3.897181749343872,30000,WHR,3.877691984176636,0,0.9950252284420529,0.0,0.9784737821141936,2.0,0.9940361967487583,24.0,0.9743554501685929,102.0,1.1587759874757482,390.0
1982-03-10 00:00:00-05:00,0.0,3.897177873544357,3.8776919841766353,3.877691984176636,52000,WHR,3.897181749343872,1,0.9974932370820111,0.0,0.9802948914437478,1.0,0.9903776682894385,23.0,0.9694260381664073,101.0,1.1528006239618056,390.0
1982-03-11 00:00:00-05:00,0.0,3.9361535668373104,3.877695840597152,3.897181749343872,21000,WHR,3.936150789260864,1,1.0025067629179891,1.0,0.994036074841967,1.0,0.9963471409240179,24.0,0.9742795062099329,101.0,1.158426975538746,390.0
1982-03-12 00:00:00-05:00,0.0,3.936150789260864,3.897178999268183,3.936150789260864,25800,WHR,3.916665315628052,0,1.004974771557947,2.0,1.006978837139017,2.0,1.0073135434572302,24.0,0.9839449166740072,102.0,1.1698274738759848,391.0
1982-03-15 00:00:00-05:00,0.0,3.9361512127207288,3.897179418535375,3.916665315628052,6400,WHR,3.975122213363648,1,0.9975186642126154,1.0,1.002993873231086,2.0,1.00349458255096,23.0,0.9790167822112653,102.0,1.1638543905214023,391.0
1982-03-16 00:00:00-05:00,0.0,3.9946081065664094,3.955636320160884,3.975122213363648,40000,WHR,4.014095306396484,1,1.0074073075993044,1.0,1.0139163204914008,3.0,1.0193200809176735,24.0,0.9935319893699346,102.0,1.181019961944813,392.0
1982-03-17 00:00:00-05:00,0.0,4.033581205942099,3.897179909122801,4.014095306396484,39000,WHR,4.014095306396484,0,1.0048782115315351,2.0,1.0167818807238889,4.0,1.029828320434584,25.0,1.0030774172769625,103.0,1.1923573742789815,393.0
1982-03-18 00:00:00-05:00,0.0,4.014095306396484,3.9946094068508704,4.014095306396484,29200,WHR,4.092039585113525,1,1.0,1.0,1.010795034705972,3.0,1.0301716567484573,25.0,1.0028430275468097,103.0,1.1921158692031728,393.0
1982-03-19 00:00:00-05:00,0.0,4.092039585113525,4.014095973968506,4.092039585113525,321400,WHR,4.169983386993408,1,1.009615467761174,1.0,1.0223955527516366,3.0,1.0505253989480545,25.0,1.0221168453520877,103.0,1.2149967687220862,393.0
1982-03-22 00:00:00-05:00,0.0,4.169983386993408,4.0530679649281725,4.169983386993408,130600,WHR,4.169983386993408,0,1.0094339851320948,2.0,1.028846358260374,4.0,1.0704462024409132,26.0,1.0413222298231528,103.0,1.237867467528183,393.0
1982-03-23 00:00:00-05:00,0.0,4.208955194348487,4.072553868605712,4.169983386993408,286200,WHR,4.092039585113525,0,1.0,1.0,1.01904771315785,3.0,1.0703569642497537,26.0,1.0410790656577213,102.0,1.2376240633735978,392.0
1982-03-24 00:00:00-05:00,0.0,4.169983196258545,4.092039585113525,4.092039585113525,90200,WHR,4.1115241050720215,1,0.9905660148679052,0.0,0.9962049474637629,2.0,1.050175140979544,26.0,1.0215003283175188,101.0,1.2142871927676326,391.0
1982-03-25 00:00:00-05:00,0.0,4.13101000130459,4.072552312606883,4.1115241050720215,90600,WHR,3.916665315628052,0,1.00237512874823,1.0,0.9962225650302071,3.0,1.0546482239448514,27.0,1.026224497990518,102.0,1.2198715988157578,391.0
1982-03-26 00:00:00-05:00,0.0,4.111524286554821,3.897179418535375,3.916665315628052,94200,WHR,3.916665315628052,0,0.9757281773968187,1.0,0.9571426778561986,2.0,1.0049998426369362,27.0,0.9777214543449225,101.0,1.161936913020723,391.0
1982-03-29 00:00:00-05:00,0.0,3.9361512127207288,3.897179418535375,3.916665315628052,23200,WHR,3.955638647079468,1,1.0,0.0,0.9691416388374288,1.0,1.005167377115129,27.0,0.97787366941694,100.0,1.1618227372443701,390.0
1982-03-30 00:00:00-05:00,0.0,3.955638647079468,3.89718093308322,3.955638647079468,22600,WHR,4.014095306396484,1,1.004950689358038,1.0,0.9892790106455615,2.0,1.0149156693512085,28.0,0.9878155930430788,100.0,1.1732751098936813,390.0
1982-03-31 00:00:00-05:00,0.0,4.09203890457894,3.936151708214029,4.014095306396484,65400,WHR,4.092039585113525,1,1.0073348319602966,2.0,1.0078278213327176,3.0,1.0291423611736452,29.0,1.0025892222936288,100.0,1.1905175063563618,390.0
1982-04-01 00:00:00-05:00,0.0,4.1115254878997805,4.014095973968506,4.092039585113525,162600,WHR,4.22844123840332,1,1.009615467761174,2.0,1.028403659055907,3.0,1.0477300760612744,30.0,1.0221168382911991,101.0,1.213480266536417,391.0
1982-04-02 00:00:00-05:00,0.0,4.24792714272776,4.131011716781124,4.22844123840332,116400,WHR,4.208953380584717,0,1.0163934820815008,2.0,1.0462875067852415,4.0,1.080946693156872,30.0,1.0561257979924816,101.0,1.2537196131229955,392.0
1982-04-05 00:00:00-05:00,0.0,4.325868752267626,4.208953380584717,4.208953380584717,187400,WHR,4.189468383789063,0,0.9976902991149962,1.0,1.026615652945136,4.0,1.0748048597576898,29.0,1.0512583709125187,100.0,1.247739676249936,392.0
1982-04-06 00:00:00-05:00,0.0,4.189468383789063,4.13101068541061,4.189468383789063,81800,WHR,4.286896705627441,1,0.9976799216159508,0.0,1.010338303498177,3.0,1.0684114352824694,29.0,1.046452774830774,99.0,1.2417768675997662,391.0
1982-04-07 00:00:00-05:00,0.0,4.286896705627441,4.208953129161488,4.286896705627441,171400,WHR,4.442783832550049,1,1.0114941157926323,1.0,1.020407899201028,3.0,1.0912695188854746,30.0,1.0707677460624732,99.0,1.2704275865247183,392.0
1982-04-08 00:00:00-05:00,0.0,4.481755620554874,4.306382574533161,4.442783832550049,436400,WHR,4.520727634429932,1,1.0178571399309364,2.0,1.0401458045002225,3.0,1.1285263074589742,30.0,1.1095103444446823,100.0,1.316328494065908,393.0
1982-04-12 00:00:00-05:00,0.0,4.559699424381914,4.4817558444779495,4.520727634429932,359400,WHR,4.540212631225586,1,1.0086956771536484,2.0,1.0441043806038415,3.0,1.1454901688105137,31.0,1.1287118486042151,100.0,1.3390741502305932,394.0
1982-04-13 00:00:00-05:00,0.0,4.559698522346726,4.520726740104446,4.540212631225586,202400,WHR,4.520727634429932,0,1.0021504387209692,2.0,1.0328012303476855,4.0,1.147500107756846,32.0,1.1334003089278728,100.0,1.344481028129318,395.0
1982-04-14 00:00:00-05:00,0.0,4.559699424381914,4.50124173945394,4.520727634429932,277800,WHR,4.48175859451294,0,0.9978495612790308,1.0,1.0131004961307248,4.0,1.1402356463004533,31.0,1.1283824635308988,100.0,1.3383943476125448,394.0
1982-04-15 00:00:00-05:00,0.0,4.48175859451294,4.40381496678228,4.48175859451294,92400,WHR,4.48175859451294,0,0.9956713024684553,0.0,0.9956715345156876,3.0,1.128742447019424,30.0,1.118568666636843,99.0,1.3265664686827146,393.0
1982-04-16 00:00:00-05:00,0.0,4.520730408378269,4.44278678064761,4.48175859451294,55000,WHR,4.520727634429932,1,1.0,0.0,0.9939502773648774,2.0,1.1260714019386453,30.0,1.1184816319053934,99.0,1.3262681378823837,393.0
1982-04-19 00:00:00-05:00,0.0,4.540213529405922,4.403812264573985,4.520727634429932,33800,WHR,4.520727634429932,0,1.0043286975315449,1.0,1.0025927080574983,2.0,1.133088851591958,30.0,1.1280313275252687,100.0,1.3374376110050499,394.0
1982-04-20 00:00:00-05:00,0.0,4.559699424381914,4.462269949501958,4.520727634429932,130600,WHR,4.520727634429932,0,1.0,1.0,1.0034599625989236,1.0,1.129778158014893,30.0,1.1276804148171302,100.0,1.3370676299263635,394.0
1982-04-21 00:00:00-05:00,0.0,4.520727634429932,4.4817558444779495,4.520727634429932,69200,WHR,4.637645244598389,1,1.0,0.0,1.0034599625989236,1.0,1.1264867546461141,30.0,1.1272859009084943,100.0,1.3366978534899583,394.0
1982-04-22 00:00:00-05:00,0.0,4.637645244598389,4.501243913874906,4.637645244598389,157400,WHR,4.676616668701172,1,1.012766198943066,1.0,1.0223370386889072,2.0,1.151520334295661,31.0,1.1560135064524142,100.0,1.3708417804471051,395.0
1982-04-23 00:00:00-05:00,0.0,4.676616668701172,4.5986730575561525,4.676616668701172,165400,WHR,4.657129287719727,0,1.004184059291605,2.0,1.0221467335059469,3.0,1.156719607573535,32.0,1.1651844927091117,101.0,1.3819315213340961,395.0
1982-04-26 00:00:00-04:00,0.0,4.715586977523739,4.637643391118388,4.657129287719727,37000,WHR,4.598672389984131,0,0.9979121586260831,1.0,1.0118542471083072,2.0,1.1477507575607697,31.0,1.1597211096714408,101.0,1.3757452694587538,395.0
1982-04-27 00:00:00-04:00,0.0,4.65713008985681,4.559700590069011,4.598672389984131,83200,WHR,4.520727634429932,0,0.9936842966421362,0.0,0.9957806003890683,2.0,1.130629225762803,30.0,1.1446309350440873,101.0,1.3580624137688793,395.0
1982-04-28 00:00:00-04:00,0.0,4.598671214333896,4.4817558444779495,4.520727634429932,53800,WHR,4.48175859451294,0,0.9914528636373524,0.0,0.9789027128378729,2.0,1.108986364248849,30.0,1.1247282587143583,101.0,1.3347368355888292,394.0
1982-04-29 00:00:00-04:00,0.0,4.579188129176264,4.48175859451294,4.48175859451294,69600,WHR,4.501243591308594,1,0.9956713024684553,0.0,0.9770606587415803,1.0,1.0972414249326374,29.0,1.1144495048588776,101.0,1.322964901180589,393.0
1982-04-30 00:00:00-04:00,0.0,4.5791872032793055,4.481757688315915,4.501243591308594,51400,WHR,4.579185962677002,1,1.0021690962990535,1.0,0.9888700019402811,1.0,1.0996511031490959,30.0,1.1186009347943988,102.0,1.328464488795302,393.0
1982-05-03 00:00:00-04:00,0.0,4.579185962677002,4.481756474109407,4.579185962677002,116400,WHR,4.598672389984131,1,1.0085835555361142,2.0,1.0094500278745202,2.0,1.1155944977695305,31.0,1.1371553642804648,103.0,1.3511570208301902,394.0
1982-05-04 00:00:00-04:00,0.0,4.65713008985681,4.540214690111451,4.598672389984131,114800,WHR,4.676616668701172,1,1.002123199831416,2.0,1.013745676653295,3.0,1.1171598092743047,32.0,1.1411551099879025,104.0,1.3565324029580987,395.0
1982-05-05 00:00:00-04:00,0.0,4.754560279846191,4.5986730575561525,4.676616668701172,394400,WHR,4.61815881729126,0,1.0084034339225314,2.0,1.0238908234640907,4.0,1.1317197909359622,33.0,1.159465298692689,105.0,1.3791283140534767,395.0
1982-05-06 00:00:00-04:00,0.0,4.735074230387241,4.61815881729126,4.61815881729126,185800,WHR,4.735074520111084,1,0.993710676336614,1.0,1.005089112921864,4.0,1.1132859888140056,33.0,1.144021323514461,105.0,1.3615527370924827,394.0
1982-05-07 00:00:00-04:00,0.0,4.754560423486026,4.657130906611313,4.735074520111084,226600,WHR,4.676616668701172,0,1.012500030588598,1.0,1.0201512460670918,4.0,1.13693096946811,33.0,1.1719882727297428,105.0,1.3956055921530717,395.0
1982-05-10 00:00:00-04:00,0.0,4.735074377059937,4.676616668701172,4.676616668701172,45400,WHR,4.676616668701172,0,0.9937888047708788,1.0,1.003344510345995,3.0,1.1188812997125643,32.0,1.1565375236871613,105.0,1.3779564138902411,395.0
1982-05-11 00:00:00-04:00,0.0,4.696102571487427,4.676616668701172,4.676616668701172,29400,WHR,4.540212631225586,0,1.0,0.0,1.0,2.0,1.1153281827177597,31.0,1.155824584027253,104.0,1.3775056040935572,395.0
1982-05-12 00:00:00-04:00,0.0,4.676613869073565,4.540212631225586,4.540212631225586,59000,WHR,4.540212631225586,0,0.9852005464095261,0.0,0.976529286496381,1.0,1.079369501107645,31.0,1.1216154151704425,103.0,1.3369362089112473,395.0
1982-05-13 00:00:00-04:00,0.0,4.598670304589005,4.520726740104446,4.540212631225586,199400,WHR,4.520727634429932,0,1.0,0.0,0.9798146078417349,1.0,1.0757979060922351,31.0,1.121205226555294,102.0,1.3365527569861164,394.0
1982-05-14 00:00:00-04:00,0.0,4.540213529405922,4.442784054525967,4.520727634429932,27200,WHR,4.423299789428711,0,0.9978495612790308,0.0,0.9847197804134736,0.0,1.0677300400249836,31.0,1.1160067504416133,102.0,1.3304733044639006,393.0
1982-05-17 00:00:00-04:00,0.0,4.520729300209079,4.423299789428711,4.423299789428711,40800,WHR,4.3843255043029785,0,0.9891069380286864,0.0,0.9742492127253735,0.0,1.041682735333561,31.0,1.0917032104296842,101.0,1.3014937741929375,393.0
1982-05-18 00:00:00-04:00,0.0,4.442783177693685,4.364839613172743,4.3843255043029785,133000,WHR,4.22844123840332,0,0.9955749383260583,0.0,0.978260721537153,0.0,1.029590760261425,31.0,1.0817719187633876,101.0,1.2897525331392885,392.0
1982-05-19 00:00:00-04:00,0.0,4.364842568674396,4.2089553340788814,4.22844123840332,152400,WHR,4.208953380584717,0,0.9819007909355413,0.0,0.9567905004278952,0.0,0.9909432174265943,30.0,1.0432694952678885,100.0,1.2436958919090706,391.0
1982-05-20 00:00:00-04:00,0.0,4.247925171145687,4.208953380584717,4.208953380584717,50600,WHR,4.403813362121582,1,0.9976902991149962,0.0,0.9668754476424822,0.0,0.9846525533088785,29.0,1.0384213823281294,100.0,1.2377511818754376,391.0
1982-05-21 00:00:00-04:00,0.0,4.442785161786375,4.247926163462411,4.403813362121582,92200,WHR,4.3843255043029785,0,1.0226245511295058,1.0,1.0171017777755653,1.0,1.0277398824644834,29.0,1.0862460384847505,101.0,1.2947505859287738,392.0
1982-05-24 00:00:00-04:00,0.0,4.481754959954156,4.3843255043029785,4.3843255043029785,59000,WHR,4.442783832550049,1,0.9977824818070345,1.0,1.014427143275099,1.0,1.0209479054025266,28.0,1.08131442485876,100.0,1.2887552299705247,391.0
1982-05-25 00:00:00-04:00,0.0,4.501241514557286,4.403812044545224,4.442783832550049,34800,WHR,4.403813362121582,0,1.0066225902519421,1.0,1.0251797053172793,2.0,1.0322188296700054,28.0,1.0956478630937083,100.0,1.3056621185904043,391.0
1982-05-26 00:00:00-04:00,0.0,4.481756961451167,4.36484156245679,4.403813362121582,71600,WHR,4.403813362121582,0,0.9955948632484433,1.0,1.0080287430104347,2.0,1.0215459081108396,27.0,1.0859954899165027,100.0,1.2939055323944302,391.0
1982-05-27 00:00:00-04:00,0.0,4.481756961451167,4.403813362121582,4.403813362121582,68600,WHR,4.403813362121582,0,1.0,0.0,0.999115975727997,2.0,1.020009055257464,26.0,1.085932870577523,100.0,1.2936018780534002,391.0
1982-05-28 00:00:00-04:00,0.0,4.423299261953979,4.325869762791997,4.403813362121582,187800,WHR,4.462270259857178,1,1.0,0.0,0.999115975727997,1.0,1.018706367646755,25.0,1.0860163654857444,99.0,1.293283564380574,391.0
1982-06-01 00:00:00-04:00,0.0,4.481756156188432,4.403812570863416,4.462270259857178,102200,WHR,4.462270259857178,0,1.0065933167594634,1.0,1.0088104886307407,2.0,1.0303710674274351,26.0,1.1006015576389385,99.0,1.3101059441662883,392.0
1982-06-02 00:00:00-04:00,0.0,4.462270259857178,4.364840778200907,4.462270259857178,85800,WHR,4.423299789428711,0,1.0,1.0,1.0079224271256646,1.0,1.0282890415794232,26.0,1.1008343519857078,98.0,1.3097462783001097,392.0
1982-06-03 00:00:00-04:00,0.0,4.520729300209079,4.423299789428711,4.423299789428711,147600,WHR,4.364839553833008,0,0.9956141845472707,0.0,0.9982411525704262,1.0,1.0172531425158826,26.0,1.0913882897816414,98.0,1.2979663478272554,392.0
1982-06-04 00:00:00-04:00,0.0,4.40381133556366,4.364839553833008,4.364839553833008,378800,WHR,4.403813362121582,1,0.9933478255962649,0.0,0.9867838244988621,1.0,1.0019378635580691,26.0,1.0770676014301361,98.0,1.2804823895480708,392.0
1982-06-07 00:00:00-04:00,0.0,4.423299261953979,4.286897963127204,4.403813362121582,75600,WHR,4.403813362121582,0,1.0044446745312112,1.0,0.9955948525158055,2.0,1.00892862974135,26.0,1.086684776516242,99.0,1.2915467100834763,393.0
1982-06-08 00:00:00-04:00,0.0,4.481756961451167,4.403813362121582,4.403813362121582,204200,WHR,4.403813362121582,0,1.0,1.0,0.9982333188604912,1.0,1.0071301791322376,25.0,1.0867892903415637,98.0,1.2911630153860603,393.0
1982-06-09 00:00:00-04:00,0.0,4.403813362121582,4.384327462289186,4.403813362121582,33000,WHR,4.462270259857178,1,1.0,0.0,1.0008858069784372,1.0,1.0052636001238577,25.0,1.0868729170031222,98.0,1.2907942929770935,392.0
1982-06-10 00:00:00-04:00,0.0,4.52072794885094,4.442784363525924,4.462270259857178,70400,WHR,4.657129287719727,1,1.0065933167594634,1.0,1.0123783733715745,2.0,1.0167232656946126,25.0,1.1013214241483327,99.0,1.3075326947999764,393.0
1982-06-11 00:00:00-04:00,0.0,4.657129287719727,4.4817562183076864,4.657129287719727,446800,WHR,4.520727634429932,0,1.021367528294593,2.0,1.0427573176964529,3.0,1.058536825150349,25.0,1.1490825027694656,100.0,1.364139511255514,394.0
1982-06-14 00:00:00-04:00,0.0,4.657128899261869,4.50124173945394,4.520727634429932,134800,WHR,4.540212631225586,1,0.985137962549775,1.0,1.0069443146316859,2.0,1.0255652627830654,25.0,1.1152128029514,100.0,1.3237624088763056,394.0
1982-06-15 00:00:00-04:00,0.0,4.559698522346726,4.520726740104446,4.540212631225586,87400,WHR,4.559703350067139,1,1.0021504387209692,1.0,1.005176637789612,3.0,1.0282432092561886,25.0,1.1198472754957922,100.0,1.3290660947863602,394.0
1982-06-16 00:00:00-04:00,0.0,4.598675173571986,4.540217438314715,4.559703350067139,52000,WHR,4.598672389984131,1,1.0021418570107263,2.0,1.0025713929659774,4.0,1.031140526589278,25.0,1.1244385007512367,101.0,1.3343758555938905,394.0
1982-06-17 00:00:00-04:00,0.0,4.598672389984131,4.501242890196331,4.598672389984131,108600,WHR,4.520727634429932,0,1.004255016503262,2.0,1.0051107877554621,4.0,1.0382754773660363,26.0,1.1337433140089865,102.0,1.3453350035800242,395.0
1982-06-18 00:00:00-04:00,0.0,4.579185319357904,4.4817558444779495,4.520727634429932,146400,WHR,4.540212631225586,1,0.9914528636373524,1.0,0.9940015300697884,3.0,1.0190334901448526,26.0,1.1143985563279324,101.0,1.3221027837972803,395.0
1982-06-21 00:00:00-04:00,0.0,4.559698522346726,4.501240848983306,4.540212631225586,50600,WHR,4.793530464172363,1,1.0021504387209692,1.0,0.9974311646898711,4.0,1.0217800587591495,26.0,1.1190082736565024,102.0,1.3273473898888783,396.0
1982-06-22 00:00:00-04:00,0.0,4.793530464172363,4.540213813626669,4.793530464172363,215800,WHR,4.910444736480713,1,1.027140004857395,2.0,1.041490123885039,4.0,1.0752530291538698,27.0,1.1808980666855537,103.0,1.4008471427143026,396.0
1982-06-23 00:00:00-04:00,0.0,4.910444736480713,4.754557601989261,4.910444736480713,193200,WHR,4.793530464172363,0,1.0120480802857452,2.0,1.0508755690017317,4.0,1.0974012895301608,28.0,1.2089805433597025,104.0,1.4344338685963334,396.0
1982-06-24 00:00:00-04:00,0.0,4.9299317375431215,4.77404456797654,4.793530464172363,94600,WHR,4.793530464172363,0,0.9879519197142547,1.0,1.017369838044003,3.0,1.0679399831565741,27.0,1.1796069989625853,104.0,1.3997471639482646,396.0
1982-06-25 00:00:00-04:00,0.0,4.813016360368185,4.69610098319325,4.793530464172363,309600,WHR,4.929932117462158,1,1.0,0.0,1.0057237269440156,3.0,1.0648581306705782,26.0,1.1790190267813894,104.0,1.399197822789907,396.0
1982-06-28 00:00:00-04:00,0.0,4.949418015159637,4.793530833579806,4.929932117462158,332400,WHR,4.910444736480713,0,1.0140280946365163,1.0,1.0176992239322837,3.0,1.0917721331013852,26.0,1.2118018015582606,105.0,1.4383907296953413,397.0
1982-06-29 00:00:00-04:00,0.0,4.929930628292144,4.87147295285785,4.910444736480713,162400,WHR,4.871476650238037,0,0.9980196509472463,1.0,1.0088068944974964,2.0,1.08472597286013,25.0,1.2062721593779218,105.0,1.4320861749510372,397.0
1982-06-30 00:00:00-04:00,0.0,4.910448463439942,4.813018930435181,4.871476650238037,257800,WHR,4.793530464172363,0,0.9960163157418558,0.0,1.0024062317198124,1.0,1.0734993635118233,25.0,1.195943812650201,105.0,1.4201081460079144,397.0
1982-07-01 00:00:00-04:00,0.0,4.851988152759831,4.793530464172363,4.793530464172363,80400,WHR,4.657129287719727,0,0.9919352168971033,0.0,0.9863672053093695,1.0,1.0539844801540654,25.0,1.1760654480069328,105.0,1.3967905915965124,397.0
1982-07-02 00:00:00-04:00,0.0,4.774044667327753,4.637643391118388,4.657129287719727,80600,WHR,4.598672389984131,0,0.985567020712461,0.0,0.9637096187726261,1.0,1.022605645675079,24.0,1.142054208489452,104.0,1.3565053885612262,397.0
1982-07-06 00:00:00-04:00,0.0,4.637644189899251,4.559700590069011,4.598672389984131,71600,WHR,4.774045467376709,1,0.9936842966421362,0.0,0.9648406418206691,0.0,1.0091940239473947,23.0,1.1272449825431505,104.0,1.3389767750940298,396.0
1982-07-07 00:00:00-04:00,0.0,4.813017267110396,4.618158268441959,4.774045467376709,117800,WHR,4.774045467376709,0,1.018711016384095,1.0,1.0074013148792562,1.0,1.0467104294267298,23.0,1.1695404372613025,105.0,1.3894324422772393,397.0
1982-07-08 00:00:00-04:00,0.0,4.774045467376709,4.676615968042491,4.774045467376709,98400,WHR,4.910444736480713,1,1.0,1.0,1.0115607648923364,1.0,1.0458168156244394,22.0,1.1688485608832335,105.0,1.3888102269186051,397.0
1982-07-09 00:00:00-04:00,0.0,4.929930628292144,4.793529385612124,4.910444736480713,475400,WHR,4.988387584686279,1,1.0140843003847198,1.0,1.0353324792987775,2.0,1.0741684420763056,23.0,1.201395458091174,105.0,1.4278262389678948,397.0
1982-07-12 00:00:00-04:00,0.0,5.027359362691641,4.929929917678237,4.988387584686279,347200,WHR,5.027360916137695,1,1.0078739436811046,2.0,1.037276775785736,3.0,1.0892067040915487,24.0,1.2195348032104683,105.0,1.4498081291911682,397.0
1982-07-13 00:00:00-04:00,0.0,5.066332706185274,4.968903231066326,5.027360916137695,253200,WHR,4.988387584686279,0,1.0038912050805,2.0,1.0270700627635418,4.0,1.0955412475483568,25.0,1.2280565606952498,106.0,1.4604735176383141,397.0
1982-07-14 00:00:00-04:00,0.0,5.066331140697002,4.988387584686279,4.988387584686279,510400,WHR,4.910444736480713,0,0.9961087949195,1.0,1.0102602563259184,3.0,1.085205114269022,24.0,1.2175164015668596,106.0,1.448536585306601,396.0
1982-07-15 00:00:00-04:00,0.0,4.988388303726438,4.851987061046419,4.910444736480713,287800,WHR,5.085819244384766,1,0.9921260563188954,0.0,0.9890110132847367,3.0,1.066741605744942,24.0,1.1975815851180724,106.0,1.4253388521630803,395.0
1982-07-16 00:00:00-04:00,0.0,5.085819244384766,4.949417961968316,5.085819244384766,371600,WHR,5.046845436096191,0,1.0175440052643416,1.0,1.0171475718152474,3.0,1.1025839533251613,25.0,1.2391749285365372,107.0,1.4755849011976705,396.0
1982-07-19 00:00:00-04:00,0.0,5.046845436096191,4.98838776695222,5.046845436096191,85800,WHR,5.066332817077637,1,0.9961536466943733,1.0,1.006998294306575,2.0,1.0925192558891015,24.0,1.228372466775519,107.0,1.4636730793658705,395.0
1982-07-20 00:00:00-04:00,0.0,5.124790503428533,5.046846921627338,5.066332817077637,243400,WHR,5.105303287506104,1,1.0019269294472615,1.0,1.009316911794825,2.0,1.0951978773620035,24.0,1.2319003179098829,107.0,1.4687188528826516,395.0
1982-07-21 00:00:00-04:00,0.0,5.163760958737089,5.0663315066854455,5.105303287506104,327400,WHR,5.105303287506104,0,1.0038312883028628,2.0,1.0123646267109343,3.0,1.101843035026904,25.0,1.2399896173928262,108.0,1.4793477702470772,396.0
1982-07-22 00:00:00-04:00,0.0,5.105303287506104,5.0663315066854455,5.105303287506104,162400,WHR,5.066332817077637,0,1.0,1.0,1.0046011092745017,3.0,1.099838712499881,25.0,1.2385827515589583,108.0,1.4787466030754772,395.0
1982-07-23 00:00:00-04:00,0.0,5.124790503428533,5.066332817077637,5.066332817077637,94200,WHR,5.066332817077637,0,0.9961687116971374,0.0,0.9976977830236091,2.0,1.0893093212195961,25.0,1.2278048509485515,107.0,1.466895850329392,394.0
1982-07-26 00:00:00-04:00,0.0,5.124790503428533,5.066332817077637,5.066332817077637,42800,WHR,4.988387584686279,0,1.0,0.0,0.9969326189534851,2.0,1.0870321886310086,25.0,1.2264611648683281,107.0,1.46638291243818,393.0
1982-07-27 00:00:00-04:00,0.0,5.00787347368896,4.949415806680918,4.988387584686279,92800,WHR,4.929932117462158,0,0.9922478965822179,0.0,0.9846152256269871,1.0,1.068446999221313,24.0,1.2064084428959636,106.0,1.443309867339738,393.0
1982-07-28 00:00:00-04:00,0.0,4.968903912857116,4.910446219764679,4.929932117462158,76800,WHR,4.890964031219482,0,0.9941063134704703,0.0,0.9798607797805472,0.0,1.0546061485997,23.0,1.1910589860813632,106.0,1.4258982910676319,393.0
1982-07-29 00:00:00-04:00,0.0,4.929935856169438,4.871478118744504,4.890964031219482,72400,WHR,4.910444736480713,1,0.9960321252100902,0.0,0.9804694811841743,0.0,1.0451809386889213,22.0,1.1804662378198183,106.0,1.4141093979142796,393.0
1982-07-30 00:00:00-04:00,0.0,4.910444736480713,4.8909588446692815,4.910444736480713,34000,WHR,4.988387584686279,1,1.001987541354813,1.0,0.9905657618685045,1.0,1.0484707236033932,22.0,1.1839652943336996,107.0,1.4192140784168246,394.0
1982-08-02 00:00:00-04:00,0.0,4.988387584686279,4.871472250670195,4.988387584686279,220000,WHR,4.968903064727783,0,1.0078739436811046,2.0,1.00946336290393,2.0,1.0637115104412196,23.0,1.2015163110538951,107.0,1.441172931034414,395.0
1982-08-03 00:00:00-04:00,0.0,5.046846642213709,4.949417170356302,4.968903064727783,326000,WHR,4.871476650238037,0,0.9980431905982736,1.0,1.0063139906658733,2.0,1.0586769007080141,22.0,1.1957456899457284,106.0,1.4350590183203435,394.0
1982-08-04 00:00:00-04:00,0.0,4.968906183242798,4.871476650238037,4.871476650238037,58600,WHR,4.774045467376709,0,0.9900993236732955,0.0,0.9889244471734127,2.0,1.0372014905900302,22.0,1.171355683956686,106.0,1.4064228498520313,394.0
1982-08-05 00:00:00-04:00,0.0,4.813017267110396,4.754559567509865,4.774045467376709,221400,WHR,4.676616668701172,0,0.9898988171222584,0.0,0.973768065442387,2.0,1.0161058099962528,22.0,1.1470897361317638,106.0,1.3778365909164703,394.0
1982-08-06 00:00:00-04:00,0.0,4.754560279846191,4.676616668701172,4.676616668701172,108400,WHR,4.793530464172363,1,0.9896907965523809,0.0,0.9630820775835429,1.0,0.9948877099172497,22.0,1.123027916827029,105.0,1.3492699833492143,394.0
1982-08-09 00:00:00-04:00,0.0,4.793530464172363,4.637643294605782,4.793530464172363,27800,WHR,4.832503318786621,1,1.0123455099303948,1.0,0.9951454402916516,1.0,1.018844465896048,23.0,1.1502850819937331,106.0,1.3825193729028857,394.0
1982-08-10 00:00:00-04:00,0.0,4.929932821181513,4.832503318786621,4.832503318786621,414200,WHR,4.832503318786621,0,1.0040486928981334,2.0,1.0089503290507102,2.0,1.0259948269865993,24.0,1.158900269319777,106.0,1.3932428917845934,395.0
1982-08-11 00:00:00-04:00,0.0,4.832503318786621,4.793531517828665,4.832503318786621,17400,WHR,4.910444736480713,1,1.0,1.0,1.0105949744945402,2.0,1.0245113599215185,24.0,1.1581642266550307,106.0,1.3926952089866775,395.0
1982-08-12 00:00:00-04:00,0.0,4.949416520103576,4.832501169234988,4.910444736480713,254200,WHR,4.988387584686279,1,1.0079997776085807,1.0,1.021069351853734,3.0,1.0391035882667357,25.0,1.17592119026586,107.0,1.4145616245331865,396.0
1982-08-13 00:00:00-04:00,0.0,5.027359362691641,4.910444028675556,4.988387584686279,346000,WHR,5.027360916137695,1,1.0078739436811046,2.0,1.0239996565461993,4.0,1.0527754788124364,26.0,1.1935838924023954,107.0,1.4364100479373625,396.0
1982-08-16 00:00:00-04:00,0.0,5.066332706185274,4.988389126090116,5.027360916137695,136600,WHR,5.222221374511719,1,1.0038912050805,2.0,1.0221869900040106,4.0,1.057955097053707,27.0,1.2019004575697745,107.0,1.4470235070786848,396.0
1982-08-17 00:00:00-04:00,0.0,5.222221374511719,5.027362368000087,5.222221374511719,559600,WHR,5.241705417633057,1,1.0190115511879732,2.0,1.0452420901864066,4.0,1.095815971355515,27.0,1.247184656063482,108.0,1.502385460116625,397.0
1982-08-18 00:00:00-04:00,0.0,5.436564355091535,5.222219523887209,5.241705417633057,313800,WHR,5.280680179595947,1,1.0018620202060249,2.0,1.0322332882935004,5.0,1.0966162407012128,28.0,1.2504645452364056,109.0,1.5072557307454504,398.0
1982-08-19 00:00:00-04:00,0.0,5.339137893761216,5.202736560708923,5.280680179595947,435000,WHR,5.417079448699951,1,1.003703985337047,2.0,1.024962599064283,5.0,1.1015518470888868,28.0,1.2582883756008003,110.0,1.5177060922703283,399.0
1982-08-20 00:00:00-04:00,0.0,5.495023037889879,5.261192270320096,5.417079448699951,556400,WHR,5.650908946990967,1,1.0127502649006268,2.0,1.034226136422666,5.0,1.1260379846470556,29.0,1.2890182135798816,111.0,1.5560629273563864,400.0
1982-08-23 00:00:00-04:00,0.0,5.689880732832283,5.456050017784381,5.650908946990967,440400,WHR,5.53399658203125,0,1.0211266483060328,2.0,1.0537788061082174,5.0,1.1695904345385628,30.0,1.3424678934542071,112.0,1.6222591492263472,400.0
1982-08-24 00:00:00-04:00,0.0,5.59245429240482,5.5145106785733935,5.53399658203125,767800,WHR,5.611939907073975,1,0.9895473086780789,1.0,1.0201152072339308,4.0,1.1409444995971962,30.0,1.3126759597339834,112.0,1.5878255605302534,399.0
1982-08-25 00:00:00-04:00,0.0,5.631425809529093,5.456052687433031,5.611939907073975,422400,WHR,5.611939907073975,0,1.0069929812644196,1.0,1.0205529219152025,4.0,1.1524613308262157,30.0,1.3290510895272414,112.0,1.609244512934708,400.0
1982-08-26 00:00:00-04:00,0.0,5.728855321804683,5.592454004618856,5.611939907073975,370800,WHR,5.53399658203125,0,1.0,1.0,1.0084035031884464,3.0,1.1479442696760376,30.0,1.3268956873590576,112.0,1.6082919343425477,400.0
1982-08-27 00:00:00-04:00,0.0,5.572968388946963,5.5145106785733935,5.53399658203125,213600,WHR,5.611939907073975,1,0.9930070187355803,0.0,0.9902372277829957,2.0,1.1277303678519295,30.0,1.3064442147330146,112.0,1.585060622477619,399.0
1982-08-30 00:00:00-04:00,0.0,5.611939907073975,5.514510394798385,5.611939907073975,58200,WHR,5.767824649810791,1,1.0069929812644196,1.0,1.005586571653355,2.0,1.1387903570911988,31.0,1.322848786852892,112.0,1.606434957794632,400.0
1982-08-31 00:00:00-04:00,0.0,5.767824649810792,5.611937497113202,5.767824649810791,131200,WHR,5.767824649810791,0,1.013698415459967,2.0,1.0249303876312916,3.0,1.165048378174059,31.0,1.3572748584000418,113.0,1.6499898400307984,401.0
1982-09-01 00:00:00-04:00,0.0,5.845768226159586,5.709366967549196,5.767824649810791,496800,WHR,5.845767498016357,1,1.0,1.0,1.0192834770441546,2.0,1.1597229702034046,31.0,1.3547899664663032,113.0,1.6489419879703908,400.0
1982-09-02 00:00:00-04:00,0.0,5.884739281336466,5.767823931376139,5.845767498016357,244600,WHR,5.826284885406494,0,1.0067113471192588,1.0,1.0245898803260032,3.0,1.1697423592576015,32.0,1.3705384085549337,113.0,1.6701455210119938,400.0
1982-09-03 00:00:00-04:00,0.0,5.884742593286827,5.806798982779717,5.826284885406494,85000,WHR,5.72885274887085,0,0.9983308323189559,1.0,1.0108184147932278,3.0,1.1605644601669667,31.0,1.3634791105356177,112.0,1.6635142863057566,400.0
1982-09-07 00:00:00-04:00,0.0,5.806796323685419,5.72885274887085,5.72885274887085,119600,WHR,5.709366798400879,0,0.9915680678483119,0.0,0.9898989118331706,2.0,1.137110636680858,30.0,1.3383830435434831,111.0,1.6346951482162144,400.0
1982-09-08 00:00:00-04:00,0.0,5.7678244789305815,5.689880904890979,5.709366798400879,420400,WHR,5.709366798400879,0,0.9982964175159045,0.0,0.9885289327301232,1.0,1.1288042360408066,30.0,1.331624145371774,110.0,1.6281481890021778,400.0
1982-09-09 00:00:00-04:00,0.0,5.7678244789305815,5.689880904890979,5.709366798400879,126000,WHR,5.72885274887085,1,1.0,0.0,0.9905340681173894,1.0,1.1244721217112565,29.0,1.3294007453626897,110.0,1.6271716636406504,399.0
1982-09-10 00:00:00-04:00,0.0,5.748338642574492,5.689880961463565,5.72885274887085,185600,WHR,5.689882278442383,0,1.0017035824840954,1.0,0.997963251305467,1.0,1.1239962769450087,29.0,1.3316661588646441,111.0,1.6317464839111682,399.0
1982-09-13 00:00:00-04:00,0.0,5.748339973083914,5.689882278442383,5.689882278442383,25200,WHR,5.767824649810791,1,0.9965871464452717,1.0,0.9959074191161176,1.0,1.1123810577607651,28.0,1.3203827097506853,111.0,1.619702634428998,398.0
1982-09-14 00:00:00-04:00,0.0,5.806796437985189,5.709366967549196,5.767824649810791,62400,WHR,5.689882278442383,0,1.006802615205335,1.0,1.008174360349639,2.0,1.1230553902632503,29.0,1.3360050442493092,112.0,1.6409251721621358,398.0
1982-09-15 00:00:00-04:00,0.0,5.767825871297758,5.67039638022854,5.689882278442383,165200,WHR,5.689882278442383,0,0.9931973847946649,1.0,0.9952284938680828,2.0,1.1037612032949495,28.0,1.3153152986756704,112.0,1.617862929702363,397.0
1982-09-16 00:00:00-04:00,0.0,5.8457694641531335,5.689882278442383,5.689882278442383,170200,WHR,5.611939907073975,0,1.0,0.0,0.9959073193723087,2.0,1.10057174114559,27.0,1.3128079540082416,111.0,1.6170028464227477,396.0
1982-09-17 00:00:00-04:00,0.0,5.7093694193495645,5.611939907073975,5.611939907073975,74000,WHR,5.631427764892578,1,0.9931035570999963,0.0,0.9863015845400328,1.0,1.083046388356797,26.0,1.292546578243827,110.0,1.5940403594284869,396.0
1982-09-20 00:00:00-04:00,0.0,5.65091367411366,5.572970037229334,5.631427764892578,16600,WHR,5.845767498016357,1,1.0017332758642408,1.0,0.9917643475280346,2.0,1.083886170561863,27.0,1.2946411657116228,111.0,1.5987262975652416,397.0
1982-09-21 00:00:00-04:00,0.0,5.8457674980163565,5.7288521480560295,5.845767498016357,543200,WHR,5.767824649810791,0,1.0186752711105704,2.0,1.0266936119943166,2.0,1.1213552973021013,28.0,1.3412971883546871,111.0,1.6585942286563204,398.0
1982-09-22 00:00:00-04:00,0.0,5.884740014333984,5.767824649810792,5.767824649810791,169400,WHR,5.806798458099365,1,0.9932886528807412,1.0,1.0102386509096897,2.0,1.1034481246606138,27.0,1.3208857696265868,111.0,1.6355304045601546,398.0
1982-09-23 00:00:00-04:00,0.0,5.806798458099365,5.70936895376884,5.806798458099365,305400,WHR,5.767824649810791,0,1.0033671773089474,1.0,1.012916450418482,3.0,1.107738283237994,28.0,1.3273470762316453,111.0,1.6455998494859256,399.0
1982-09-24 00:00:00-04:00,0.0,5.806796437985189,5.767824649810792,5.767824649810791,70200,WHR,5.806798458099365,1,0.9966328226910525,1.0,1.0006759357987234,3.0,1.09717659914489,28.0,1.315976376849066,111.0,1.6335266409823987,399.0
1982-09-27 00:00:00-04:00,0.0,5.806798458099365,5.767826656367155,5.806798458099365,116600,WHR,5.806798458099365,0,1.0033671773089474,1.0,1.001344319993943,3.0,1.101053250650541,29.0,1.322328883117706,112.0,1.6434761785863745,400.0
1982-09-28 00:00:00-04:00,0.0,5.826284358965471,5.78731255723326,5.806798458099365,78000,WHR,5.767824649810791,0,1.0,1.0,1.0026919290067042,2.0,1.09706734976063,29.0,1.3198456783416694,111.0,1.6423711379277128,400.0
1982-09-29 00:00:00-04:00,0.0,5.806796437985189,5.767824649810792,5.767824649810791,155600,WHR,5.767824649810791,0,0.9966328226910525,0.0,0.9959621064899435,2.0,1.0857071493947799,29.0,1.3087613381147263,110.0,1.630269755169759,400.0
1982-09-30 00:00:00-04:00,0.0,5.78731054389799,5.767824649810792,5.767824649810791,160600,WHR,5.748339653015137,0,1.0,0.0,0.9973044428690808,1.0,1.0823327220468504,28.0,1.3066583770864693,109.0,1.6291840225027285,400.0
1982-10-01 00:00:00-04:00,0.0,5.806797344401731,5.748339653015136,5.748339653015137,101000,WHR,5.787311553955078,1,0.9983080306703446,0.0,0.9946055146451565,1.0,1.0753995043886555,28.0,1.300155055884235,109.0,1.622626425988351,399.0
1982-10-04 00:00:00-04:00,0.0,5.787311553955078,5.728853861490886,5.787311553955078,239600,WHR,5.845767498016357,1,1.0033783875951792,1.0,1.0020243301041285,1.0,1.0797382872544552,28.0,1.3069881484706751,109.0,1.6325228259727496,400.0
1982-10-05 00:00:00-04:00,0.0,5.8457674980163565,5.767823931376139,5.845767498016357,272800,WHR,5.962687969207764,1,1.0050249760875967,2.0,1.0107815040385129,2.0,1.0877444579846334,28.0,1.3181941518329356,109.0,1.6478621201661878,401.0
1982-10-06 00:00:00-04:00,0.0,5.962687969207764,5.767828885246725,5.962687969207764,1838000,WHR,6.118571758270264,1,1.0099014194968965,2.0,1.0240969420484736,3.0,1.1062913194742412,28.0,1.3423885646571305,110.0,1.6795568979228241,402.0
1982-10-07 00:00:00-04:00,0.0,6.118571758270264,6.001656374354271,6.118571758270264,130400,WHR,6.196516990661621,1,1.0129029416285085,2.0,1.0383597289525919,4.0,1.1312597684901708,29.0,1.374997739113589,111.0,1.7220764534408761,403.0
1982-10-08 00:00:00-04:00,0.0,6.235488795634336,6.118573380716192,6.196516990661621,321600,WHR,6.235485076904297,1,1.0063292465024354,2.0,1.0358307763386685,5.0,1.1411486284648358,30.0,1.3897875439438014,112.0,1.742542468654047,404.0
1982-10-11 00:00:00-04:00,0.0,6.254970967769623,6.138055622577667,6.235485076904297,487400,WHR,6.196516990661621,0,1.0031344980503454,2.0,1.0269572549096047,5.0,1.1442871311231686,30.0,1.395551146065649,113.0,1.7519839578009235,405.0
1982-10-12 00:00:00-04:00,0.0,6.235488795634336,6.19651699066162,6.196516990661621,243600,WHR,5.923710823059082,0,0.9968655019496546,1.0,1.0088833647909414,4.0,1.133151501392428,30.0,1.3839327524157892,113.0,1.739549359367305,405.0
1982-10-13 00:00:00-04:00,0.0,6.0795979499816895,5.88473904132843,5.923710823059082,259200,WHR,5.689882278442383,0,0.9774916633750309,0.0,0.9656922066587147,3.0,1.0804403486091996,29.0,1.320452620046422,113.0,1.6615828569480804,405.0
1982-10-14 00:00:00-04:00,0.0,5.962684853436196,5.631424583800852,5.689882278442383,181800,WHR,5.72885274887085,1,0.9798659602955722,0.0,0.9407217075960626,2.0,1.035950845579557,28.0,1.2660862252594616,113.0,1.5948440179788597,404.0
1982-10-15 00:00:00-04:00,0.0,5.72885274887085,5.5924514929453535,5.72885274887085,64800,WHR,5.884737491607666,1,1.0034128535547284,1.0,0.9620418092486921,2.0,1.0410762855623292,29.0,1.2725066237389402,113.0,1.6046103808999501,404.0
1982-10-18 00:00:00-04:00,0.0,5.962681034542867,5.709364520003464,5.884737491607666,83400,WHR,6.216000080108643,1,1.013422614325886,2.0,0.9999995624410551,2.0,1.0667602286413385,30.0,1.3046475103508786,114.0,1.6470500230941443,404.0
1982-10-19 00:00:00-04:00,0.0,6.235485973776695,6.157542399104486,6.216000080108643,215800,WHR,6.313429832458496,1,1.0273754047253494,2.0,1.055592391454065,3.0,1.122909737206193,31.0,1.374999681166529,115.0,1.7382960156065999,405.0
1982-10-20 00:00:00-04:00,0.0,6.371887516092371,6.216000359735372,6.313429832458496,135800,WHR,6.352400779724121,1,1.007776072257855,2.0,1.0581320149719653,4.0,1.1359783333097246,32.0,1.393308423363587,116.0,1.7640233369512914,405.0
1982-10-21 00:00:00-04:00,0.0,6.391372563648808,6.313428995799433,6.352400779724121,75800,WHR,6.586233615875244,1,1.0030768568172814,2.0,1.0415335459262274,5.0,1.1381353844003823,33.0,1.3985889561855238,117.0,1.7733673162184165,406.0
1982-10-22 00:00:00-04:00,0.0,6.664177208962525,6.371888734885221,6.586233615875244,360400,WHR,6.371887683868408,0,1.0180724510022985,2.0,1.0503421126342023,5.0,1.1740868000774358,34.0,1.446447227524683,117.0,1.8368965811217401,407.0
1982-10-25 00:00:00-04:00,0.0,6.50828894927232,6.371887683868408,6.371887683868408,152400,WHR,6.196516990661621,0,0.9834585641661592,1.0,1.0006120118306712,4.0,1.1309659891830701,33.0,1.3960754034698857,117.0,1.7755427820772536,406.0
1982-10-26 00:00:00-04:00,0.0,6.293946503093407,6.118573380716192,6.196516990661621,289800,WHR,6.216000080108643,1,0.9860467022069892,0.0,0.9736683971614372,3.0,1.0959221767262095,32.0,1.3546444317207826,117.0,1.7252513910999667,405.0
1982-10-27 00:00:00-04:00,0.0,6.235485973776695,6.157542399104486,6.216000080108643,143600,WHR,6.118571758270264,0,1.0015696324392498,1.0,0.9797295982062298,3.0,1.0953414486747337,33.0,1.3560615872340245,117.0,1.7292311566820975,406.0
1982-10-28 00:00:00-04:00,0.0,6.196515347547591,6.099085860950932,6.118571758270264,226200,WHR,6.118571758270264,0,0.9921011995296641,1.0,0.9715346515912284,2.0,1.0742388064409714,33.0,1.3321340800493087,117.0,1.7007354202523375,406.0
1982-10-29 00:00:00-04:00,0.0,6.118571758270264,6.040628168992935,6.118571758270264,114200,WHR,6.079601287841797,0,1.0,0.0,0.9861809128261287,1.0,1.0700289782984564,33.0,1.329471889715865,117.0,1.6993455767848924,406.0
1982-11-01 00:00:00-05:00,0.0,6.177030795659775,6.079601287841797,6.079601287841797,200400,WHR,6.410861492156982,1,0.9968052207259932,0.0,0.9892201954837239,1.0,1.0588836639731685,33.0,1.3185255188713139,116.0,1.6871707209597002,405.0
1982-11-02 00:00:00-05:00,0.0,6.410861492156982,6.1575447766614175,6.410861492156982,259400,WHR,6.74212121963501,1,1.0265210513132978,1.0,1.0358943644324268,2.0,1.1113615619550445,33.0,1.3873663360572037,117.0,1.777533075758532,405.0
1982-11-03 00:00:00-05:00,0.0,6.820064817549865,6.352403230060731,6.74212121963501,241000,WHR,6.722636222839356,0,1.0251851412517288,2.0,1.071207435172389,2.0,1.1623741573068316,33.0,1.4554449815876938,118.0,1.8675850606113342,405.0
1982-11-04 00:00:00-05:00,0.0,6.839551635410475,6.703150320744169,6.722636222839356,161200,WHR,6.625209331512451,0,0.9985528891345501,1.0,1.047995233440985,2.0,1.1527540886560952,33.0,1.4474636665006917,118.0,1.8604102619421088,405.0
1982-11-05 00:00:00-05:00,0.0,6.6836670609081485,6.52777978251962,6.625209331512451,229000,WHR,6.74212121963501,1,0.9927009275818943,0.0,1.0167467743994159,2.0,1.1305077768174245,32.0,1.4227616727464698,118.0,1.8317298179350343,405.0
1982-11-08 00:00:00-05:00,0.0,6.761607119113723,6.64469172224144,6.74212121963501,42600,WHR,6.664175987243652,0,1.0087460909023847,1.0,1.0140678435466837,3.0,1.1447478299810365,32.0,1.44380841140038,119.0,1.8622576043621188,405.0
1982-11-09 00:00:00-05:00,0.0,6.800577250140453,6.664175987243652,6.664175987243652,74600,WHR,6.625209331512451,0,0.9941859238842352,1.0,0.9947640714574197,2.0,1.1262965509290477,31.0,1.423362880097269,118.0,1.8389861386390358,405.0
1982-11-10 00:00:00-05:00,0.0,6.781096609900979,6.625209331512451,6.625209331512451,56000,WHR,6.703151702880859,1,0.9970678361115615,0.0,0.9924113136025868,1.0,1.1153032910615914,30.0,1.4113982866789543,117.0,1.8265144948934438,405.0
1982-11-11 00:00:00-05:00,0.0,6.703151702880859,6.625208078428756,6.703151702880859,72600,WHR,6.703151702880859,0,1.0058478586502333,1.0,1.0046730084068756,2.0,1.1238162099774662,30.0,1.424171735534436,118.0,1.8462172983785572,406.0
1982-11-12 00:00:00-05:00,0.0,6.74212351510691,6.703151702880859,6.703151702880859,46000,WHR,6.644688129425049,0,1.0,1.0,1.0023311505861674,2.0,1.1193670186608085,29.0,1.4204081901846857,117.0,1.8444058235752951,406.0
1982-11-15 00:00:00-05:00,0.0,6.7031457962528345,6.625202240482452,6.644688129425049,59000,WHR,6.508292198181152,0,0.9956199973785788,0.0,0.9964926549171925,1.0,1.1058258847262654,28.0,1.4044242946002652,116.0,1.8265564770233644,406.0
1982-11-16 00:00:00-05:00,0.0,6.60572172210602,6.508292198181153,6.508292198181152,162800,WHR,6.586233615875244,1,0.9896300360947381,0.0,0.980622513270961,1.0,1.0805568208389902,27.0,1.3722046923647846,116.0,1.7874062999094131,406.0
1982-11-17 00:00:00-05:00,0.0,6.586233615875244,6.469318226244322,6.586233615875244,100400,WHR,6.781094551086426,1,1.0059522138335415,1.0,0.9935330841993378,2.0,1.0903225905506493,28.0,1.3851777754509207,116.0,1.8071193639505638,406.0
1982-11-18 00:00:00-05:00,0.0,6.781094551086426,6.547263704497238,6.781094551086426,93000,WHR,6.859037399291992,1,1.014577403410563,2.0,1.020528041147134,2.0,1.1189713911128032,28.0,1.4224289935565353,116.0,1.85873654718927,407.0
1982-11-19 00:00:00-05:00,0.0,6.89800920269706,6.781093792481856,6.859037399291992,210200,WHR,6.800578594207764,0,1.0057142297808492,2.0,1.0274373591834993,3.0,1.1279643166830664,29.0,1.4349778193284672,116.0,1.8781750371402366,408.0
1982-11-22 00:00:00-05:00,0.0,6.878522188410718,6.800578594207764,6.800578594207764,75800,WHR,6.664175987243652,0,0.9957203185571214,1.0,1.0139452308430121,3.0,1.114481905572472,29.0,1.4192761349746204,115.0,1.860291547388961,408.0
1982-11-23 00:00:00-05:00,0.0,6.859034934239081,6.664175987243652,6.664175987243652,777600,WHR,6.683659553527832,1,0.9898696551698005,0.0,0.9890107479400018,3.0,1.0889983862813315,28.0,1.3876488441635726,114.0,1.821221647048975,407.0
1982-11-24 00:00:00-05:00,0.0,6.742117217261312,6.664173665616672,6.683659553527832,104000,WHR,6.761608123779297,1,1.0014596798278392,1.0,0.9890421944530204,3.0,1.0894647719294634,28.0,1.388618245329988,114.0,1.8247776680146957,408.0
1982-11-26 00:00:00-05:00,0.0,6.761608123779297,6.625206807161271,6.761608123779297,28800,WHR,6.703151702880859,0,1.0057974725473875,2.0,1.0011543395416003,3.0,1.0992030368691943,29.0,1.4018392383650344,114.0,1.8442343173307645,409.0
1982-11-29 00:00:00-05:00,0.0,6.781095327332962,6.664179890654808,6.703151702880859,21800,WHR,6.644688129425049,0,0.9956585619312204,1.0,0.9971018670433717,2.0,1.0871745261552594,28.0,1.386784173861634,114.0,1.8264944011538549,409.0
1982-11-30 00:00:00-05:00,0.0,6.72263168519543,6.586230462597262,6.644688129425049,152000,WHR,6.781094551086426,1,0.9956199973785788,0.0,0.9930107042386326,2.0,1.0753135294294829,28.0,1.371835260225573,114.0,1.8088161413348165,409.0
1982-12-01 00:00:00-05:00,0.0,6.781094551086426,6.527777800614807,6.781094551086426,150200,WHR,6.936981678009033,1,1.0101600349795161,1.0,1.0098668225720973,3.0,1.0942825927699193,29.0,1.3969623992572293,114.0,1.8440314904064756,410.0
1982-12-02 00:00:00-05:00,0.0,6.936981678009032,6.7810944492897285,6.936981678009033,167200,WHR,7.190293788909912,1,1.0113636288586862,2.0,1.025345756909993,3.0,1.1157545854920232,30.0,1.4257797474287208,115.0,1.8843660499204813,411.0
1982-12-03 00:00:00-05:00,0.0,7.229265570963625,6.89800542350707,7.190293788909912,140800,WHR,7.287727832794189,1,1.017930712223602,2.0,1.0494876433103961,3.0,1.1519246512703256,31.0,1.474183247269893,115.0,1.950904092933745,412.0
1982-12-06 00:00:00-05:00,0.0,7.326699639386672,7.190298316312984,7.287727832794189,82400,WHR,7.190293788909912,0,1.0067297899139902,2.0,1.0458615711095973,4.0,1.1626945918825413,31.0,1.4903252149129544,116.0,1.974959662078668,413.0
1982-12-07 00:00:00-05:00,0.0,7.404638590205329,7.190293788909912,7.190293788909912,231000,WHR,7.053894996643066,0,0.9932702100860097,1.0,1.0159687743976127,4.0,1.1425913074267129,31.0,1.4667763539000245,115.0,1.9462120208919405,413.0
1982-12-08 00:00:00-05:00,0.0,7.170810383327758,7.053894996643066,7.053894996643066,197600,WHR,7.014925479888916,0,0.9904242498944421,0.0,0.9890710619265037,3.0,1.1171115253673902,30.0,1.4355964036536928,114.0,1.907109944169558,412.0
1982-12-09 00:00:00-05:00,0.0,7.073383192221324,6.975953671667312,7.014925479888916,58400,WHR,7.073380947113037,1,0.9972300793219193,0.0,0.9814616232875084,2.0,1.1070681301690886,30.0,1.4243214913040918,114.0,1.8944482050330784,411.0
1982-12-10 00:00:00-05:00,0.0,7.1513245388167626,6.95646555955745,7.073380947113037,73200,WHR,7.073380947113037,0,1.0041492188949046,1.0,0.9928883570026659,2.0,1.1122459112438992,31.0,1.432811751485736,114.0,1.9080959171992464,411.0
1982-12-13 00:00:00-05:00,0.0,7.073380947113038,7.014923253335244,7.073380947113037,56200,WHR,7.0928635597229,1,1.0,1.0,0.9988992950230341,1.0,1.108002213476545,31.0,1.4294714961475354,113.0,1.90596195115047,411.0
1982-12-14 00:00:00-05:00,0.0,7.2487506709256015,7.0928635597229,7.0928635597229,142600,WHR,6.859037399291992,0,1.0013752842258554,1.0,1.0044145774198174,2.0,1.1068310240662071,31.0,1.4300299538560786,114.0,1.9090966153284605,411.0
1982-12-15 00:00:00-05:00,0.0,7.0538964163173326,6.859037399291992,6.859037399291992,133800,WHR,7.073380947113037,1,0.983240551870473,1.0,0.9766927455859657,2.0,1.067529508922108,30.0,1.379851278682802,114.0,1.8442647177322842,410.0
1982-12-16 00:00:00-05:00,0.0,7.0928668450389685,6.898007865779657,7.073380947113037,80600,WHR,7.1318359375,1,1.01538451850151,1.0,1.0055402221240615,3.0,1.0971739277217851,31.0,1.4195657343621635,115.0,1.8998371474034463,411.0
1982-12-17 00:00:00-05:00,0.0,7.131835937499999,6.995434703722677,7.1318359375,64200,WHR,7.248754501342773,1,1.0041150368108973,2.0,1.0121678917833459,3.0,1.1024645572489982,31.0,1.4279020577478074,115.0,1.9134445431382103,411.0
1982-12-20 00:00:00-05:00,0.0,7.326698098131405,7.131839106159825,7.248754501342773,209200,WHR,7.3266921043396,1,1.0081303034350364,2.0,1.0236655703206303,4.0,1.1162791298784085,32.0,1.4477187467571777,116.0,1.9426399431026582,411.0
1982-12-21 00:00:00-05:00,0.0,7.3266921043396,7.209776804802266,7.3266921043396,480200,WHR,7.3266921043396,0,1.0053471845566941,2.0,1.027883500907858,4.0,1.1238969326324544,32.0,1.4595808850162564,117.0,1.961273687120642,412.0
1982-12-22 00:00:00-05:00,0.0,7.365663870852045,7.287720337827156,7.3266921043396,131200,WHR,7.209779739379883,0,1.0,1.0,1.0145705748426828,4.0,1.1195465979624377,32.0,1.4557833109917007,117.0,1.959005187474273,412.0
1982-12-23 00:00:00-05:00,0.0,7.326695086504962,7.209779739379883,7.209779739379883,62600,WHR,7.2292704582214355,1,0.9919573080581978,0.0,0.9946237443306133,3.0,1.097651068955535,32.0,1.4289019479231693,117.0,1.9255682116422597,412.0
1982-12-27 00:00:00-05:00,0.0,7.248756362421493,7.209784554021378,7.2292704582214355,82400,WHR,7.2292704582214355,0,1.0013498615611705,1.0,0.9946386834780949,3.0,1.0965520945058342,33.0,1.429100160395372,118.0,1.9285756847804154,413.0
1982-12-28 00:00:00-05:00,0.0,7.248756362421493,7.2292704582214355,7.2292704582214355,20400,WHR,7.15132474899292,0,1.0,1.0,0.9951722372600921,2.0,1.0924620815408,33.0,1.4254104018893752,118.0,1.9263526227032506,413.0
1982-12-29 00:00:00-05:00,0.0,7.229268342987393,7.131838850494302,7.15132474899292,159200,WHR,7.053894996643066,0,0.9945797995072267,0.0,0.9892184439407736,1.0,1.0769833136835776,32.0,1.406432068486853,118.0,1.9033986080092633,413.0
1982-12-30 00:00:00-05:00,0.0,7.170810383327758,7.034409098862285,7.053894996643066,88800,WHR,6.820066928863525,0,0.9931412710190713,0.0,0.9831612544654543,1.0,1.0590988843497222,31.0,1.3837708765654646,118.0,1.875346356865526,413.0
1982-12-31 00:00:00-05:00,0.0,7.03441188948495,6.820066928863525,6.820066928863525,102600,WHR,6.781094551086426,0,0.9831462657145066,0.0,0.9610106056603119,1.0,1.021798768121235,30.0,1.3347168690700473,118.0,1.8112667053548335,412.0
1983-01-03 00:00:00-05:00,0.0,6.859038166616155,6.781094551086426,6.781094551086426,31400,WHR,6.800578594207764,1,0.9971346286981042,0.0,0.9677420320713604,0.0,1.0142818600984769,29.0,1.3240602400246326,117.0,1.799063721432763,411.0
1983-01-04 00:00:00-05:00,0.0,6.839550391309241,6.703149101454071,6.800578594207764,245600,WHR,6.46932315826416,0,1.0014345834208276,1.0,0.9825449316582446,1.0,1.0156667179985122,29.0,1.324920694159384,117.0,1.8023973256261752,411.0
1983-01-05 00:00:00-05:00,0.0,6.761611855173685,6.430351332009557,6.46932315826416,240000,WHR,6.761608123779297,1,0.9750370845148196,1.0,0.9534754788174828,1.0,0.9656316461711101,28.0,1.2578435426557297,117.0,1.7130103273591575,411.0
1983-01-06 00:00:00-05:00,0.0,6.820065830901308,6.547263197665256,6.761608123779297,327400,WHR,6.8395514488220215,1,1.0220910349607677,1.0,1.005214253153964,2.0,1.007842212364471,29.0,1.3117111806541029,118.0,1.788595585816863,412.0
1983-01-07 00:00:00-05:00,0.0,6.859037350385617,6.7421219410040445,6.8395514488220215,533400,WHR,6.800578594207764,0,1.0057306382317384,2.0,1.0162129692361541,3.0,1.0171457821880434,30.0,1.3238491246206239,118.0,1.8073222274881402,413.0
1983-01-10 00:00:00-05:00,0.0,6.859036289859979,6.800578594207764,6.800578594207764,167000,WHR,6.761608123779297,0,0.9971427798348467,1.0,1.00983774632159,3.0,1.00857336275357,30.0,1.3133928699854907,118.0,1.7951658882419688,413.0
1983-01-11 00:00:00-05:00,0.0,6.839551733275312,6.742122221405293,6.761608123779297,313600,WHR,6.722636222839356,0,0.9971265348841731,0.0,1.0052143101608584,2.0,1.0002404083575995,29.0,1.303022389696441,118.0,1.7830810983909184,412.0
1983-01-12 00:00:00-05:00,0.0,6.781093929124915,6.703150320744169,6.722636222839356,252200,WHR,6.566748142242432,0,0.997109819435324,0.0,0.9919494322136638,2.0,0.9924251376304468,28.0,1.2928323490449516,117.0,1.7709929771279203,412.0
1983-01-13 00:00:00-05:00,0.0,6.722635338497445,6.566748142242432,6.566748142242432,46600,WHR,6.664175987243652,1,0.9882697289570069,0.0,0.9745516991941381,1.0,0.9685763884617271,27.0,1.2604917163268967,116.0,1.7282406415542126,411.0
1983-01-14 00:00:00-05:00,0.0,6.664175987243652,6.527774724346853,6.664175987243652,391600,WHR,6.74212121963501,1,1.00736364626142,1.0,0.994185803655654,1.0,0.9820999142419334,27.0,1.2765002205803786,117.0,1.7521206177841682,412.0
1983-01-17 00:00:00-05:00,0.0,6.742121219635009,6.664177621720153,6.74212121963501,422600,WHR,6.703151702880859,0,1.0058140761157648,2.0,1.007571336612707,2.0,0.992636536435982,27.0,1.288659879317462,117.0,1.7707992733191378,413.0
1983-01-18 00:00:00-05:00,0.0,6.722637608993884,6.703151702880859,6.703151702880859,109400,WHR,6.703151702880859,0,0.9971016195075602,1.0,1.003500877967826,2.0,0.9866160330252206,26.0,1.278392717871113,117.0,1.7587548045289993,413.0
1983-01-19 00:00:00-05:00,0.0,6.722637608993884,6.644693984541782,6.703151702880859,216600,WHR,6.664175987243652,0,1.0,0.0,1.0040866513161535,2.0,0.9858149315555473,26.0,1.2755863964288927,117.0,1.7569492849568888,413.0
1983-01-20 00:00:00-05:00,0.0,6.722633671342281,6.64469009254411,6.664175987243652,41600,WHR,6.586233615875244,0,0.99708425524228,0.0,0.9953431399465649,2.0,0.9789607027692959,26.0,1.265391675929545,117.0,1.744959908782633,413.0
1983-01-21 00:00:00-05:00,0.0,6.683663107234345,6.586233615875244,6.586233615875244,108400,WHR,6.391372680664063,0,0.9941177387188044,0.0,0.9859975307539293,1.0,0.9666348423106921,25.0,1.2478955661617643,117.0,1.7228284475189848,413.0
1983-01-24 00:00:00-05:00,0.0,6.391372680664063,6.274457326749476,6.391372680664063,75200,WHR,6.488802433013916,1,0.9849848322750289,0.0,0.9669807717011097,0.0,0.9374103596115848,25.0,1.2085835328535923,116.0,1.6702816594898948,412.0
1983-01-25 00:00:00-05:00,0.0,6.6057177921673205,6.4693165398216825,6.488802433013916,138200,WHR,6.547266006469727,1,1.0075643189234584,1.0,0.9881303714683357,1.0,0.9508396682240166,26.0,1.2247146600389731,116.0,1.6941128496343592,412.0
1983-01-26 00:00:00-05:00,0.0,6.547266006469727,6.488808274269104,6.547266006469727,37400,WHR,6.898010730743408,1,1.0044847550261962,2.0,1.0017895702375674,2.0,0.9583121114020862,27.0,1.2333541943186896,117.0,1.7076999194820988,413.0
1983-01-27 00:00:00-05:00,0.0,6.917496636762458,6.605722140457671,6.898010730743408,192600,WHR,6.995434761047363,1,1.0260868356322417,2.0,1.0479576832533992,3.0,1.0084515855359635,27.0,1.296589832692965,117.0,1.7972651651763925,413.0
1983-01-28 00:00:00-05:00,0.0,7.053892433145252,6.975948870348067,6.995434761047363,483000,WHR,6.859037399291992,0,1.0070122296417774,2.0,1.049707176540282,4.0,1.0220636122477857,27.0,1.3119230193191223,118.0,1.8206522422928004,414.0
1983-01-31 00:00:00-05:00,0.0,7.0538964163173326,6.820065595886924,6.859037399291992,156200,WHR,6.859037399291992,0,0.9901549939848426,1.0,1.0149942997240973,4.0,1.001802615638613,27.0,1.2834913304954136,118.0,1.7832629252222558,414.0
1983-02-01 00:00:00-05:00,0.0,6.9174951043995945,6.859037399291992,6.859037399291992,96600,WHR,6.781094551086426,0,1.0,0.0,1.0039931365953736,3.0,1.0012327146473277,27.0,1.2806522032998744,118.0,1.7813767814925026,414.0
1983-02-02 00:00:00-05:00,0.0,6.89800997438102,6.742122743321561,6.781094551086426,136400,WHR,7.053894996643066,1,0.9942857702191507,0.0,0.9858358520201322,2.0,0.989761334280605,26.0,1.263213287955633,118.0,1.7593088660361833,414.0
1983-02-03 00:00:00-05:00,0.0,7.053894996643066,6.839550121054465,7.053894996643066,106000,WHR,7.209779739379883,1,1.0197181533542548,1.0,1.0208685151159254,2.0,1.0286038292310256,27.0,1.3107203614834506,119.0,1.8280611471488128,415.0
1983-02-04 00:00:00-05:00,0.0,7.24875152175491,7.014920827504751,7.209779739379883,202200,WHR,7.190293788909912,0,1.0109287925882893,2.0,1.0369950918870683,2.0,1.0498435290913237,28.0,1.33624128701205,119.0,1.8663296610414897,415.0
1983-02-07 00:00:00-05:00,0.0,7.287723244044193,7.131836115829343,7.190293788909912,144000,WHR,7.014925479888916,0,0.9986468159046765,1.0,1.0244305583453106,2.0,1.045769750897431,27.0,1.3292693912569025,118.0,1.859184844577764,414.0
1983-02-08 00:00:00-05:00,0.0,7.248756329218547,7.014925479888917,7.014925479888916,181800,WHR,7.014925479888916,0,0.9876546566650903,0.0,0.995025213804382,2.0,1.0194933752298148,27.0,1.2938474334884633,117.0,1.8118682270251762,414.0
1983-02-09 00:00:00-05:00,0.0,7.170812712775337,7.014925479888917,7.014925479888916,33000,WHR,6.995434761047363,0,1.0,0.0,0.98846820632028,2.0,1.0185799238479172,27.0,1.2907300836162563,117.0,1.8098915467743066,414.0
1983-02-10 00:00:00-05:00,0.0,7.034406542445955,6.975948870348067,6.995434761047363,103200,WHR,7.014925479888916,1,0.9986088352828641,0.0,0.9873484573373982,1.0,1.0145537788644352,27.0,1.2840317252597433,117.0,1.8029231006513466,413.0
1983-02-11 00:00:00-05:00,0.0,7.073383192221324,6.995439575778114,7.014925479888916,187800,WHR,6.975948333740234,0,1.0013911647171359,1.0,0.9955754937312039,1.0,1.0163273896428349,27.0,1.2844852371063575,118.0,1.8060054576472102,413.0
1983-02-14 00:00:00-05:00,0.0,6.995434222940626,6.956462444539842,6.975948333740234,66800,WHR,6.898010730743408,0,0.9972141020876972,1.0,0.9961041454126645,1.0,1.0102050421955295,26.0,1.2742747153804834,118.0,1.794071661000161,412.0
1983-02-15 00:00:00-05:00,0.0,6.936982542781506,6.85903891870531,6.898010730743408,154400,WHR,6.936981678009033,1,0.9943824540180214,0.0,0.9882750720220729,1.0,0.9988247439468677,25.0,1.2570670633542906,118.0,1.7722070526603892,411.0
1983-02-16 00:00:00-05:00,0.0,6.9759534851888585,6.8785239672392935,6.936981678009033,181000,WHR,6.586233615875244,0,1.0028168390783483,1.0,0.9960830701458083,2.0,1.0041371507626595,26.0,1.2611952198951322,118.0,1.780365410495135,412.0
1983-02-17 00:00:00-05:00,0.0,6.936979784768009,6.566747717603424,6.586233615875244,141400,WHR,6.74212121963501,1,0.9740632642081495,1.0,0.9569647953527606,2.0,0.9535452134535704,26.0,1.1949712209661256,117.0,1.6887249650205371,412.0
1983-02-18 00:00:00-05:00,0.0,6.742121219635009,6.625205822762726,6.74212121963501,108800,WHR,6.800578594207764,1,1.0116959373968977,1.0,0.98744293130336,2.0,0.9759767137047872,26.0,1.2206308528900294,117.0,1.7269778467264199,412.0
1983-02-22 00:00:00-05:00,0.0,6.839550391309241,6.761606797106286,6.800578594207764,86600,WHR,6.820066928863525,1,1.0043165229515758,2.0,1.0011473094351249,3.0,0.9843463429187228,26.0,1.22856179249442,117.0,1.7401970312591135,413.0
1983-02-23 00:00:00-05:00,0.0,6.878524645396641,6.703151495797293,6.820066928863525,34000,WHR,7.03441333770752,1,1.0014307937625093,2.0,1.0063257015097153,4.0,0.9868888228665319,27.0,1.2294510676288797,117.0,1.7434105072843606,414.0
1983-02-24 00:00:00-05:00,0.0,7.053899247230254,6.936983790093842,7.03441333770752,169600,WHR,7.3266921043396,1,1.0154712702836775,2.0,1.0349774452581948,4.0,1.016949695846019,28.0,1.2653177245350156,117.0,1.796288985729312,414.0
1983-02-25 00:00:00-05:00,0.0,7.346177987595823,7.170805038289822,7.3266921043396,181800,WHR,7.3266921043396,0,1.0203521078381843,2.0,1.0549935308707605,5.0,1.057813197171908,28.0,1.3147578587733195,117.0,1.8687672062924672,415.0
1983-02-28 00:00:00-05:00,0.0,7.482579170389378,7.3266921043396,7.3266921043396,48600,WHR,7.63847541809082,1,1.0,1.0,1.0375269294551857,4.0,1.0568221513793297,27.0,1.3116940174803617,116.0,1.866614871627716,415.0
1983-03-01 00:00:00-05:00,0.0,7.638475418090819,7.32670091122997,7.63847541809082,173600,WHR,7.677444934844971,1,1.0208339340861976,1.0,1.0566042703950216,4.0,1.1006087811911829,27.0,1.363953279159121,117.0,1.9436642920715224,415.0
1983-03-02 00:00:00-05:00,0.0,7.872303943343574,7.63847313314525,7.677444934844971,562000,WHR,7.716415882110596,1,1.0025443796948632,2.0,1.0373883180783754,4.0,1.1051894661597796,27.0,1.3672581791547451,118.0,1.9511714003385443,416.0
1983-03-03 00:00:00-05:00,0.0,7.833331274263786,7.599500489957404,7.716415882110596,198000,WHR,7.794363498687744,1,1.0025315902052785,2.0,1.0237851089556822,4.0,1.1093990709585728,28.0,1.3704698771271533,119.0,1.9586410055757233,417.0
1983-03-04 00:00:00-05:00,0.0,7.794363498687744,7.677448046207427,7.794363498687744,70000,WHR,7.677444934844971,0,1.0050253836163543,2.0,1.021450927845117,4.0,1.1186209291932991,29.0,1.380472593330499,120.0,1.9759634202031229,417.0
1983-03-07 00:00:00-05:00,0.0,7.833332141643853,7.63847313314525,7.677444934844971,338400,WHR,7.755383968353271,1,0.9924431223185668,1.0,0.9969634439263454,4.0,1.1000978331997955,29.0,1.3561330735517947,119.0,1.943970437222257,416.0
1983-03-08 00:00:00-05:00,0.0,7.8722993045596015,7.638468632146941,7.755383968353271,124600,WHR,7.794363498687744,1,1.005050210431099,1.0,1.0040357942089668,4.0,1.109458673383473,29.0,1.3662133935469878,119.0,1.9613051379948307,416.0
1983-03-09 00:00:00-05:00,0.0,7.794363498687744,7.677448046207427,7.794363498687744,118400,WHR,7.833330631256103,1,1.0025067629179891,2.0,1.0060366018145257,4.0,1.1131214716802116,30.0,1.3693385297703382,120.0,1.9687471522845077,416.0
1983-03-10 00:00:00-05:00,0.0,7.9112742196268115,7.813844734163426,7.833330631256103,55400,WHR,7.891790390014648,1,1.0024934665501095,2.0,1.0080238717000314,4.0,1.116718251712649,30.0,1.3724632545229274,120.0,1.9761483936355226,417.0
1983-03-11 00:00:00-05:00,0.0,7.911276292212214,7.852818585619514,7.891790390014648,114600,WHR,7.872301578521728,0,1.003717603106486,2.0,1.0130066350979634,4.0,1.12229834873483,31.0,1.3789584019530072,120.0,1.988413534024956,418.0
1983-03-14 00:00:00-05:00,0.0,7.91127336851441,7.8333297885290465,7.872301578521728,105000,WHR,7.872301578521728,0,0.9987637212766952,1.0,1.0054751805918338,4.0,1.1174109136501846,30.0,1.3718536788456543,120.0,1.9810521113620219,417.0
1983-03-15 00:00:00-05:00,0.0,7.989216948499775,7.872301578521728,7.872301578521728,361200,WHR,7.774873733520508,0,1.0,0.0,1.0024811531699935,3.0,1.1154569446997287,29.0,1.3682482836765768,119.0,1.978597444143353,417.0
1983-03-16 00:00:00-05:00,0.0,7.891789128009538,7.774873733520508,7.774873733520508,64400,WHR,7.735907077789307,0,0.9937734547572789,0.0,0.9905661093772979,2.0,1.1002849503753311,28.0,1.3479366061502827,118.0,1.9517397072684677,417.0
1983-03-17 00:00:00-05:00,0.0,7.794364813893508,7.735907077789307,7.735907077789307,98800,WHR,7.755383968353271,1,0.9974877695581393,0.0,0.9880543365623162,1.0,1.0937148244759471,27.0,1.3378724861334437,118.0,1.9396143582001313,417.0
1983-03-18 00:00:00-05:00,0.0,7.774869857720993,7.716412189617827,7.755383968353271,103000,WHR,7.755383968353271,0,1.001257280010165,1.0,0.9940055500747998,1.0,1.0953620157568527,28.0,1.3378504985034378,119.0,1.9421824914266481,417.0
1983-03-21 00:00:00-05:00,0.0,7.85281341519188,7.638468632146941,7.755383968353271,356800,WHR,7.833330631256103,1,1.0,1.0,0.9969935996618996,1.0,1.0939570003023182,28.0,1.3344951091328305,118.0,1.9398632609992401,417.0
1983-03-22 00:00:00-05:00,0.0,7.8723024254414575,7.79435883707075,7.833330631256103,118000,WHR,7.774873733520508,0,1.0050001982142123,1.0,1.0080240572609878,2.0,1.1033850388154427,28.0,1.344283714025764,119.0,1.9569850890723701,418.0
1983-03-23 00:00:00-05:00,0.0,7.891789128009538,7.716416036275993,7.774873733520508,170600,WHR,7.794363498687744,1,0.9962547326797234,1.0,1.000501591785676,2.0,1.0937499781639746,28.0,1.3307275300373826,119.0,1.9400575898747034,418.0
1983-03-24 00:00:00-05:00,0.0,7.8333353161811825,7.755391681194305,7.794363498687744,125200,WHR,7.794363498687744,0,1.0012518124604664,1.0,1.0015028702131357,3.0,1.09484107461304,29.0,1.3305664795619416,119.0,1.9426349990693668,418.0
1983-03-25 00:00:00-05:00,0.0,7.794363498687744,7.755391681194305,7.794363498687744,56000,WHR,7.521555423736572,0,1.0,1.0,1.000500667618032,2.0,1.0929464435794711,29.0,1.3271407308422372,118.0,1.9403450984553754,418.0
1983-03-28 00:00:00-05:00,0.0,7.755386162298331,7.463097739096132,7.521555423736572,104400,WHR,7.502073764801025,0,0.9821879394678861,0.0,0.9713131953387543,2.0,1.0529663241986247,29.0,1.2777054743059948,117.0,1.870363073603236,417.0
1983-03-29 00:00:00-05:00,0.0,7.580017388331426,7.482587858918426,7.502073764801025,125200,WHR,7.443613052368164,0,0.9987032654566308,0.0,0.9771574792640989,1.0,1.0484752772698853,29.0,1.2715676002665248,116.0,1.863477962232361,416.0
1983-03-30 00:00:00-05:00,0.0,7.521556644539559,7.424127154325316,7.443613052368164,24600,WHR,7.248754501342773,0,0.9960884559439782,0.0,0.977982324633646,1.0,1.0387490615391686,28.0,1.2588979591310336,116.0,1.8469452041233645,416.0
1983-03-31 00:00:00-05:00,0.0,7.424127594117195,7.170810904554141,7.248754501342773,178400,WHR,7.365676403045654,1,0.9867374301443899,0.0,0.9662336558197022,0.0,1.0097262907486109,28.0,1.2234106147851036,116.0,1.7967282406839502,416.0
1983-04-04 00:00:00-05:00,0.0,7.365676403045654,7.248760904584612,7.365676403045654,154000,WHR,7.463096618652344,1,1.0080004416502986,1.0,0.9931693715902875,1.0,1.0245762288737652,28.0,1.2405656417718485,116.0,1.823780232567336,416.0
1983-04-05 00:00:00-05:00,0.0,7.541040186471167,7.4046389427882255,7.463096618652344,42400,WHR,7.443613052368164,0,1.0065696747441033,2.0,1.007894202549948,2.0,1.0366289701818345,28.0,1.2544211823245142,116.0,1.845907013821978,417.0
1983-04-06 00:00:00-05:00,0.0,7.443613052368164,7.404641256282467,7.443613052368164,87400,WHR,7.521555423736572,1,0.9986929666764721,1.0,1.006852788378207,2.0,1.0323858478276502,28.0,1.2486924519202633,115.0,1.8391113647723147,417.0
1983-04-07 00:00:00-05:00,0.0,7.560527213496865,7.463097739096132,7.521555423736572,50200,WHR,7.502073764801025,0,1.0052082521819157,1.0,1.0152548594073818,3.0,1.041366662704819,29.0,1.2592484050485897,115.0,1.856331098918299,418.0
1983-04-08 00:00:00-05:00,0.0,7.560531482448826,7.482587858918426,7.502073764801025,197600,WHR,7.482583045959473,0,0.9987032654566308,1.0,1.0057473582604493,3.0,1.0368046477771276,29.0,1.2534841921317719,115.0,1.849495049748479,418.0
1983-04-11 00:00:00-05:00,0.0,7.560526619354884,7.404639472564062,7.482583045959473,41200,WHR,7.833330631256103,1,0.9986992882728181,0.0,0.9999998215664568,2.0,1.03193410842137,29.0,1.2477251830080618,115.0,1.8426805724647306,418.0
1983-04-12 00:00:00-05:00,0.0,7.950246013812165,7.696929351607365,7.833330631256103,185000,WHR,8.18407917022705,1,1.0229008593733726,1.0,1.0366167728592421,2.0,1.0774108678979522,29.0,1.3032990184454267,116.0,1.9268282670235455,418.0
1983-04-13 00:00:00-05:00,0.0,8.18407917022705,7.872304725646973,8.18407917022705,187600,WHR,8.378936767578125,1,1.0218979562437411,2.0,1.0622156923073458,3.0,1.1219448934943215,29.0,1.3583444260304505,116.0,2.0105894986750155,419.0
1983-04-14 00:00:00-05:00,0.0,8.39842266703761,8.26202137082122,8.378936767578125,158200,WHR,8.417906761169434,1,1.0117646205306312,2.0,1.0638297717766332,3.0,1.1442764041280047,30.0,1.3871326519818197,117.0,2.0557933274191273,420.0
1983-04-15 00:00:00-05:00,0.0,8.612765713974282,8.39842086588895,8.417906761169434,264600,WHR,8.476366996765137,1,1.0023200783840496,2.0,1.0444872995220096,4.0,1.14512899340241,31.0,1.3899969519012916,118.0,2.06266254911537,421.0
1983-04-18 00:00:00-05:00,0.0,8.495852897907126,8.39842339219718,8.476366996765137,135600,WHR,8.18407917022705,0,1.003460358014398,2.0,1.0264276643990355,5.0,1.1483633597317036,32.0,1.3961103508602182,118.0,2.0742537418009577,422.0
1983-04-19 00:00:00-05:00,0.0,8.476367712020874,8.18407917022705,8.18407917022705,121000,WHR,8.359447479248047,1,0.9824561825290629,1.0,0.9826861355794481,4.0,1.1047787978805366,32.0,1.344861018773029,117.0,2.000257569352443,421.0
1983-04-20 00:00:00-05:00,0.0,8.417905153928103,8.16458856364786,8.359447479248047,377400,WHR,8.223048210144043,0,1.0106004186856108,1.0,0.9995336848337554,4.0,1.1234773560367186,33.0,1.3703438694435786,118.0,2.040495225119936,422.0
1983-04-21 00:00:00-05:00,0.0,8.456878964934868,8.125618728981198,8.223048210144043,118000,WHR,8.45688247680664,1,0.9917745029663262,1.0,0.9869035897025966,3.0,1.1008693870508617,32.0,1.3447883256017639,118.0,2.004693175643082,422.0
1983-04-22 00:00:00-05:00,0.0,8.573797902753277,8.262023433562248,8.45688247680664,356800,WHR,8.223048210144043,0,1.0140188991819694,1.0,1.0140189571584595,3.0,1.1273706249810918,32.0,1.3794773681055559,119.0,2.059068295303904,422.0
1983-04-25 00:00:00-04:00,0.0,8.495850757400007,8.223048210144043,8.223048210144043,127800,WHR,8.223048210144043,0,0.9859811008180307,1.0,0.992007420372813,2.0,1.092980929041034,31.0,1.3380682211289805,119.0,1.9996964512118958,422.0
1983-04-26 00:00:00-04:00,0.0,8.223048210144043,8.10613283274863,8.223048210144043,114000,WHR,8.223048210144043,0,1.0,0.0,0.991075586347825,2.0,1.0900166215224756,30.0,1.334834620030415,118.0,1.9972641339626727,422.0
1983-04-27 00:00:00-04:00,0.0,8.398421276237162,8.203562313911474,8.223048210144043,186200,WHR,8.242534637451172,1,1.0,0.0,0.9943448731351848,1.0,1.0867417580343015,30.0,1.3316838428032893,117.0,1.9948377265902708,422.0
1983-04-28 00:00:00-04:00,0.0,8.242534637451172,8.106133355034723,8.242534637451172,286600,WHR,8.164593696594238,0,1.0011834641681072,1.0,0.9962317143536157,2.0,1.0860076138623986,31.0,1.3316962084833686,117.0,1.997110416000458,423.0
1983-04-29 00:00:00-04:00,0.0,8.24253731183619,8.067164177541802,8.164593696594238,158200,WHR,8.164593696594238,0,0.9952495684028263,1.0,0.9938333139005721,1.0,1.0724801030377322,31.0,1.3161370271982613,116.0,1.9758284318177892,423.0
1983-05-02 00:00:00-04:00,0.0,8.2230514080257,8.145107792783751,8.164593696594238,132200,WHR,8.145109176635742,0,1.0,0.0,0.9952496262523163,1.0,1.0698785411812577,30.0,1.3131342187456958,116.0,1.9733996366922906,423.0
1983-05-03 00:00:00-04:00,0.0,8.26202461936257,8.04767964103005,8.145109176635742,74000,WHR,8.125625610351562,0,0.9988053418195326,0.0,0.9947646759763165,1.0,1.0651494888503312,29.0,1.3071329057380443,115.0,1.9662823863344625,423.0
1983-05-04 00:00:00-04:00,0.0,8.18408334855553,8.028196046678282,8.125625610351562,185600,WHR,8.242534637451172,1,0.9988025392498093,0.0,0.9947523047688787,1.0,1.0604397973235953,29.0,1.30112548046745,115.0,1.9591735487876887,423.0
1983-05-05 00:00:00-04:00,0.0,8.262020534939236,8.203562842475044,8.242534637451172,122000,WHR,8.223048210144043,0,1.007142465941785,1.0,1.0090644980364925,1.0,1.0728324427259321,30.0,1.316838036150133,116.0,1.9848902784644928,423.0
1983-05-06 00:00:00-04:00,0.0,8.242534106376612,8.164590521446335,8.223048210144043,89000,WHR,8.223048210144043,0,0.9988165358318928,1.0,1.0052402186789438,1.0,1.0674984459818666,30.0,1.310640269475545,116.0,1.977729174275354,423.0
1983-05-09 00:00:00-04:00,0.0,8.223048210144043,8.164590521446335,8.223048210144043,37200,WHR,8.2620210647583,1,1.0,0.0,1.0038056059408869,1.0,1.0646705719980567,30.0,1.3075701308620646,116.0,1.975248265178901,423.0
1983-05-10 00:00:00-04:00,0.0,8.2620210647583,8.145105672332475,8.2620210647583,472200,WHR,8.223048210144043,0,1.0023641304725115,1.0,1.005692521422295,2.0,1.0668455464982196,30.0,1.3106484240981136,117.0,1.9821141995086768,423.0
1983-05-11 00:00:00-04:00,0.0,8.378935380004593,8.223048210144043,8.223048210144043,208400,WHR,8.008706092834473,0,0.9976358695274886,1.0,0.9985801790597129,2.0,1.0589709546930333,30.0,1.3013283232359432,117.0,1.9702774754542012,423.0
1983-05-12 00:00:00-04:00,0.0,8.26202283056403,7.989220189932198,8.008706092834473,161000,WHR,7.989224433898926,0,0.9867948889991368,0.0,0.9781059078911253,1.0,1.0289149302196459,30.0,1.2645067346310743,117.0,1.9166025427582987,423.0
1983-05-13 00:00:00-04:00,0.0,8.106139913419398,7.989224433898926,7.989224433898926,109400,WHR,7.872301578521728,0,0.9987822388087639,0.0,0.9813313775371846,1.0,1.0241046155813334,29.0,1.2584417166004942,117.0,1.9096516501627807,422.0
1983-05-16 00:00:00-04:00,0.0,7.930759263510751,7.852815683525388,7.872301578521728,48000,WHR,7.989224433898926,1,0.9926285241857788,0.0,0.9753739049502558,1.0,1.0063517285151984,29.0,1.237168746084705,117.0,1.879515219175427,421.0
1983-05-17 00:00:00-04:00,0.0,7.989224433898926,7.872308954378454,7.989224433898926,191800,WHR,8.106128692626953,1,1.0073714758142212,1.0,0.9965974536607307,1.0,1.0185920562813708,29.0,1.252720264634529,117.0,1.9051438803752767,422.0
1983-05-18 00:00:00-04:00,0.0,8.184072237748365,7.950241602384127,8.106128692626953,224800,WHR,7.969736099243164,0,1.007263230437322,2.0,1.0141386202172868,2.0,1.0306376546766165,29.0,1.268090850105707,118.0,1.9306888208576585,422.0
1983-05-19 00:00:00-04:00,0.0,8.14510926524118,7.911278377243826,7.969736099243164,237600,WHR,8.008706092834473,1,0.9915156916813106,1.0,0.9980480503666804,2.0,1.0108336890365608,28.0,1.2440086400577182,117.0,1.8959946514765793,421.0
1983-05-20 00:00:00-04:00,0.0,8.028191995736746,7.969734287029925,8.008706092834473,56800,WHR,7.833330631256103,0,1.0024389106974791,1.0,1.0024391260877887,3.0,1.0136886596777215,28.0,1.2472841734727063,118.0,1.9030160321261738,422.0
1983-05-23 00:00:00-04:00,0.0,7.950246013812165,7.833330631256103,7.833330631256103,600800,WHR,7.794363498687744,0,0.9889297402453511,1.0,0.9814450984390743,3.0,0.9904322458703675,27.0,1.2173701473658376,118.0,1.8592344759303243,421.0
1983-05-24 00:00:00-04:00,0.0,7.91127895116806,7.774877589941024,7.794363498687744,91600,WHR,7.891790390014648,1,0.9975065334498904,0.0,0.9813546892644731,2.0,0.9845350272816952,27.0,1.2087666008955824,118.0,1.8479173931078545,420.0
1983-05-25 00:00:00-04:00,0.0,7.911276292212214,7.755389074631679,7.891790390014648,443400,WHR,7.677444934844971,0,1.006211012082259,1.0,0.9990132453724208,2.0,0.9963100619503394,27.0,1.221277590293001,118.0,1.868909041783876,420.0
1983-05-26 00:00:00-04:00,0.0,7.9112757450432944,7.677444934844971,7.677444934844971,477800,WHR,7.521555423736572,0,0.9862327564137059,1.0,0.979125172644666,2.0,0.9692497216264147,26.0,1.1857470954548008,118.0,1.816187278335553,420.0
1983-05-27 00:00:00-04:00,0.0,7.677442582777744,7.482583633976279,7.521555423736572,225000,WHR,7.580012321472168,1,0.9897434365793418,0.0,0.9713132431875506,1.0,0.9499587232033432,25.0,1.1594514119065686,118.0,1.7774744977783,419.0
1983-05-31 00:00:00-04:00,0.0,7.6969276786156975,7.560526428614914,7.580012321472168,211200,WHR,7.521555423736572,0,1.0038709158361483,1.0,0.9853086568496944,2.0,0.9577738728689811,25.0,1.1661506985212489,119.0,1.7894430923332636,419.0
1983-06-01 00:00:00-04:00,0.0,7.677442582777744,7.521555423736572,7.521555423736572,397600,WHR,7.34618616104126,0,0.9961290841638516,1.0,0.9846937607894288,2.0,0.9506996465877656,25.0,1.154941495236195,118.0,1.77386407153859,418.0
1983-06-02 00:00:00-04:00,0.0,7.560531115342198,7.326700256104811,7.34618616104126,795600,WHR,7.521555423736572,1,0.9882047140989548,0.0,0.975673242554119,1.0,0.9293346594754996,24.0,1.1259785035338814,118.0,1.7308430345672556,418.0
1983-06-03 00:00:00-04:00,0.0,7.521555423736572,7.365668264695399,7.521555423736572,1000600,WHR,7.755383968353271,1,1.011795285901045,1.0,1.0031184227338503,2.0,0.9520675022854236,24.0,1.1506585783003527,119.0,1.7703981907720634,418.0
1983-06-06 00:00:00-04:00,0.0,7.85281341519188,7.735898078985549,7.755383968353271,743400,WHR,7.833330631256103,1,1.015305981035558,2.0,1.0278922491193008,3.0,0.9818266291760247,24.0,1.1840439957987108,119.0,1.8235206920542588,419.0
1983-06-07 00:00:00-04:00,0.0,7.930760116719488,7.833330631256103,7.833330631256103,205600,WHR,7.794363498687744,0,1.0050001982142123,2.0,1.0312981511623551,3.0,0.9918169667274406,24.0,1.1936291378714754,119.0,1.8398756956593159,420.0
1983-06-08 00:00:00-04:00,0.0,7.794363498687744,7.677448046207427,7.794363498687744,176800,WHR,7.755383968353271,0,0.9975065334498904,1.0,1.0188492120257175,3.0,0.9870454823754619,24.0,1.1853262853970585,119.0,1.8287813446955001,420.0
1983-06-09 00:00:00-04:00,0.0,7.794355747088715,7.696926300250106,7.755383968353271,119400,WHR,7.872301578521728,1,0.9974932370820109,0.0,1.0030238566603975,3.0,0.9823516891646273,24.0,1.1770963323051933,118.0,1.8177325061451859,419.0
1983-06-10 00:00:00-04:00,7.794357998536365,7.91127336851441,7.755386208543683,7.872301578521728,133200,WHR,7.950244426727295,1,1.0074814411780788,1.0,1.0089909608185774,3.0,0.9969562435473885,25.0,1.192443703806615,118.0,1.8431662189879119,419.0
1983-06-13 00:00:00-04:00,7.872300853916243,7.950244426727295,7.833329067510717,7.950244426727295,237400,WHR,8.125625610351562,1,1.0049260623530316,2.0,1.0139163204914008,3.0,1.006371723898213,26.0,1.2018094577428111,118.0,1.8593962394342827,420.0
1983-06-14 00:00:00-04:00,8.047681959412937,8.203569261290186,8.028196046678282,8.125625610351562,290400,WHR,8.534822463989258,1,1.0109095920295295,2.0,1.0286143927418423,3.0,1.0277693307016909,26.0,1.2256495733178034,119.0,1.8982687709232078,421.0
1983-06-15 00:00:00-04:00,8.300991711551196,8.88556859264635,8.300991711551196,8.534822463989258,274200,WHR,8.593280792236328,1,1.0245609752998126,2.0,1.0605326156313024,4.0,1.0777556907483252,27.0,1.2842765323032403,119.0,1.9914247490083692,422.0
1983-06-16 00:00:00-04:00,8.45687950981988,8.612766689724392,8.41790771484375,8.593280792236328,246800,WHR,8.378936767578125,0,1.0034130065292444,2.0,1.0460151047107704,5.0,1.0834048517730352,27.0,1.2901224452669586,119.0,2.002579132480644,423.0
1983-06-17 00:00:00-04:00,8.612767561091934,8.612767561091934,8.300993169740188,8.378936767578125,190400,WHR,8.359447479248047,0,0.987370888694845,1.0,1.0074976420974766,4.0,1.0550420945502725,27.0,1.2553278998240553,118.0,1.9502903247400551,423.0
1983-06-20 00:00:00-04:00,8.417905153928103,8.495848720168178,8.281503913007972,8.359447479248047,61600,WHR,8.300992965698242,0,0.9988356529493715,0.0,0.9953592305146253,3.0,1.0513413115526389,26.0,1.2497373670774428,118.0,1.9434533565297623,422.0
1983-06-21 00:00:00-04:00,8.320478864678755,8.378936561620291,8.300992965698242,8.300992965698242,143600,WHR,8.223048210144043,0,0.9964914184746216,0.0,0.9842884698612768,2.0,1.042882179972016,26.0,1.238400918004097,118.0,1.9276018137220077,422.0
1983-06-22 00:00:00-04:00,8.26202000260918,8.339963587539456,8.184076417678904,8.223048210144043,86000,WHR,8.145109176635742,0,0.9952829483584105,0.0,0.9823090987789642,1.0,1.0315744861647298,26.0,1.2243664894544377,117.0,1.9072840245388738,422.0
1983-06-23 00:00:00-04:00,8.223052805120295,8.223052805120295,8.04767964103005,8.145109176635742,82800,WHR,8.106128692626953,0,0.995238374627846,0.0,0.9835298400949244,0.0,1.0204251680133478,26.0,1.210429910732641,117.0,1.8870572999051287,421.0
1983-06-24 00:00:00-04:00,8.14510046518766,8.184072237748365,8.106128692626953,8.106128692626953,170600,WHR,8.086644172668457,0,0.9976013837024369,0.0,0.9853145234632682,0.0,1.0141387654159253,26.0,1.2023252809213971,117.0,1.8759091194218422,421.0
1983-06-27 00:00:00-04:00,8.047672393523067,8.106130062241153,8.028186503950373,8.086644172668457,47200,WHR,7.930757522583008,0,0.9987967150456204,0.0,0.9895085125546738,0.0,1.0099366355293349,26.0,1.1970964179966541,117.0,1.8693011142773817,421.0
1983-06-28 00:00:00-04:00,8.028186976177393,8.067158757615148,7.891785741145253,7.930757522583008,125800,WHR,7.852817058563232,0,0.9902676693104561,0.0,0.9793068600546809,0.0,0.989304404757145,25.0,1.1717485768783016,117.0,1.831295045778505,420.0
1983-06-29 00:00:00-04:00,7.969732449013306,7.969732449013306,7.813845261746541,7.852817058563232,164800,WHR,8.106128692626953,1,0.9950619256988289,0.0,0.9786306031130464,0.0,0.9787888375994203,24.0,1.1580060411803603,117.0,1.8113824531533151,420.0
1983-06-30 00:00:00-04:00,7.8722980572627135,8.106128692626953,7.8722980572627135,8.106128692626953,215000,WHR,8.106128692626953,0,1.0158727047521188,1.0,1.0111811286935273,1.0,1.0089734071411902,25.0,1.1930155228632617,117.0,1.8677226444843888,421.0
1983-07-01 00:00:00-04:00,8.106128692626953,8.106128692626953,7.989213374944833,8.106128692626953,38800,WHR,7.989224433898926,0,1.0,1.0,1.0111811286935273,1.0,1.0077513055853278,24.0,1.1906798960485703,117.0,1.8656202420923116,421.0
1983-07-05 00:00:00-04:00,8.067168086912574,8.067168086912574,7.950252607392102,7.989224433898926,123200,WHR,8.18407917022705,1,0.9927367695626781,0.0,0.9990262804580126,1.0,0.9922162889346805,24.0,1.1713892994315327,116.0,1.836704971094386,420.0
1983-07-06 00:00:00-04:00,7.989220142364502,8.262022781372071,7.989220142364502,8.18407917022705,51400,WHR,8.145109176635742,0,1.0120479242273308,1.0,1.0169494357446398,2.0,1.0149424128431428,25.0,1.1977143406798556,116.0,1.8793547796582541,421.0
1983-07-07 00:00:00-04:00,8.203566897999156,8.223052805120295,8.125623269514604,8.145109176635742,175600,WHR,7.950244426727295,0,0.9976134763857509,1.0,1.0048081049823472,2.0,1.0094590665115366,24.0,1.1898396389137502,115.0,1.8682991690539952,420.0
1983-07-08 00:00:00-04:00,8.106131572349398,8.106131572349398,7.950244426727295,7.950244426727295,225200,WHR,7.950244426727295,0,0.9878931053824297,0.0,0.9845556142880325,1.0,0.9857847610308408,23.0,1.1593672580397651,115.0,1.8216557538956972,419.0
1983-07-11 00:00:00-04:00,7.989216213132821,8.008702106335583,7.911272640321768,7.950244426727295,246200,WHR,7.794363498687744,0,1.0,0.0,0.9883716491108262,1.0,0.9866588650466533,22.0,1.1573151645070134,115.0,1.819713942298845,419.0
1983-07-12 00:00:00-04:00,7.950250768661498,7.989222586154938,7.794363498687744,7.794363498687744,87200,WHR,7.813848972320557,1,0.9900994087132569,0.0,0.97371022047775,1.0,0.9685625774910481,21.0,1.1328369858554723,114.0,1.7822064770018242,418.0
1983-07-13 00:00:00-04:00,7.833334879982203,7.872306695305498,7.794363064658909,7.813848972320557,59000,WHR,7.969736099243164,1,1.0012484116082483,1.0,0.9852582732375832,1.0,0.9723180711845185,21.0,1.133845076590597,115.0,1.7848328520165877,418.0
1983-07-14 00:00:00-04:00,7.891792469910713,8.00870791390939,7.852820655244487,7.969736099243164,275600,WHR,7.989224433898926,1,1.0098765347806475,2.0,1.0093783618772976,2.0,0.9921569652313758,22.0,1.154519790344157,115.0,1.8185221433514052,418.0
1983-07-15 00:00:00-04:00,7.969738520645514,8.067168086912574,7.969738520645514,7.989224433898926,130200,WHR,7.989224433898926,0,1.001221153133081,2.0,1.0108485009013257,3.0,0.9953476599580134,22.0,1.1554121267682416,115.0,1.8210823563336105,418.0
1983-07-18 00:00:00-04:00,7.950252607392102,7.989224433898926,7.852823041125042,7.989224433898926,513200,WHR,8.047679901123047,1,1.0,1.0,1.0098523818316791,3.0,0.995831156428129,22.0,1.1534877563962402,115.0,1.8191915797365943,418.0
1983-07-19 00:00:00-04:00,8.028193993372144,8.06716580887395,8.00870808562124,8.047679901123047,287200,WHR,8.242534637451172,1,1.003645059295918,1.0,1.010768368415014,4.0,1.003970914699814,22.0,1.1599304227036054,116.0,1.8305934471213319,418.0
1983-07-20 00:00:00-04:00,8.086647457546658,8.300992329915365,8.086647457546658,8.242534637451172,98200,WHR,8.417906761169434,1,1.0119614591856185,2.0,1.0242125356279308,4.0,1.0282379356882911,23.0,1.1858437944962024,117.0,1.872874617190931,419.0
1983-07-21 00:00:00-04:00,8.339963180047494,8.417906761169434,8.300991389486526,8.417906761169434,281200,WHR,8.2620210647583,0,1.0105262591501796,2.0,1.0344822292104856,4.0,1.0496899521983967,24.0,1.2086889035379826,118.0,1.9105741461473382,419.0
1983-07-22 00:00:00-04:00,8.281506963495938,8.4179082546594,8.223049267283026,8.2620210647583,96200,WHR,8.417906761169434,1,0.9906542943088267,1.0,1.0085630846569706,3.0,1.0301679918477589,24.0,1.1840400201991665,118.0,1.873138996378753,419.0
1983-07-25 00:00:00-04:00,8.262019598925557,8.476364447010889,8.223047808364587,8.417906761169434,69000,WHR,8.534822463989258,1,1.0093457056911732,1.0,1.0169489670326277,4.0,1.0492225544566898,24.0,1.203946044164277,119.0,1.9063249421511257,420.0
1983-07-26 00:00:00-04:00,8.417907087770228,8.534822463989258,8.417907087770228,8.534822463989258,200800,WHR,8.2620210647583,0,1.006896571122384,2.0,1.0190786143106154,4.0,1.0629775958812804,25.0,1.2181417920339892,119.0,1.9305697231158905,421.0
1983-07-27 00:00:00-04:00,8.456880052134675,8.534823647085226,8.2620210647583,8.2620210647583,126000,WHR,8.125625610351562,0,0.9837587699877026,1.0,0.9860466097761439,3.0,1.0287932262396486,25.0,1.1770061725048455,118.0,1.8668380755353915,420.0
1983-07-28 00:00:00-04:00,8.145111523086218,8.18408334855553,8.106139697616907,8.125625610351562,100600,WHR,7.950244426727295,0,0.9916769346379734,0.0,0.9765814235634532,2.0,1.0118500735117597,25.0,1.1554967621965597,118.0,1.834080877837602,420.0
1983-07-29 00:00:00-04:00,7.989216213132821,7.989216213132821,7.911272640321768,7.950244426727295,330800,WHR,7.989224433898926,1,0.9890904079704705,0.0,0.9627179688469608,2.0,0.9903710769095153,25.0,1.1285804202835623,118.0,1.7926653665840304,420.0
1983-08-01 00:00:00-04:00,7.911280780885278,8.02819626040575,7.83333712787163,7.989224433898926,235800,WHR,7.950244426727295,0,1.0024455022631225,1.0,0.9775875576377002,2.0,0.9957505453401274,25.0,1.1320471240507965,119.0,1.7995887384444564,421.0
1983-08-02 00:00:00-04:00,7.969730319930058,8.106131572349398,7.950244426727295,7.950244426727295,63600,WHR,8.047679901123047,1,0.9975544977368775,1.0,0.9869371321924466,1.0,0.9914540524731341,25.0,1.124437446734852,119.0,1.7889709961814437,421.0
1983-08-03 00:00:00-04:00,7.989222177870337,8.047679901123047,7.911278546866724,8.047679901123047,209600,WHR,7.833330631256103,0,1.0060905072682542,1.0,1.0043776208594706,2.0,1.0039709166905808,26.0,1.1361265653430523,119.0,1.8089844196950782,422.0
1983-08-04 00:00:00-04:00,8.067161396368226,8.067161396368226,7.716415248700042,7.833330631256103,298400,WHR,7.716415882110596,0,0.9865027940489104,1.0,0.984811172504926,2.0,0.9781020573446725,25.0,1.1039951445862517,118.0,1.7590609727354316,421.0
1983-08-05 00:00:00-04:00,7.794359476879389,7.794359476879389,7.696929983418397,7.716415882110596,165000,WHR,7.521555423736572,0,0.9924812440482547,0.0,0.9758500039540551,2.0,0.96452052774683,25.0,1.08575249559048,118.0,1.7311399568389036,421.0
1983-08-08 00:00:00-04:00,7.716414372538038,7.716414372538038,7.521555423736572,7.521555423736572,150600,WHR,7.248754501342773,0,0.9872121784151641,0.0,0.9625933429968712,1.0,0.9411188726216659,25.0,1.0567812457222516,117.0,1.6858689262032232,421.0
1983-08-09 00:00:00-04:00,7.170810904554141,7.365669896525721,7.170810904554141,7.248754501342773,524400,WHR,7.268239974975586,1,0.981530453742843,0.0,0.9446419300305513,1.0,0.9083879270084373,25.0,1.0171604889460428,116.0,1.6233058118366726,421.0
1983-08-10 00:00:00-04:00,7.092866892469472,7.268239974975585,7.014923300244533,7.268239974975586,705600,WHR,7.1318359375,0,1.0013422526036364,1.0,0.9668222117643406,1.0,0.9119803742324897,26.0,1.0186135404259589,116.0,1.6262359594159808,422.0
1983-08-11 00:00:00-04:00,7.28772306181694,7.365666623975409,7.131835937499999,7.1318359375,94600,WHR,7.1318359375,0,0.9905275473334546,1.0,0.9667192064658985,1.0,0.8964724997298048,25.0,0.9984282675166954,115.0,1.5943745734580195,421.0
1983-08-12 00:00:00-04:00,7.170807718579234,7.248751280737705,7.131835937499999,7.1318359375,55000,WHR,7.268239974975586,1,1.0,0.0,0.982286426116299,1.0,0.898306072648606,24.0,0.9973726058641332,114.0,1.593042164620991,420.0
1983-08-15 00:00:00-04:00,7.28772587303182,7.3266976691442895,7.229268178863116,7.268239974975586,222000,WHR,7.15132474899292,0,1.0094724526665455,1.0,1.0081082501071825,2.0,0.9168373156551156,25.0,1.0153195730113496,114.0,1.6221058034073124,421.0
1983-08-16 00:00:00-04:00,7.229268342987393,7.229268342987393,7.0928670534970655,7.15132474899292,116800,WHR,7.248754501342773,1,0.9918919032425211,1.0,0.9945801161023603,2.0,0.9037182744805914,24.0,0.9980202506620242,113.0,1.5946814719567466,420.0
1983-08-17 00:00:00-04:00,7.112353206962667,7.2877262997370895,7.112353206962667,7.248754501342773,188400,WHR,7.248754501342773,0,1.006765917788097,1.0,1.0086769866309993,2.0,0.9171597727442895,25.0,1.0107157703275997,113.0,1.6150389966934695,420.0
1983-08-18 00:00:00-04:00,7.2877262997370895,7.404641694920037,7.248754501342773,7.248754501342773,189800,WHR,7.209779739379883,0,1.0,1.0,1.0054055127984518,2.0,0.9182162419683848,25.0,1.0097500700611943,113.0,1.6136658728487558,420.0
1983-08-19 00:00:00-04:00,7.24875152175491,7.24875152175491,7.209779739379883,7.209779739379883,48800,WHR,7.209779739379883,0,0.9973043766875679,0.0,0.9978421932259389,2.0,0.914596114160389,24.0,1.0034275267483903,112.0,1.6036400714290244,420.0
1983-08-22 00:00:00-04:00,7.24875152175491,7.24875152175491,7.170807957004857,7.209779739379883,36600,WHR,7.0928635597229,0,1.0,0.0,0.9994595120050326,1.0,0.9155013258049138,24.0,1.002535748005783,112.0,1.6022789429491475,420.0
1983-08-23 00:00:00-04:00,7.209778893124926,7.209778893124926,7.0928635597229,7.0928635597229,71600,WHR,7.144034385681152,1,0.9918255543949477,0.0,0.9848482290405343,1.0,0.9014731216561575,24.0,0.9854238785502422,112.0,1.5749863304582634,420.0
1983-08-24 00:00:00-04:00,7.084992779187919,7.163714921178896,7.084992779187919,7.144034385681152,237800,WHR,7.0259528160095215,0,1.0035942398515802,1.0,0.9948464307219593,1.0,0.9088160245454856,24.0,0.991688780637435,112.0,1.5850278540372327,420.0
1983-08-25 00:00:00-04:00,7.124355516513856,7.124355516513856,6.96691119570692,7.0259528160095215,336400,WHR,7.0259528160095215,0,0.9916667836046075,1.0,0.9845120843461541,1.0,0.8947346568465513,24.0,0.9746166100585375,111.0,1.5575731073481456,420.0
1983-08-26 00:00:00-04:00,6.96691119570692,7.045633356110388,6.888189035303452,7.0259528160095215,116600,WHR,7.045631408691406,1,1.0,0.0,0.989610311108365,1.0,0.8953432034931093,24.0,0.973936711386977,111.0,1.5562986739124154,420.0
1983-08-29 00:00:00-04:00,6.986589804707959,7.045631408691406,6.96690927004681,7.045631408691406,72000,WHR,7.163717746734619,1,1.0013984631984323,1.0,0.9969922274772688,2.0,0.8987593968774753,24.0,0.9760152126030329,111.0,1.5593883683279663,420.0
1983-08-30 00:00:00-04:00,7.04563448717306,7.163717746734619,7.04563448717306,7.163717746734619,37000,WHR,7.301477909088135,1,1.008310467759751,2.0,1.0116733846891042,3.0,0.9149737560711985,24.0,0.9916385535485533,112.0,1.5841942614958888,421.0
1983-08-31 00:00:00-04:00,7.1046725746113655,7.301477909088135,7.084992041163689,7.301477909088135,125200,WHR,7.399880886077881,1,1.0095235602498098,2.0,1.0265631119230487,3.0,0.933625960306869,24.0,1.0098286999650663,113.0,1.6132634699299095,421.0
1983-09-01 00:00:00-04:00,7.321158748991946,7.399880886077882,7.281797680448979,7.399880886077881,53400,WHR,7.616366863250732,1,1.0066934613569258,2.0,1.029572688199665,4.0,0.9470047026845895,25.0,1.0224820441026685,114.0,1.6335585240760484,422.0
1983-09-02 00:00:00-04:00,7.360519914356004,7.754130604963278,7.360519914356004,7.616366863250732,90000,WHR,7.773813724517822,1,1.014416782460354,2.0,1.042564577380877,5.0,0.9749987405580796,26.0,1.0512870372559104,115.0,1.6797818048537985,423.0
1983-09-06 00:00:00-04:00,7.754133183443093,7.872216429891465,7.714772101293635,7.773813724517822,104200,WHR,7.557329177856445,0,1.0102303452756247,2.0,1.0433176849995411,5.0,0.995363239668423,26.0,1.0718092848160379,115.0,1.7128506913016401,424.0
1983-09-07 00:00:00-04:00,7.793495714664459,7.793495714664459,7.498287543654442,7.557329177856445,220200,WHR,7.517965316772461,0,0.9858794254257554,1.0,1.0036595343700367,4.0,0.968456479154754,25.0,1.0408896212719345,115.0,1.6636240017160833,424.0
1983-09-08 00:00:00-04:00,7.557326391729385,7.557326391729385,7.439243166858611,7.517965316772461,423600,WHR,7.49828577041626,0,0.997388849610997,0.0,0.9927234439617463,3.0,0.9646640600626092,24.0,1.0344704980060733,114.0,1.653484723270773,423.0
1983-09-09 00:00:00-04:00,7.49828577041626,7.557327390655757,7.478605230336427,7.49828577041626,39400,WHR,7.59669017791748,1,0.998689450100299,0.0,0.9875583453766958,2.0,0.964276411443064,23.0,1.0307366590777844,114.0,1.6476890321568198,423.0
1983-09-12 00:00:00-04:00,7.872217800950756,7.872217800950756,7.557329088912726,7.59669017791748,136800,WHR,7.478606700897217,0,1.0065190171775054,1.0,1.0010374930103245,2.0,0.9790223874107985,23.0,1.043169897620135,115.0,1.6677996964821302,423.0
1983-09-13 00:00:00-04:00,7.439245612997758,7.557328876696135,7.399884525098299,7.478606700897217,176400,WHR,7.419565677642822,0,0.9921670877880882,1.0,0.9932044815467889,1.0,0.9656718427542448,23.0,1.0259029187264916,115.0,1.6404310793367958,423.0
1983-09-14 00:00:00-04:00,7.47860731433494,7.498287859898979,7.419565677642822,7.419565677642822,107400,WHR,7.360525131225586,0,0.9960370291231534,0.0,0.9889823250954819,1.0,0.9599899652391156,23.0,1.0168061036856997,114.0,1.62605728961608,423.0
1983-09-15 00:00:00-04:00,7.45892787362165,7.478608422100863,7.360525131225586,7.360525131225586,74400,WHR,7.380202770233154,1,0.9960054002928175,0.0,0.9852478283671469,1.0,0.9542862791699295,23.0,1.0078780631902697,113.0,1.6117295569721588,423.0
1983-09-16 00:00:00-04:00,7.3211611480712895,7.458924933115642,7.301480607350668,7.380202770233154,60200,WHR,7.517965316772461,1,1.001334916371777,1.0,0.9910146018194977,2.0,0.9585832773088027,24.0,1.0096808435224338,114.0,1.6146277984140824,424.0
1983-09-19 00:00:00-04:00,7.419562629380151,7.51796531677246,7.419562629380151,7.517965316772461,129600,WHR,7.714771270751953,1,1.0092469453784365,2.0,1.0116522473071219,2.0,0.9778041551425897,25.0,1.0275658221957347,114.0,1.643283379102491,425.0
1983-09-20 00:00:00-04:00,7.557326959103954,7.714771270751953,7.517965881191954,7.714771270751953,305800,WHR,7.5376482009887695,0,1.012919934172608,2.0,1.0315787776992649,3.0,1.0042531537351995,26.0,1.0533443027693725,115.0,1.68471618960593,425.0
1983-09-21 00:00:00-04:00,7.714773093440202,7.714773093440202,7.5376482009887695,7.5376482009887695,129400,WHR,7.5376482009887695,0,0.9883872148880148,1.0,1.0047220224160207,3.0,0.9823666224313786,26.0,1.028188680559613,114.0,1.6445615102758897,424.0
1983-09-22 00:00:00-04:00,7.45892602656591,7.5966898318059135,7.45892602656591,7.5376482009887695,191000,WHR,7.360525131225586,0,1.0,0.0,1.0000001391736342,3.0,0.9832061682835761,26.0,1.0272185745892564,114.0,1.643046919138101,424.0
1983-09-23 00:00:00-04:00,7.557330616017714,7.557330616017714,7.2818029373087345,7.360525131225586,310000,WHR,7.321160316467285,0,0.9881110881305032,0.0,0.9770117968990397,2.0,0.9611309831300938,26.0,1.0022104057749774,114.0,1.603009808676237,424.0
1983-09-26 00:00:00-04:00,7.360521393437539,7.754132163140081,7.242438162526776,7.321160316467285,252600,WHR,7.222758293151855,0,0.9973187809466054,0.0,0.9768905517896895,1.0,0.957626713229096,25.0,0.9960078531813731,114.0,1.5930257577509253,424.0
1983-09-27 00:00:00-04:00,7.281799914076802,7.281799914076802,7.183397212535224,7.222758293151855,131200,WHR,7.360525131225586,1,0.9932341464527759,0.0,0.976583159488992,0.0,0.9465783809436643,25.0,0.981832968576269,114.0,1.5702250283999364,424.0
1983-09-28 00:00:00-04:00,7.24244184035031,7.360525131225586,7.24244184035031,7.360525131225586,124200,WHR,7.399880886077881,1,1.0094469012268827,1.0,1.0000002332189808,1.0,0.9659599010127448,26.0,0.9997052699229371,114.0,1.598700880187868,425.0
1983-09-29 00:00:00-04:00,7.399880886077882,7.439241954620849,7.380200351806398,7.399880886077881,113200,WHR,7.301477909088135,0,1.0026663057104364,2.0,1.0091246704799837,2.0,0.9727933351013175,26.0,1.0042026957720527,114.0,1.6057554455455654,426.0
1983-09-30 00:00:00-04:00,7.360519509431166,7.380200042878842,7.301477909088135,7.301477909088135,209200,WHR,7.301477909088135,0,0.9933065386430742,1.0,0.9973115467015576,2.0,0.9616347043075976,26.0,0.9901293449775509,113.0,1.5829651375710412,426.0
1983-10-03 00:00:00-04:00,7.301477909088135,7.360519509431166,7.2817973756404575,7.301477909088135,229000,WHR,7.360525131225586,1,1.0,0.0,0.9978480750920263,2.0,0.9630061088146517,26.0,0.98949444575006,112.0,1.581530631504121,426.0
1983-10-04 00:00:00-04:00,7.340844582746373,7.380205679704799,7.32116403426716,7.360525131225586,112800,WHR,7.321160316467285,0,1.0040272275196709,1.0,1.0021440728617315,3.0,0.9720540551737752,27.0,0.9968675026077181,112.0,1.5928297979329267,427.0
1983-10-05 00:00:00-04:00,7.321160316467285,7.360521393437539,7.203077085556522,7.321160316467285,152600,WHR,7.478606700897217,1,0.9973187809466054,1.0,0.9978541203485073,2.0,0.9678634875013425,27.0,0.9909533270112206,111.0,1.582844691977413,427.0
1983-10-06 00:00:00-04:00,7.3408428932491105,7.478606700897217,7.3408428932491105,7.478606700897217,252600,WHR,7.439248085021973,0,1.0106384366892533,1.0,1.0171308459548798,2.0,0.9894088624952272,27.0,1.0115622590263726,112.0,1.615341412617523,427.0
1983-10-07 00:00:00-04:00,7.4786091860009245,7.517970286979877,7.39988698404302,7.439248085021973,96000,WHR,7.478606700897217,1,0.9973616437188815,1.0,1.008000383113225,2.0,0.9853543565692665,26.0,1.0054141709648663,112.0,1.6053146857159535,427.0
1983-10-10 00:00:00-04:00,7.399884525098299,7.478606700897217,7.36052343719884,7.478606700897217,23600,WHR,7.714771270751953,1,1.0026383562811185,1.0,1.00849251098047,3.0,0.9916853884692859,26.0,1.009757067647925,113.0,1.6122500261062531,428.0
1983-10-11 00:00:00-04:00,7.596688037015954,7.852535043443952,7.557326959103954,7.714771270751953,348000,WHR,7.675413608551025,0,1.0155439146117091,2.0,1.030493996936463,3.0,1.0236223928954418,27.0,1.0405278502902864,113.0,1.6614673353445355,429.0
1983-10-12 00:00:00-04:00,7.675413608551025,7.813177442550659,7.636052513122558,7.675413608551025,454200,WHR,7.557329177856445,0,0.9974426777514638,1.0,1.0156251409800985,3.0,1.0192393474160861,26.0,1.0342203682408269,112.0,1.6513218367956533,429.0
1983-10-13 00:00:00-04:00,7.714773535728455,7.754134625196457,7.557329177856445,7.557329177856445,423600,WHR,7.5376482009887695,0,0.9922479863048729,0.0,0.9979209774999781,2.0,1.0050828035888548,25.0,1.0175734794568196,111.0,1.624331108933352,428.0
1983-10-14 00:00:00-04:00,7.5966898318059135,7.636050919017343,7.517967657383055,7.5376482009887695,251200,WHR,7.793491363525391,1,0.9986961903702315,0.0,0.9927423445654514,2.0,1.0044251354416536,24.0,1.0142547409903737,110.0,1.618549822924243,427.0
1983-10-17 00:00:00-04:00,7.636047093555181,7.85253296476422,7.557324958570076,7.793491363525391,204400,WHR,7.695088863372803,0,1.016687811200206,1.0,1.017994446794319,2.0,1.0395991407595475,25.0,1.0478678443210532,110.0,1.6717802304825662,428.0
1983-10-18 00:00:00-04:00,7.872213670969619,7.872213670969619,7.695088863372803,7.695088863372803,158400,WHR,7.577009677886963,0,0.9936467708007415,1.0,1.0056581004585063,1.0,1.0281250918441664,24.0,1.0340205627537051,109.0,1.649018320239746,428.0
1983-10-19 00:00:00-04:00,7.695092945594292,7.754134579447956,7.577009677886962,7.577009677886963,171400,WHR,7.59669017791748,1,0.9922683064696818,0.0,0.9927800105237496,1.0,1.0145125833293014,23.0,1.0174946988144946,109.0,1.6221170468057327,428.0
1983-10-20 00:00:00-04:00,7.557329088912726,7.675412355926988,7.557329088912726,7.59669017791748,129800,WHR,7.399880886077881,0,1.0012970139265662,1.0,0.9943330418712742,2.0,1.0186601051368958,24.0,1.0193708665372772,110.0,1.6246911276168419,429.0
1983-10-21 00:00:00-04:00,7.537644625978268,7.6557278316071695,7.380200351806398,7.399880886077881,62200,WHR,7.577009677886963,1,0.9868763805406083,1.0,0.9720783972496251,2.0,0.9938814573889784,24.0,0.9923312099544839,109.0,1.581059660582128,429.0
1983-10-24 00:00:00-04:00,7.38020423170808,7.577009677886962,7.38020423170808,7.577009677886963,78200,WHR,7.636054039001465,1,1.0118268068430214,1.0,1.0010402536574436,2.0,1.0185226725093126,25.0,1.0152900795045943,110.0,1.6172698768760545,430.0
1983-10-25 00:00:00-04:00,7.5770123840607315,7.636054039001465,7.557331832413821,7.636054039001465,148600,WHR,7.636054039001465,0,1.0038811617576382,2.0,1.0104170598335627,3.0,1.0272723940599866,25.0,1.0223702543379645,111.0,1.6282210283902838,430.0
1983-10-26 00:00:00-04:00,7.695095693942197,7.793498452176752,7.616373487354553,7.636054039001465,31600,WHR,7.419565677642822,0,1.0,1.0,1.0088406734176356,3.0,1.027996579748275,25.0,1.0215187605343565,111.0,1.6265593358059662,430.0
1983-10-27 00:00:00-04:00,7.596690587719176,7.616371133283216,7.399885132078783,7.419565677642822,736800,WHR,7.399880886077881,0,0.9856207605244366,0.0,0.9848484819714949,2.0,1.0002617283757236,24.0,0.9920224157372072,110.0,1.578899950155102,430.0
1983-10-28 00:00:00-04:00,7.439241954620849,7.458922488892333,7.399880886077882,7.399880886077881,171000,WHR,7.321160316467285,0,0.9986716918556776,0.0,0.982235588180545,2.0,0.9985804779455284,24.0,0.9890425641761906,109.0,1.5731991260033353,429.0
1983-10-31 00:00:00-05:00,7.360521393437539,7.3998824704077935,7.281799239497031,7.321160316467285,92000,WHR,7.262121677398682,0,0.9946525134650812,0.0,0.9784321085289793,1.0,0.9888365348228416,24.0,0.9782080307465214,109.0,1.5549770860400407,429.0
1983-11-01 00:00:00-05:00,7.3605244101547616,7.3605244101547616,7.124357851540171,7.262121677398682,205400,WHR,7.281797409057617,1,0.9959516219261593,0.0,0.9803402229083575,0.0,0.9814356162270573,24.0,0.9699894685011413,109.0,1.5409854705600436,429.0
1983-11-02 00:00:00-05:00,7.301477942595611,7.321158476133604,7.24243634198163,7.281797409057617,791600,WHR,7.183396339416504,0,1.0013528493621267,1.0,0.9924889605604625,1.0,0.98402144575317,25.0,0.9723371646923504,109.0,1.54370081704161,430.0
1983-11-03 00:00:00-05:00,7.301479566913761,7.301479566913761,7.183396339416504,7.183396339416504,34200,WHR,7.124352931976318,0,0.9931973901385529,1.0,0.9854211552868436,1.0,0.9709096040202727,24.0,0.9589317503226958,109.0,1.5214410212510838,429.0
1983-11-04 00:00:00-05:00,7.1833945308601,7.203075063821361,7.124352931976318,7.124352931976318,211800,WHR,7.124352931976318,0,0.9958733266623396,0.0,0.9847658025476431,1.0,0.9629455147768028,24.0,0.9507964658648429,109.0,1.5075692190283958,429.0
1983-11-07 00:00:00-05:00,7.1440334649375785,7.1440334649375785,7.084991866053797,7.124352931976318,151600,WHR,7.242437839508057,1,1.0,0.0,0.9901529791999529,1.0,0.962961747453535,24.0,0.950582727898414,108.0,1.5062052639221082,429.0
1983-11-08 00:00:00-05:00,7.124354613863903,7.262118377115415,7.124354613863903,7.242437839508057,349200,WHR,7.183396339416504,0,1.0082192961121224,1.0,1.0071156231067049,2.0,0.978979574348947,24.0,0.9660604175706434,109.0,1.5297796228282765,429.0
1983-11-09 00:00:00-05:00,7.242437953165132,7.281799028997551,7.163715801500294,7.183396339416504,157600,WHR,7.203075408935547,1,0.9959072384058172,1.0,1.0016466456451736,1.0,0.9709286249755852,24.0,0.957909607479096,109.0,1.5159381486203642,429.0
1983-11-10 00:00:00-05:00,7.084992205510374,7.281797544552329,7.065311671606178,7.203075408935547,771400,WHR,7.281797409057617,1,1.001367887127801,1.0,1.0038397644640018,2.0,0.9736886994133914,24.0,0.9601779807453042,110.0,1.5187192889505026,429.0
1983-11-11 00:00:00-05:00,7.163714207829655,7.281797409057617,7.124353140753668,7.281797409057617,425400,WHR,7.439248085021973,1,1.0054347733053122,2.0,1.0103767585549155,3.0,0.9842568157228324,25.0,0.9703118440669115,110.0,1.5339201444734776,429.0
1983-11-14 00:00:00-05:00,7.321164782085115,7.596692488937781,7.321164782085115,7.439248085021973,498800,WHR,7.458925724029541,1,1.0106956177825601,2.0,1.0232816062980679,4.0,1.005019374081355,26.0,0.990944789721683,110.0,1.5656107003327373,430.0
1983-11-15 00:00:00-05:00,7.478606266837007,7.478606266837007,7.439245181222075,7.458925724029541,113800,WHR,7.517965316772461,1,1.0013208087957475,2.0,1.0199140412523695,4.0,1.007112791175371,27.0,0.9932484745508985,110.0,1.5682548230389846,431.0
1983-11-16 00:00:00-05:00,7.458923704337074,7.51796531677246,7.439243166858611,7.517965316772461,82200,WHR,7.517965316772461,0,1.003942045954803,2.0,1.0186665515052515,5.0,1.01411425441112,28.0,1.000727934688038,111.0,1.5791165188352447,432.0
1983-11-17 00:00:00-05:00,7.51796531677246,7.557326391729385,7.498284779293998,7.517965316772461,111200,WHR,7.478606700897217,0,1.0,1.0,1.0100474451404873,4.0,1.0132624328057371,27.0,1.0002732136388819,111.0,1.5775680588344718,432.0
1983-11-18 00:00:00-05:00,7.557328876696135,7.577009420645865,7.478606700897217,7.478606700897217,277800,WHR,7.517965316772461,1,0.9973754924906258,0.0,0.9994740386781354,3.0,1.006933872397233,27.0,0.9946157120184689,110.0,1.5677718480998275,432.0
1983-11-21 00:00:00-05:00,7.478604241815536,7.51796531677246,7.419562629380151,7.517965316772461,125800,WHR,7.636054039001465,1,1.002624507509374,1.0,1.0026245521411805,3.0,1.0111168258296679,28.0,0.9994480586138088,110.0,1.5744675088155107,433.0
1983-11-22 00:00:00-05:00,7.596692935707643,7.754137348882931,7.596692935707643,7.636054039001465,432000,WHR,7.616366863250732,0,1.0077925677311486,2.0,1.0135846326420086,3.0,1.0256415796175582,28.0,1.0146435770418691,111.0,1.597556427328794,434.0
1983-11-23 00:00:00-05:00,7.675408466841823,7.675408466841823,7.596686328720368,7.616366863250732,108800,WHR,7.793491363525391,1,0.9987092425604498,1.0,1.0083373428589595,2.0,1.0219617323016006,27.0,1.0115052455052702,111.0,1.5918161652229041,433.0
1983-11-25 00:00:00-05:00,7.577005492316352,7.793491363525391,7.577005492316352,7.793491363525391,55400,WHR,7.950936794281006,1,1.0114942329558156,1.0,1.0243141990225426,3.0,1.044578888710971,27.0,1.0344722297795115,111.0,1.627145588365878,433.0
1983-11-28 00:00:00-05:00,7.793492501324946,8.029658940759036,7.754131428085931,7.950936794281006,324400,WHR,8.009978294372559,1,1.0100000729894754,2.0,1.0321920179192094,4.0,1.0643714203259729,27.0,1.0548029585447167,111.0,1.6582294761280856,434.0
1983-11-29 00:00:00-05:00,8.009978294372559,8.029658830722367,7.970617221672938,8.009978294372559,215400,WHR,7.950936794281006,0,1.0036991300162685,2.0,1.026740552569271,4.0,1.0713343125086874,27.0,1.062173625078242,111.0,1.668731903206932,434.0
1983-11-30 00:00:00-05:00,8.029658940759036,8.049339477378544,7.911575721041991,7.950936794281006,345200,WHR,7.97081995010376,1,0.9963008699837314,1.0,1.011011063875053,3.0,1.0630177954884523,26.0,1.0539735801726213,110.0,1.6546514199912352,434.0
1983-12-01 00:00:00-05:00,7.911187880651611,7.990697306587808,7.911187880651611,7.97081995010376,105200,WHR,7.811790466308594,0,1.0012488041452943,1.0,1.0044847217981625,4.0,1.0646951329315468,27.0,1.056172171927627,111.0,1.657001518854841,435.0
1983-12-02 00:00:00-05:00,7.970809101755079,7.970809101755079,7.791913136877783,7.811790466308594,78400,WHR,7.791918754577637,0,0.9899237528140598,1.0,0.9839899590272467,3.0,1.042770810866136,27.0,1.0346843646881716,111.0,1.622273453897799,434.0
1983-12-05 00:00:00-05:00,7.831673442100992,7.831673442100992,7.732286723292603,7.791918754577637,33000,WHR,7.7521653175354,0,0.998726475131672,0.0,0.9854345765543052,2.0,1.039439166811246,27.0,1.0316276483077989,111.0,1.616512159020317,433.0
1983-12-06 00:00:00-05:00,7.79192001147148,7.831674705407559,7.752165317535401,7.7521653175354,87200,WHR,7.692530632019043,0,0.9974425358961126,0.0,0.9868422642035539,1.0,1.033778724075383,26.0,1.0259955863002514,110.0,1.6066227849157033,433.0
1983-12-07 00:00:00-05:00,7.772039992556707,7.851549353094372,7.672653291884627,7.692530632019043,131200,WHR,7.71241283416748,1,0.9961388242467747,0.0,0.985735955577545,1.0,1.025338721288165,26.0,1.0177693614359857,110.0,1.592657097836012,433.0
1983-12-08 00:00:00-05:00,7.672658128836719,7.791922244829,7.65278077617134,7.71241283416748,759600,WHR,7.791918754577637,1,1.001290637787284,1.0,0.9948723003279464,1.0,1.0273204889765704,27.0,1.0200654398314692,110.0,1.5951659553877227,433.0
1983-12-09 00:00:00-05:00,7.752164067054281,7.791918754577636,7.732286723292603,7.791918754577637,180600,WHR,7.911180973052978,1,1.0051279811680416,2.0,1.0056438342615082,2.0,1.0369178808716528,28.0,1.030072732537297,111.0,1.6099888761720367,433.0
1983-12-12 00:00:00-05:00,7.831671616539883,7.911180973052978,7.752162260026788,7.911180973052978,390600,WHR,7.831674575805664,0,1.0075948201656957,2.0,1.0179025378546054,3.0,1.0515504430380516,28.0,1.0453757852108123,111.0,1.6329743802862429,433.0
1983-12-13 00:00:00-05:00,7.911183962362066,7.911183962362066,7.811797229166562,7.831674575805664,26600,WHR,7.791918754577637,0,0.9949496838740238,1.0,1.005615220703425,3.0,1.0402595430103725,27.0,1.0344872259868234,110.0,1.6149268788418674,433.0
1983-12-14 00:00:00-05:00,7.871428129624347,7.93106016090938,7.791918754577636,7.791918754577637,261000,WHR,7.61302375793457,0,0.997455398358922,0.0,0.997963269970557,3.0,1.034802156005903,26.0,1.0289405806089342,109.0,1.6051432551521392,432.0
1983-12-15 00:00:00-05:00,7.672655797813953,7.692533144440414,7.513637024802265,7.61302375793457,80800,WHR,7.454006195068359,0,0.9883871688259944,0.0,0.9775396921757421,2.0,1.01087543759926,26.0,1.0051650655566033,108.0,1.5668020570119556,432.0
1983-12-16 00:00:00-05:00,7.573270294189453,7.593147644042969,7.454006195068359,7.454006195068359,129400,WHR,7.632901191711426,1,0.9894459914553686,0.0,0.9654997141519556,1.0,0.9899439483134259,26.0,0.9841034409551919,108.0,1.532682977139721,431.0
1983-12-19 00:00:00-05:00,7.454005070030689,7.632901191711426,7.434127723177275,7.632901191711426,217800,WHR,7.553391456604004,0,1.0118576320551835,1.0,0.9958506291183147,1.0,1.013091666593638,27.0,1.0074966485562986,109.0,1.5679674537989816,432.0
1983-12-20 00:00:00-05:00,7.632900840357731,7.632900840357731,7.533514110665573,7.553391456604004,151600,WHR,7.632901191711426,1,0.9947643748906524,1.0,0.9926854433574818,1.0,1.002023820402446,27.0,0.9968312601458301,108.0,1.550184659008155,431.0
1983-12-21 00:00:00-05:00,7.632901191711426,7.672655885418257,7.593146498004596,7.632901191711426,490600,WHR,7.732285022735596,1,1.0052356251093477,1.0,1.007345207245979,2.0,1.0116541003078583,28.0,1.0071096815126477,109.0,1.5650146961663578,432.0
1983-12-22 00:00:00-05:00,7.791917040905793,7.851549059075991,7.71240768334553,7.732285022735596,46400,WHR,7.7521653175354,1,1.0064681175767805,2.0,1.017259089177498,3.0,1.0239853889538422,28.0,1.0199099859446723,110.0,1.583855372949911,433.0
1983-12-23 00:00:00-05:00,7.772042664503441,7.772042664503441,7.712410623599322,7.7521653175354,226400,WHR,7.71241283416748,0,1.001283887665557,2.0,1.0119357418115926,4.0,1.025820507191676,28.0,1.0221556746336273,111.0,1.5864026188372071,433.0
1983-12-27 00:00:00-05:00,7.71241283416748,7.75216753949824,7.71241283416748,7.71241283416748,123800,WHR,7.732285022735596,1,0.9974294492240291,1.0,1.0046611161653736,3.0,1.019636089421315,28.0,1.0164357685556982,111.0,1.5767662517322119,433.0
1983-12-28 00:00:00-05:00,7.71240768334553,7.752162362125662,7.71240768334553,7.732285022735596,170400,WHR,7.692530632019043,0,1.0012866673568,1.0,1.002577034321758,4.0,1.0212938583021107,29.0,1.0185440312068696,112.0,1.5793139019322684,434.0
1983-12-29 00:00:00-05:00,7.7521626524222915,7.7521626524222915,7.632898611615794,7.692530632019043,79600,WHR,7.71241283416748,1,0.9974226991358371,1.0,0.9958824765282421,3.0,1.015300980693842,28.0,1.0128313349433427,111.0,1.5697023802454935,434.0
1983-12-30 00:00:00-05:00,7.71241283416748,7.71241283416748,7.65278077617134,7.71241283416748,91200,WHR,7.71241283416748,0,1.001290637787284,1.0,0.9989704505243084,3.0,1.0170498053770027,29.0,1.0147847491039597,112.0,1.572235362267643,435.0
1984-01-03 00:00:00-05:00,7.71241283416748,7.75216753949824,7.63290342350596,7.71241283416748,29600,WHR,7.831674575805664,1,1.0,1.0,1.000000259674453,2.0,1.016527438408019,28.0,1.0142771841409985,111.0,1.5707079891687008,435.0
1984-01-04 00:00:00-05:00,7.712410495971059,7.831674575805663,7.632901109414657,7.831674575805664,97600,WHR,7.911180973052978,1,1.00767248269343,1.0,1.0123330080439865,3.0,1.0313575331100255,29.0,1.029424308302301,111.0,1.5934038418432401,436.0
1984-01-05 00:00:00-05:00,7.871426294796431,7.911180973052978,7.831671616539883,7.911180973052978,368600,WHR,7.911180973052978,0,1.005050316125976,2.0,1.0179024504228569,3.0,1.0408395674940187,29.0,1.0392680671497065,112.0,1.6079352784772654,437.0
1984-01-06 00:00:00-05:00,7.871426294796431,7.911180973052978,7.81179427741161,7.911180973052978,323000,WHR,7.911180973052978,0,1.0,1.0,1.0122071792340301,3.0,1.040391492246572,28.0,1.0386406620071102,112.0,1.6062685720715286,437.0
1984-01-09 00:00:00-05:00,7.911180973052978,7.950935651309527,7.891303633924705,7.911180973052978,354200,WHR,7.851548194885254,0,1.0,0.0,1.0070848096944998,2.0,1.0398541384325697,28.0,1.0379927830641866,112.0,1.6046053173392727,437.0
1984-01-10 00:00:00-05:00,7.891302869289737,7.95093488089646,7.851548194885254,7.851548194885254,255400,WHR,7.831674575805664,0,0.9962168494089831,0.0,0.9959655564671422,2.0,1.0313511937127369,28.0,1.029474449784983,112.0,1.5908569430960058,437.0
1984-01-11 00:00:00-05:00,7.851551922444764,7.871429269083864,7.791919882527462,7.831674575805664,56200,WHR,7.732285022735596,0,0.9987328102539785,0.0,0.9934445963208982,1.0,1.028078887778056,28.0,1.0262402880425856,111.0,1.585197239054599,436.0
1984-01-12 00:00:00-05:00,7.791917040905793,7.851549059075991,7.71240768334553,7.732285022735596,51400,WHR,7.61302375793457,0,0.9936141216224061,0.0,0.9853089724370607,0.0,1.0151677735717024,27.0,1.0126909851362413,110.0,1.5635024401060558,436.0
1984-01-13 00:00:00-05:00,7.8316745708256414,7.8316745708256414,7.493759678175804,7.61302375793457,56200,WHR,7.61302375793457,0,0.9922281612898364,0.0,0.9775397999101081,0.0,0.9996895383697623,27.0,0.9965963973519768,110.0,1.5378803313031058,435.0
1984-01-16 00:00:00-05:00,7.632901104561031,7.632901104561031,7.593146411308109,7.61302375793457,79600,WHR,7.573266506195068,0,1.0,0.0,0.9850824710597471,0.0,0.9996107503916702,27.0,0.9961218113816549,110.0,1.5363763284615066,435.0
1984-01-17 00:00:00-05:00,7.593143846106341,7.632898525928887,7.573266506195068,7.573266506195068,28200,WHR,7.354616165161133,0,0.9973820300384084,0.0,0.9870464367940902,0.0,0.9944414899117882,26.0,0.990448542952102,110.0,1.5268779713836496,434.0
1984-01-18 00:00:00-05:00,7.573266916017275,7.573266916017275,7.2552294602265235,7.354616165161133,194600,WHR,7.473881721496582,1,0.985352889900891,0.0,0.9706190133275014,0.0,0.965826309149227,26.0,0.9614664937478161,110.0,1.481430562663672,434.0
1984-01-19 00:00:00-05:00,7.394372341480661,7.5335137565085235,7.394372341480661,7.473881721496582,213000,WHR,7.434130668640137,0,1.0080429964819808,1.0,0.9931326514051402,1.0,0.9817101443804154,26.0,0.9765052751039164,111.0,1.5040398898079868,434.0
1984-01-20 00:00:00-05:00,7.513640087556075,7.553394797014043,7.434130668640138,7.434130668640137,186200,WHR,7.294986248016357,0,0.9973335779568613,1.0,0.9925694656882204,1.0,0.9769206084065641,25.0,0.9708319337063183,110.0,1.4946424855675153,434.0
1984-01-23 00:00:00-05:00,7.394372981640558,7.414250328365398,7.235354207841836,7.294986248016357,396800,WHR,7.235353946685791,0,0.9905531050224452,0.0,0.9823341098758273,1.0,0.9593522447914156,25.0,0.9522889513464016,109.0,1.4653447955079253,433.0
1984-01-24 00:00:00-05:00,7.334740676722683,7.354618022730062,7.235353946685791,7.235353946685791,342800,WHR,7.235353946685791,0,0.9958960147848218,0.0,0.9832522615731832,1.0,0.9518944276775214,25.0,0.944338196187042,108.0,1.45207449215333,433.0
1984-01-25 00:00:00-05:00,7.235353946685791,7.334740676722683,7.235353946685791,7.235353946685791,152400,WHR,7.096211910247803,0,1.0,0.0,0.986449779826085,1.0,0.9522379541890773,25.0,0.9442199285534214,107.0,1.4507848314902305,433.0
1984-01-26 00:00:00-05:00,7.155843943107029,7.175721287393437,6.9968251888157615,7.096211910247803,1247400,WHR,7.135962963104248,1,0.9902912188502646,0.0,0.9775463868047721,0.0,0.9343866507077869,25.0,0.9259471350961874,107.0,1.421656464412843,433.0
1984-01-27 00:00:00-05:00,7.135962963104248,7.155840297263313,7.076330960627054,7.135962963104248,144000,WHR,6.976950645446777,0,1.0027930413454147,1.0,0.9911646381320929,1.0,0.9398810500518366,26.0,0.9309994746062515,108.0,1.4283811179134986,433.0
1984-01-30 00:00:00-05:00,7.1160921113103885,7.1160921113103885,6.976950645446777,6.976950645446777,165400,WHR,7.076338291168213,1,0.9887328497808472,1.0,0.9777162584883223,1.0,0.9195528198938093,25.0,0.9101607697508034,108.0,1.3953871742368211,433.0
1984-01-31 00:00:00-05:00,6.996828872166322,7.076338291168213,6.917319453164432,7.076338291168213,583200,WHR,7.036586284637451,0,1.0070721982711455,1.0,0.9960832461188,2.0,0.9328713614081401,26.0,0.9231153275220234,108.0,1.4140459429207821,434.0
1984-02-01 00:00:00-05:00,7.076341009409414,7.116095734181377,6.996831559865488,7.036586284637451,355400,WHR,6.857681751251221,0,0.9971832906555095,1.0,0.9960614213771672,2.0,0.92780978388928,26.0,0.9180126025415284,107.0,1.4048928365123623,434.0
1984-02-02 00:00:00-05:00,6.996823120117188,6.996823120117188,6.79804973602295,6.857681751251221,347000,WHR,6.8775634765625,1,0.9871238605067844,0.0,0.9773366189934434,2.0,0.9047505221456117,26.0,0.8948275386727323,107.0,1.3680615596587142,433.0
1984-02-03 00:00:00-05:00,6.798054072209176,6.996827583092485,6.798054072209176,6.8775634765625,285600,WHR,6.8378071784973145,0,1.001447496930817,1.0,0.9874428843141191,2.0,0.908102148001251,26.0,0.8974861593437227,108.0,1.3709089729578479,434.0
1984-02-06 00:00:00-05:00,6.8378071784973145,6.937193910742915,6.798052485599074,6.8378071784973145,343800,WHR,6.817928791046143,0,0.9971013325804273,1.0,0.9856731413422105,2.0,0.9035399494602712,26.0,0.8923806722502289,108.0,1.3618792465214562,434.0
1984-02-07 00:00:00-05:00,6.817928791046143,6.877560821288529,6.778174104217885,6.817928791046143,236200,WHR,6.817928791046143,0,0.9985443195814926,0.0,0.9901845076059862,1.0,0.9016780580791992,25.0,0.8898688644316038,108.0,1.356825374319496,434.0
1984-02-08 00:00:00-05:00,6.817928791046143,6.877560821288529,6.778174104217885,6.817928791046143,124800,WHR,6.7980499267578125,0,1.0,0.0,0.9965135973869661,1.0,0.902600923887915,24.0,0.8899603943653916,107.0,1.355716665016641,434.0
1984-02-09 00:00:00-05:00,6.758295248823557,6.817927265724941,6.6787858929550445,6.7980499267578125,254400,WHR,6.917314052581787,1,0.998540034124588,0.0,0.9953431364095737,1.0,0.9012442819000938,23.0,0.8874479906194391,107.0,1.350665498972916,434.0
1984-02-10 00:00:00-05:00,6.798050017192446,6.917314052581786,6.798050017192446,6.917314052581787,345000,WHR,6.718542098999023,0,1.008695658824923,1.0,1.0116277512883964,1.0,0.9181543770374271,23.0,0.9030081635114264,108.0,1.3732130987899167,435.0
1984-02-13 00:00:00-05:00,6.877560846904325,6.877560846904325,6.718542098999023,6.718542098999023,127400,WHR,6.738419532775879,1,0.9854228475738416,1.0,0.9859977553648297,1.0,0.8933507073829262,22.0,0.8771598925360617,107.0,1.332718093107612,434.0
1984-02-14 00:00:00-05:00,6.7185421890213775,6.75829687653038,6.678787501512375,6.738419532775879,226800,WHR,6.8378071784973145,1,1.0014771115739767,1.0,0.9912281698526417,2.0,0.8975443454507968,23.0,0.8796851377283598,108.0,1.3356449978588725,434.0
1984-02-15 00:00:00-05:00,6.718543099802593,6.917316564293794,6.718543099802593,6.8378071784973145,454200,WHR,6.7980499267578125,0,1.0073207119942176,2.0,1.0052602882788333,3.0,0.9120800693680785,24.0,0.8926153650756863,108.0,1.3543044948342517,434.0
1984-02-16 00:00:00-05:00,6.857681943659197,6.877559282626326,6.798049926757813,6.7980499267578125,294400,WHR,6.639033317565918,0,0.9970843599025264,1.0,0.9994153755309998,3.0,0.9082305285975932,23.0,0.8874265785670548,107.0,1.3453975049544336,434.0
1984-02-17 00:00:00-05:00,6.798052079663305,6.837806770187652,6.599278627041571,6.639033317565918,148000,WHR,6.420384883880615,0,0.9881658387984559,0.0,0.9840896531296972,2.0,0.888959193539913,22.0,0.8667502700343679,106.0,1.3129508841258486,434.0
1984-02-21 00:00:00-05:00,6.559526351952331,6.559526351952331,6.3607528261355935,6.420384883880615,189800,WHR,6.460136413574219,1,0.9832574138975744,0.0,0.9601668189391396,2.0,0.8619830531627873,22.0,0.8384737716785313,105.0,1.2687839759133968,434.0
1984-02-22 00:00:00-05:00,6.420381727952223,6.599277813251201,6.420381727952223,6.460136413574219,177600,WHR,6.559527397155762,1,1.003086173981286,1.0,0.9742205085668689,2.0,0.8699154125798816,22.0,0.8440472226858684,105.0,1.275679092289294,435.0
1984-02-23 00:00:00-05:00,6.499895329908892,6.559527397155762,6.440263262662021,6.559527397155762,189600,WHR,6.718542098999023,1,1.0076339132120777,2.0,0.9975820593687074,2.0,0.8860662764917001,22.0,0.8573768745612467,106.0,1.294296615670869,436.0
1984-02-24 00:00:00-05:00,6.519768664117395,6.718542098999023,6.519768664117395,6.718542098999023,32200,WHR,7.000158309936523,1,1.0119757395372355,2.0,1.0242421945298368,3.0,0.9101924693025406,22.0,0.8785837969015444,106.0,1.3245889735283471,437.0
1984-02-27 00:00:00-05:00,6.778888938070715,7.040389104821217,6.778888938070715,7.000158309936523,111000,WHR,6.799004077911377,0,1.020527907348576,2.0,1.0555522296810491,4.0,0.9503846015227239,23.0,0.9157351729357537,106.0,1.3788964246441353,438.0
1984-02-28 00:00:00-05:00,7.040388838073911,7.040388838073911,6.758773284550954,6.799004077911377,195400,WHR,6.597846984863281,0,0.9854227215847325,1.0,1.0136460347132559,4.0,0.9255287490239211,22.0,0.8898480815784034,105.0,1.3381330876861148,438.0
1984-02-29 00:00:00-05:00,6.758770082055069,6.899577792097882,6.597846984863281,6.597846984863281,182800,WHR,6.557619571685791,0,0.9849847481243527,0.0,0.9796334866142317,3.0,0.9006263002263648,22.0,0.8640620514599088,104.0,1.2974798956655798,438.0
1984-03-01 00:00:00-05:00,6.597850366604108,6.638081161522426,6.537504174226632,6.557619571685791,132600,WHR,6.617964744567871,1,0.9969421522980906,0.0,0.9737157755702185,2.0,0.8976558368421573,22.0,0.8592978974176688,104.0,1.2885197126587282,438.0
1984-03-02 00:00:00-05:00,6.557618561486705,6.63808013892826,6.557618561486705,6.617964744567871,454200,WHR,6.597846984863281,0,1.004580075648534,1.0,0.9856201170931821,2.0,0.9082665921106532,23.0,0.8677227329408824,104.0,1.299309317105496,438.0
1984-03-05 00:00:00-05:00,6.638077759161228,6.638077759161228,6.557616210565334,6.597846984863281,96000,WHR,6.537506103515625,0,0.9984777507340099,1.0,0.9945418782514712,1.0,0.9077786142539386,23.0,0.8656281762426306,103.0,1.2943019460910155,438.0
1984-03-06 00:00:00-05:00,6.597852313701924,6.597852313701924,6.517390700120193,6.537506103515625,83000,WHR,6.557619571685791,1,0.995406223118506,0.0,0.9932767534254974,1.0,0.9019064038796882,22.0,0.8582952143557889,102.0,1.2814239657151525,438.0
1984-03-07 00:00:00-05:00,6.537504174226632,6.557619571685791,6.457042584389996,6.557619571685791,127200,WHR,6.276004314422607,0,1.0015359507551924,1.0,0.9975520946067886,2.0,0.9072560627719453,22.0,0.8615394991780656,102.0,1.284294466090262,439.0
1984-03-08 00:00:00-05:00,6.557619892633879,6.557619892633879,6.235773517535283,6.276004314422607,376000,WHR,6.416811466217041,1,0.978056450791891,1.0,0.9629630740636089,2.0,0.8715804685784313,21.0,0.8252331869655771,102.0,1.228184240299792,439.0
1984-03-09 00:00:00-05:00,6.316234483987934,6.457042259108684,6.316234483987934,6.416811466217041,371600,WHR,6.638083934783936,1,1.0110934527238005,1.0,0.9906832248295704,2.0,0.8940629653166403,22.0,0.8443943602490493,103.0,1.2547380699499164,439.0
1984-03-12 00:00:00-05:00,6.517391499606046,6.638083934783936,6.477160687880082,6.638083934783936,370600,WHR,6.678314685821533,1,1.0169493865534862,2.0,1.023573480686772,3.0,0.9273779932918959,23.0,0.874034807957769,104.0,1.29691509433941,440.0
1984-03-13 00:00:00-05:00,6.7587763085422745,6.7788917142224605,6.617968468780977,6.678314685821533,307200,WHR,6.758777141571045,1,1.0030211434926066,2.0,1.0253245205494115,4.0,0.9350334668517523,24.0,0.8798220517762029,105.0,1.3036895913696083,440.0
1984-03-14 00:00:00-05:00,6.6984309170927325,6.758777141571045,6.617969284454982,6.758777141571045,181800,WHR,7.000158309936523,1,1.0059880855755918,2.0,1.0313078134098814,4.0,0.9478367429196036,25.0,0.8908903088932509,105.0,1.318299374068559,440.0
1984-03-15 00:00:00-05:00,6.799004335513061,7.000158309936524,6.799004335513061,7.000158309936523,187800,WHR,7.040389060974121,1,1.0175435933409391,2.0,1.0450447705604877,5.0,0.9831415088995737,25.0,0.9230748896196574,106.0,1.3641973448821976,440.0
1984-03-16 00:00:00-05:00,7.120850650242397,7.24154303414481,7.040389060974121,7.040389060974121,279800,WHR,6.839232921600342,0,1.0028653263989513,2.0,1.0318393418643375,5.0,0.9899805253362225,26.0,0.9287683642120829,106.0,1.3708490528672705,440.0
1984-03-19 00:00:00-05:00,7.040386831059175,7.040386831059175,6.8191175306544585,6.839232921600342,58000,WHR,6.899583339691162,1,0.985507088044161,1.0,0.9964825607800122,4.0,0.9634871688744248,25.0,0.9026775085698052,106.0,1.3305558227954963,440.0
1984-03-20 00:00:00-05:00,6.9196987430138766,6.9196987430138766,6.859352533045732,6.899583339691162,184800,WHR,6.839232921600342,0,1.004392694169792,1.0,0.9988353723038872,4.0,0.9738932169411011,25.0,0.9110732531810433,106.0,1.341127087828748,441.0
1984-03-21 00:00:00-05:00,6.8794637034921085,6.8794637034921085,6.799002139708575,6.839232921600342,265200,WHR,6.77888822555542,0,0.9956073058302078,1.0,0.9877975427125054,3.0,0.9674524146862419,24.0,0.9035599643878419,106.0,1.3282443018692944,441.0
1984-03-22 00:00:00-05:00,6.778888225555421,6.839234411539593,6.778888225555421,6.77888822555542,177600,WHR,6.71854305267334,0,0.9955687943004146,0.0,0.9853801038260533,2.0,0.9610313953556234,24.0,0.8959391986867511,106.0,1.315400336655871,441.0
1984-03-23 00:00:00-05:00,6.79900464611853,6.819120044479828,6.517389069060366,6.71854305267334,367000,WHR,6.617964744567871,0,0.9955291364972966,0.0,0.9858324756915833,1.0,0.9547632834397296,23.0,0.8883315816727505,106.0,1.302603282531583,440.0
1984-03-26 00:00:00-05:00,6.678310927649036,6.698426322009426,6.577733955847093,6.617964744567871,496600,WHR,6.537506103515625,0,0.9924584224270259,0.0,0.9774211683073762,1.0,0.942869917564598,23.0,0.8754152997794531,106.0,1.282073086303677,439.0
1984-03-27 00:00:00-05:00,6.577736910306491,6.597852313701924,6.537506103515626,6.537506103515625,21600,WHR,6.658196449279785,1,0.9938840166208139,0.0,0.9759763141649992,0.0,0.9340126186867804,22.0,0.8650979049865053,106.0,1.2654996576252944,438.0
1984-03-28 00:00:00-05:00,6.597850257896585,6.658196449279785,6.597850257896585,6.658196449279785,365800,WHR,6.678314685821533,1,1.0091461856828983,1.0,0.9993961073019713,1.0,0.953649542908937,23.0,0.881398733878333,106.0,1.2878339861772456,438.0
1984-03-29 00:00:00-05:00,6.678314685821533,6.718545497181904,6.658199280141348,6.678314685821533,325000,WHR,6.597846984863281,0,1.0015085082101267,2.0,1.0054515366153962,2.0,0.9591719069803075,23.0,0.8844294717602312,106.0,1.2906807294869727,439.0
1984-03-30 00:00:00-05:00,6.678308533459175,6.678308533459175,6.577731597714308,6.597846984863281,48400,WHR,6.597846984863281,0,0.9939389333337261,1.0,0.9969599708771895,2.0,0.950603242761896,22.0,0.8741645415030782,106.0,1.2741234881116403,438.0
1984-04-02 00:00:00-05:00,6.597846984863281,6.698423920608149,6.597846984863281,6.597846984863281,251000,WHR,6.396693706512451,0,1.0,0.0,0.9975664654728889,2.0,0.953610648870765,22.0,0.8745926873064029,105.0,1.2731098030170347,438.0
1984-04-03 00:00:00-05:00,6.638078374682732,6.638078374682732,6.296116761441501,6.396693706512451,402200,WHR,6.457041263580322,1,0.98452017019083,0.0,0.9712887368571075,2.0,0.9279225219272833,22.0,0.8484256209943433,105.0,1.2333668442743653,437.0
1984-04-04 00:00:00-05:00,6.396695083546861,6.457041263580322,6.376579690202375,6.457041263580322,287400,WHR,6.276004314422607,0,1.0046949433147863,1.0,0.9864782212669087,2.0,0.9398454161215479,23.0,0.8568960501108942,106.0,1.2440660934915933,437.0
1984-04-05 00:00:00-05:00,6.457042900415567,6.457042900415567,6.276004314422607,6.276004314422607,149400,WHR,6.2961201667785645,1,0.985782117243775,1.0,0.9707533175288581,1.0,0.9169553296029271,23.0,0.8335602207664438,105.0,1.2083146955986062,437.0
1984-04-06 00:00:00-05:00,6.23577396709698,6.2961201667785645,6.195543167309258,6.2961201667785645,270400,WHR,6.497272491455078,1,1.0016000360468937,1.0,0.983040513959646,2.0,0.9231226815221607,24.0,0.8370715415565124,105.0,1.2113009357652762,438.0
1984-04-09 00:00:00-05:00,6.497272491455079,6.617964859717402,6.457041702034304,6.497272491455078,292200,WHR,6.517387390136719,1,1.0157231416286636,2.0,1.0176433351068581,3.0,0.9552195619173718,25.0,0.8646800797423806,105.0,1.2490570980616806,438.0
1984-04-10 00:00:00-05:00,6.517387390136719,6.597848962854456,6.497271996957284,6.517387390136719,98800,WHR,6.557619571685791,1,1.0015455569999252,2.0,1.0169490163453923,4.0,0.9607561168758438,26.0,0.8682354455802673,105.0,1.2519744955400778,439.0
1984-04-11 00:00:00-05:00,6.557619571685791,6.57773496914495,6.517388776767473,6.557619571685791,73000,WHR,6.517387390136719,0,1.0030770294552458,2.0,1.0200250695350352,4.0,0.9691051705833547,27.0,0.8744892303960451,105.0,1.258748725019594,439.0
1984-04-12 00:00:00-05:00,6.557618176495588,6.557618176495588,6.436925817418981,6.517387390136719,129200,WHR,6.457041263580322,0,0.9969229705447542,1.0,1.0062110561162962,4.0,0.9651498066332378,27.0,0.8698974584874329,105.0,1.2501074246243868,438.0
1984-04-13 00:00:00-05:00,6.557618230302758,6.597849016991732,6.436925870235836,6.457041263580322,57800,WHR,6.356466293334961,0,0.9953488413118594,0.0,0.9919653382998566,3.0,0.9586190937895909,26.0,0.8627191077664071,104.0,1.237628628870391,438.0
1984-04-16 00:00:00-05:00,6.356466293334961,6.43692789198477,6.316235494010056,6.356466293334961,64800,WHR,6.396693706512451,1,0.99215086346977,0.0,0.9807575038660183,2.0,0.9462107180814621,26.0,0.850129444875224,104.0,1.217509116352473,437.0
1984-04-17 00:00:00-05:00,6.376578317498261,6.4168090955266415,6.356462928484071,6.396693706512451,120200,WHR,6.477153301239014,1,1.0031543094556934,1.0,0.9906539338206282,2.0,0.9543257317714723,27.0,0.8564534887859341,104.0,1.2243721444755336,437.0
1984-04-18 00:00:00-05:00,6.416807152469706,6.477153301239014,6.396691769546603,6.477153301239014,53000,WHR,6.396693706512451,0,1.006249848602218,2.0,1.0056210526898695,2.0,0.9681547713291128,28.0,0.8680378689329727,105.0,1.2388836419568452,438.0
1984-04-19 00:00:00-05:00,6.436924484540832,6.477155262569212,6.356462928484071,6.396693706512451,101600,WHR,6.316234588623047,0,0.9937501513977821,1.0,0.9968651169650778,2.0,0.9581300898749786,28.0,0.858095157201372,105.0,1.222627116240894,438.0
1984-04-23 00:00:00-05:00,6.416811572518319,6.416811572518319,6.316234588623047,6.316234588623047,168000,WHR,6.255887031555176,0,0.9936710790762352,0.0,0.9886652501432568,2.0,0.9479242559935397,28.0,0.8481696569131038,105.0,1.2064346962279637,437.0
1984-04-24 00:00:00-05:00,6.31623320870844,6.336348601092863,6.255887031555175,6.255887031555176,179400,WHR,6.276004314422607,1,0.9951998907669638,0.0,0.9823121832354749,2.0,0.9409387622640362,27.0,0.840963333994638,104.0,1.1941033538395895,437.0
1984-04-25 00:00:00-05:00,6.255888915978946,6.47715829885923,6.255888915978946,6.276004314422607,292800,WHR,6.316234588623047,1,1.0016052870482226,1.0,0.9892203624641922,2.0,0.945626169263322,28.0,0.8445252771091445,105.0,1.197145894406827,437.0
1984-04-26 00:00:00-05:00,6.2760037950649386,6.316234588623047,6.2760037950649386,6.316234588623047,321200,WHR,6.416811466217041,1,1.0031948468028755,2.0,1.0006374537818814,2.0,0.953507841678414,28.0,0.850785269460365,106.0,1.2040002044073799,438.0
1984-04-27 00:00:00-05:00,6.336349880433756,6.436926862662863,6.316234483987934,6.416811466217041,66800,WHR,6.597846984863281,1,1.0078988858723057,2.0,1.015923580727543,3.0,0.9702039768176615,29.0,0.8651384031316839,107.0,1.2223262965124118,438.0
1984-04-30 00:00:00-04:00,6.436923887671494,6.597846984863281,6.376577726224574,6.597846984863281,105800,WHR,6.658196449279785,1,1.0139101244436586,2.0,1.0353531733134242,4.0,0.9982296541012128,30.0,0.8902798076987565,108.0,1.2559042614707518,438.0
1984-05-01 00:00:00-04:00,6.597850257896585,6.678311846407519,6.537504066513384,6.658196449279785,120400,WHR,6.73866081237793,1,1.0045526000813383,2.0,1.0317956132173054,5.0,1.0079178398027722,30.0,0.8991919825844704,108.0,1.2664678490384444,438.0
1984-05-02 00:00:00-04:00,6.658199190737596,6.79900702860818,6.658199190737596,6.73866081237793,402400,WHR,6.557619571685791,0,1.0060062118694386,2.0,1.0295026010537733,5.0,1.0203537735475277,31.0,0.9107890585810606,109.0,1.2808197611321903,439.0
1984-05-03 00:00:00-04:00,6.718542751359061,6.75877354627738,6.517388776767473,6.557619571685791,519200,WHR,6.517387390136719,0,0.9863840686671195,1.0,0.9945088815817258,4.0,0.9935936076449297,31.0,0.8871185002924132,109.0,1.2455256418216207,439.0
1984-05-04 00:00:00-04:00,6.557618176495588,6.557618176495588,6.356464244701244,6.517387390136719,193400,WHR,6.557619571685791,1,0.9969229705447542,0.0,0.9854013161887514,3.0,0.9882477661344083,31.0,0.882509009498193,108.0,1.2370258343365927,438.0
1984-05-07 00:00:00-04:00,6.517388776767473,6.557619571685791,6.497273379308314,6.557619571685791,101800,WHR,6.638083934783936,1,1.0030770294552458,1.0,0.9926918041397793,3.0,0.9949528234007672,32.0,0.8887584913784131,109.0,1.2437947827311793,438.0
1984-05-08 00:00:00-04:00,6.557622311332009,6.638083934783936,6.557622311332009,6.638083934783936,73200,WHR,6.638083934783936,0,1.0060977698580977,2.0,1.0054847573954107,3.0,1.0078729150917929,32.0,0.9003328674996938,110.0,1.2581746485344996,438.0
1984-05-09 00:00:00-04:00,6.638083934783936,6.638083934783936,6.436929876154119,6.638083934783936,146000,WHR,6.557619571685791,0,1.0,1.0,1.0085577510799721,2.0,1.0080781617573769,32.0,0.9009933212947641,110.0,1.2573078589608375,437.0
1984-05-10 00:00:00-04:00,6.638081161522426,6.638081161522426,6.477157981849155,6.557619571685791,145400,WHR,6.376578330993652,0,0.9939022301419024,0.0,0.9963323923942976,2.0,0.9963145431662195,31.0,0.8907075804555751,110.0,1.2412218890297326,437.0
1984-05-11 00:00:00-04:00,6.517386054390989,6.517386054390989,6.35646294193689,6.376578330993652,234800,WHR,6.1932291984558105,0,0.9860029016059331,0.0,0.9729890721179563,2.0,0.9699413423319578,30.0,0.8668766627434771,109.0,1.2061615910215824,437.0
1984-05-14 00:00:00-04:00,6.335836449736044,6.335836449736044,6.1932291984558105,6.1932291984558105,821000,WHR,6.132109642028809,0,0.9854135290370772,0.0,0.9556392128798146,1.0,0.943498792285082,30.0,0.8428276183252004,108.0,1.1707559560954952,436.0
1984-05-15 00:00:00-04:00,6.193227013876271,6.193227013876271,6.11173718474632,6.132109642028809,333400,WHR,6.091365814208984,0,0.9950411459499803,0.0,0.9612174061415436,0.0,0.9353915708638677,30.0,0.835345558788995,108.0,1.1584864183423345,436.0
1984-05-16 00:00:00-04:00,6.111738275126071,6.152483196960246,6.070993353291898,6.091365814208984,867400,WHR,6.1932291984558105,1,0.9966667558694174,0.0,0.9714817305596882,0.0,0.9299543945604527,30.0,0.830663079376151,107.0,1.1501005962728237,435.0
1984-05-17 00:00:00-04:00,6.070994411644183,6.1932291984558105,6.050621947175578,6.1932291984558105,581800,WHR,6.233970642089844,1,1.0082919611221868,1.0,0.9993427401011452,1.0,0.9461481984603837,30.0,0.8453101489622883,108.0,1.1686116707192122,436.0
1984-05-18 00:00:00-04:00,6.132108376696219,6.233970642089844,6.132108376696219,6.233970642089844,106600,WHR,6.233970642089844,0,1.0032784089864804,2.0,1.010567686567058,2.0,0.9531624294424984,30.0,0.8515964063253649,109.0,1.1755604649250395,437.0
1984-05-21 00:00:00-04:00,6.274715548247294,6.335832907483469,5.948756298987695,6.233970642089844,183800,WHR,6.27471399307251,1,1.0,1.0,1.0092345974158294,2.0,0.954340882452823,29.0,0.8523685422881622,108.0,1.174818295109241,437.0
1984-05-22 00:00:00-04:00,6.233969097013597,6.356203785190334,6.193224200954685,6.27471399307251,224600,WHR,6.315465450286865,1,1.0032572050676003,1.0,1.011161790755209,3.0,0.9623594330477289,29.0,0.8585980647673166,109.0,1.1817414072160375,438.0
1984-05-23 00:00:00-04:00,6.274720511897917,6.335837919481339,6.274720511897917,6.315465450286865,339800,WHR,6.213601589202881,0,1.0032367654009768,2.0,1.010430823827175,4.0,0.9698082228472826,30.0,0.8647451270176858,110.0,1.1886568101988435,438.0
1984-05-24 00:00:00-04:00,6.315463910337354,6.3358363745642485,6.152484196522196,6.213601589202881,227600,WHR,6.233970642089844,1,0.9918697967883063,1.0,0.99348566834074,3.0,0.9551051892063012,30.0,0.8514346168547092,109.0,1.1687607596497527,438.0
1984-05-25 00:00:00-04:00,6.172853282853669,6.295088001326019,6.172853282853669,6.233970642089844,100400,WHR,6.111738204956055,0,1.0016363876030183,1.0,0.9967424529656242,3.0,0.959031333740481,31.0,0.8548290239518429,110.0,1.1718622776041308,439.0
1984-05-29 00:00:00-04:00,6.233972969055176,6.233972969055176,6.111738204956055,6.111738204956055,222400,WHR,6.111738204956055,0,0.9900991965185509,1.0,0.981033434026968,3.0,0.941449113146771,30.0,0.8386358164477214,110.0,1.1481925354446556,439.0
1984-05-30 00:00:00-04:00,6.111738204956055,6.111738204956055,5.989503440856934,6.111738204956055,209000,WHR,5.989500999450684,0,1.0,0.0,0.9861932495714677,2.0,0.9426255090699227,30.0,0.8392852594784509,109.0,1.147513484796753,438.0
1984-05-31 00:00:00-04:00,6.07099080896702,6.07099080896702,5.989500999450684,5.989500999450684,255800,WHR,6.03024959564209,1,0.989898786112677,0.0,0.9767439053846376,1.0,0.9250757443917776,30.0,0.8232978087575523,108.0,1.1239115251770166,438.0
1984-06-01 00:00:00-04:00,5.989504665941806,6.070994525342375,5.989504665941806,6.03024959564209,150600,WHR,6.070994377136231,1,1.003390136581373,1.0,0.9893051299316115,2.0,0.9326354313692222,30.0,0.8297215535441634,108.0,1.1308984615281152,438.0
1984-06-04 00:00:00-04:00,6.050621912783424,6.132111770194649,6.050621912783424,6.070994377136231,143400,WHR,6.111738204956055,1,1.0033669911610572,2.0,1.0013442701703053,2.0,0.9394334386657037,31.0,0.8361208168934896,109.0,1.1378595435463463,439.0
1984-06-05 00:00:00-04:00,6.070993283589681,6.152483126322428,6.070993283589681,6.111738204956055,47200,WHR,6.172858238220215,1,1.003344391543135,2.0,1.0080645199346332,3.0,0.9464828744044398,31.0,0.8424950742912238,110.0,1.1448033986208412,440.0
1984-06-06 00:00:00-04:00,6.111740829921004,6.193230707653284,6.0709958910548645,6.172858238220215,138800,WHR,6.233970642089844,1,1.004975339120571,2.0,1.016096931027344,4.0,0.9570973692061138,31.0,0.8517185053509301,110.0,1.1555484775036293,440.0
1984-06-07 00:00:00-04:00,6.152480829774944,6.3562053605621935,6.132108376696219,6.233970642089844,108200,WHR,6.315465450286865,1,1.0049257070004904,2.0,1.0179636037388375,5.0,0.9676839517271801,31.0,0.8609662060401122,110.0,1.1662529739365688,441.0
1984-06-08 00:00:00-04:00,6.213603104314496,6.315465450286864,6.030250881564232,6.315465450286865,81000,WHR,6.03024959564209,0,1.0064939020046109,2.0,1.021753753544511,5.0,0.9814598299526782,31.0,0.8730944473474264,110.0,1.1807496412363727,441.0
1984-06-11 00:00:00-04:00,6.091366990192516,6.152484384742944,5.989504665941806,6.03024959564209,73600,WHR,6.03024959564209,0,0.9768975832032648,1.0,0.9768977567677188,4.0,0.9394957987334366,30.0,0.8348204233833971,109.0,1.1267788220766066,440.0
1984-06-12 00:00:00-04:00,6.03024959564209,6.091366990192516,6.009877130791947,6.03024959564209,51200,WHR,6.091365814208984,1,1.0,0.0,0.97948381314965,3.0,0.9419665277369045,29.0,0.8360069611181769,108.0,1.126137259984222,439.0
1984-06-13 00:00:00-04:00,6.091365814208984,6.111738275126071,6.030248431457724,6.091365814208984,40000,WHR,6.070994377136231,0,1.0050419202804626,1.0,0.9920370792740796,3.0,0.9533695442786528,30.0,0.8455524711007596,109.0,1.1368985680987245,439.0
1984-06-14 00:00:00-04:00,6.1117393058418426,6.152484234547455,5.989504519725005,6.070994377136231,96200,WHR,6.1524810791015625,1,0.9983250424463462,1.0,0.9939959723318722,2.0,0.9522393446043164,29.0,0.8437968538195562,109.0,1.132472206587832,438.0
1984-06-15 00:00:00-04:00,6.111736171292943,6.2339708947188015,6.111736171292943,6.1524810791015625,62000,WHR,6.233970642089844,1,1.0066664102412664,1.0,1.0127427356498113,2.0,0.9667561946159422,30.0,0.8561451886168506,110.0,1.1470440987436386,438.0
1984-06-18 00:00:00-04:00,6.213598189011119,6.274715548247294,6.172853282853669,6.233970642089844,31600,WHR,6.376577377319336,1,1.0065789271070151,2.0,1.0193201384585493,3.0,0.9809607755560298,31.0,0.8684463304591321,111.0,1.1615871532797295,438.0
1984-06-19 00:00:00-04:00,6.233970215526252,6.376577377319336,6.233970215526252,6.376577377319336,131400,WHR,6.4173264503479,1,1.0113085279886331,2.0,1.030961537388142,4.0,1.004301690611122,32.0,0.8891889735704238,112.0,1.1874469030766779,439.0
1984-06-20 00:00:00-04:00,6.274719195895725,6.4173264503479,6.2136018011305065,6.4173264503479,107200,WHR,6.396952629089356,0,1.0031850382477039,2.0,1.026727879842715,4.0,1.011252207406253,33.0,0.8957150262135835,113.0,1.1942970319567312,440.0
1984-06-21 00:00:00-04:00,6.437697550293747,6.458070010895942,6.254345404873988,6.396952629089356,48800,WHR,6.356208801269531,0,0.9984100688667507,1.0,1.012903410423797,4.0,1.0084139190422807,33.0,0.8937144026018917,113.0,1.1897663290278224,440.0
1984-06-22 00:00:00-04:00,6.396953729482797,6.41732619358943,6.274718944842999,6.356208801269531,257000,WHR,6.335838317871094,0,0.996805197829392,0.0,1.0000002550650557,3.0,1.002786704721723,32.0,0.8888041808578582,113.0,1.181455379289404,440.0
1984-06-25 00:00:00-04:00,6.396955729297503,6.396955729297503,6.274720906444684,6.335838317871094,87400,WHR,6.1932291984558105,0,0.9983950198729,0.0,0.993610619997115,2.0,1.0004738965585864,31.0,0.8867080906212655,113.0,1.1769266749606382,440.0
1984-06-26 00:00:00-04:00,6.335836449736044,6.335836449736044,6.1524842695186015,6.1932291984558105,192200,WHR,6.233970642089844,1,0.9886177387719042,0.0,0.9768637321385503,1.0,0.9789974052331825,31.0,0.867678929309693,112.0,1.1497750045487185,439.0
1984-06-27 00:00:00-04:00,6.213598189011119,6.274715548247294,6.213598189011119,6.233970642089844,45800,WHR,6.27471399307251,1,1.0032784089864804,1.0,0.9890105284632807,1.0,0.9863832379711173,32.0,0.874304145610923,113.0,1.156661136554767,440.0
1984-06-28 00:00:00-04:00,6.2543415450430535,6.295086441101965,6.213596648984141,6.27471399307251,85200,WHR,6.376577377319336,1,1.0032572050676003,2.0,0.9993504805772383,2.0,0.9931494124902841,33.0,0.8808655758207788,114.0,1.1635307737258553,441.0
1984-06-29 00:00:00-04:00,6.315460022265158,6.437694732373515,6.315460022265158,6.376577377319336,38000,WHR,6.356208801269531,0,1.0080516194959528,2.0,1.0149154021370532,3.0,1.0094864236716177,33.0,0.8960749940774153,114.0,1.1817053782709588,441.0
1984-07-02 00:00:00-04:00,6.41732619358943,6.41732619358943,6.274718944842999,6.356208801269531,118800,WHR,6.478441715240479,1,0.9984003048693257,1.0,1.0110178876848237,3.0,1.006048939169886,33.0,0.8941117517150805,114.0,1.177253908101026,440.0
1984-07-03 00:00:00-04:00,6.396951882344371,6.519186631688532,6.396951882344371,6.478441715240479,224800,WHR,6.315465450286865,0,1.0095236651604742,1.0,1.0211947635919936,4.0,1.0249028022423274,33.0,0.9120612588356716,115.0,1.199176932768763,441.0
1984-07-05 00:00:00-04:00,6.498817673037129,6.498817673037129,6.315465450286864,6.315465450286865,44800,WHR,6.356208801269531,1,0.987261415700065,1.0,0.9929537682600494,3.0,0.999598800439869,32.0,0.8899360783069821,115.0,1.1683517471021934,440.0
1984-07-06 00:00:00-04:00,6.315463873056265,6.376581265376164,6.274718944842999,6.356208801269531,33000,WHR,6.478441715240479,1,1.0032153092143812,1.0,0.9968052425537169,3.0,1.0064755105456797,32.0,0.8964040236309267,116.0,1.1752190121996902,441.0
1984-07-09 00:00:00-04:00,6.295089591224238,6.478441715240479,6.295089591224238,6.478441715240479,142800,WHR,6.315465450286865,0,1.0095236651604742,2.0,1.0127386295944403,3.0,1.0260449121876658,32.0,0.9143310824109596,116.0,1.1970967567298887,442.0
1984-07-10 00:00:00-04:00,6.478445203842655,6.478445203842655,6.274720511897917,6.315465450286865,169400,WHR,6.396952629089356,1,0.987261415700065,1.0,0.9885206731985229,3.0,1.0007664097454774,32.0,0.892162711622466,115.0,1.166296800952094,442.0
1984-07-11 00:00:00-04:00,6.315462786680574,6.417325089691551,6.295090326078379,6.396952629089356,371400,WHR,6.4173264503479,1,1.0064100455392269,1.0,1.0038361386792576,3.0,1.013839990443851,33.0,0.9044879092510558,115.0,1.1806303252074604,443.0
1984-07-12 00:00:00-04:00,6.396953985426161,6.478443845113119,6.335836590660943,6.4173264503479,365600,WHR,6.458070755004883,1,1.0015899311332495,2.0,1.003824167650555,4.0,1.0169055180998838,34.0,0.9081760275850448,116.0,1.1836782281757443,443.0
1984-07-13 00:00:00-04:00,6.458070755004883,6.458070755004883,6.356208440257172,6.458070755004883,145600,WHR,6.4377031326293945,0,1.0031645085590093,2.0,1.0069885542006085,4.0,1.0231961026000718,34.0,0.914765280302028,116.0,1.1905156503813983,443.0
1984-07-16 00:00:00-04:00,6.458075610897209,6.458075610897209,6.376585697825951,6.4377031326293945,26400,WHR,6.458070755004883,1,0.9984205971232933,1.0,1.0050896052224474,3.0,1.0200753855185474,33.0,0.9128137095055884,115.0,1.1860989671454423,442.0
1984-07-17 00:00:00-04:00,6.376580903206714,6.519188143853509,6.376580903206714,6.458070755004883,178400,WHR,6.4173264503479,0,1.0015794028767067,1.0,1.003799725902699,4.0,1.0231368625526347,34.0,0.9167206573315725,115.0,1.1891837305418766,443.0
1984-07-18 00:00:00-04:00,6.458071380191379,6.478443845113119,6.396953985426161,6.4173264503479,75000,WHR,6.356208801269531,0,0.9968354914409908,1.0,0.996835351154296,3.0,1.016410529293397,34.0,0.9118921482687362,115.0,1.1810228670512823,443.0
1984-07-19 00:00:00-04:00,6.396953729482797,6.437698657696063,6.356208801269531,6.356208801269531,136000,WHR,6.4173264503479,1,0.9952152910001457,0.0,0.989219914943302,2.0,1.006463851959918,34.0,0.9042670961401991,114.0,1.1691494512811682,442.0
1984-07-20 00:00:00-04:00,6.356209055582682,6.4173264503479,6.356209055582682,6.4173264503479,23400,WHR,6.356208801269531,0,1.0047847089998543,1.0,0.999999895973509,2.0,1.0157625937050008,34.0,0.9140634401221366,114.0,1.1797345144794562,443.0
1984-07-23 00:00:00-04:00,6.396953729482797,6.437698657696063,6.335836337162898,6.356208801269531,132800,WHR,6.396952629089356,1,0.9952152910001457,1.0,0.99299808583615,2.0,1.0059825382025778,33.0,0.9063421724072995,114.0,1.1678663698062672,442.0
1984-07-24 00:00:00-04:00,6.396952629089356,6.396952629089356,6.33583524728277,6.396952629089356,53200,WHR,6.498816013336182,1,1.003194802170608,1.0,1.0012753563617771,2.0,1.0124840075572654,33.0,0.9130521498151046,115.0,1.1747036008779053,443.0
1984-07-25 00:00:00-04:00,6.376581229386285,6.51918847732783,6.315463837411336,6.498816013336182,135200,WHR,6.519188404083252,1,1.007898977336776,2.0,1.014631065420445,3.0,1.0288753158860835,33.0,0.9283606494345801,116.0,1.1927455396321551,443.0
1984-07-26 00:00:00-04:00,6.458071012794971,6.519188404083252,6.458071012794971,6.519188404083252,70600,WHR,6.845149517059326,1,1.001564939609316,2.0,1.0126582419119319,4.0,1.0324793215932657,33.0,0.9320537696847127,116.0,1.1958192737892133,443.0
1984-07-27 00:00:00-04:00,6.621052360250836,6.88589445466087,6.600679891450064,6.845149517059326,164800,WHR,6.804401874542236,0,1.0243903674764463,2.0,1.04934439106491,4.0,1.0837989144273086,33.0,0.9792755880022276,117.0,1.2548422906035541,443.0
1984-07-30 00:00:00-04:00,6.804401874542236,6.845146795946681,6.784029413840014,6.804401874542236,134800,WHR,6.784029960632324,0,0.9970147266127617,1.0,1.028958571587207,4.0,1.0766461673241974,33.0,0.9741392403829432,116.0,1.2466012501300388,443.0
1984-07-31 00:00:00-04:00,6.845147347665048,6.88589227235353,6.702540111255359,6.784029960632324,117200,WHR,6.824780464172363,1,0.9985007899250613,0.0,1.014007229335399,3.0,1.0726684923755734,33.0,0.9718066777116721,116.0,1.2421012269447225,443.0
1984-08-01 00:00:00-04:00,6.8044079851748345,6.845152943169893,6.8044079851748345,6.824780464172363,100600,WHR,6.967379570007324,1,1.0029944206927714,1.0,1.0102539141563385,3.0,1.0783526208986252,33.0,0.9781438913870881,117.0,1.248768204408567,444.0
1984-08-02 00:00:00-04:00,6.885889750475075,6.987752024890386,6.84514484070895,6.967379570007324,746000,WHR,7.211853981018066,1,1.0103391423447503,2.0,1.0178566318468605,3.0,1.0999302269501918,33.0,0.9988988903868845,118.0,1.273990228791058,445.0
1984-08-03 00:00:00-04:00,7.211853981018066,7.41557866974739,6.967384354542878,7.211853981018066,575200,WHR,7.150733470916748,0,1.0172417225607417,2.0,1.042403016573696,3.0,1.1368088445837123,34.0,1.0339705645495305,119.0,1.3177154795978037,446.0
1984-08-06 00:00:00-04:00,7.272968231103358,7.476692831414377,7.0896160908234425,7.150733470916748,195600,WHR,7.1099934577941895,0,0.9957444638505519,1.0,1.023323366396519,3.0,1.1254207346937146,34.0,1.0252767486306098,118.0,1.3056229220617788,445.0
1984-08-07 00:00:00-04:00,7.150738405976392,7.150738405976392,7.008131087338685,7.1099934577941895,194600,WHR,7.150733470916748,1,0.9971432022135887,0.0,1.0080881451962438,3.0,1.1168602226088271,34.0,1.0194481902204886,118.0,1.2973033486630348,444.0
1984-08-08 00:00:00-04:00,7.0896160908234425,7.191478390978952,7.0896160908234425,7.150733470916748,179000,WHR,7.191481113433838,1,1.0028567977864113,1.0,1.004579101608882,3.0,1.120451049655598,35.0,1.0252784803189363,119.0,1.3038098699444078,445.0
1984-08-09 00:00:00-04:00,7.171108645690399,7.211853581177277,7.109991242460084,7.191481113433838,343000,WHR,7.374830722808838,1,1.0028410983727403,2.0,1.0039818759571912,3.0,1.123726960182191,36.0,1.0311663083380664,119.0,1.3102941626728235,446.0
1984-08-10 00:00:00-04:00,7.334085801688347,7.395203183369083,7.293340880567856,7.374830722808838,399000,WHR,7.29334020614624,0,1.0125872363187232,2.0,1.0249148661094731,3.0,1.1485377952288955,37.0,1.0573207550050059,120.0,1.3426591950606317,447.0
1984-08-13 00:00:00-04:00,7.334085123499012,7.334085123499012,7.211850371440695,7.29334020614624,63800,WHR,7.252599716186523,0,0.9944443982104316,1.0,1.0095879962917456,3.0,1.1326125171197086,36.0,1.045610821035834,119.0,1.3268238113327522,446.0
1984-08-14 00:00:00-04:00,7.334089600638058,7.334089600638058,7.252599716186523,7.252599716186523,28800,WHR,7.0896196365356445,0,0.9971991847775222,0.0,1.0000003681837097,3.0,1.1233241713163666,35.0,1.039767761764577,119.0,1.318429786077724,446.0
1984-08-15 00:00:00-04:00,7.252599398295084,7.272971868515015,7.048874696095784,7.0896196365356445,32000,WHR,7.150733470916748,1,0.9886363417235042,0.0,0.9791786119505784,2.0,1.0956607911933103,35.0,1.0164721915156474,119.0,1.2878904385133931,445.0
1984-08-16 00:00:00-04:00,7.0896160908234425,7.150733470916748,7.06924363079234,7.150733470916748,46600,WHR,7.069248199462891,0,1.0042915954344644,1.0,0.9887321975722332,2.0,1.1026176459483557,35.0,1.0252690887277522,120.0,1.2980826362034628,445.0
1984-08-17 00:00:00-04:00,7.130365619054789,7.191483038646688,7.069248199462891,7.069248199462891,93600,WHR,7.130362033843994,1,0.9942696641006513,1.0,0.9857957734154031,1.0,1.0879453644867654,34.0,1.0135994935928043,120.0,1.282415959087086,444.0
1984-08-20 00:00:00-04:00,7.028499719074794,7.130362033843994,7.028499719074794,7.130362033843994,79000,WHR,7.130362033843994,0,1.0043039092888446,1.0,0.9988582246766418,2.0,1.0947763524338403,35.0,1.0223701044175852,120.0,1.2926300872464718,444.0
1984-08-21 00:00:00-04:00,7.089617107936315,7.211851885659354,7.008127256120955,7.130362033843994,88200,WHR,7.048874855041504,0,1.0,1.0,1.002290808244191,2.0,1.092270874357128,34.0,1.0223088866440873,120.0,1.2917679923091605,443.0
1984-08-22 00:00:00-04:00,7.252599561834611,7.293344503193232,7.048874855041504,7.048874855041504,80200,WHR,7.171105861663818,1,0.994253063162633,0.0,0.9919727080044135,2.0,1.0772108513803096,34.0,1.0106124545411947,120.0,1.2761596277198484,443.0
1984-08-23 00:00:00-04:00,7.048871102658186,7.171105861663819,7.028498642823913,7.171105861663818,163800,WHR,7.171105861663818,0,1.0085957223893223,1.0,1.0085956885681862,2.0,1.0929412357001307,35.0,1.0280630011519496,120.0,1.2973825724986745,444.0
1984-08-24 00:00:00-04:00,7.130360941995274,7.211850781332363,7.130360941995274,7.171105861663818,55800,WHR,7.253533363342285,1,1.0,1.0,1.0057141182613258,2.0,1.0896706393608189,35.0,1.0280586455807281,119.0,1.2964775371088602,444.0
1984-08-27 00:00:00-04:00,7.171106847849759,7.274139992215417,7.171106847849759,7.253533363342285,178400,WHR,7.274143218994141,1,1.0057143544731137,1.0,1.0137717704929285,2.0,1.0987916555421782,35.0,1.0399041452933249,119.0,1.3104368547978396,445.0
1984-08-28 00:00:00-04:00,7.335963133036584,7.356569771050731,7.274143218994141,7.274143218994141,147800,WHR,7.294753074645996,1,1.00141866151377,2.0,1.012582641897858,3.0,1.098576650048916,35.0,1.0429340824446214,119.0,1.3132296386042297,445.0
1984-08-29 00:00:00-04:00,7.294753074645997,7.335966368853036,7.253539780438957,7.294753074645996,139400,WHR,7.232926845550537,0,1.001414647701271,2.0,1.0085476858368136,4.0,1.0984184413869038,35.0,1.0460819770849328,119.0,1.3160274555484077,445.0
1984-08-30 00:00:00-04:00,7.294746733119345,7.315353362308947,7.191713587171331,7.232926845550537,44000,WHR,7.232926845550537,0,0.9957442461951885,1.0,0.9982932880439025,3.0,1.0862191329046416,34.0,1.037537877272484,118.0,1.3039879660232627,444.0
1984-08-31 00:00:00-04:00,7.212320216360934,7.232926845550536,7.171106957981729,7.232926845550537,28400,WHR,7.129894733428955,0,1.0,0.0,0.9965925883254177,3.0,1.08350999261914,33.0,1.0377310379203923,118.0,1.303103587128313,444.0
1984-09-04 00:00:00-04:00,7.129894733428955,7.212321262139117,7.068074836896334,7.129894733428955,120200,WHR,6.985647678375244,0,0.9928264713479158,0.0,0.9857548427465526,2.0,1.0659081238171284,32.0,1.0231765653900338,118.0,1.2836987604027226,443.0
1984-09-05 00:00:00-04:00,7.0886808299737,7.0886808299737,6.985647678375244,6.985647678375244,21000,WHR,7.0680742263793945,1,0.9897809768235981,0.0,0.9735782460658241,1.0,1.041863249930203,32.0,1.0027714514369095,118.0,1.2569363234179067,443.0
1984-09-06 00:00:00-04:00,6.985647704788965,7.068074226379395,6.965041074391357,7.0680742263793945,292800,WHR,6.965040683746338,0,1.0058651045298017,1.0,0.9913294869591994,1.0,1.0514441678561404,33.0,1.0149116186032838,118.0,1.2709175546709321,444.0
1984-09-07 00:00:00-04:00,7.04746720071375,7.088680459197456,6.965040683746338,6.965040683746338,21000,WHR,7.006252765655518,1,0.992657828052223,1.0,0.9842748491386049,1.0,1.0338774265473099,32.0,1.0004120278045008,118.0,1.251582170528239,443.0
1984-09-10 00:00:00-04:00,7.006252765655518,7.047466017218197,6.965039514092838,7.006252765655518,57600,WHR,7.150505065917969,1,1.0029497685420776,1.0,0.9964828167957248,2.0,1.03759408494179,33.0,1.0065704788954297,119.0,1.2581570994524336,444.0
1984-09-11 00:00:00-04:00,6.96504528034661,7.25353828012428,6.96504528034661,7.150505065917969,302800,WHR,7.047463417053223,0,1.010189642429337,2.0,1.0164035926867507,3.0,1.0563549890210455,33.0,1.027418840666681,120.0,1.2831725489364338,445.0
1984-09-12 00:00:00-04:00,7.150496507945813,7.150496507945813,7.006250180696186,7.047463417053223,81800,WHR,7.0680742263793945,1,0.9927425075644919,1.0,0.9999994587137279,3.0,1.039051295311972,32.0,1.0128070102048445,119.0,1.263803545475548,445.0
1984-09-13 00:00:00-04:00,6.985647704788965,7.068074226379395,6.923827813596142,7.0680742263793945,88400,WHR,7.150505065917969,1,1.001460150498466,1.0,1.0029240284418872,3.0,1.0403223648016537,32.0,1.0160318021580246,119.0,1.2666200559398697,445.0
1984-09-14 00:00:00-04:00,7.171111708759232,7.212324994441755,7.129898423076707,7.150505065917969,207200,WHR,7.253533363342285,1,1.0057974033723067,2.0,1.0093082642713367,4.0,1.0505655325159775,32.0,1.0282147964078538,119.0,1.2805022838798243,445.0
1984-09-17 00:00:00-04:00,7.171106847849759,7.294746621088547,7.088680332357233,7.253533363342285,223800,WHR,7.088681221008301,0,1.0071527369168236,2.0,1.016753134812854,4.0,1.0634720017249975,33.0,1.0432003427214998,120.0,1.2980590058592494,445.0
1984-09-18 00:00:00-04:00,7.315354167028915,7.315354167028915,7.068074589551881,7.088681221008301,51600,WHR,7.006252765655518,0,0.9885058097991463,1.0,0.9953704224472444,3.0,1.037445442760903,33.0,1.0197547551317994,120.0,1.2677232639976599,445.0
1984-09-19 00:00:00-04:00,7.047466017218197,7.171105771906236,6.965039514092838,7.006252765655518,89200,WHR,7.047463417053223,1,0.9941519090879904,0.0,0.9849359768491821,3.0,1.023707793119919,33.0,1.0081023737645338,120.0,1.2521853481715435,444.0
1984-09-20 00:00:00-04:00,7.006250180696186,7.088676653410259,6.985643562517668,7.047463417053223,146200,WHR,7.006252765655518,0,1.002932366846031,1.0,0.9913038047143842,3.0,1.0275915744501418,34.0,1.0141917738712412,121.0,1.2587455253063151,444.0
1984-09-21 00:00:00-04:00,7.068072642999536,7.088679268780877,7.006252765655518,7.006252765655518,76600,WHR,7.026860237121582,1,0.997067633153969,1.0,0.9895226885060778,2.0,1.0196689537115393,33.0,1.0083868732386394,121.0,1.2505946779274502,444.0
1984-09-24 00:00:00-04:00,7.006253608860229,7.088680121905643,7.006253608860229,7.026860237121582,102400,WHR,6.923830032348633,0,1.001468488956227,1.0,0.9988284684313031,2.0,1.020805726408151,33.0,1.0115471499833468,121.0,1.2534986776463102,444.0
1984-09-25 00:00:00-04:00,7.047469854354858,7.047469854354858,6.86201012134552,6.923830032348633,36600,WHR,6.923830032348633,0,0.9926146876761774,1.0,0.9888174326094415,2.0,1.004507347113185,32.0,0.9969887960149365,120.0,1.2343714772250767,444.0
1984-09-26 00:00:00-04:00,6.903223395347595,6.94443666934967,6.86201012134552,6.923830032348633,20600,WHR,7.088681221008301,1,1.0,0.0,0.9911508179658214,2.0,1.0031305449014334,32.0,0.9972057040660414,120.0,1.2336072732422607,444.0
1984-09-27 00:00:00-04:00,6.965041432269784,7.088681221008301,6.923828169356945,7.088681221008301,95000,WHR,6.965040683746338,0,1.0117645713661907,1.0,1.0135533089149447,2.0,1.0255032154239636,32.0,1.0210735980800003,121.0,1.2621600559279353,445.0
1984-09-28 00:00:00-04:00,7.04746720071375,7.088680459197456,6.944434054504485,6.965040683746338,80400,WHR,6.903223037719727,0,0.9912022923108978,1.0,0.9970499864484333,2.0,1.0060407528029196,32.0,1.0034927296877885,120.0,1.2393824999331333,444.0
1984-10-01 00:00:00-04:00,6.923829673653218,6.923829673653218,6.841403129919251,6.903223037719727,21200,WHR,6.758974075317383,0,0.9955425100597902,0.0,0.9917111595286442,1.0,0.9958003920383084,31.0,0.994825924570697,120.0,1.227632148807307,444.0
1984-10-02 00:00:00-04:00,6.903220473266229,6.903220473266229,6.717760818760569,6.758974075317383,26200,WHR,6.717762470245361,0,0.9894417448958708,0.0,0.9756095613645895,1.0,0.9743351165904071,30.0,0.9744423794360552,119.0,1.2012517846120825,444.0
1984-10-03 00:00:00-04:00,6.738369103589672,6.841402270311226,6.71776247024536,6.717762470245361,14600,WHR,6.594122886657715,0,0.996942018942591,0.0,0.9754638743143446,1.0,0.9674591917450626,30.0,0.9689040244908446,119.0,1.1931887395316727,444.0
1984-10-04 00:00:00-04:00,6.758975958824158,6.758975958824158,6.491089716553688,6.594122886657715,82800,WHR,6.594122886657715,0,0.9907120907164716,0.0,0.9714633546655802,0.0,0.9492040069296004,29.0,0.9515570239733331,118.0,1.1705176498899723,444.0
1984-10-05 00:00:00-04:00,6.594122886657715,6.635336154699326,6.511696350574494,6.594122886657715,346400,WHR,6.594122886657715,0,1.0,0.0,0.9821977100961737,0.0,0.9488015678227174,28.0,0.9521729420913504,117.0,1.1697998247653163,444.0
1984-10-08 00:00:00-04:00,6.552909618616105,6.594122886657715,6.511696350574494,6.594122886657715,43400,WHR,6.573516368865967,0,1.0,0.0,0.9913259611025466,0.0,0.948492106641673,27.0,0.9527679851907068,117.0,1.1690788408065727,444.0
1984-10-09 00:00:00-04:00,6.573516368865967,6.594123003251127,6.552909734480807,6.573516368865967,53400,WHR,6.6971540451049805,1,0.9984350636137679,0.0,0.9937694911103971,0.0,0.9452203337364373,27.0,0.9503309548962177,117.0,1.1647118970256505,444.0
1984-10-10 00:00:00-04:00,6.552907650287335,6.717760672936072,6.552907650287335,6.6971540451049805,108600,WHR,6.614730358123779,0,1.0093166111720213,1.0,1.013092023115113,1.0,0.9624470112901045,27.0,0.9686760254505122,118.0,1.1858416900457254,445.0
1984-10-11 00:00:00-04:00,6.697156904642456,6.697156904642456,6.59412372149411,6.614730358123779,42600,WHR,6.676547050476074,1,0.9938082630163758,1.0,1.000000158591788,1.0,0.950152669282628,27.0,0.9574072036330906,117.0,1.170494176846495,445.0
1984-10-12 00:00:00-04:00,6.594120543680074,6.758973557272075,6.573513916981073,6.676547050476074,228000,WHR,6.717762470245361,1,1.0046509218378286,1.0,1.0068362908602666,2.0,0.9582972203635143,28.0,0.9669246541275951,118.0,1.1806567307057425,446.0
1984-10-15 00:00:00-04:00,6.738369103589672,6.758975736933983,6.69715583690105,6.717762470245361,383400,WHR,6.758974075317383,1,1.0030770843174504,2.0,1.0092880032816083,3.0,0.9635204618284384,28.0,0.973378145994323,119.0,1.1871484552751224,447.0
1984-10-16 00:00:00-04:00,6.738367447038976,6.758974075317383,6.717760818760569,6.758974075317383,46600,WHR,6.717762470245361,0,1.003057981057409,2.0,1.009852105847087,4.0,0.9684989191073187,29.0,0.9798252823860426,119.0,1.1936221178938444,448.0
1984-10-17 00:00:00-04:00,6.71776247024536,6.758975736933983,6.71776247024536,6.717762470245361,44800,WHR,6.676547050476074,0,0.996942018942591,1.0,1.0030770057565022,3.0,0.9618567463172352,28.0,0.9742363243582324,119.0,1.1855497078876978,448.0
1984-10-18 00:00:00-04:00,6.7177603038740745,6.882613317466077,6.676547050476074,6.676547050476074,119200,WHR,7.047463417053223,1,0.9969229156825498,0.0,0.9950858512023171,3.0,0.9555502000313759,27.0,0.9687651409963947,118.0,1.1774838498634965,448.0
1984-10-19 00:00:00-04:00,6.9650369443391495,7.088676653410259,6.676544289839895,7.047463417053223,426800,WHR,7.109286308288574,1,1.0270268204366886,1.0,1.0388816496366557,3.0,1.00736650687917,27.0,1.0229344559435918,118.0,1.241995658093062,448.0
1984-10-22 00:00:00-04:00,7.129892935269121,7.171106189230214,7.088679681308028,7.109286308288574,174400,WHR,7.1711039543151855,1,1.004367025795807,2.0,1.0360360541909408,3.0,1.015564431942495,27.0,1.0322237011660926,119.0,1.2519843977821363,448.0
1984-10-23 00:00:00-04:00,7.129890713198432,7.232923815990316,7.129890713198432,7.1711039543151855,88000,WHR,7.191715240478516,1,1.0043288485041262,2.0,1.032640724734142,3.0,1.0235015305081014,28.0,1.041349502012154,120.0,1.2619353879273811,449.0
1984-10-24 00:00:00-04:00,7.171108606551643,7.23292850833226,7.15050197262477,7.191715240478516,51400,WHR,7.212319374084473,1,1.0014350446025806,2.0,1.0216631923936623,4.0,1.025448826049366,29.0,1.044468854919661,121.0,1.2646254733886544,449.0
1984-10-25 00:00:00-04:00,7.212319374084472,7.212319374084472,7.171106120518275,7.212319374084473,211200,WHR,7.1711039543151855,0,1.0014304418280922,2.0,1.0092272922574799,5.0,1.0274404762714782,29.0,1.047527473187236,122.0,1.267331768901881,449.0
1984-10-26 00:00:00-04:00,7.191710574873562,7.232923815990316,7.129890713198432,7.1711039543151855,68600,WHR,7.006252765655518,0,0.9971345194514363,1.0,0.9999997473219249,4.0,1.0210751881377325,28.0,1.0415963650008635,122.0,1.2591926361125514,448.0
1984-10-29 00:00:00-05:00,7.129892520343556,7.129892520343556,6.965039514092838,7.006252765655518,64000,WHR,7.088681221008301,1,0.9883722197363171,0.0,0.9798271014444063,3.0,0.9980894331656887,27.0,1.0178148213360623,121.0,1.2294275787532998,447.0
1984-10-30 00:00:00-05:00,7.047467958095462,7.171107746833979,7.047467958095462,7.088681221008301,193600,WHR,7.212319374084473,1,1.0058480909120096,1.0,0.9936454726816845,3.0,1.0099807399336733,28.0,1.0298460775757103,122.0,1.2430553630234018,447.0
1984-10-31 00:00:00-05:00,7.10928624016898,7.232926000867571,7.10928624016898,7.212319374084473,171400,WHR,7.253533363342285,1,1.0086454197560553,2.0,1.0103926351552532,3.0,1.0273468186806116,29.0,1.0477547111685608,123.0,1.2638676653615124,447.0
1984-11-01 00:00:00-05:00,7.212320105596023,7.253533363342285,7.212320105596023,7.253533363342285,187800,WHR,7.212319374084473,0,1.0028490535612313,2.0,1.0149943405773783,3.0,1.032965378779155,29.0,1.0536628939063715,124.0,1.2702083542890912,448.0
1984-11-02 00:00:00-05:00,7.253532627650669,7.253532627650669,7.171106120518275,7.212319374084473,75400,WHR,7.232926845550537,1,0.9971509464387688,1.0,1.0080644596937036,3.0,1.027045356377699,28.0,1.047694401598892,123.0,1.2621249188581738,448.0
1984-11-05 00:00:00-05:00,7.212320216360934,7.25353347474014,7.129893699602524,7.232926845550537,49600,WHR,7.212319374084473,0,1.0014265919149272,1.0,1.004579307119854,4.0,1.0303268945598256,28.0,1.0506576988345548,124.0,1.2648418406929536,449.0
1984-11-06 00:00:00-05:00,7.253532627650669,7.274139254433767,7.171106120518275,7.212319374084473,201200,WHR,7.253533363342285,1,0.9985734080850728,1.0,0.9982886043575069,3.0,1.0275890335432312,28.0,1.047658622599765,123.0,1.2603271343168965,449.0
1984-11-07 00:00:00-05:00,7.212320105596023,7.335959878834811,7.212320105596023,7.253533363342285,264400,WHR,7.212319374084473,0,1.0028490535612313,1.0,1.0028490403384869,3.0,1.0334587844641299,29.0,1.0536626539371403,123.0,1.2666180415644646,449.0
1984-11-08 00:00:00-05:00,7.253532627650669,7.253532627650669,7.150499493735176,7.212319374084473,172200,WHR,7.150505065917969,0,0.9971509464387688,1.0,0.9982886043575069,2.0,1.0272874407230865,29.0,1.0478139890949463,122.0,1.258521379611651,449.0
1984-11-09 00:00:00-05:00,7.212324994441755,7.25353828012428,7.129898423076707,7.150505065917969,94400,WHR,7.253533363342285,1,0.9956962289398774,0.0,0.9914291473781106,2.0,1.0184834657138515,28.0,1.0390197602286724,121.0,1.2468533744352708,449.0
1984-11-12 00:00:00-05:00,7.1917134767228905,7.253533363342285,7.171106847849759,7.253533363342285,60600,WHR,7.191715240478516,0,1.0071527369168236,1.0,1.0051398257800859,2.0,1.0327065330875607,29.0,1.054152530519006,121.0,1.2638814651389003,450.0
1984-11-13 00:00:00-05:00,7.23292850833226,7.23292850833226,7.191715240478515,7.191715240478516,76400,WHR,7.232926845550537,1,0.9957205220512841,1.0,0.9971429391245178,2.0,1.0237562656420836,28.0,1.0453667914347635,121.0,1.2521786644159283,450.0
1984-11-14 00:00:00-05:00,7.212320216360934,7.232926845550536,7.191713587171331,7.232926845550537,67600,WHR,7.150505065917969,0,1.002857027912806,1.0,1.0034303803656501,2.0,1.029372340873411,29.0,1.0515073931961778,122.0,1.2584183565970601,450.0
1984-11-15 00:00:00-05:00,7.232931637283017,7.232931637283017,7.129898423076707,7.150505065917969,276000,WHR,7.129894733428955,0,0.994269672207587,1.0,0.9937002395147093,2.0,1.0173970196599122,29.0,1.0397472672551937,121.0,1.2431975258208303,449.0
1984-11-16 00:00:00-05:00,7.150501365606496,7.171107997784036,7.129894733428955,7.129894733428955,105200,WHR,7.047463417053223,0,0.9985567398127078,0.0,0.9914039535928358,2.0,1.0145636656190928,28.0,1.0370556504493724,120.0,1.2387416941645206,449.0
1984-11-19 00:00:00-05:00,7.129889889767295,7.171103126124331,7.047463417053222,7.047463417053223,209000,WHR,7.026860237121582,0,0.9941857068502619,0.0,0.9855901505976958,1.0,1.003128074665254,28.0,1.0254052723551228,120.0,1.2235516355085758,449.0
1984-11-20 00:00:00-05:00,7.006253608860229,7.06807349364429,7.006253608860229,7.026860237121582,56600,WHR,7.047463417053223,1,0.9985361158064935,0.0,0.9872610551791284,1.0,1.0007335755043234,27.0,1.0228638920092552,119.0,1.2191018430788723,449.0
1984-11-21 00:00:00-05:00,7.026856798874704,7.068070035231741,7.006250180696186,7.047463417053223,63200,WHR,7.315353870391846,1,1.0014638841935064,1.0,0.9953429491259516,1.0,1.0042080962827493,27.0,1.0264029362148066,119.0,1.221806153438706,449.0
1984-11-23 00:00:00-05:00,7.06807430294198,7.315353870391846,7.06807430294198,7.315353870391846,369800,WHR,7.232926845550537,0,1.0186516647797779,2.0,1.0283895932777651,2.0,1.0423293833361091,27.0,1.065850207535894,119.0,1.2673061777547348,449.0
1984-11-26 00:00:00-05:00,7.315353362308947,7.315353362308947,7.191713587171331,7.232926845550537,191600,WHR,7.232926845550537,0,0.9943342428943522,1.0,1.0138650266529674,2.0,1.030584755325589,27.0,1.0542817265652016,119.0,1.2521085817013946,449.0
1984-11-27 00:00:00-05:00,7.212320216360934,7.25353347474014,7.212320216360934,7.232926845550537,95800,WHR,7.191715240478516,0,1.0,0.0,1.0086207901990276,2.0,1.030584755325589,27.0,1.0547355005707246,118.0,1.251183487925722,449.0
1984-11-28 00:00:00-05:00,7.23292850833226,7.253535142259133,7.191715240478515,7.191715240478516,86600,WHR,7.191715240478516,0,0.9971429720871939,0.0,0.9982840268214717,2.0,1.0245622987207152,27.0,1.0491053013615308,118.0,1.2431365399894705,449.0
1984-11-29 00:00:00-05:00,7.191715240478516,7.233406343321869,7.191715240478516,7.191715240478516,26600,WHR,7.233409404754639,1,1.0,0.0,0.9943021180022458,1.0,1.0240612381846828,27.0,1.0494728512811855,118.0,1.242219910454427,449.0
1984-11-30 00:00:00-05:00,7.191718284266139,7.233409404754639,7.17087272402189,7.233409404754639,51600,WHR,7.233409404754639,0,1.0028903850262327,1.0,1.002337781318373,1.0,1.0295942682470087,27.0,1.0558769224970215,119.0,1.2484837462756637,450.0
1984-12-03 00:00:00-05:00,7.254254964998888,7.254254964998888,7.17087272402189,7.233409404754639,181600,WHR,7.004108428955078,0,1.0,1.0,1.002324376530497,1.0,1.0289391896285667,27.0,1.0561600534513564,119.0,1.2475388005383954,450.0
1984-12-04 00:00:00-05:00,7.129181793757848,7.233409597760155,6.9207261857532325,7.004108428955078,170400,WHR,7.0874857902526855,1,0.9838945960610738,0.0,0.9767443728550089,1.0,0.9963266125018964,26.0,1.0231027418648084,118.0,1.2071336967608086,449.0
1984-12-05 00:00:00-05:00,7.004103604485007,7.0874857902526855,7.004103604485007,7.0874857902526855,102400,WHR,7.254246234893799,1,1.005916815372384,1.0,0.991253197315055,2.0,1.0083376018819852,26.0,1.0357081116165876,118.0,1.2206396732711826,449.0
1984-12-06 00:00:00-05:00,7.0874819536318725,7.254246234893799,7.0874819536318725,7.254246234893799,26200,WHR,7.254246234893799,0,1.0116276363516428,2.0,1.0128047433585616,3.0,1.0315568439668747,27.0,1.0604843628031502,118.0,1.2484412037655204,450.0
1984-12-07 00:00:00-05:00,7.1917096294205765,7.29593730520928,7.170864094262836,7.254246234893799,241400,WHR,7.233409404754639,0,1.0,1.0,1.0122158072316965,2.0,1.031101891955627,26.0,1.0608425590225061,118.0,1.2475238272720297,450.0
1984-12-10 00:00:00-05:00,7.254254964998888,7.275100525243138,7.212563844510389,7.233409404754639,103600,WHR,7.233409404754639,0,0.9985617528013203,0.0,1.0093083557672,2.0,1.0279383085862188,25.0,1.058141128528125,118.0,1.2430232130946146,450.0
1984-12-11 00:00:00-05:00,7.233409404754639,7.254254964998888,7.212563844510389,7.233409404754639,33200,WHR,7.254246234893799,1,1.0,0.0,1.0028907894754413,2.0,1.0279873060861913,24.0,1.0583762234452243,118.0,1.2421072922693663,450.0
1984-12-12 00:00:00-05:00,7.254246234893799,7.27509177005154,7.233400699736058,7.254246234893799,36200,WHR,7.170867443084717,0,1.0014382471986796,1.0,1.0011502668853185,2.0,1.0305444277129288,25.0,1.0615491313008247,119.0,1.2447761823944192,450.0
1984-12-13 00:00:00-05:00,7.275095167548157,7.275095167548157,7.12917635329934,7.170867443084717,29800,WHR,7.191715240478516,1,0.9942198866733114,1.0,0.9919260758045968,1.0,1.018302676607224,25.0,1.04963177652347,118.0,1.2295932628074107,449.0
1984-12-14 00:00:00-05:00,7.129178586213485,7.233406343321869,7.129178586213485,7.191715240478516,39400,WHR,7.316787719726562,1,1.0014515354134501,1.0,0.996533844734417,2.0,1.0209146290016653,25.0,1.0529063255016908,119.0,1.23231131376821,449.0
1984-12-17 00:00:00-05:00,7.212559974431313,7.316787719726563,7.170868876313213,7.316787719726562,75800,WHR,7.462703704833984,1,1.008620632989572,2.0,1.0115274215579575,3.0,1.037906987251041,26.0,1.0714159621238692,119.0,1.2528370577815682,450.0
1984-12-18 00:00:00-05:00,7.337630458384252,7.5043947869838945,7.337630458384252,7.462703704833984,296000,WHR,7.462703704833984,0,1.0098728691614476,2.0,1.025200299714592,4.0,1.057515888509258,26.0,1.0929553932416147,119.0,1.2768719582706567,450.0
1984-12-19 00:00:00-05:00,7.421012622684073,7.462703704833984,7.400167081609118,7.462703704833984,351200,WHR,7.462703704833984,0,1.0,1.0,1.0193619727685186,3.0,1.056171697633303,26.0,1.0931407606147912,118.0,1.275940408737959,449.0
1984-12-20 00:00:00-05:00,7.421012622684073,7.483549245908939,7.421012622684073,7.462703704833984,190400,WHR,7.566931247711182,1,1.0,0.0,1.0112992603770838,3.0,1.0548309195767493,26.0,1.0933007215504884,118.0,1.2750017280978558,449.0
1984-12-21 00:00:00-05:00,7.462703544574664,7.587776788338485,7.462703544574664,7.566931247711182,391000,WHR,7.62946605682373,1,1.0069348020232218,1.0,1.015100577443578,3.0,1.0683595009535392,26.0,1.1086776902201065,118.0,1.2918270135520087,450.0
1984-12-24 00:00:00-05:00,7.608620521149349,7.650311592498112,7.587774985474967,7.62946605682373,31800,WHR,7.671165943145752,1,1.0041151075389352,2.0,1.014974836408841,3.0,1.0755071274970442,27.0,1.1178813669615628,119.0,1.3014961645220429,451.0
1984-12-26 00:00:00-05:00,7.650320383517639,7.754548181658206,7.629474823889526,7.671165943145752,45600,WHR,7.712846755981445,1,1.0027253701887677,2.0,1.0148932208447785,3.0,1.0794378819326254,28.0,1.124018472184212,119.0,1.3075852965056864,452.0
1984-12-27 00:00:00-05:00,7.692001224208522,7.733692287754367,7.671155692435599,7.712846755981445,71600,WHR,7.712846755981445,0,1.0027093589722569,2.0,1.013698144568402,4.0,1.0828804855285705,29.0,1.1301254706637218,120.0,1.313652328460279,453.0
1984-12-28 00:00:00-05:00,7.692001224208522,7.733692287754367,7.671155692435599,7.712846755981445,170400,WHR,7.754543781280518,1,1.0,1.0,1.0070763639134828,4.0,1.080364866362906,29.0,1.1302041837591434,119.0,1.3126250178338945,452.0
1984-12-31 00:00:00-05:00,7.733698233481376,7.817080424677941,7.712852685682235,7.754543781280518,63200,WHR,7.692007064819336,0,1.0026958021909786,1.0,1.0075842780724595,4.0,1.083270856222313,30.0,1.136418605468413,119.0,1.3186807021317741,453.0
1985-01-02 00:00:00-05:00,7.754543707622744,7.754543707622744,7.60862487441479,7.692007064819336,112800,WHR,7.671165943145752,0,0.9959514122547966,1.0,0.9978368552118181,3.0,1.071795123212244,30.0,1.1273987752477717,119.0,1.307007837164533,453.0
1985-01-03 00:00:00-05:00,7.671165943145752,7.712857062401979,7.629474823889526,7.671165943145752,269000,WHR,7.421019077301025,0,0.9986434363745836,0.0,0.9951332644409554,2.0,1.066224272180882,30.0,1.1245023755763361,119.0,1.302420060018177,453.0
1985-01-04 00:00:00-05:00,7.608629110154141,7.608629110154141,7.379327958889222,7.421019077301025,61600,WHR,7.441860675811768,1,0.9834254042402854,0.0,0.97002771761533,1.0,1.0294350235568102,30.0,1.0881084820408458,119.0,1.258996651028565,452.0
1985-01-07 00:00:00-05:00,7.462706223923286,7.504397320146321,7.441860675811768,7.441860675811768,91200,WHR,7.504399299621582,1,1.0014022584355753,1.0,0.979692442101604,2.0,1.0305517959743382,30.0,1.0914139115967034,120.0,1.2615736332596161,453.0
1985-01-08 00:00:00-05:00,7.483553746011522,7.504399299621582,7.462708192401462,7.504399299621582,154800,WHR,7.671165943145752,1,1.0041842323037742,2.0,0.9944751374233154,2.0,1.037082663341894,31.0,1.1007328996633714,121.0,1.2712049097617142,453.0
1985-01-09 00:00:00-05:00,7.546092585377071,7.733702622030092,7.546092585377071,7.671165943145752,208600,WHR,7.817079544067383,1,1.0109891553201718,2.0,1.0171367129124662,3.0,1.057706169808398,31.0,1.1251555734014291,122.0,1.2984441881621773,453.0
1985-01-10 00:00:00-05:00,7.650315180460612,7.817079544067383,7.650315180460612,7.817079544067383,87600,WHR,7.692007064819336,0,1.0094209251165405,2.0,1.0324886049086854,4.0,1.0751088597515055,31.0,1.146419962103993,123.0,1.322059834553277,454.0
1985-01-11 00:00:00-05:00,7.83792589802729,7.83792589802729,7.671161517218199,7.692007064819336,153600,WHR,7.733696937561035,1,0.9919355354443388,1.0,1.0087477918781738,4.0,1.0556494898594295,30.0,1.1279987872360056,123.0,1.2998756985827298,453.0
1985-01-14 00:00:00-05:00,7.671160304642752,7.775388026173224,7.6294692160305635,7.733696937561035,92400,WHR,7.879624843597412,1,1.0027026236686032,1.0,1.0065108445957027,4.0,1.058910327718258,31.0,1.1338602950113192,124.0,1.3058721398963238,454.0
1985-01-15 00:00:00-05:00,7.858779275228107,7.879624843597413,7.837933706858802,7.879624843597412,133200,WHR,8.0880765914917,1,1.0093463715205355,2.0,1.0155837634244211,4.0,1.0759370753414743,32.0,1.1549803928370537,124.0,1.3294263287017984,454.0
1985-01-16 00:00:00-05:00,7.9421576839132415,8.129767707942689,7.921312125687747,8.0880765914917,456400,WHR,8.067224502563477,0,1.0130545870200336,2.0,1.0313665586258562,4.0,1.101791213603503,32.0,1.1850804732706604,125.0,1.3634433527515921,454.0
1985-01-17 00:00:00-05:00,8.150606667964649,8.171452209314943,8.067224502563477,8.067224502563477,124400,WHR,8.004690170288086,0,0.9987092726525602,1.0,1.0221864824285594,3.0,1.096565729616728,31.0,1.1814904435004652,125.0,1.3587855845577612,454.0
1985-01-18 00:00:00-05:00,8.004690170288086,8.004690170288086,7.94215352833271,8.004690170288086,113600,WHR,8.171456336975098,1,0.9961090925662378,0.0,1.0062890864950715,3.0,1.0860146269291406,30.0,1.1718038129818134,125.0,1.3471394671984487,453.0
1985-01-21 00:00:00-05:00,8.00469192193479,8.213147440735174,7.963000818174713,8.171456336975098,283800,WHR,8.254833221435547,1,1.0103093877526477,1.0,1.0160704303732497,3.0,1.1061895272185231,30.0,1.1955613158391634,126.0,1.3740275398395787,454.0
1985-01-22 00:00:00-05:00,8.192296606121642,8.254833221435547,8.192296606121642,8.254833221435547,466400,WHR,8.19229507446289,0,1.0050758197196006,2.0,1.0169487144542246,3.0,1.114854176897337,30.0,1.2069417524942383,127.0,1.3868402933380601,455.0
1985-01-23 00:00:00-05:00,8.213140609003508,8.213140609003508,8.171449539922273,8.19229507446289,161600,WHR,8.046382904052734,0,0.996197625150875,1.0,1.006659443143064,2.0,1.1038707352941186,30.0,1.1970585037264012,126.0,1.3751522912290013,455.0
1985-01-24 00:00:00-05:00,8.192301765007059,8.192301765007059,8.004691800922927,8.046382904052734,297200,WHR,7.879624843597412,0,0.9910145289780853,0.0,0.9892366149205865,2.0,1.081683127578941,30.0,1.175003361307896,126.0,1.3495430866368865,454.0
1985-01-25 00:00:00-05:00,7.963007117074634,7.963007117074634,7.837933706858802,7.879624843597412,331800,WHR,7.983841896057129,1,0.9895291988364173,0.0,0.9717232781186536,2.0,1.0573918508783087,29.0,1.1501122414162082,125.0,1.3205196940875006,454.0
1985-01-28 00:00:00-05:00,7.921305275461382,8.004687436255711,7.879614195064216,7.983841896057129,137200,WHR,8.004690170288086,1,1.0065696265620931,1.0,0.9891525956186514,2.0,1.0695315365979254,29.0,1.1646796691473311,126.0,1.3368904873234169,455.0
1985-01-29 00:00:00-05:00,8.004690170288086,8.004690170288086,7.900462433695793,8.004690170288086,53600,WHR,7.96299934387207,0,1.0013039517414386,2.0,0.9979209519462275,2.0,1.0705290206379525,29.0,1.1669399735380626,127.0,1.3392942935985441,455.0
1985-01-30 00:00:00-05:00,8.004690439913286,8.025535987933893,7.837926055748425,7.96299934387207,194400,WHR,7.817079544067383,0,0.9973890507841449,1.0,0.9984316374623949,2.0,1.0631744415655813,29.0,1.1601278994446658,126.0,1.3312786723361711,454.0
1985-01-31 00:00:00-05:00,7.879616180419921,7.879616180419921,7.754542907714844,7.817079544067383,287400,WHR,7.796234130859375,0,0.9907529106260544,0.0,0.9858042087820909,2.0,1.042337146392789,28.0,1.1382193117990898,126.0,1.305908417744796,453.0
1985-02-01 00:00:00-05:00,7.837925222468249,7.837925222468249,7.775388585054939,7.796234130859375,81200,WHR,7.754543781280518,0,0.9986648949965385,0.0,0.9852476502917907,2.0,1.0382103512590348,28.0,1.1345376298553724,126.0,1.3014596610987474,453.0
1985-02-04 00:00:00-05:00,7.775389329079658,7.7962348768788,7.754543781280518,7.754543781280518,221400,WHR,7.587782382965088,0,0.9973190826970584,0.0,0.9856916171932518,1.0,1.0315115055081687,27.0,1.1278557857340512,126.0,1.293566158738305,452.0
1985-02-05 00:00:00-05:00,7.775392386939499,7.775392386939499,7.546091270970774,7.587782382965088,77400,WHR,7.671165943145752,1,0.9891306313964269,0.0,0.9748262711958894,0.0,1.0084893895482823,27.0,1.1030944409949637,126.0,1.26485420961726,452.0
1985-02-06 00:00:00-05:00,7.587783704633298,7.671165943145752,7.462710346864617,7.671165943145752,399000,WHR,7.796234130859375,1,1.0054645679635719,1.0,0.9929847663791709,1.0,1.0183973021880033,28.0,1.114727885516467,126.0,1.2778421086894296,452.0
1985-02-07 00:00:00-05:00,7.671160856032754,7.837925222468249,7.671160856032754,7.796234130859375,137600,WHR,7.92130708694458,1,1.0080859218171911,2.0,1.0097189729668528,2.0,1.033759597240624,28.0,1.1321928228410674,127.0,1.2977485026343842,452.0
1985-02-08 00:00:00-05:00,7.837924907082005,7.92130708694458,7.796233817150719,7.92130708694458,127800,WHR,7.879624843597412,0,1.0079575395637284,2.0,1.0226046669650317,3.0,1.048653121792542,29.0,1.1495663960932228,127.0,1.3176084161604256,452.0
1985-02-11 00:00:00-05:00,7.963007117074634,7.963007117074634,7.837933706858802,7.879624843597412,248800,WHR,7.796234130859375,0,0.9973620389271725,1.0,1.0139491516076309,3.0,1.0416487656521676,28.0,1.1428261855958985,126.0,1.3097310898195675,452.0
1985-02-12 00:00:00-05:00,7.837925222468249,7.837925222468249,7.775388585054939,7.796234130859375,273000,WHR,7.983841896057129,1,0.9946803098398679,0.0,0.9978651886003149,3.0,1.029160719695196,28.0,1.1300771475514133,126.0,1.2949427799916111,452.0
1985-02-13 00:00:00-05:00,7.837923114667052,7.98384189605713,7.796232034269886,7.983841896057129,243800,WHR,7.942152500152588,0,1.011888901224414,1.0,1.0137634675062366,3.0,1.051949943642027,29.0,1.1563695513318795,127.0,1.3251060390152405,453.0
1985-02-14 00:00:00-05:00,7.96299804477241,8.004689134012057,7.921306955532764,7.942152500152588,241800,WHR,7.92130708694458,0,0.9973823049997768,1.0,1.0047466356682953,2.0,1.0444049751390352,29.0,1.1493180231596494,127.0,1.3171958948142302,453.0
1985-02-15 00:00:00-05:00,7.9629981768758675,7.9629981768758675,7.837924907082005,7.92130708694458,61600,WHR,8.004690170288086,1,0.9986859478480367,0.0,1.00210952201561,1.0,1.039625739902918,29.0,1.145332747589166,126.0,1.3127649981893459,452.0
1985-02-19 00:00:00-05:00,7.962999075651169,8.004690170288086,7.962999075651169,8.004690170288086,235200,WHR,7.983841896057129,0,1.0052356585271693,1.0,1.0094638551843407,2.0,1.0483741582634516,29.0,1.1564224540039356,126.0,1.325587196406721,452.0
1985-02-20 00:00:00-05:00,7.962996355858547,7.98384189605713,7.921305275461382,7.983841896057129,77000,WHR,8.067224502563477,1,0.9986960482585614,1.0,1.0020929882308733,2.0,1.0441200823684318,28.0,1.1525678065522964,125.0,1.3211851510763961,451.0
1985-02-21 00:00:00-05:00,8.004687878512597,8.067224502563477,8.004687878512597,8.067224502563477,228400,WHR,8.0880765914917,1,1.005194832818928,1.0,1.0104437510792355,2.0,1.0531097310882442,29.0,1.1638879708832885,125.0,1.3339898316049492,452.0
1985-02-22 00:00:00-05:00,8.0880765914917,8.171458824393676,8.0880765914917,8.0880765914917,941600,WHR,8.088075637817383,0,1.0012907273474398,2.0,1.0093658154644396,3.0,1.0538710241163105,30.0,1.1660289494395337,126.0,1.3364686754726325,452.0
1985-02-25 00:00:00-05:00,8.0670129408439,8.088075637817383,7.961699455976486,8.088075637817383,49600,WHR,8.10913372039795,1,0.9999999410444275,1.0,1.0051816927681634,3.0,1.051823434971115,30.0,1.1650276295583284,126.0,1.3355264641141955,451.0
1985-02-26 00:00:00-05:00,8.10913372039795,8.130196405385997,8.088071035409904,8.10913372039795,298200,WHR,8.024884223937988,0,1.0013001055993567,1.0,1.005189270756427,3.0,1.052469179942093,31.0,1.167017651134648,127.0,1.3380687164770344,451.0
1985-02-27 00:00:00-05:00,8.088072288693406,8.088072288693406,8.003821535686182,8.024884223937988,123800,WHR,8.00382137298584,0,0.9947781453602798,1.0,0.9937347726729973,3.0,1.0397544672102932,30.0,1.1539583787696877,126.0,1.3232571257314532,451.0
1985-02-28 00:00:00-05:00,7.982758685162192,8.00382137298584,7.919570621691252,8.00382137298584,166200,WHR,8.151260375976562,1,0.9986859293893207,0.0,0.9926853017925409,2.0,1.0353030426331489,30.0,1.1499995857180692,126.0,1.3188824112334967,451.0
1985-03-01 00:00:00-05:00,8.003821557806443,8.151260375976562,8.003821557806443,8.151260375976562,485600,WHR,8.00382137298584,0,1.0091264782983962,1.0,1.0093896253429824,2.0,1.0517733094976376,31.0,1.1700985897609733,127.0,1.342232437239152,451.0
1985-03-04 00:00:00-05:00,8.109134812104074,8.109134812104074,7.79319449474937,8.00382137298584,715400,WHR,7.835315704345703,0,0.9908735217016037,1.0,0.9932044092582779,2.0,1.0307178193888549,30.0,1.147980707746369,126.0,1.3170467802554517,451.0
1985-03-05 00:00:00-05:00,7.9616917640932146,7.9616917640932146,7.751064997847362,7.835315704345703,296400,WHR,7.835315704345703,0,0.9893614363069503,0.0,0.9789469412283959,1.0,1.0077611296024906,29.0,1.1228076289473181,126.0,1.288459047203143,451.0
1985-03-06 00:00:00-05:00,7.835315704345703,7.835315704345703,7.751064997847362,7.835315704345703,273600,WHR,7.751071453094482,0,1.0,0.0,0.983606235508255,1.0,1.0065074259429063,29.0,1.1218954251811926,125.0,1.287625185426623,450.0
1985-03-07 00:00:00-05:00,7.751071453094482,7.835322229758553,7.751071453094482,7.751071453094482,240800,WHR,7.793195247650146,1,0.9945950109925887,0.0,0.9792447174939827,1.0,0.9945833025034184,29.0,1.1091259454096307,124.0,1.2729786704114163,449.0
1985-03-08 00:00:00-05:00,7.793195247650146,7.81425793750866,7.70894448821609,7.793195247650146,229600,WHR,7.772135257720947,0,1.002709924846673,1.0,0.9935555457315626,1.0,0.9987927331435252,30.0,1.1144424193978668,124.0,1.2790865304835564,449.0
1985-03-11 00:00:00-05:00,7.793197954896343,7.835323349247134,7.687884469019366,7.772135257720947,90200,WHR,7.8142547607421875,1,0.9986469937196687,1.0,0.9967589973475979,1.0,0.9949929487079715,29.0,1.1107869325263762,123.0,1.274835507313699,448.0
1985-03-12 00:00:00-05:00,7.751066716854784,7.898505485925392,7.751066716854784,7.8142547607421875,78000,WHR,7.793195247650146,0,1.0027023257451755,1.0,1.0027023932320451,2.0,0.9990136843437117,30.0,1.1162870960442917,123.0,1.2809375875843059,449.0
1985-03-13 00:00:00-05:00,7.835320627367174,7.877446007084202,7.793195247650146,7.793195247650146,129200,WHR,7.793195247650146,0,0.9986506756016698,1.0,1.001082222577269,2.0,0.995046075204933,29.0,1.1128000048456987,122.0,1.2767027059438965,448.0
1985-03-14 00:00:00-05:00,7.793195247650146,7.835320627367174,7.6668191084990625,7.793195247650146,109600,WHR,7.751071453094482,0,1.0,0.0,1.0000000122372696,2.0,0.9940383128700649,28.0,1.1121940038658418,122.0,1.2759249969964508,447.0
1985-03-15 00:00:00-05:00,7.751071453094482,7.898510312256606,7.751071453094482,7.751071453094482,94800,WHR,7.645755290985107,0,0.9972900751533267,0.0,0.9956711709434881,1.0,0.9880596230233175,27.0,1.1056449438862752,121.0,1.2682847612520765,446.0
1985-03-18 00:00:00-05:00,7.7089433512411825,7.751068724745233,7.582567230729031,7.645755290985107,133600,WHR,7.645755290985107,0,0.9931598787295655,0.0,0.9853419432793264,1.0,0.9742556638031288,27.0,1.090120555514856,121.0,1.2503450683975295,445.0
1985-03-19 00:00:00-05:00,7.645755290985107,7.666817977737132,7.582567230729031,7.645755290985107,83400,WHR,7.645755290985107,0,1.0,0.0,0.9896400020703405,0.0,0.9738770652676361,27.0,1.08958188090958,121.0,1.2496307850159218,445.0
1985-03-20 00:00:00-05:00,7.624692604233082,7.687880664489158,7.498316483720932,7.645755290985107,142600,WHR,7.751071453094482,1,1.0,0.0,0.9934317553935688,0.0,0.9737141271580643,26.0,1.0890062965079308,121.0,1.2489212927592888,444.0
1985-03-21 00:00:00-05:00,7.6668206764304125,7.793196841426518,7.6668206764304125,7.751071453094482,199800,WHR,7.751071453094482,0,1.0068401212704345,1.0,1.0082193898491891,1.0,0.986871788864392,26.0,1.1032945221662003,122.0,1.2653923562537606,444.0
1985-03-22 00:00:00-05:00,7.751071453094482,7.814259535592535,7.751071453094482,7.751071453094482,144000,WHR,7.793195247650146,1,1.0,1.0,1.0082193898491891,1.0,0.9867044828427853,25.0,1.1025327162063139,122.0,1.2646690894859478,443.0
1985-03-25 00:00:00-05:00,7.793195247650146,7.81425793750866,7.772132557791632,7.793195247650146,36200,WHR,7.73000955581665,0,1.002709924846673,1.0,1.0098253035648792,2.0,0.9918977140066588,25.0,1.1078091132640386,122.0,1.2708109730344368,443.0
1985-03-26 00:00:00-05:00,7.7721349484914,7.835323037503525,7.7300095558166495,7.73000955581665,307000,WHR,7.582566261291504,0,0.9959295974875378,1.0,0.9994555308764462,2.0,0.9838197845409847,25.0,1.0981705123581305,121.0,1.2597961634652817,443.0
1985-03-27 00:00:00-05:00,7.687879681587219,7.708942365646362,7.582566261291504,7.582566261291504,35400,WHR,7.624692916870117,1,0.9903710978292487,0.0,0.9819963682831244,2.0,0.9654064481389549,24.0,1.0766213970396177,121.0,1.235103246101121,442.0
1985-03-28 00:00:00-05:00,7.582567541638791,7.666818292101444,7.582567541638791,7.624692916870117,101000,WHR,7.582566261291504,0,1.0027701675288805,1.0,0.9906949957602467,2.0,0.9709086655655063,25.0,1.0819718117747155,122.0,1.2413099591351326,442.0
1985-03-29 00:00:00-05:00,7.603628945350647,7.62469162940979,7.582566261291504,7.582566261291504,576000,WHR,7.666821002960205,1,0.9972298324711195,1.0,0.9895544953263947,2.0,0.9657259557987601,25.0,1.0752701009553707,122.0,1.233809267562561,442.0
1985-04-01 00:00:00-05:00,7.582570222707895,7.666821002960205,7.561507527644818,7.666821002960205,129400,WHR,7.624692916870117,0,1.0055251230891233,1.0,1.0038612707166052,2.0,0.9759475428428654,26.0,1.086472547980794,122.0,1.2468568981757928,442.0
1985-04-02 00:00:00-05:00,7.687880979717107,7.687880979717107,7.582567541638791,7.624692916870117,98200,WHR,7.456191062927246,0,0.9972450022730938,1.0,1.0011061907426548,2.0,0.9702085127910103,25.0,1.0796771279030706,122.0,1.2393564074014956,442.0
1985-04-03 00:00:00-05:00,7.582567182637877,7.603629869256316,7.456191062927246,7.456191062927246,185200,WHR,7.456191062927246,0,0.9888267919726325,0.0,0.9822418789957135,2.0,0.9488644058480438,24.0,1.0551235128199525,121.0,1.211358569827714,442.0
1985-04-04 00:00:00-05:00,7.456191062927246,7.498316436164123,7.435128376308807,7.456191062927246,132200,WHR,7.435131549835205,0,1.0,0.0,0.986622007950007,1.0,0.9492972442777255,23.0,1.0545511180847644,120.0,1.2107198455450685,442.0
1985-04-08 00:00:00-05:00,7.456194245443803,7.603633114703991,7.435131549835205,7.435131549835205,109400,WHR,7.435131549835205,0,0.9985857862568909,0.0,0.9876891121810185,1.0,0.9473838460498696,22.0,1.0510269188733508,119.0,1.206660491926147,442.0
1985-04-09 00:00:00-05:00,7.435131549835205,7.540445027878196,7.435131549835205,7.435131549835205,32600,WHR,7.371942520141602,0,1.0,0.0,0.9938065522776018,0.0,0.947900942710384,22.0,1.0505056801983677,118.0,1.206040472711067,441.0
1985-04-10 00:00:00-05:00,7.435130598885673,7.435130598885673,7.28769174848284,7.371942520141602,251600,WHR,7.393002033233643,1,0.9957325107313587,0.0,0.9920635603070879,0.0,0.9405679884613986,21.0,1.041074940663199,118.0,1.1951774823554788,441.0
1985-04-11 00:00:00-05:00,7.371939349378276,7.540440820221208,7.371939349378276,7.393002033233643,139600,WHR,7.393002033233643,0,1.0014263184677674,1.0,0.9965925105501546,1.0,0.9442319954882952,21.0,1.0434972837765801,119.0,1.1979582182936415,442.0
1985-04-12 00:00:00-05:00,7.393002033233643,7.393002033233643,7.393002033233643,7.393002033233643,153400,WHR,7.3508806228637695,0,1.0,1.0,0.998293206162368,1.0,0.9456311310333357,20.0,1.0428869716322535,119.0,1.1973253463442428,442.0
1985-04-15 00:00:00-05:00,7.393006013252673,7.393006013252673,7.3508806228637695,7.3508806228637695,230200,WHR,7.456191062927246,1,0.9971431263153432,0.0,0.9948691030589336,1.0,0.9416814798868456,20.0,1.0363871569339436,118.0,1.1898718728727729,442.0
1985-04-16 00:00:00-05:00,7.350877629835053,7.540441809401,7.329814943216615,7.456191062927246,120200,WHR,7.498317241668701,1,1.007112171960681,1.0,1.0085469196824994,2.0,0.9562921313853869,21.0,1.0506545835386019,118.0,1.2062347710026775,443.0
1985-04-17 00:00:00-05:00,7.5193799305497935,7.540442619430886,7.47725455278761,7.498317241668701,73800,WHR,7.456191062927246,0,1.0028169551203838,2.0,1.0107893821750513,3.0,0.9630807808848831,21.0,1.0559349467934258,119.0,1.2123396817942336,444.0
1985-04-18 00:00:00-05:00,7.519379122782562,7.561504496019438,7.456191062927246,7.456191062927246,342800,WHR,7.456191062927246,0,0.9971830448796161,1.0,1.0034012841521212,2.0,0.9593101687956869,20.0,1.049328811774993,119.0,1.2048277736937663,444.0
1985-04-19 00:00:00-05:00,7.456191062927246,7.498316436164123,7.414065689690369,7.456191062927246,57000,WHR,7.371942520141602,0,1.0,0.0,1.0016976906336361,2.0,0.9608267827738134,20.0,1.0486202722613691,119.0,1.2041277066821485,444.0
1985-04-22 00:00:00-05:00,7.456193291800362,7.477255984715053,7.371942520141602,7.371942520141602,18400,WHR,7.329810619354248,0,0.9943183312779269,0.0,0.9898192204254348,2.0,0.9513483009507538,20.0,1.0361329686872116,118.0,1.1898319579310173,444.0
1985-04-23 00:00:00-05:00,7.350873293547794,7.371935967741341,7.245559922580061,7.329810619354248,156200,WHR,7.245561122894287,0,0.997134226075789,0.0,0.9875136408686501,1.0,0.9470311030808957,20.0,1.0296245760431115,117.0,1.1823544996614774,444.0
1985-04-24 00:00:00-05:00,7.329811833625616,7.329811833625616,7.245561122894287,7.245561122894287,202400,WHR,7.287689685821533,1,0.9942197360074355,0.0,0.9828568643887496,0.0,0.9376364952983417,19.0,1.0173162553063297,116.0,1.1681298099194855,443.0
1985-04-25 00:00:00-05:00,7.24556431191505,7.287689685821532,7.203438938008567,7.287689685821533,72200,WHR,7.224502086639404,0,1.0028987707899448,1.0,0.9931115194815945,1.0,0.9445489655954533,19.0,1.0228350573608016,116.0,1.1742651490946836,444.0
1985-04-26 00:00:00-05:00,7.329815528135605,7.329815528135605,7.203439398340165,7.224502086639404,169600,WHR,6.9506916999816895,0,0.9956458955219958,1.0,0.9907569893752285,1.0,0.9378554203924432,19.0,1.0136443457894277,115.0,1.1634891749179666,443.0
1985-04-29 00:00:00-04:00,7.20344412543557,7.20344412543557,6.9506916999816895,6.9506916999816895,354400,WHR,6.9717512130737305,1,0.980683834677721,0.0,0.9643490866267309,1.0,0.9040050434046898,19.0,0.9751109429966701,114.0,1.1188775441403305,442.0
1985-04-30 00:00:00-04:00,6.992813905560357,6.992813905560357,6.866437750640592,6.9717512130737305,144600,WHR,6.9717512130737305,0,1.0015126305938948,1.0,0.9769777120211778,2.0,0.9083674725223494,20.0,0.9778381338011267,115.0,1.1217616424975467,442.0
1985-05-01 00:00:00-04:00,7.0560019830202405,7.098127367993495,6.950688520587103,6.9717512130737305,197200,WHR,6.908563137054443,0,1.0,1.0,0.9845330208287867,2.0,0.9099142063452562,20.0,0.9775889354853495,115.0,1.1212561721364713,442.0
1985-05-02 00:00:00-04:00,6.971751214527503,6.9928139070185225,6.8875004445634245,6.908563137054443,58200,WHR,6.908563137054443,0,0.995447648055701,0.0,0.98616952414939,1.0,0.9030014032436704,20.0,0.9685379667353314,114.0,1.110608052062566,441.0
1985-05-03 00:00:00-04:00,6.908563137054444,6.971751214527503,6.824312367090365,6.908563137054443,402400,WHR,6.866433143615723,0,1.0,0.0,0.9951455400421856,1.0,0.9045040550614707,19.0,0.9683910830471844,113.0,1.110105419411576,441.0
1985-05-06 00:00:00-04:00,6.950683857034321,6.99280921374362,6.845370465261073,6.866433143615723,183400,WHR,6.9506916999816895,1,0.9969415604490696,0.0,0.9914836515115519,1.0,0.9008158521309058,18.0,0.9623623990665812,113.0,1.1028613484598984,440.0
1985-05-07 00:00:00-04:00,6.9085662957393765,6.9506916999816895,6.9085662957393765,6.9506916999816895,211600,WHR,6.908563137054443,0,1.0060981251396168,1.0,1.0042609998034147,1.0,0.9138091866144765,18.0,0.9739570012992552,114.0,1.1158962596433422,441.0
1985-05-08 00:00:00-04:00,6.950688522036483,6.971751214527503,6.908563137054444,6.908563137054443,216600,WHR,7.056005954742432,1,0.9969602577178489,1.0,1.0000000414127077,1.0,0.910207238324969,18.0,0.9677652257573812,114.0,1.1086453131497704,441.0
1985-05-09 00:00:00-04:00,6.887504320002314,7.077068659084947,6.887504320002314,7.056005954742432,663800,WHR,7.329810619354248,1,1.0105583506887155,1.0,1.0170011049509295,2.0,0.9311464244932375,19.0,0.9879416996005269,115.0,1.131799586547734,441.0
1985-05-10 00:00:00-04:00,7.119183877418781,7.371935967741341,7.119183877418781,7.329810619354248,226800,WHR,7.393740177154541,1,1.0190329595265961,2.0,1.0437904487865293,3.0,0.9686725042719834,19.0,1.0255903201632848,116.0,1.1751595925916478,441.0
1985-05-13 00:00:00-04:00,7.393740177154542,7.393740177154542,7.308509742835757,7.393740177154541,43400,WHR,7.329811573028564,0,1.0043419932245863,2.0,1.037315758809489,4.0,0.9783028440518037,20.0,1.0337818326991404,117.0,1.1848337970218485,442.0
1985-05-14 00:00:00-04:00,7.3724267565926835,7.415041940156803,7.329811573028564,7.329811573028564,47200,WHR,7.415041446685791,1,0.995658071828682,1.0,1.0175225610745058,3.0,0.9711108425653698,20.0,1.0241923904407275,116.0,1.1740278677962932,442.0
1985-05-15 00:00:00-04:00,7.372426265957712,7.415041446685791,7.351118675593672,7.415041446685791,42400,WHR,7.500275135040283,1,1.0057803135469219,1.0,1.015080256352321,4.0,0.9836835406978139,20.0,1.035418032395129,116.0,1.187121531829898,442.0
1985-05-16 00:00:00-04:00,7.393737135963006,7.500275135040283,7.393737135963006,7.500275135040283,69800,WHR,7.521586418151855,1,1.0057145074921787,2.0,1.0144094065314113,4.0,0.9960556428305658,21.0,1.0465796136455472,117.0,1.2002133413153189,442.0
1985-05-17 00:00:00-04:00,7.478971197652411,7.5642016386513,7.415048366903245,7.521586418151855,46000,WHR,7.606814861297607,1,1.0014186845642339,2.0,1.0120417616982338,4.0,1.0000936507391955,21.0,1.0488234380746868,117.0,1.2030759161159614,442.0
1985-05-20 00:00:00-04:00,7.670737675258092,7.713352884565081,7.585507256644113,7.606814861297607,388800,WHR,7.628120422363281,1,1.0056336715011338,2.0,1.017674136809766,4.0,1.0125057295062474,21.0,1.0599443957861934,117.0,1.2161192565899996,443.0
1985-05-21 00:00:00-04:00,7.585505224472984,7.628120422363281,7.521582427637537,7.628120422363281,91400,WHR,7.457663059234619,0,1.0013984674479401,2.0,1.0124433489215316,5.0,1.0163786933311336,22.0,1.0620757978675162,118.0,1.2189084979699871,444.0
1985-05-22 00:00:00-04:00,7.585508711678641,7.606816320419311,7.436355450493949,7.457663059234619,161800,WHR,7.564199447631836,1,0.9887007948021664,1.0,0.9887007635509383,4.0,0.9951064079595026,21.0,1.037635582063369,117.0,1.191089640226587,444.0
1985-05-23 00:00:00-04:00,7.415046219086983,7.585507051709673,7.329815802775639,7.564199447631836,142000,WHR,7.628120422363281,1,1.0070920891699362,1.0,1.0011279738499295,4.0,1.0103571214522225,22.0,1.0516086352753145,118.0,1.207514231648102,444.0
1985-05-24 00:00:00-04:00,7.585505224472984,7.670735620253579,7.542890026582686,7.628120422363281,40400,WHR,7.542893409729004,0,1.0042074531920362,2.0,1.0067489626739852,4.0,1.0197480007470647,23.0,1.059601697030595,119.0,1.217106966618923,445.0
1985-05-28 00:00:00-04:00,7.670739060741361,7.670739060741361,7.500278192724886,7.542893409729004,282200,WHR,7.606814861297607,1,0.9943822467253974,1.0,0.9971833182147661,3.0,1.009723269530286,22.0,1.0468594867129872,119.0,1.2029210149100573,445.0
1985-05-29 00:00:00-04:00,7.521584442683629,7.606814861297608,7.500276838030135,7.606814861297607,170000,WHR,7.670736312866211,1,1.0042193189746664,1.0,1.0062006619310715,3.0,1.0191828028327647,23.0,1.0548077868073147,119.0,1.21248815889294,446.0
1985-05-30 00:00:00-04:00,7.628121111128066,7.713351514604357,7.628121111128066,7.670736312866211,142800,WHR,7.692052364349365,1,1.0041840116154677,2.0,1.008968490330575,4.0,1.028125031619546,24.0,1.0627285482907645,119.0,1.2220253890137642,447.0
1985-05-31 00:00:00-04:00,7.628129491515437,7.713359988627341,7.628129491515437,7.692052364349365,108800,WHR,7.8198933601379395,1,1.001387511859404,2.0,1.008380683721908,4.0,1.0313121194834012,25.0,1.064749270237194,119.0,1.2247758495551317,447.0
1985-06-03 00:00:00-04:00,7.755970526131362,7.819893360137939,7.71335530346031,7.8198933601379395,184200,WHR,7.862508296966553,1,1.0082414545576164,2.0,1.0200111833918657,4.0,1.0482911893599016,26.0,1.081459046885009,119.0,1.2444468649093212,448.0
1985-06-04 00:00:00-04:00,7.841200686405668,7.905123518088323,7.841200686405668,7.862508296966553,84400,WHR,8.182122230529785,1,1.002717373126922,2.0,1.0170893149235627,5.0,1.0538407096880071,26.0,1.0863738244745895,119.0,1.2505247313106451,449.0
1985-06-05 00:00:00-04:00,8.182122230529785,8.224737450480461,8.096891790628433,8.182122230529785,227800,WHR,8.267351150512695,1,1.019920304990227,2.0,1.0429113920311588,5.0,1.0956762385015648,27.0,1.1293701887137493,119.0,1.3005774696700507,449.0
1985-06-06 00:00:00-04:00,8.13950551416456,8.30996636262874,8.075582695990493,8.267351150512695,440000,WHR,8.09688663482666,0,1.0051812552297956,2.0,1.0379879245654788,5.0,1.1059709234979906,27.0,1.1397265303433983,120.0,1.3133102399138437,450.0
1985-06-07 00:00:00-04:00,8.26734740608617,8.288655002493607,8.054271442011784,8.09688663482666,80800,WHR,8.118195533752441,1,0.9895831068991949,1.0,1.0063554404989659,4.0,1.0824339829867973,27.0,1.1149558873156444,120.0,1.285461046798945,450.0
1985-06-10 00:00:00-04:00,8.09688793392632,8.139503133578563,8.09688793392632,8.118195533752441,313600,WHR,8.182122230529785,1,1.0013141406688073,1.0,1.0015770652030458,4.0,1.0844973517717944,28.0,1.1166435487147093,120.0,1.2880645568769047,451.0
1985-06-11 00:00:00-04:00,8.118199400603771,8.224737450480461,8.118199400603771,8.182122230529785,199400,WHR,8.13949966430664,0,1.0039218067832654,2.0,1.0015652037319087,4.0,1.0919892138220424,29.0,1.1241308445260583,121.0,1.2974055781073317,452.0
1985-06-12 00:00:00-04:00,8.182114845795157,8.246037618027932,8.096884482818124,8.13949966430664,390000,WHR,7.947734832763672,0,0.9973885826728636,1.0,0.997388571017357,3.0,1.0851090628202553,29.0,1.1170551903866541,120.0,1.2898591285976262,452.0
1985-06-13 00:00:00-04:00,8.139503233554217,8.139503233554217,7.926427232675834,7.947734832763672,365400,WHR,7.969043731689453,1,0.9880796894222005,0.0,0.9815789781779285,2.0,1.0588336869147552,29.0,1.0897124350320337,119.0,1.258740097178125,452.0
1985-06-14 00:00:00-04:00,7.947736128128786,7.99035133525012,7.926428524568119,7.969043731689453,61200,WHR,8.09688663482666,1,1.0013387695782467,1.0,0.9873285315073924,3.0,1.0609109994353154,30.0,1.0916806518919777,119.0,1.2613793449102382,453.0
1985-06-17 00:00:00-04:00,7.990348652789468,8.1181942312341,7.969041056382029,8.09688663482666,58000,WHR,8.160808563232422,1,1.007957391836059,2.0,1.0036976575788112,3.0,1.0771041374495784,30.0,1.1081739838494375,119.0,1.280830673147652,454.0
1985-06-18 00:00:00-04:00,8.11819337491267,8.2673465340318,8.075578186592919,8.160808563232422,168600,WHR,8.13949966430664,0,1.003931795228477,2.0,1.0121563157308935,3.0,1.0846221683079766,31.0,1.1158451089336454,120.0,1.290123924839084,455.0
1985-06-19 00:00:00-04:00,8.13949966430664,8.1608072550509,8.118192073562383,8.13949966430664,329400,WHR,8.203429222106934,1,0.9986927303074074,1.0,1.00951344812018,3.0,1.080960877980643,30.0,1.111847075729027,120.0,1.2859482751954205,454.0
1985-06-20 00:00:00-04:00,8.160814005368715,8.203429222106934,8.054275963523171,8.203429222106934,47200,WHR,8.203429222106934,0,1.0039117564693951,1.0,1.0110298732639436,4.0,1.0883105929183519,31.0,1.1194374629326,121.0,1.295223051442283,455.0
1985-06-21 00:00:00-04:00,8.139506396999607,8.224736830476044,8.139506396999607,8.203429222106934,138200,WHR,8.160808563232422,0,1.0,1.0,1.005222344024355,3.0,1.0868186266812447,31.0,1.118210511881229,121.0,1.2943987359937976,455.0
1985-06-24 00:00:00-04:00,8.182116157392297,8.182116157392297,8.096885780752794,8.160808563232422,78200,WHR,8.160808563232422,0,0.9973954999045116,0.0,0.9984356352754048,2.0,1.0798937442902905,30.0,1.1112334334232377,120.0,1.2868633870523238,455.0
1985-06-25 00:00:00-04:00,8.182116157392297,8.203423751552174,8.11819337491267,8.160808563232422,174600,WHR,8.118195533752441,0,1.0,0.0,0.9984356352754048,1.0,1.0785183285994635,30.0,1.1100930393677795,119.0,1.286058014351744,454.0
1985-06-26 00:00:00-04:00,8.139503133578563,8.139503133578563,8.09688793392632,8.118195533752441,183400,WHR,8.09688663482666,0,0.9973823319150172,0.0,0.9937401646509889,1.0,1.07182104427349,29.0,1.1032510279869603,118.0,1.2785549858962297,453.0
1985-06-27 00:00:00-04:00,8.160809424048976,8.160809424048976,8.09688663482666,8.09688663482666,16400,WHR,8.13949966430664,1,0.9986858593311927,0.0,0.9937237472653054,0.0,1.0678981066943938,29.0,1.0993149829934896,118.0,1.2744147329907844,453.0
1985-06-28 00:00:00-04:00,8.13949966430664,8.13949966430664,8.054269301329608,8.13949966430664,81800,WHR,8.054277420043945,0,1.0026245390257964,1.0,1.0005236320680777,1.0,1.0719083037864838,30.0,1.1041045582324882,118.0,1.2803140643034012,454.0
1985-07-01 00:00:00-04:00,8.118200256710962,8.118200256710962,8.054277420043945,8.054277420043945,48200,WHR,7.969043731689453,0,0.9947373460917248,1.0,0.9926476914404619,1.0,1.0592946434705581,30.0,1.0915145510981188,118.0,1.2661275640420169,454.0
1985-07-02 00:00:00-04:00,8.054274145932121,8.139504560174789,7.969043731689453,7.969043731689453,41800,WHR,7.905121326446533,0,0.9946806478165563,0.0,0.9868075287026474,1.0,1.0468595778978296,30.0,1.0790203226422708,117.0,1.2519696853972027,454.0
1985-07-03 00:00:00-04:00,7.969044140407018,7.990351745060512,7.883813721793039,7.905121326446533,49200,WHR,7.969043731689453,1,0.995973180006078,0.0,0.9840850275094009,1.0,1.0373948726449385,30.0,1.0695387037548019,116.0,1.2411570983017497,454.0
1985-07-05 00:00:00-04:00,7.926428524568119,7.969043731689453,7.883813317446785,7.969043731689453,19200,WHR,7.883811950683594,0,1.004026819993922,1.0,0.9952102484354984,2.0,1.0444194792419352,31.0,1.0772232063335048,117.0,1.2504245400723775,454.0
1985-07-08 00:00:00-04:00,7.926427150417019,7.926427150417019,7.798581551216745,7.883811950683594,185200,WHR,7.883811950683594,0,0.994623569234871,1.0,0.9908942537351834,1.0,1.032142489714503,30.0,1.0648458343250298,116.0,1.2362887890531282,454.0
1985-07-09 00:00:00-04:00,7.84119675095017,7.883811950683595,7.84119675095017,7.883811950683594,113600,WHR,7.883811950683594,0,1.0,0.0,0.9951585734319264,1.0,1.0310383086851762,30.0,1.0640028276249403,115.0,1.2355239418045374,454.0
1985-07-10 00:00:00-04:00,7.84119675095017,7.883811950683595,7.798581551216745,7.883811950683594,98600,WHR,7.883811950683594,0,1.0,0.0,0.9973045025422664,1.0,1.0298420388233251,30.0,1.0631845213897546,114.0,1.234763809061339,453.0
1985-07-11 00:00:00-04:00,7.883811950683595,7.883811950683595,7.84119675095017,7.883811950683594,125000,WHR,7.947734832763672,1,1.0,0.0,0.9978424678004517,1.0,1.0288841645637508,29.0,1.062355809916498,114.0,1.2340008469668995,453.0
1985-07-12 00:00:00-04:00,7.841196832324481,7.969042432851511,7.841196832324481,7.947734832763672,181400,WHR,7.969043731689453,1,1.0040376902493768,1.0,1.0064759932318392,1.0,1.0362135519827125,29.0,1.070110284446184,114.0,1.2432332213643738,453.0
1985-07-15 00:00:00-04:00,7.947736128128786,7.969043731689453,7.926428524568119,7.969043731689453,132200,WHR,8.203429222106934,1,1.0013387695782467,2.0,1.0070006758209393,2.0,1.0378351937835684,30.0,1.0720834324048878,115.0,1.245769204373868,454.0
1985-07-16 00:00:00-04:00,8.011660746784953,8.224736830476044,7.969045530046736,8.203429222106934,252200,WHR,8.373889923095703,1,1.0144928664334207,2.0,1.0283122540087641,3.0,1.0666300086820226,31.0,1.102519605525455,116.0,1.2815392516297597,455.0
1985-07-17 00:00:00-04:00,8.224736667468044,8.373889923095703,8.224736667468044,8.373889923095703,183000,WHR,8.416502952575684,1,1.0102827664410443,2.0,1.0369395039932987,4.0,1.0864347940216619,32.0,1.1242465672518103,116.0,1.3072464293707875,456.0
1985-07-18 00:00:00-04:00,8.3951953501641,8.437810554987268,8.352580145340932,8.416502952575684,169600,WHR,8.501737594604492,1,1.0025379411783584,2.0,1.028645731953989,5.0,1.0894035549946435,33.0,1.1287187831136754,117.0,1.3129764166233289,456.0
1985-07-19 00:00:00-04:00,8.437814755547317,8.501737594604492,8.437814755547317,8.501737594604492,108200,WHR,8.6295747756958,1,1.0050380322818506,2.0,1.025180140715974,5.0,1.097462003033445,34.0,1.138863554913357,117.0,1.325349228268288,456.0
1985-07-22 00:00:00-04:00,8.50172922346327,8.650882367734557,8.50172922346327,8.6295747756958,435800,WHR,8.437812805175781,0,1.0074621942749076,2.0,1.0242786028653605,5.0,1.1107573444652983,34.0,1.154669878784697,117.0,1.344314797475288,457.0
1985-07-23 00:00:00-04:00,8.629581278020686,8.650888886114563,8.437812805175781,8.437812805175781,455200,WHR,8.437812805175781,0,0.9887644216426573,1.0,0.9959760159437427,4.0,1.0832551063664735,34.0,1.1278532323863928,116.0,1.3135369325872142,457.0
1985-07-24 00:00:00-04:00,8.437812805175781,8.501735629457416,8.395197588988024,8.437812805175781,305000,WHR,8.437812805175781,0,1.0,0.0,0.9944752970953598,3.0,1.0798191552790553,34.0,1.12689363382436,115.0,1.3126449228325519,456.0
1985-07-25 00:00:00-04:00,8.437812805175781,8.459120413269659,8.416505197081902,8.437812805175781,61200,WHR,8.48042106628418,1,1.0,0.0,0.9939760098665933,2.0,1.0764531310925445,33.0,1.1259111789329899,115.0,1.3117501491885608,456.0
1985-07-26 00:00:00-04:00,8.43780588504657,8.48042106628418,8.39519070380896,8.48042106628418,55000,WHR,8.373889923095703,0,1.0025184816235622,1.0,0.9994972371647953,2.0,1.0784294823693632,34.0,1.1305730036596158,116.0,1.3174912117628275,456.0
1985-07-29 00:00:00-04:00,8.437812746936128,8.437812746936128,8.373889923095703,8.373889923095703,42800,WHR,8.182122230529785,0,0.9936792940835373,1.0,0.9929258783397628,1.0,1.061585288494605,34.0,1.1154492802349167,115.0,1.300091775464045,456.0
1985-07-30 00:00:00-04:00,8.331275500357151,8.352583110332489,8.182122230529785,8.182122230529785,31600,WHR,8.395193099975586,1,0.9884170360116628,0.0,0.9761059774785092,1.0,1.0344905763073935,34.0,1.0891997678887693,114.0,1.26951265226567,456.0
1985-07-31 00:00:00-04:00,8.22473232637202,8.480423486777369,8.22473232637202,8.395193099975586,192800,WHR,8.523041725158691,1,1.0128531589824867,1.0,1.002544251297437,2.0,1.0580214323865704,35.0,1.1168599133667796,114.0,1.3017068985965767,456.0
1985-08-01 00:00:00-04:00,8.395196099281312,8.523041725158691,8.352580890655519,8.523041725158691,77400,WHR,8.459123611450195,0,1.0075568536850648,2.0,1.0157441498533688,3.0,1.0705980135843611,35.0,1.1330409188519102,115.0,1.320634954452357,456.0
1985-08-02 00:00:00-04:00,8.480431227599944,8.523046459899442,8.437815995300447,8.459123611450195,32400,WHR,8.267351150512695,0,0.9962361623243235,1.0,1.0086386441619741,2.0,1.0591310151297728,35.0,1.1237375609430695,115.0,1.3098524863850023,456.0
1985-08-05 00:00:00-04:00,8.459119605034896,8.459119605034896,8.267351150512695,8.267351150512695,89000,WHR,8.09688663482666,0,0.9885347950679002,0.0,0.9882832133401759,2.0,1.032510029592036,34.0,1.0976106250978852,114.0,1.2793303710370407,456.0
1985-08-06 00:00:00-04:00,8.26734740608617,8.395192984530802,8.09688663482666,8.09688663482666,65000,WHR,8.09688663482666,0,0.9895831068991949,0.0,0.9698822478875346,2.0,1.009608693526317,33.0,1.0744623653150218,113.0,1.252168299861128,456.0
1985-08-07 00:00:00-04:00,8.09688663482666,8.24603980967873,8.09688663482666,8.09688663482666,95600,WHR,8.182122230529785,1,1.0,0.0,0.9768634056738978,1.0,1.0081355383700155,32.0,1.0740507147104816,112.0,1.251370647277783,456.0
1985-08-08 00:00:00-04:00,8.182122230529785,8.182122230529785,8.118199400603771,8.182122230529785,77800,WHR,8.075580596923828,0,1.0052359204671555,1.0,0.9953345972927095,1.0,1.01694948905108,33.0,1.0848456035520706,113.0,1.2637145089315271,457.0
1985-08-09 00:00:00-04:00,8.139503398482592,8.16081099900218,8.032965395884652,8.075580596923828,16000,WHR,8.0116605758667,0,0.9934466981752155,1.0,0.9916273555491356,1.0,1.00233601932907,32.0,1.0702524044263626,113.0,1.246458692627494,457.0
1985-08-12 00:00:00-04:00,8.032968183781238,8.096891007524855,8.0116605758667,8.0116605758667,42600,WHR,7.883811950683594,0,0.9960266635919376,0.0,0.9899949972511514,1.0,0.9933514589145814,31.0,1.061262383162223,113.0,1.2358153029069354,456.0
1985-08-13 00:00:00-04:00,7.969042350150444,8.01165754988387,7.883811950683595,7.883811950683594,42400,WHR,7.883811950683594,0,0.9919569157211552,0.0,0.9793540135256635,1.0,0.976768597748387,30.0,1.043921462216021,112.0,1.2153470138473186,456.0
1985-08-14 00:00:00-04:00,7.862504350816882,7.905119550550307,7.862504350816882,7.883811950683594,38600,WHR,7.841201305389404,0,1.0,0.0,0.9845660826933103,1.0,0.9762102268946097,29.0,1.0434712708752938,112.0,1.2146005591234526,456.0
1985-08-15 00:00:00-04:00,7.905124142118122,7.905124142118122,7.798586080903592,7.841201305389404,48000,WHR,7.841201305389404,0,0.9972902633148666,0.0,0.9876546998910554,0.0,0.9705072036851696,28.0,1.0374410621241328,111.0,1.2073239973576726,455.0
1985-08-16 00:00:00-04:00,7.841201305389404,7.883816529875216,7.841201305389404,7.841201305389404,54800,WHR,7.926425457000732,1,1.0,0.0,0.9935207899121135,0.0,0.9697399678435626,28.0,1.037050929454601,111.0,1.2066021269599865,455.0
1985-08-19 00:00:00-04:00,7.862502671057178,7.969040647629768,7.819887480428142,7.926425457000732,27200,WHR,7.926425457000732,0,1.0054050081788217,1.0,1.0064931019193215,1.0,0.9795484879188324,28.0,1.0478359340098677,112.0,1.2189460086619126,456.0
1985-08-20 00:00:00-04:00,7.969040647629768,7.969040647629768,7.926425457000732,7.926425457000732,12600,WHR,8.075580596923828,1,1.0,1.0,1.005405044664806,1.0,0.9789470136158502,27.0,1.047417596779201,111.0,1.2181838873503799,455.0
1985-08-21 00:00:00-04:00,7.926427393286713,8.075580596923828,7.926427393286713,8.075580596923828,36800,WHR,7.947734832763672,0,1.009321027589945,1.0,1.0193651277465712,2.0,0.9962759013478892,28.0,1.0666174018660983,112.0,1.2403068112101123,455.0
1985-08-22 00:00:00-04:00,8.032965233115025,8.118195633466378,7.926427232675834,7.947734832763672,70000,WHR,7.969043731689453,1,0.9920212664650359,1.0,1.000536453345253,2.0,0.9798168693232201,27.0,1.0493467599204391,111.0,1.2199123983432176,454.0
1985-08-23 00:00:00-04:00,7.969043731689453,7.969043731689453,7.926428524568119,7.969043731689453,59800,WHR,8.012118339538574,1,1.0013387695782467,1.0,1.0000002154103047,3.0,0.9818420790525539,27.0,1.0517741992852614,111.0,1.2224264386372383,454.0
1985-08-26 00:00:00-04:00,8.012118339538574,8.012118339538574,7.969042434487291,8.012118339538574,28200,WHR,8.055197715759277,1,1.0026953364002653,2.0,1.003247828878633,3.0,0.9865008055010557,27.0,1.0570589651994737,111.0,1.2282623181706385,455.0
1985-08-27 00:00:00-04:00,8.055197715759277,8.055197715759277,8.055197715759277,8.055197715759277,16600,WHR,8.162881851196289,1,1.002681180607417,2.0,1.0053997782296433,4.0,0.9913263204880478,27.0,1.06228157251946,112.0,1.2340797763427893,456.0
1985-08-28 00:00:00-04:00,8.055192117011641,8.162881851196289,8.055192117011641,8.162881851196289,28000,WHR,8.184422492980957,1,1.0066397587329894,2.0,1.0166247335093137,4.0,1.003960108584034,27.0,1.0759546375247457,113.0,1.2497568300276918,457.0
1985-08-29 00:00:00-04:00,8.141346585123163,8.184422492980957,8.141346585123163,8.184422492980957,23000,WHR,8.270578384399414,1,1.00131768769524,2.0,1.0133333204236095,5.0,1.0066046649697782,27.0,1.0781944558129766,114.0,1.2522104049372815,458.0
1985-08-30 00:00:00-04:00,8.29211634894212,8.313654313484827,8.205964490771294,8.270578384399414,52400,WHR,8.249041557312012,0,1.0052358484852402,2.0,1.0164112050101914,5.0,1.017194275766629,27.0,1.0888071836091389,115.0,1.2644744706210629,459.0
1985-09-03 00:00:00-04:00,8.29211749233714,8.335193427362269,8.249041557312012,8.249041557312012,36600,WHR,8.1198091506958,0,0.9986962879797844,1.0,1.007895137620163,4.0,1.0142291433375943,27.0,1.085296963587066,114.0,1.260290644994222,458.0
1985-09-04 00:00:00-04:00,8.227498927230227,8.227498927230227,8.1198091506958,8.1198091506958,72800,WHR,8.098272323608398,0,0.9921049798228663,0.0,0.9905411422038474,3.0,0.9983365692658556,26.0,1.0676454927215178,114.0,1.2397097987574235,457.0
1985-09-05 00:00:00-04:00,8.119810281915868,8.119810281915868,8.05519640699346,8.098272323608398,116800,WHR,8.07673454284668,0,0.9986720484095776,0.0,0.9894736086545134,2.0,0.9958597124447175,25.0,1.0642024724601833,113.0,1.235577640203811,457.0
1985-09-06 00:00:00-04:00,8.055196584065756,8.07673454284668,8.055196584065756,8.07673454284668,12000,WHR,8.012118339538574,0,0.9986684530683949,0.0,0.9894458116470585,1.0,0.9933389534172951,25.0,1.060855674284198,112.0,1.231473311004007,456.0
1985-09-09 00:00:00-04:00,8.055194244589856,8.09827014964114,8.012118339538574,8.012118339538574,53400,WHR,7.882888317108154,0,0.9959837905299731,0.0,0.9877851733278704,0.0,0.9852619276458108,25.0,1.051835433579134,112.0,1.2208153185253607,456.0
1985-09-10 00:00:00-04:00,7.9905780482161886,7.9905780482161886,7.882888317108154,7.882888317108154,48000,WHR,7.796738624572754,0,0.9918697723617259,0.0,0.9807070288776777,0.0,0.9695415218426395,24.0,1.0344274353103873,111.0,1.2003740182001108,455.0
1985-09-11 00:00:00-04:00,7.839814528575918,7.882890432579082,7.796738624572753,7.796738624572754,68000,WHR,7.667513847351074,0,0.9945056286826321,0.0,0.9778497375070896,0.0,0.9595360700840747,23.0,1.0227755598961876,110.0,1.1865192432757157,455.0
1985-09-12 00:00:00-04:00,7.753665688332547,7.796741608823283,7.667513847351074,7.667513847351074,37000,WHR,7.645974636077881,0,0.9916436454037275,0.0,0.9721466525272827,0.0,0.9445882724302267,22.0,1.0056054224381132,109.0,1.1661499361573848,455.0
1985-09-13 00:00:00-04:00,7.624436679356535,7.667512592799227,7.581360765913843,7.645974636077881,95000,WHR,7.710587978363037,1,0.9985934484296963,0.0,0.9801216270376063,0.0,0.9428902284485122,22.0,1.0024874374876511,109.0,1.1621838668559927,454.0
1985-09-16 00:00:00-04:00,7.689050023116213,7.839815709843982,7.62443615737574,7.710587978363037,22400,WHR,7.796738624572754,1,1.0042075394023657,1.0,0.9961046747881964,1.0,0.9518223895486146,22.0,1.010585792517788,110.0,1.1713261164011692,454.0
1985-09-17 00:00:00-04:00,7.818276576574336,7.839814528575918,7.689048864564842,7.796738624572754,25200,WHR,7.861352443695068,1,1.0055554802201307,2.0,1.0094811653443125,2.0,0.9632631152138854,23.0,1.0214758498193681,110.0,1.1837296745409118,454.0
1985-09-18 00:00:00-04:00,7.796738587993465,7.882890395595603,7.753662684192396,7.861352443695068,38200,WHR,7.990584373474121,1,1.0041265451095287,2.0,1.0161468378919085,3.0,0.9718452082275499,24.0,1.0294797865974632,111.0,1.1928357842105637,455.0
1985-09-19 00:00:00-04:00,7.882894557120023,8.033660300015761,7.882894557120023,7.990584373474121,99200,WHR,7.904429912567139,0,1.0081524378547284,2.0,1.024296321684352,4.0,0.9881678450527479,25.0,1.0458753196038115,111.0,1.2117314755807143,455.0
1985-09-20 00:00:00-04:00,7.990581737227271,8.141347430382503,7.904429912567139,7.904429912567139,66800,WHR,8.055197715759277,1,0.9945797808446991,1.0,1.0065825756118696,4.0,0.9779442983938843,25.0,1.0340678073447678,111.0,1.1979881573569016,454.0
1985-09-23 00:00:00-04:00,8.01212179214559,8.098273639372962,8.01212179214559,8.055197715759277,49600,WHR,7.925967693328857,0,1.009446824619175,1.0,1.0168572106597666,4.0,0.9966831261202477,26.0,1.0531679426756797,112.0,1.2201199326689434,455.0
1985-09-24 00:00:00-04:00,7.990581560394038,8.012119516082432,7.925967693328857,7.925967693328857,337600,WHR,7.882888317108154,0,0.9919136046012683,1.0,0.9972898751788626,3.0,0.9811253117771389,25.0,1.0358183413629936,111.0,1.1998522323975955,455.0
1985-09-25 00:00:00-04:00,7.882888317108154,7.925964209551368,7.861350370886547,7.882888317108154,202000,WHR,7.925967693328857,1,0.9972749845914048,0.0,0.9913321301547937,2.0,0.9761378359822757,25.0,1.0296943918127401,111.0,1.1926322861298793,455.0
1985-09-26 00:00:00-04:00,7.88289178195207,7.925967693328857,7.839815870575283,7.925967693328857,114200,WHR,7.990584373474121,1,1.0027250154085952,1.0,0.998372244399918,2.0,0.9815596162749092,26.0,1.0347686325412906,112.0,1.1984123942826996,456.0
1985-09-30 00:00:00-04:00,7.904432520390842,7.990584373474122,7.904432520390842,7.990584373474121,44600,WHR,7.904429912567139,0,1.0040597159406173,2.0,1.0043316603891854,3.0,0.9893872842732592,27.0,1.0425340893474064,113.0,1.2074280625063023,457.0
1985-10-01 00:00:00-04:00,7.947505824897204,7.969043781062237,7.882891956402105,7.904429912567139,43000,WHR,7.882888317108154,0,0.9945797808446991,1.0,0.9972826427653039,2.0,0.9788502333657014,26.0,1.0306552051093782,113.0,1.1936621858325343,457.0
1985-10-02 00:00:00-04:00,7.904426263329761,7.925964209551368,7.882888317108154,7.882888317108154,50800,WHR,7.882888317108154,0,0.9986355126852074,0.0,0.9956471043833705,2.0,0.9761844767558875,26.0,1.0271559861626167,113.0,1.1896581014060164,457.0
1985-10-03 00:00:00-04:00,7.83981242466494,7.925964209551368,7.83981242466494,7.882888317108154,26600,WHR,7.882888317108154,0,1.0,0.0,0.9956471043833705,2.0,0.9761863376759162,26.0,1.0264664934588674,113.0,1.1889149874623541,456.0
1985-10-04 00:00:00-04:00,7.882888317108154,7.882888317108154,7.83981242466494,7.882888317108154,38400,WHR,7.904429912567139,1,1.0,0.0,0.9967317747281637,1.0,0.9761881986030402,26.0,1.025777925797254,113.0,1.1881728013039232,456.0
1985-10-07 00:00:00-04:00,7.882891956402105,7.947505824897204,7.861354000237072,7.904429912567139,72400,WHR,7.925967693328857,1,1.0013644873147924,1.0,1.001637831737877,1.0,0.9788141787053305,27.0,1.027869014237466,114.0,1.1906620919365998,457.0
1985-10-08 00:00:00-04:00,7.861353826263676,7.947505649017251,7.861353826263676,7.925967693328857,110800,WHR,7.753663063049316,0,1.0013605331526036,2.0,1.003819136009253,2.0,0.98152531977627,27.0,1.0300113768315233,114.0,1.1931437759730923,458.0
1985-10-09 00:00:00-04:00,7.90442873371972,7.90442873371972,7.753663063049316,7.753663063049316,65800,WHR,7.581363677978516,0,0.9890109255149742,1.0,0.9852217435250153,2.0,0.9606147164777294,26.0,1.0070235034811004,114.0,1.1664874664257288,458.0
1985-10-10 00:00:00-04:00,7.710591467944058,7.710591467944058,7.452135888012972,7.581363677978516,112000,WHR,7.581363677978516,0,0.9887643244462153,0.0,0.9707671293261577,2.0,0.940476270472444,25.0,0.9841831288263594,113.0,1.1399076203373126,457.0
1985-10-11 00:00:00-04:00,7.624439607967029,7.624439607967029,7.409059958024458,7.581363677978516,199600,WHR,7.559820175170898,0,1.0,0.0,0.9783215673394676,2.0,0.9420198284938235,24.0,0.9837419821375946,112.0,1.1392398334838132,457.0
1985-10-14 00:00:00-04:00,7.538282225953887,7.58135812438791,7.538282225953887,7.559820175170898,12000,WHR,7.538285255432129,0,0.9985771586279804,0.0,0.984295749914587,1.0,0.94101241090272,23.0,0.9805389667860187,111.0,1.1353377647815799,457.0
1985-10-15 00:00:00-04:00,7.559823213304792,7.624437086922782,7.538285255432129,7.538285255432129,114600,WHR,7.495208740234375,0,0.998573667415574,0.0,0.9915014111004697,0.0,0.9402111069249315,22.0,0.9773297517732742,111.0,1.1314716800277083,456.0
1985-10-16 00:00:00-04:00,7.495208740234375,7.495208740234375,7.40905691563398,7.495208740234375,492400,WHR,7.409052848815918,0,0.9971346304983943,0.0,0.9925840259121483,0.0,0.9370480123040894,21.0,0.9713325494267534,111.0,1.1243856565811954,456.0
1985-10-17 00:00:00-04:00,7.495204626127731,7.516742570455684,7.409052848815918,7.409052848815918,811000,WHR,7.538285255432129,1,0.994219378739182,0.0,0.9856728844221371,0.0,0.9282666564749379,21.0,0.9599873413895161,110.0,1.1108628490800614,456.0
1985-10-18 00:00:00-04:00,7.47367138181414,7.624437086922782,7.430595466068813,7.538285255432129,268600,WHR,7.538285255432129,0,1.008645847555926,1.0,1.00401628615748,1.0,0.946235295716818,22.0,0.9765148018738091,110.0,1.1296256868018912,456.0
1985-10-21 00:00:00-04:00,7.538285255432129,7.602899129050119,7.495209339686803,7.538285255432129,354000,WHR,7.624433994293213,1,1.0,1.0,1.0045925633106454,1.0,0.9480193456050561,22.0,0.9763290458010504,109.0,1.1290129643514815,456.0
1985-10-22 00:00:00-04:00,7.538282197747527,7.667509892566056,7.538282197747527,7.624433994293213,151800,WHR,7.516750812530518,0,1.0056816153779702,1.0,1.0137455184059425,2.0,0.9605768898016631,22.0,0.987265370171892,109.0,1.1412750782174743,457.0
1985-10-23 00:00:00-04:00,7.624440652251585,7.624440652251585,7.516750812530518,7.516750812530518,72200,WHR,7.559820175170898,1,0.9928880610641404,1.0,0.9988557598704414,2.0,0.9487177501126167,22.0,0.9731683450890171,108.0,1.1245142934005576,457.0
1985-10-24 00:00:00-04:00,7.559820175170898,7.602896073604921,7.538282225953887,7.559820175170898,173600,WHR,7.559820175170898,0,1.0028567081119117,1.0,1.0005697926008956,3.0,0.9554043723029297,23.0,0.978547405401129,109.0,1.1302854765242345,458.0
1985-10-25 00:00:00-04:00,7.559820175170898,7.602896073604921,7.559820175170898,7.559820175170898,43600,WHR,7.387516975402832,0,1.0,1.0,0.9999997476992697,2.0,0.9570884300146277,22.0,0.97826701811221,109.0,1.1295944993661837,458.0
1985-10-28 00:00:00-05:00,7.538282627962073,7.538282627962073,7.365979025037226,7.387516975402832,143200,WHR,7.387516975402832,0,0.9884726491392848,0.0,0.9811211539394893,2.0,0.9375207939627246,21.0,0.9558225368147246,108.0,1.1032220581936616,457.0
1985-10-29 00:00:00-05:00,7.3229031243060145,7.409054925768438,7.3229031243060145,7.387516975402832,273000,WHR,7.689047336578369,1,1.0,0.0,0.9873343441148256,1.0,0.9396505651162144,21.0,0.9557358795828842,107.0,1.1025992193986014,456.0
1985-10-30 00:00:00-05:00,7.387516068477256,7.710585284299877,7.387516068477256,7.689047336578369,304400,WHR,7.60290002822876,0,1.0199999386422485,1.0,1.0229225581614898,2.0,0.9792039842889542,22.0,0.9945212471719969,107.0,1.1468940125764189,457.0
1985-10-31 00:00:00-05:00,7.710589830328317,7.710589830328317,7.581362067808848,7.60290002822876,85800,WHR,7.667513847351074,1,0.9943664919650542,1.0,1.0103037897190137,1.0,0.969249330787566,22.0,0.983180055792533,107.0,1.1333651622533523,456.0
1985-11-01 00:00:00-05:00,7.559824046124233,7.667513847351074,7.409058324406656,7.667513847351074,252000,WHR,7.753663063049316,1,1.004231307654709,1.0,1.0159820363618755,2.0,0.9783791483433124,23.0,0.9913128414757546,107.0,1.1423086697333633,456.0
1985-11-04 00:00:00-05:00,7.624435345331827,7.775201016002231,7.624435345331827,7.753663063049316,194400,WHR,7.925967693328857,1,1.0055864228909883,2.0,1.0175239587240683,3.0,0.9902741692867026,23.0,1.0021702853622634,108.0,1.1544263222944464,457.0
1985-11-05 00:00:00-05:00,7.753664047821709,7.925967693328857,7.710588136444922,7.925967693328857,177400,WHR,7.753663063049316,0,1.0109890744850258,2.0,1.025641039880406,4.0,1.01260287250736,24.0,1.024084841334779,108.0,1.1793250862611613,457.0
1985-11-06 00:00:00-05:00,7.925966686672634,7.925966686672634,7.732125110096401,7.753663063049316,368600,WHR,7.581363677978516,0,0.9890109255149742,1.0,1.001669287623511,3.0,0.9911341228054383,24.0,1.0015417887642177,108.0,1.1529857206359804,456.0
1985-11-07 00:00:00-05:00,7.753667397932572,7.753667397932572,7.538287747990001,7.581363677978516,240600,WHR,7.839817047119141,1,0.9887643244462153,0.0,0.9799558057908869,3.0,0.969734315264849,24.0,0.9790678956120449,108.0,1.126714532354152,455.0
1985-11-08 00:00:00-05:00,7.624437457912571,7.839817047119141,7.581361540071257,7.839817047119141,128800,WHR,8.227499008178711,1,1.0167596355783572,1.0,1.0088692665416348,3.0,1.0028872176620018,25.0,1.0121383945939966,108.0,1.1644392621129398,455.0
1985-11-11 00:00:00-05:00,7.796739897802862,8.31365083025388,7.796739897802862,8.227499008178711,120600,WHR,8.098272323608398,0,1.024128607399351,2.0,1.046002091844625,3.0,1.0516142644610287,26.0,1.0616211778547422,109.0,1.2212428234812875,455.0
1985-11-12 00:00:00-05:00,8.141348240223337,8.184424156838274,8.05519640699346,8.098272323608398,93000,WHR,7.969040870666504,0,0.9920844974522764,1.0,1.0250817992352712,2.0,1.0345303528292757,26.0,1.0444801351895563,108.0,1.2013328684316271,454.0
1985-11-13 00:00:00-05:00,8.076730612161997,8.076730612161997,7.904427025769208,7.969040870666504,209000,WHR,7.947506904602051,0,0.9919568722300165,0.0,1.0032533852550773,2.0,1.017929056712561,25.0,1.0273785749933246,108.0,1.181503085862501,453.0
1985-11-14 00:00:00-05:00,7.925968945510989,7.990582822784176,7.882893027328864,7.947506904602051,94200,WHR,7.882888317108154,0,0.9986470705602434,0.0,0.9914026131282263,2.0,1.0151328457932667,25.0,1.0241705682162783,108.0,1.1776474668721453,453.0
1985-11-15 00:00:00-05:00,7.925964209551368,7.947502155772975,7.83981242466494,7.882888317108154,121400,WHR,7.796738624572754,0,0.9959180685896409,0.0,0.9822863011994047,1.0,1.0072923318245912,24.0,1.015406102376303,108.0,1.1674233742256797,453.0
1985-11-18 00:00:00-05:00,7.839814528575918,7.904428384580664,7.796738624572753,7.796738624572754,142400,WHR,7.753663063049316,0,0.9945056286826321,0.0,0.9820943741332917,0.0,0.9966044248614618,24.0,1.0039108095779452,108.0,1.1540417836526822,452.0
1985-11-19 00:00:00-05:00,7.882890780766805,7.925966686672634,7.753663063049316,7.753663063049316,60200,WHR,7.77520751953125,1,0.9972299389823657,0.0,0.9852217315862029,0.0,0.9915533354031724,23.0,0.9980013899931602,107.0,1.1470508522846083,452.0
1985-11-20 00:00:00-05:00,7.796745490499481,7.818283461467711,7.710593606626558,7.77520751953125,205400,WHR,7.925967693328857,1,1.001387380773596,1.0,0.9928499642573108,1.0,0.9948108051741779,23.0,1.0005375683383853,107.0,1.1496249203575253,452.0
1985-11-21 00:00:00-05:00,7.775202003510102,7.925967693328857,7.775202003510102,7.925967693328857,138800,WHR,7.925967693328857,0,1.0096018401013782,2.0,1.0126582347886868,2.0,1.0143795841505996,23.0,1.019574137050858,108.0,1.1712621479816259,453.0
1985-11-22 00:00:00-05:00,7.925967693328857,7.969043604705645,7.88289178195207,7.925967693328857,185200,WHR,7.882888317108154,0,1.0,1.0,1.0115447223025995,2.0,1.0148924549703557,22.0,1.019210683175572,108.0,1.1706124093295691,452.0
1985-11-25 00:00:00-05:00,7.882888317108154,7.904426263329761,7.83981242466494,7.882888317108154,26200,WHR,8.012118339538574,1,0.9972749845914048,0.0,1.0038393559733567,2.0,1.0100262500217465,21.0,1.0133108014902925,108.0,1.1636151292376415,451.0
1985-11-26 00:00:00-05:00,7.925966529436009,8.141346054692422,7.925966529436009,8.012118339538574,263200,WHR,8.14134693145752,1,1.0081302276382742,1.0,1.0136238069237888,3.0,1.0271512805973062,21.0,1.0294884791823018,109.0,1.1820139561090275,452.0
1985-11-27 00:00:00-05:00,8.033657157231891,8.14134693145752,8.012119202386765,8.14134693145752,231800,WHR,8.227499008178711,1,1.0080000538429967,2.0,1.020518445477656,3.0,1.0439585713162651,22.0,1.045605314331054,109.0,1.2003755405883787,452.0
1985-11-29 00:00:00-05:00,8.141347186103541,8.270574919216296,8.141347186103541,8.227499008178711,241200,WHR,8.183961868286133,0,1.005263173533363,2.0,1.0235799698643264,3.0,1.054763031489562,23.0,1.05613059893297,110.0,1.2123561588400036,452.0
1985-12-02 00:00:00-05:00,8.183961868286133,8.205727724318809,8.118664300188106,8.183961868286133,121600,WHR,8.162202835083008,0,0.9973471502494325,1.0,1.0116692306644905,3.0,1.0489895234859985,23.0,1.0499058677556417,110.0,1.205227916532975,452.0
1985-12-03 00:00:00-05:00,8.14043696085612,8.183968709309896,8.096905212402344,8.162202835083008,72000,WHR,8.205734252929688,1,0.9986688600293719,0.0,1.0020596883445196,3.0,1.0460095482596363,23.0,1.0465372810377318,109.0,1.2013103558526534,452.0
1985-12-04 00:00:00-05:00,8.162202506229796,8.205734252929688,7.966309646080281,8.205734252929688,262200,WHR,8.358094215393066,1,1.002659554323346,1.0,1.0026374487802665,3.0,1.0511535289098553,24.0,1.0516055981364216,109.0,1.2069865230622367,453.0
1985-12-05 00:00:00-05:00,8.22749899327755,8.532221178213755,8.183967252572376,8.358094215393066,313800,WHR,8.27103042602539,0,1.0091983542787077,2.0,1.0158730846848811,3.0,1.0695856583217305,25.0,1.0705255224377532,110.0,1.2286403625647917,453.0
1985-12-06 00:00:00-05:00,8.314562165109734,8.35809390419408,8.249264556483219,8.27103042602539,38200,WHR,8.401627540588379,1,0.9947643792896456,1.0,1.0042283682433606,2.0,1.0573744767518365,25.0,1.0588113067844513,110.0,1.215105967726211,453.0
1985-12-09 00:00:00-05:00,8.227500544928516,8.401627540588379,8.227500544928516,8.401627540588379,86200,WHR,8.27103042602539,0,1.0078330110786475,1.0,1.01472144272364,3.0,1.072392711596373,26.0,1.0748866309633929,111.0,1.2335217486711323,454.0
1985-12-10 00:00:00-05:00,8.35809390419408,8.401625643278424,8.27103042602539,8.27103042602539,39400,WHR,8.358094215393066,1,0.9921669889213524,1.0,0.9963292255871308,3.0,1.0543212116540965,26.0,1.0576279824930417,110.0,1.2135960065249507,454.0
1985-12-11 00:00:00-05:00,8.22749899327755,8.358094215393066,8.22749899327755,8.358094215393066,304800,WHR,8.575754165649414,1,1.0052356207103543,1.0,1.0031347729157616,3.0,1.063955745094394,26.0,1.0681123380017041,111.0,1.2255860689052618,455.0
1985-12-12 00:00:00-05:00,8.401627177514401,8.575754165649414,8.358095430480647,8.575754165649414,337600,WHR,8.684581756591797,1,1.0128535431142762,2.0,1.0239086185984718,3.0,1.0898617989521575,26.0,1.0951531170916333,111.0,1.2566583902168549,456.0
1985-12-13 00:00:00-05:00,8.575752411271099,8.684581756591797,8.532220673142819,8.684581756591797,223200,WHR,8.706354141235352,1,1.0063050679565366,2.0,1.0267626284743723,4.0,1.1017711619242467,26.0,1.1082764330786736,111.0,1.2717243155981612,457.0
1985-12-16 00:00:00-05:00,8.684588255882264,8.793417682647705,8.641056485176087,8.706354141235352,298200,WHR,8.619280815124512,0,1.00125193864042,2.0,1.021972956915276,4.0,1.1028642033198217,26.0,1.1103500161217157,111.0,1.2740153490885704,458.0
1985-12-17 00:00:00-05:00,8.706344257701527,8.706344257701527,8.619280815124512,8.619280815124512,105200,WHR,8.662818908691406,1,0.9949743067812429,1.0,1.003547381490201,4.0,1.0901889967141698,26.0,1.0985970866299113,111.0,1.2603920601872594,458.0
1985-12-18 00:00:00-05:00,8.6192871553814,8.706350662001414,8.597521278726395,8.662818908691406,262400,WHR,8.532222747802734,0,1.0025192594801948,1.0,1.001509978810638,4.0,1.094294135405591,26.0,1.103471201748175,112.0,1.2658548227307111,459.0
1985-12-19 00:00:00-05:00,8.662817993942571,8.684583868299212,8.532222747802734,8.532222747802734,404600,WHR,8.510457038879395,0,0.9924050104967702,1.0,0.9874055924910996,3.0,1.0764232033003287,26.0,1.0863015606116584,111.0,1.2459205005110419,458.0
1985-12-20 00:00:00-05:00,8.55398878843888,8.575754663218623,8.423393539760424,8.510457038879395,264200,WHR,8.532222747802734,1,0.9987228705112239,0.0,0.9888720464301052,2.0,1.0722623263915387,26.0,1.0830444828892927,110.0,1.241916134296886,457.0
1985-12-23 00:00:00-05:00,8.466925124732816,8.532222747802734,8.423393376019536,8.532222747802734,126600,WHR,8.510457038879395,0,1.0012771294887761,1.0,0.9954292528883265,2.0,1.0736378482449143,26.0,1.0853386775345095,110.0,1.2442472391923538,458.0
1985-12-24 00:00:00-05:00,8.445159414540168,8.532222913659139,8.445159414540168,8.510457038879395,37800,WHR,8.575754165649414,1,0.9987228705112239,1.0,0.9954175056197793,2.0,1.0697326799504512,25.0,1.0821308065257536,109.0,1.2402317481094616,458.0
1985-12-26 00:00:00-05:00,8.553988292132537,8.619285912683168,8.53222241861566,8.575754165649414,55000,WHR,8.445158958435059,0,1.0038216270411495,1.0,1.00510200203785,2.0,1.076426417707077,26.0,1.0899551718325813,110.0,1.2489030981744593,458.0
1985-12-27 00:00:00-05:00,8.619285947268772,8.619285947268772,8.40162721122663,8.445158958435059,130400,WHR,8.401627540588379,0,0.9923273677350738,1.0,0.9918200134146834,2.0,1.058788722482569,26.0,1.072980149317564,109.0,1.2290771941714134,458.0
1985-12-30 00:00:00-05:00,8.401627540588379,8.423393415045862,8.358095791673414,8.401627540588379,114200,WHR,8.597522735595703,1,0.9974160402727723,0.0,0.9892363034135975,2.0,1.0521905940419636,26.0,1.0670645429560013,109.0,1.221947662346349,458.0
1985-12-31 00:00:00-05:00,8.40162981250618,8.619288615938983,8.40162981250618,8.597522735595703,224400,WHR,8.575754165649414,0,1.0115238227690577,1.0,1.01074741701044,2.0,1.0751201356146467,27.0,1.0914309379509604,110.0,1.2496095329734542,458.0
1986-01-02 00:00:00-05:00,8.597520039166291,8.619285912683168,8.488690671581907,8.575754165649414,297600,WHR,8.728114128112793,1,0.998732416062964,1.0,1.0066427475395026,2.0,1.0708996253094416,26.0,1.0880295018478354,110.0,1.2456408614628418,457.0
1986-01-03 00:00:00-05:00,8.532221292319736,8.749879998756466,8.532221292319736,8.728114128112793,116200,WHR,8.706354141235352,0,1.0088049654491593,1.0,1.0208755826278242,2.0,1.0881090505236544,26.0,1.1066374581255427,110.0,1.2668859807193364,458.0
1986-01-06 00:00:00-05:00,8.72812002658844,8.74988591194153,8.662822370529176,8.706354141235352,136200,WHR,8.836947441101074,1,0.9987518984495961,1.0,1.0121461430861396,2.0,1.0832520108710553,26.0,1.1032060137071948,109.0,1.262853124729411,457.0
1986-01-07 00:00:00-05:00,8.72811803911707,8.836947441101074,8.706352158720271,8.836947441101074,310800,WHR,8.488690376281738,0,1.0074440548862942,1.0,1.0170341772336957,3.0,1.0966452273652376,27.0,1.1190926023126044,109.0,1.2808633958842233,458.0
1986-01-08 00:00:00-05:00,8.858710213196584,8.924007831475674,8.445158630762345,8.488690376281738,182200,WHR,8.619280815124512,1,0.9798993221207747,1.0,0.9794071615107107,2.0,1.0514541320737747,27.0,1.0746244603645878,108.0,1.2295534153908598,458.0
1986-01-09 00:00:00-05:00,8.532217372547496,8.66281253641302,8.532217372547496,8.619280815124512,138200,WHR,8.597522735595703,0,1.007633309489577,1.0,0.9934765600336134,3.0,1.0652997599216467,28.0,1.0906444223912062,109.0,1.247594472592904,459.0
1986-01-10 00:00:00-05:00,8.575756855252422,8.662820376625543,8.532225094565861,8.597522735595703,168600,WHR,8.662818908691406,1,0.9987362300171045,1.0,0.9939609455411661,2.0,1.0602970656921733,28.0,1.087415816320665,108.0,1.2435709851760628,459.0
1986-01-13 00:00:00-05:00,8.6192871553814,8.74988241531142,8.597521278726395,8.662818908691406,63800,WHR,8.728114128112793,1,1.0037830174188536,1.0,1.002519004999978,3.0,1.0657919343574527,29.0,1.0952405134747325,108.0,1.252131327059776,459.0
1986-01-14 00:00:00-05:00,8.70634825746912,8.79341174004381,8.662816516181774,8.728114128112793,127600,WHR,8.728114128112793,0,1.0037545552779257,2.0,1.0126261900369327,3.0,1.0709286524896986,30.0,1.103138726661837,108.0,1.2607101464750425,459.0
1986-01-15 00:00:00-05:00,8.684582386825447,8.771645869400137,8.662816516181774,8.728114128112793,68400,WHR,8.641053199768066,0,1.0,1.0,1.0070315897783173,3.0,1.0683292203641241,29.0,1.1027702723096768,108.0,1.2598452201812658,459.0
1986-01-16 00:00:00-05:00,8.749882585155575,8.749882585155575,8.553989691458062,8.641053199768066,69400,WHR,8.706354141235352,1,0.9949876164642056,0.0,0.9964860365825856,2.0,1.0552988151374563,29.0,1.0914193814063724,108.0,1.2464425865851236,458.0
1986-01-17 00:00:00-05:00,8.684588255882264,8.74988591194153,8.662822370529176,8.706354141235352,63000,WHR,8.619280815124512,0,1.003764305534749,1.0,1.0015026806533636,3.0,1.0609373949879226,29.0,1.0993702031169383,108.0,1.2550055294143154,459.0
1986-01-20 00:00:00-05:00,8.706344257701527,8.706344257701527,8.619280815124512,8.619280815124512,504400,WHR,8.662818908691406,1,0.9949743067812429,1.0,0.9924806446985199,2.0,1.0479801930180357,29.0,1.088174956100813,107.0,1.2416089225592815,459.0
1986-01-21 00:00:00-05:00,8.6192871553814,8.74988241531142,8.575755402071392,8.662818908691406,72000,WHR,8.662818908691406,0,1.0025192594801948,1.0,0.9989961015323832,2.0,1.0509248271099108,29.0,1.0934117853791228,108.0,1.2470245216676545,460.0
1986-01-22 00:00:00-05:00,8.706350662001414,8.74988241531142,8.6192871553814,8.662818908691406,54400,WHR,8.706354141235352,1,1.0,1.0,1.0005028274516736,2.0,1.048586311014656,29.0,1.0930715957168462,108.0,1.2461381866563892,460.0
1986-01-23 00:00:00-05:00,8.662822370529176,8.793417682647705,8.575758829116822,8.706354141235352,108200,WHR,9.05459976196289,1,1.0025064654729852,1.0,1.004016451166486,3.0,1.0510595270720053,30.0,1.0981066545656548,109.0,1.2514928153004732,461.0
1986-01-24 00:00:00-05:00,8.706345924964317,9.05459976196289,8.706345924964317,9.05459976196289,225600,WHR,9.098135948181152,1,1.0196073714635805,2.0,1.0358561946756382,3.0,1.089446587972886,31.0,1.141413244639827,109.0,1.3005579851521007,461.0
1986-01-27 00:00:00-05:00,9.054604197232916,9.141667699129387,8.967540695336448,9.098135948181152,204200,WHR,9.315796852111816,1,1.0023983264513643,2.0,1.0295566396138918,4.0,1.0916003295397683,31.0,1.1462693693789312,109.0,1.3058138847266232,461.0
1986-01-28 00:00:00-05:00,9.14166980814711,9.315796852111816,9.14166980814711,9.315796852111816,295000,WHR,9.35932159423828,1,1.0118204463050502,2.0,1.0388351416425587,4.0,1.113900051203452,32.0,1.1728927292151194,110.0,1.3360109947506695,461.0
1986-01-29 00:00:00-05:00,9.337555730065636,9.446385050928871,9.337555730065636,9.35932159423828,415800,WHR,9.402856826782228,1,1.0023306273666484,2.0,1.0277242038602625,5.0,1.1153439459368664,32.0,1.1774581261747743,111.0,1.3411724457546241,462.0
1986-01-30 00:00:00-05:00,9.337559209929571,9.424622699066443,9.294027465361136,9.402856826782228,130600,WHR,9.555219650268556,1,1.0023203719507952,2.0,1.0169491910024533,5.0,1.1168736289466945,32.0,1.1819794971015707,112.0,1.346311190136684,463.0
1986-01-31 00:00:00-05:00,9.359326764499952,9.75111253603716,9.359326764499952,9.555219650268556,261000,WHR,9.925236701965332,1,1.0080368292464041,2.0,1.022356893336331,5.0,1.131322375011201,32.0,1.2000456243213835,113.0,1.3669810998617504,464.0
1986-02-03 00:00:00-05:00,9.555216912637675,9.925236701965332,9.555216912637675,9.925236701965332,154200,WHR,9.816405296325684,0,1.0189942702063213,2.0,1.0434781344504551,5.0,1.1701176246275993,33.0,1.2450542784849525,114.0,1.4186492622531988,465.0
1986-02-04 00:00:00-05:00,9.968766354140053,10.055829815748265,9.664044238511316,9.816405296325684,233400,WHR,9.925236701965332,1,0.9944872161267503,1.0,1.0212860350636896,4.0,1.1522270222092463,33.0,1.2300780247887424,113.0,1.401860697249451,465.0
1986-02-05 00:00:00-05:00,9.751109742281727,9.925236701965332,9.751109742281727,9.925236701965332,397400,WHR,9.838173866271973,0,1.0055127838732498,1.0,1.0205908330170925,4.0,1.1602678617109328,33.0,1.2423897255377887,113.0,1.416144184998669,465.0
1986-02-06 00:00:00-05:00,9.968769094585316,9.990534965970872,9.838173866271973,9.838173866271973,249400,WHR,9.794638633728027,0,0.9955947463929489,1.0,1.0026619728888964,3.0,1.1464922813420138,32.0,1.2303108305532289,112.0,1.4025058048162131,464.0
1986-02-07 00:00:00-05:00,9.881702088250051,9.881702088250051,9.707575179206,9.794638633728027,90000,WHR,9.794638633728027,0,0.9977825269535914,0.0,0.9933772803912713,2.0,1.137670537834636,32.0,1.2236943315095894,112.0,1.3951033759881524,463.0
1986-02-10 00:00:00-05:00,9.881702088250051,9.925233815511069,9.751106906467014,9.794638633728027,232000,WHR,10.142898559570312,1,1.0,0.0,0.9960157905932308,1.0,1.1336640271589549,32.0,1.2224734672966968,112.0,1.3939170011229955,462.0
1986-02-11 00:00:00-05:00,9.794644531773908,10.186430313044864,9.794644531773908,10.142898559570312,598200,WHR,10.273489952087402,1,1.0174675499017676,1.0,1.024626567566124,2.0,1.1690219429289195,33.0,1.2645768761965523,112.0,1.4421894676451086,462.0
1986-02-12 00:00:00-05:00,10.142894740832054,10.273489952087402,10.099363003746936,10.273489952087402,840400,WHR,10.251724243164062,0,1.0063964002469155,2.0,1.030567671469353,2.0,1.1786606891740963,34.0,1.2793710413539776,113.0,1.4594549151889717,462.0
1986-02-13 00:00:00-05:00,10.22995837428261,10.295255980926967,10.1428948987568,10.251724243164062,273800,WHR,10.273489952087402,1,0.9989395623979225,1.0,1.0199220690349948,2.0,1.1706681073252008,34.0,1.2751802497661382,113.0,1.4550735035829656,461.0
1986-02-14 00:00:00-05:00,10.273489952087402,10.29525582062996,10.251724083544843,10.273489952087402,386800,WHR,10.404083251953123,1,1.0010604376020775,1.0,1.0124409771619056,3.0,1.1675542881920025,35.0,1.2764467200120486,113.0,1.4568805693510907,461.0
1986-02-18 00:00:00-05:00,10.29525392923395,10.404083251953123,10.273488064690117,10.404083251953123,237400,WHR,10.534673690795898,1,1.0063156976196896,2.0,1.013140934594659,4.0,1.1765374006336442,35.0,1.2911195060668894,114.0,1.4740601561438806,462.0
1986-02-19 00:00:00-05:00,10.404078562397602,10.708800528660293,10.404078562397602,10.534673690795898,394400,WHR,11.144125938415527,1,1.0062367808748072,2.0,1.018089549509628,4.0,1.1854764553481232,35.0,1.3057261635659902,114.0,1.4911682599325677,463.0
1986-02-20 00:00:00-05:00,10.578213293105364,11.144125938415527,10.534681551158428,11.144125938415527,472600,WHR,11.361786842346191,1,1.0281128225752136,2.0,1.0591645162747572,4.0,1.246534956582304,36.0,1.3791754342436506,114.0,1.5758189025294935,464.0
1986-02-21 00:00:00-05:00,11.361786842346191,11.492382093407642,11.23119159128474,11.361786842346191,585200,WHR,11.383548736572266,1,1.0096712764352629,2.0,1.0575368656483743,5.0,1.2626922933515048,37.0,1.4038376770095622,115.0,1.6048984977079406,465.0
1986-02-24 00:00:00-05:00,11.318251133876824,11.405314604137413,11.318251133876824,11.383548736572266,240800,WHR,11.273886680603027,0,1.0009567629437943,2.0,1.0381103979203623,5.0,1.2572595520837464,37.0,1.404253999258501,115.0,1.6062738515598554,465.0
1986-02-25 00:00:00-05:00,11.273886680603027,11.537090260694926,11.273886680603027,11.273886680603027,430400,WHR,11.317752838134766,1,0.9951599969744983,1.0,1.0120544947830192,4.0,1.2380092357767016,36.0,1.3885002921421903,115.0,1.5891546095261109,464.0
1986-02-26 00:00:00-05:00,11.23001832000969,11.361620097197305,11.23001832000969,11.317752838134766,541400,WHR,11.295823097229004,0,1.0019416987198009,1.0,1.0019061801669427,4.0,1.2358366408565615,36.0,1.3916309249310554,116.0,1.593675334233231,465.0
1986-02-27 00:00:00-05:00,11.493225830966988,11.493225830966988,11.273889460147007,11.295823097229004,232600,WHR,11.339677810668944,1,0.9990302400218151,1.0,0.9972863302955405,3.0,1.22649601410395,36.0,1.386789604927919,115.0,1.5889494071578694,464.0
1986-02-28 00:00:00-05:00,11.317744197882352,11.405478649028726,11.164208908376196,11.339677810668944,330000,WHR,11.361618041992188,1,1.0019374306589626,1.0,1.0015491754549017,3.0,1.2242183031373794,37.0,1.3898967607573316,116.0,1.5934762918611656,464.0
1986-03-03 00:00:00-05:00,11.40548529311957,11.493219795374335,11.339684416428495,11.361618041992188,445600,WHR,11.383543968200684,1,1.0009664748420373,2.0,1.0038758889091832,3.0,1.2196611899823226,37.0,1.3901825208438077,117.0,1.594912649815241,465.0
1986-03-04 00:00:00-05:00,11.449344800386816,11.646747296945207,11.383543968200684,11.383543968200684,364800,WHR,11.317752838134766,0,1.0009639819755372,2.0,1.0038679049820498,4.0,1.2154357726528728,37.0,1.3904506533861674,118.0,1.5963565821258228,465.0
1986-03-05 00:00:00-05:00,11.427420985791109,11.44935461532238,11.273885579072228,11.317752838134766,141400,WHR,11.339677810668944,1,0.9971018778959113,1.0,0.9980660559190365,3.0,1.2018948447894822,37.0,1.3800097205467095,118.0,1.5855411677812097,464.0
1986-03-06 00:00:00-05:00,11.339677810668944,11.449345874601914,11.317744197882352,11.339677810668944,406200,WHR,11.405482292175291,1,1.000967672498882,1.0,0.9992266538515716,4.0,1.1979934567700554,37.0,1.3802955558520353,118.0,1.5870186663201669,465.0
1986-03-07 00:00:00-05:00,11.383548672382648,11.405482292175291,11.361615052590004,11.405482292175291,232600,WHR,11.756421089172363,1,1.0028931201718874,2.0,1.0038610093704654,4.0,1.198331798378831,38.0,1.385853817085528,119.0,1.5945960552927525,466.0
1986-03-10 00:00:00-05:00,11.405483146211994,11.756421089172363,11.36161590334195,11.756421089172363,144600,WHR,11.69062614440918,0,1.015151552582664,2.0,1.0276074823989672,4.0,1.2278966379819256,38.0,1.425763796407895,119.0,1.6419057541163629,466.0
1986-03-11 00:00:00-05:00,11.756427042032495,11.756427042032495,11.668692511868072,11.69062614440918,116800,WHR,11.580949783325195,0,0.9971938920876591,1.0,1.01640012520653,3.0,1.214439763696511,37.0,1.4151090188778566,119.0,1.630946068842531,466.0
1986-03-12 00:00:00-05:00,11.69061786839456,11.844153187491676,11.580949783325195,11.580949783325195,340800,WHR,11.756421089172363,1,0.9952871107042959,0.0,1.0022777324874637,3.0,1.1970436629186119,36.0,1.399266859011264,119.0,1.6139195829928958,466.0
1986-03-13 00:00:00-05:00,11.624819360562226,11.80028833204241,11.58095211769218,11.756421089172363,149200,WHR,11.756421089172363,0,1.0075188977715548,1.0,1.0101771105218318,3.0,1.2088292488938723,36.0,1.4177237520400945,120.0,1.636594072688683,466.0
1986-03-14 00:00:00-05:00,11.756421089172363,11.80028833204241,11.537084874822131,11.756421089172363,155600,WHR,11.624818801879885,0,1.0,1.0,1.004121332285751,2.0,1.2023651366437027,36.0,1.4149181893795377,120.0,1.6348320543389852,465.0
1986-03-17 00:00:00-05:00,11.756420524165316,11.756420524165316,11.624818801879885,11.624818801879885,109200,WHR,11.844156265258787,1,0.9943714581473996,0.0,0.9951181882583248,1.0,1.1829332803492316,35.0,1.3964045809309769,120.0,1.614840075897746,464.0
1986-03-18 00:00:00-05:00,11.624820038124367,11.844156265258787,11.624820038124367,11.844156265258787,150000,WHR,11.69062614440918,0,1.0093458475605106,1.0,1.0112360520322008,2.0,1.1985208130610683,36.0,1.4198876590648253,121.0,1.6435701610611422,464.0
1986-03-19 00:00:00-05:00,11.866095204738022,12.10736516269018,11.69062614440918,11.69062614440918,405400,WHR,11.93188762664795,1,0.9934764588778803,1.0,0.9962620839498827,2.0,1.176673985638692,36.0,1.398839775290854,120.0,1.620582852708365,464.0
1986-03-20 00:00:00-05:00,11.756418690961947,12.195091030176949,11.756418690961947,11.93188762664795,193600,WHR,11.712552070617676,0,1.0102132010410496,1.0,1.0137902638661798,2.0,1.1941469928478976,36.0,1.4248567090051798,121.0,1.6522537833535307,465.0
1986-03-21 00:00:00-05:00,11.975755487934926,12.414427850130345,11.712552070617676,11.712552070617676,539600,WHR,12.085431098937988,1,0.9907235883430285,1.0,0.9958968711674212,2.0,1.16596825692225,36.0,1.39605096946607,120.0,1.6202155553952529,464.0
1986-03-24 00:00:00-05:00,11.800293886077384,12.107364730696498,11.756426622560369,12.085431098937988,709000,WHR,12.107362747192385,1,1.015668513825883,1.0,1.019615440670514,3.0,1.1961227535642889,36.0,1.4375103907896905,121.0,1.67003090278417,464.0
1986-03-25 00:00:00-05:00,12.019628234531568,12.107362747192385,11.84415920920994,12.107362747192385,291400,WHR,11.88802433013916,0,1.0009065364006278,2.0,1.016949274733683,3.0,1.1910980216275195,37.0,1.437025408402043,122.0,1.6713093993503554,464.0
1986-03-26 00:00:00-05:00,11.975758827040558,12.019626075491257,11.88802433013916,11.88802433013916,205000,WHR,11.844156265258787,0,0.9908591423698919,1.0,0.9952258687029344,3.0,1.1628724907449404,37.0,1.4081419183167911,121.0,1.6393689526931798,463.0
1986-03-27 00:00:00-05:00,11.931890756112557,11.931890756112557,11.800289019831904,11.844156265258787,320800,WHR,11.88802433013916,1,0.9981515366991232,0.0,0.9930120310109242,2.0,1.1524812495962884,36.0,1.4001186775482193,121.0,1.6316716711873467,463.0
1986-03-31 00:00:00-05:00,11.88802433013916,11.975758827040558,11.844157081688463,11.88802433013916,205600,WHR,11.909955024719238,1,1.0018484633008766,1.0,0.9937659517391008,3.0,1.1505693717581127,37.0,1.4025050220290405,121.0,1.6360457548180112,464.0
1986-04-01 00:00:00-05:00,11.931888643549293,11.9757558812094,11.866087787059133,11.909955024719238,333400,WHR,11.909955024719238,0,1.000921535994845,2.0,0.9985286515957797,3.0,1.1468059099691827,37.0,1.4022566283509346,122.0,1.6373900179645327,465.0
1986-04-02 00:00:00-05:00,11.866087787059133,11.909955024719238,11.844154168229078,11.909955024719238,305800,WHR,11.800289154052734,0,1.0,1.0,1.0018448845307042,2.0,1.1409400756744068,37.0,1.399321533870763,122.0,1.635728319490219,464.0
1986-04-03 00:00:00-05:00,11.953824514793196,12.063492629607811,11.800289154052734,11.800289154052734,279000,WHR,11.295823097229004,0,0.9953747473100809,0.0,0.9940872795696719,2.0,1.1251111233070596,36.0,1.383611939696759,122.0,1.6190479712157178,464.0
1986-04-04 00:00:00-05:00,11.866097661360952,11.90996493552495,11.23002218598301,11.295823097229004,405000,WHR,11.317752838134766,1,0.9781579665298114,0.0,0.9604630756228556,2.0,1.0722292513254643,36.0,1.3220682256769098,122.0,1.5483938216827182,464.0
1986-04-07 00:00:00-05:00,11.339686467666034,11.339686467666034,11.098416542822076,11.317752838134766,309400,WHR,11.844156265258787,1,1.0009697599781848,1.0,0.9717516004370536,2.0,1.0697440346198728,36.0,1.3222314789120193,123.0,1.5499805806274234,464.0
1986-04-08 00:00:00-05:00,11.36161656556306,11.844156265258787,11.317749320136176,11.844156265258787,137200,WHR,11.93188762664795,1,1.0227271173880434,2.0,1.0180993909781662,2.0,1.1138026988473433,37.0,1.3808443320440051,124.0,1.6204815259170169,464.0
1986-04-09 00:00:00-05:00,11.975754860569449,12.195091030176949,11.756418690961947,11.93188762664795,375000,WHR,11.93188762664795,0,1.0036899057634656,2.0,1.025254020458911,3.0,1.1163331278569466,37.0,1.3881342441764768,124.0,1.6308614513056858,465.0
1986-04-10 00:00:00-05:00,11.975754860569449,12.107356562333948,11.93188762664795,11.93188762664795,208200,WHR,12.107362747192385,1,1.0,1.0,1.0229406052369006,3.0,1.1107839987730688,36.0,1.3852084304911907,124.0,1.6292284582705674,465.0
1986-04-11 00:00:00-05:00,12.15123000352279,12.28283177251401,12.107362747192385,12.107362747192385,172000,WHR,12.238958358764648,1,1.0072995254766925,1.0,1.0237391222139123,4.0,1.121240839072933,37.0,1.402482090820406,125.0,1.6514777624645844,466.0
1986-04-14 00:00:00-05:00,12.08542303885183,12.282825593025455,12.019622187460625,12.238958358764648,293200,WHR,12.56796646118164,1,1.0054051538628588,2.0,1.0189918135596945,4.0,1.1271682139008337,38.0,1.4145908901470015,125.0,1.6676632075415427,467.0
1986-04-15 00:00:00-05:00,12.282829351242093,12.67763458038916,12.26089572740059,12.56796646118164,336000,WHR,13.247902870178224,1,1.0132627524292108,2.0,1.0339229220181798,4.0,1.1506484749590178,38.0,1.4492212573151906,125.0,1.7106131496014,467.0
1986-04-16 00:00:00-05:00,12.567960835450531,13.247902870178224,12.54602722142706,13.247902870178224,397800,WHR,13.291783332824709,1,1.026337924176376,2.0,1.06676057389331,4.0,1.2043930094680555,39.0,1.523555210166403,126.0,1.8010335816416303,467.0
1986-04-17 00:00:00-05:00,13.247916061099213,13.423385148001188,13.160181517648224,13.291783332824709,241200,WHR,13.247902870178224,0,1.001653390409775,2.0,1.0473562602220496,5.0,1.1999659419264215,39.0,1.524509142078507,127.0,1.804866048491267,467.0
1986-04-18 00:00:00-05:00,13.247902870178224,13.291770098225172,13.160168414084328,13.247902870178224,101000,WHR,13.291783332824709,1,0.9983466095902249,1.0,1.0254665661001081,4.0,1.1878098509693542,39.0,1.5153910737754739,127.0,1.7968163274510516,466.0
1986-04-21 00:00:00-05:00,13.247916061099213,13.291783332824709,12.721508800393284,13.291783332824709,181600,WHR,12.743436813354492,0,1.001653390409775,1.0,1.0123626914805788,4.0,1.1836337158918182,39.0,1.5162742028752147,128.0,1.8006495507755753,467.0
1986-04-22 00:00:00-05:00,13.291777467973876,13.379511972712978,12.677635934800168,12.743436813354492,223800,WHR,12.524091720581056,0,0.9789382798996348,1.0,0.968010706659895,3.0,1.1286243911648848,38.0,1.4500831660573588,128.0,1.7244936636985941,466.0
1986-04-23 00:00:00-05:00,12.809228659928785,12.809228659928785,12.370556445547662,12.524091720581056,284400,WHR,12.326695442199709,0,0.9913190919136059,0.0,0.9619266111561073,2.0,1.1036170633936033,37.0,1.421735176819273,127.0,1.6930130952301603,466.0
1986-04-24 00:00:00-05:00,12.502164416465892,12.524098038249168,12.28282819863316,12.326695442199709,270400,WHR,12.63376808166504,1,0.9920567394067504,0.0,0.9610123106301258,1.0,1.0814404851381356,36.0,1.396092274054985,127.0,1.6646075260210855,466.0
1986-04-25 00:00:00-05:00,12.326697329680126,12.765369832515717,12.326697329680126,12.63376808166504,224600,WHR,12.743436813354492,1,1.0123023612591064,1.0,0.9944751854026297,2.0,1.1030989559173854,36.0,1.4271961234053256,128.0,1.7042122416988064,467.0
1986-04-28 00:00:00-04:00,12.677635934800168,12.809237691908818,12.677635934800168,12.743436813354492,88600,WHR,12.765366554260254,1,1.0043215449511926,2.0,1.011842754864965,2.0,1.1072916465084002,36.0,1.4358403252854472,128.0,1.717105750223922,468.0
1986-04-29 00:00:00-04:00,12.787300173769292,12.831167412787368,12.45829588113372,12.765366554260254,201600,WHR,12.502159118652344,0,1.0008596930475226,2.0,1.0132311433713768,3.0,1.1040644741081573,36.0,1.4345653704035592,129.0,1.718151931900641,469.0
1986-04-30 00:00:00-04:00,12.765362468518708,12.765362468518708,12.502159118652344,12.502159118652344,93400,WHR,12.326695442199709,0,0.9895831733183881,1.0,0.992685088363792,3.0,1.0772981877287497,35.0,1.4014623856660366,129.0,1.6808978183304262,469.0
1986-05-01 00:00:00-04:00,12.458297172899346,12.458297172899346,12.28282819863316,12.326695442199709,225400,WHR,12.238958358764648,0,0.9929330740561311,0.0,0.9787530808192589,3.0,1.0583631034223902,35.0,1.3784444767423072,129.0,1.6555391205069652,469.0
1986-05-02 00:00:00-04:00,12.282825593025455,12.348626444416665,12.195091124503843,12.238958358764648,74200,WHR,12.348630905151367,1,0.9964284653628224,0.0,0.9779178777090547,2.0,1.047362320568777,34.0,1.3653520465158229,129.0,1.6419890347692165,469.0
1986-05-05 00:00:00-04:00,12.282830029990702,12.348630905151367,12.238962779883591,12.348630905151367,120000,WHR,12.54603385925293,1,1.0044604839136333,1.0,0.9929455921177324,2.0,1.052977393886457,35.0,1.3742766197990084,129.0,1.6548956075206882,470.0
1986-05-06 00:00:00-04:00,12.30476397734422,12.54603385925293,12.282830351716155,12.54603385925293,111200,WHR,13.028568267822266,1,1.007929528514231,2.0,1.0123896209599381,2.0,1.0656431910888746,36.0,1.3927503472759,130.0,1.6795178170015401,470.0
1986-05-07 00:00:00-04:00,12.63376316879735,13.028568267822266,12.63376316879735,13.028568267822266,366800,WHR,12.984702110290527,0,1.018867719082069,2.0,1.0424708238603277,3.0,1.101585849591782,37.0,1.4424914633155208,130.0,1.7420979987780896,471.0
1986-05-08 00:00:00-04:00,12.98470211029053,13.116303820867795,12.940834873431438,12.984702110290527,168800,WHR,13.094367027282717,1,0.9983137007806352,1.0,1.0281346706332408,3.0,1.0934978223101461,36.0,1.4340433144499725,129.0,1.7342516800257732,470.0
1986-05-09 00:00:00-04:00,12.984698961727585,13.094367027282717,12.940831735505531,13.094367027282717,168800,WHR,13.050507545471191,0,1.0042050932268205,1.0,1.022960626677382,4.0,1.0983843409596614,36.0,1.4425220674556105,129.0,1.7468710232410398,471.0
1986-05-12 00:00:00-04:00,13.050507545471191,13.160175676105403,13.02857391934435,13.050507545471191,158600,WHR,13.006638526916504,0,0.9983224443594299,1.0,1.0084748609335656,3.0,1.0904386407941857,36.0,1.4340752638149339,129.0,1.739013898838492,471.0
1986-05-13 00:00:00-04:00,13.050505773213018,13.050505773213018,12.984704903768248,13.006638526916504,229200,WHR,13.050507545471191,1,0.9983164304167149,0.0,0.997980644817986,2.0,1.082652416493834,35.0,1.4257504886293666,128.0,1.7311836983993614,471.0
1986-05-14 00:00:00-04:00,12.984706667090665,13.050507545471191,12.962773040963825,13.050507545471191,119400,WHR,13.182991981506348,1,1.001683569583285,1.0,1.0010096376860478,2.0,1.0823303333973577,35.0,1.4270863242302498,128.0,1.7350393512787827,471.0
1986-05-15 00:00:00-04:00,13.182991981506348,13.182991981506348,13.07258166340328,13.182991981506348,80400,WHR,13.160907745361328,0,1.005050200637506,2.0,1.0081050268187577,3.0,1.0893301992506144,35.0,1.4380126503344879,128.0,1.750623219382138,472.0
1986-05-16 00:00:00-04:00,13.138825685385893,13.27131804523852,13.138825685385893,13.160907745361328,253200,WHR,13.050501823425291,0,0.9991616944957281,1.0,1.0053930787588943,2.0,1.0844931721221276,34.0,1.4321330766610878,127.0,1.7456650640361224,472.0
1986-05-19 00:00:00-04:00,13.072583890808415,13.11674802557466,13.02841975604217,13.050501823425291,86600,WHR,13.116747856140137,1,0.9957878678120572,0.0,0.9969589946642418,2.0,1.072907104485082,33.0,1.4167751505237645,126.0,1.7290288452395655,472.0
1986-05-20 00:00:00-04:00,13.02841958774862,13.116747856140137,13.02841958774862,13.116747856140137,55600,WHR,13.072585105895996,0,1.0025316391109524,1.0,1.0003368177349847,3.0,1.075798483398594,33.0,1.4204761733959745,127.0,1.735801886969496,472.0
1986-05-21 00:00:00-04:00,13.072585105895996,13.182995453074172,13.072585105895996,13.072585105895996,85400,WHR,13.293404579162598,1,0.9983137122923994,1.0,0.9966331746050904,2.0,1.069546647178383,33.0,1.4123236029163173,126.0,1.727975320648153,472.0
1986-05-22 00:00:00-04:00,13.072583905090127,13.293404579162598,13.072583905090127,13.293404579162598,162000,WHR,13.470063209533691,1,1.0083751634550528,1.0,1.011764758655496,2.0,1.0846910572318402,33.0,1.432672758309092,126.0,1.7551015922931168,473.0
1986-05-23 00:00:00-04:00,13.337570784521883,13.492145280368993,13.315488713686584,13.470063209533691,217600,WHR,13.82338047027588,1,1.0066007376833919,2.0,1.0204082738435294,3.0,1.0958654411265307,34.0,1.4480119218284904,127.0,1.776312942578652,473.0
1986-05-27 00:00:00-04:00,13.5142313862761,13.911708779990102,13.492149308847544,13.82338047027588,204000,WHR,14.176692008972168,1,1.0129451330835015,2.0,1.0350532343654701,4.0,1.120835129828701,34.0,1.4820314079016865,127.0,1.8207044992722605,473.0
1986-05-28 00:00:00-04:00,14.000035410729526,14.198774083752498,14.000035410729526,14.176692008972168,332800,WHR,14.154608726501465,0,1.0126182365762855,2.0,1.0449220036407865,4.0,1.1451262190666835,34.0,1.5156817727675997,127.0,1.864868103213536,474.0
1986-05-29 00:00:00-04:00,14.044198362020174,14.19877287229398,14.044198362020174,14.154608726501465,148600,WHR,14.132532119750977,0,0.9992205341125389,1.0,1.02691445816705,4.0,1.1390929825703564,33.0,1.5091498681211046,126.0,1.8596112732511412,473.0
1986-05-30 00:00:00-04:00,14.132532119750977,14.22086044549942,14.044203794002533,14.132532119750977,225200,WHR,13.955866813659668,0,0.9992195532637788,0.0,1.0129790626683368,3.0,1.1330387761248901,33.0,1.5027503959342723,125.0,1.8543786966261646,472.0
1986-06-02 00:00:00-04:00,14.132523355604729,14.15460542334786,13.955866813659668,13.955866813659668,183400,WHR,13.867549896240234,0,0.9937103817661473,0.0,0.9933979821223232,2.0,1.1149773947754167,32.0,1.4801290552794713,124.0,1.8289522579758486,471.0
1986-06-03 00:00:00-04:00,13.867549896240236,13.911714067884311,13.823385724596156,13.867549896240234,190400,WHR,13.77921199798584,0,0.9968258061782898,0.0,0.9864911475438575,1.0,1.1043011750250142,31.0,1.467223503849727,123.0,1.8151546701532748,471.0
1986-06-04 00:00:00-04:00,13.845458209514618,13.889622350533804,13.735047856966656,13.77921199798584,93200,WHR,13.801298141479492,1,0.9968047651080308,0.0,0.9857817593254584,0.0,1.0943287599028744,30.0,1.454484276947283,122.0,1.8014134514807212,470.0
1986-06-05 00:00:00-04:00,13.801298141479492,13.82338021850586,13.735051910400392,13.801298141479492,102000,WHR,13.933785438537598,1,1.000800788070343,1.0,0.992378555514969,1.0,1.0930291273489912,31.0,1.453315230211483,123.0,1.8021785779531336,470.0
1986-06-06 00:00:00-04:00,13.823375094333654,14.000031645059964,13.801293025492866,13.933785438537598,263000,WHR,13.933785438537598,0,1.0047768847234901,2.0,1.004776836354362,2.0,1.1001052589220977,32.0,1.4636810918764036,123.0,1.8173375015084927,470.0
1986-06-09 00:00:00-04:00,13.933785438537598,14.04419578274154,13.911703369696808,13.933785438537598,195000,WHR,13.933785438537598,0,1.0,1.0,1.0050969207847473,2.0,1.0969623146002219,31.0,1.460152276535076,122.0,1.8151735728395813,470.0
1986-06-10 00:00:00-04:00,13.88962130085602,13.933785438537598,13.845457163174444,13.933785438537598,351400,WHR,13.867549896240234,0,1.0,0.0,1.004137402930717,2.0,1.0938372775796794,31.0,1.4566144742792007,122.0,1.8130147912809786,470.0
1986-06-11 00:00:00-04:00,13.95587823952839,13.95587823952839,13.867549896240236,13.867549896240234,129200,WHR,13.911702156066896,1,0.9976175409742097,0.0,0.9980933570965522,2.0,1.0854525401972266,31.0,1.4461106343726724,122.0,1.802300505788243,469.0
1986-06-12 00:00:00-04:00,13.867538022238111,13.911702156066896,13.845455955323718,13.911702156066896,125400,WHR,14.022120475769045,1,1.0015893969982894,1.0,0.9996824174421041,2.0,1.0859793470188024,31.0,1.4471276912524862,122.0,1.8059261032552303,470.0
1986-06-13 00:00:00-04:00,13.911710078322042,14.022120475769045,13.911710078322042,14.022120475769045,57200,WHR,14.08836269378662,1,1.0039528538989255,2.0,1.0063393953188788,2.0,1.09128857948531,32.0,1.4550264015674093,122.0,1.8181002078481443,471.0
1986-06-16 00:00:00-04:00,14.02211647422336,14.15460891334988,14.02211647422336,14.08836269378662,70000,WHR,14.265029907226562,1,1.0023564951771913,2.0,1.0088550792438538,3.0,1.0933855736132587,32.0,1.4583122010764424,122.0,1.8244903286903031,472.0
1986-06-17 00:00:00-04:00,14.132537369388544,14.35335826578524,14.110455279748876,14.265029907226562,127400,WHR,14.441679954528809,1,1.0062309020978897,2.0,1.0166828925289662,4.0,1.1034534082381457,33.0,1.4728637830239373,123.0,1.845073583897757,473.0
1986-06-18 00:00:00-04:00,14.265023318999404,14.53000827229351,14.265023318999404,14.441679954528809,374600,WHR,14.441679954528809,0,1.006153615240233,2.0,1.020917965441798,5.0,1.1137347086842597,33.0,1.4872710933751203,123.0,1.865546867478071,474.0
1986-06-19 00:00:00-04:00,14.441679954528809,14.53000827229351,14.375433716205285,14.441679954528809,278200,WHR,14.662500381469728,1,1.0,1.0,1.0133250323365748,4.0,1.1104031050538818,32.0,1.483458936469919,123.0,1.8632199938042677,473.0
1986-06-20 00:00:00-04:00,14.353351277041147,14.662500381469728,14.331269198153391,14.662500381469728,267800,WHR,14.220844268798828,0,1.0075872408840112,1.0,1.019655962460973,4.0,1.123387586575934,33.0,1.502128921253478,124.0,1.8892992237562591,474.0
1986-06-23 00:00:00-04:00,14.529993057250977,14.552075113568987,14.132516043526786,14.220844268798828,100000,WHR,14.331266403198242,1,0.9847089691994243,1.0,0.987123548677156,3.0,1.0862528429648894,33.0,1.4532736279128458,124.0,1.8301951214873882,473.0
1986-06-24 00:00:00-04:00,14.265020179454645,14.485840925266636,14.176691881129848,14.331266403198242,149600,WHR,14.04420280456543,0,1.003867389548462,1.0,0.9938744608116259,3.0,1.0912929951247434,33.0,1.4608478539019618,125.0,1.842191166531673,473.0
1986-06-25 00:00:00-04:00,14.35335192290492,14.419598162549097,14.04420280456543,14.04420280456543,173800,WHR,14.176692008972168,1,0.9898833884814046,1.0,0.9793658354208614,2.0,1.0665448817928183,32.0,1.4281231056711348,125.0,1.8032009946597303,472.0
1986-06-26 00:00:00-04:00,14.088363709850848,14.220856158532827,14.088363709850848,14.176692008972168,132000,WHR,14.000039100646973,0,1.004694720180991,1.0,0.9922721087301974,3.0,1.0735264202036767,33.0,1.4380642732736433,125.0,1.8180670770443037,473.0
1986-06-27 00:00:00-04:00,14.17669574545009,14.24294198725126,13.955874939446192,14.000039100646973,76600,WHR,13.75712776184082,0,0.9937305393007463,1.0,0.9890798949308213,2.0,1.0572143231265039,33.0,1.4167269617359957,125.0,1.7933220683762925,473.0
1986-06-30 00:00:00-04:00,14.0441946332757,14.066276700309151,13.735045694807368,13.75712776184082,248200,WHR,13.712971687316896,0,0.9912486983988833,0.0,0.9783287749770179,2.0,1.0356626142963525,33.0,1.3888916510843794,125.0,1.760251377619208,472.0
1986-07-01 00:00:00-04:00,13.779217927352242,13.779217927352242,13.514232967210852,13.712971687316896,175400,WHR,13.867549896240234,1,0.9983925768231874,0.0,0.9838404616432309,1.0,1.0292452944310382,32.0,1.3811942972848705,125.0,1.7526580905610571,472.0
1986-07-02 00:00:00-04:00,13.80130363877412,13.911714067884311,13.77922155295208,13.867549896240234,114200,WHR,13.77921199798584,0,1.005604615143156,1.0,0.9974590728902459,2.0,1.038219486592813,32.0,1.3934522394165882,125.0,1.7704232436763512,472.0
1986-07-03 00:00:00-04:00,13.867540280024212,13.867540280024212,13.69088371594747,13.77921199798584,158600,WHR,13.050501823425291,0,0.9968047651080308,1.0,0.9968048270005917,1.0,1.0292334682134812,31.0,1.3813027233852684,125.0,1.7571995749873588,471.0
1986-07-07 00:00:00-04:00,13.845456249217696,13.845456249217696,12.984255621275926,13.050501823425291,145000,WHR,12.542617797851562,0,0.9728394354330007,0.0,0.9572397418021023,1.0,0.9734471159713789,31.0,1.3055481085720366,125.0,1.6625859592216143,471.0
1986-07-08 00:00:00-04:00,12.63094609220263,12.653028165790396,12.233468767622828,12.542617797851562,461200,WHR,13.160907745361328,1,0.9801554467337581,0.0,0.9366753766158624,1.0,0.9350576902045019,30.0,1.252405552119625,125.0,1.5963629434837832,471.0
1986-07-09 00:00:00-04:00,12.895923025656067,13.249235985263082,12.895923025656067,13.160907745361328,288400,WHR,13.205080032348633,1,1.0240546747748784,1.0,0.9910204300175534,2.0,0.9800288272234607,30.0,1.3113790314072584,126.0,1.6733319289549047,472.0
1986-07-10 00:00:00-04:00,13.205080032348633,13.249244179614012,13.072587590552493,13.205080032348633,172400,WHR,12.807600021362305,0,1.0016753511137044,2.0,1.004367023182277,2.0,0.9825412150896338,30.0,1.3130291124965447,126.0,1.6771960016797207,473.0
1986-07-11 00:00:00-04:00,13.24924140140928,13.337569677418676,12.807600021362305,12.807600021362305,220000,WHR,12.18930721282959,0,0.9847197593571438,1.0,0.9887487361553191,2.0,0.9534868206733976,29.0,1.271060124435777,125.0,1.6250855144926217,473.0
1986-07-14 00:00:00-04:00,12.763441248216491,12.763441248216491,12.05681474312492,12.18930721282959,522600,WHR,11.83599090576172,0,0.9752652277043703,0.0,0.9536976292731687,2.0,0.9086998445203978,28.0,1.2077880552142204,124.0,1.5452028309356627,473.0
1986-07-15 00:00:00-04:00,11.968483341273975,12.012647486444733,11.615170179907956,11.83599090576172,405800,WHR,11.769750595092772,0,0.9852939886396471,0.0,0.9364081924784102,2.0,0.883911114495924,28.0,1.171172342586744,123.0,1.4990978510404716,472.0
1986-07-16 00:00:00-04:00,11.7035043440885,11.88016101343323,11.659340176752316,11.769750595092772,712200,WHR,11.90223789215088,1,0.9971938898565609,0.0,0.9521261199700953,1.0,0.8806325816228687,27.0,1.1630742066198587,122.0,1.4894288564551663,471.0
1986-07-17 00:00:00-04:00,11.79182752209382,11.946402040173702,11.79182752209382,11.90223789215088,193400,WHR,11.90223789215088,0,1.0055967962779935,1.0,0.9835765799783155,1.0,0.8914806665949649,28.0,1.1745876553963255,122.0,1.5048743837071055,472.0
1986-07-18 00:00:00-04:00,11.946402040173702,11.968484114185117,11.835991670116645,11.90223789215088,153800,WHR,11.74766445159912,0,1.0,1.0,0.9985178566779602,1.0,0.8921732459801629,28.0,1.173072201103289,121.0,1.503537824102194,472.0
1986-07-21 00:00:00-04:00,11.880156907820163,11.880156907820163,11.70350029952544,11.74766445159912,346800,WHR,11.924320220947266,1,0.993464098147001,0.0,0.9929078008467789,1.0,0.8812241279237127,28.0,1.1563287537595515,121.0,1.4827053277076943,472.0
1986-07-22 00:00:00-04:00,11.791827774047851,11.924320220947266,11.74766362508138,11.924320220947266,204400,WHR,11.880155563354492,0,1.007462651391162,1.0,1.0063361022777695,2.0,0.8952696240654013,28.0,1.1721081031297096,122.0,1.5036260963933372,473.0
1986-07-23 00:00:00-04:00,11.835991416278825,11.968483857505827,11.835991416278825,11.880155563354492,395600,WHR,11.946401596069336,1,0.9981446910239503,1.0,1.0007440079898557,2.0,0.8929183408350855,27.0,1.1661885126374498,122.0,1.4967195703389151,472.0
1986-07-24 00:00:00-04:00,11.92431952287882,11.968483669259852,11.835991230116754,11.946401596069336,270400,WHR,11.880155563354492,0,1.0027803443137668,1.0,1.005576160073385,2.0,0.8988195213596916,27.0,1.1710976333904237,122.0,1.5037178693901647,472.0
1986-07-25 00:00:00-04:00,11.902237636892329,11.92431971043016,11.813909342740992,11.880155563354492,134200,WHR,11.791825294494627,0,0.9972196556862332,1.0,1.0003718576259892,2.0,0.8945330311437932,27.0,1.1630046027407401,122.0,1.4940539677527953,472.0
1986-07-28 00:00:00-04:00,11.88015357385414,11.924317713533895,11.70349701513512,11.791825294494627,166000,WHR,11.615168571472168,0,0.9962685729854932,0.0,0.9921960710155001,2.0,0.8884784526482669,27.0,1.152728172684446,122.0,1.4816632716848097,471.0
1986-07-29 00:00:00-04:00,11.747660988637248,11.747660988637248,11.5047582238346,11.615168571472168,227600,WHR,11.90223789215088,1,0.9924528231162859,0.0,0.9824429258242134,1.0,0.8758539971819215,27.0,1.134030968221201,121.0,1.4582518110236418,470.0
1986-07-30 00:00:00-04:00,11.65933507802535,12.012648262207938,11.571006781979705,11.90223789215088,187200,WHR,11.90223789215088,0,1.0122066742828448,1.0,1.0063481108493597,2.0,0.8980045526504524,27.0,1.160527046533411,121.0,1.4930039146587262,470.0
1986-07-31 00:00:00-04:00,11.946402040173702,11.968484114185117,11.880155818139468,11.90223789215088,115800,WHR,11.880155563354492,0,1.0,1.0,1.007100231980667,1.0,0.8987321266655549,26.0,1.158970684886744,121.0,1.491753923200895,469.0
1986-08-01 00:00:00-04:00,11.946401783967993,11.968483857505827,11.813909342740992,11.880155563354492,111200,WHR,11.96848487854004,1,0.9990714841700983,0.0,1.0052317498804915,1.0,0.8983630762639023,25.0,1.1551948742413343,121.0,1.4877484180586908,468.0
1986-08-04 00:00:00-04:00,11.880156576853397,12.03473110480502,11.791828275166754,11.96848487854004,207800,WHR,12.18930721282959,1,1.0037037463582361,1.0,1.009687130258481,2.0,0.906203054299386,26.0,1.1620339274073894,122.0,1.4975556518719388,468.0
1986-08-05 00:00:00-04:00,12.05681474312492,12.233471369397812,12.034732664840808,12.18930721282959,151000,WHR,12.233468055725098,1,1.0091408326329805,2.0,1.0184503327517653,3.0,0.9239780828902613,26.0,1.181595850352067,123.0,1.5238947182501943,468.0
1986-08-06 00:00:00-04:00,12.189303911119593,12.277632200330602,12.123057694211331,12.233468055725098,231600,WHR,12.365966796875,1,1.0018081828297527,2.0,1.0165136503524932,3.0,0.9282837762604501,27.0,1.1840166986802745,123.0,1.5281580719051657,468.0
1986-08-07 00:00:00-04:00,12.23347429547991,12.365966796875,12.23347429547991,12.365966796875,97400,WHR,12.498456001281738,1,1.0053862514299143,2.0,1.019665286127856,4.0,0.9390987683083054,28.0,1.1948559618637682,124.0,1.543392140937826,469.0
1986-08-08 00:00:00-04:00,12.365963534837055,12.5426201567633,12.365963534837055,12.498456001281738,148600,WHR,12.675103187561035,1,1.0053284649107785,2.0,1.0201874667247193,5.0,0.9498239642804909,28.0,1.2055670514189532,125.0,1.5585884611839425,469.0
1986-08-11 00:00:00-04:00,12.719267310165778,12.807595555375263,12.653021126258665,12.675103187561035,260400,WHR,12.630948066711426,0,1.007017171666277,2.0,1.022807653281523,5.0,0.9638683639936357,28.0,1.220349995278543,126.0,1.5792258308186358,470.0
1986-08-12 00:00:00-04:00,12.675112220790837,12.675112220790837,12.586783912632017,12.630948066711426,147800,WHR,12.675103187561035,1,0.9982551556382327,1.0,1.0120312627702526,4.0,0.961156204706541,28.0,1.2138795523345032,126.0,1.5723341205021781,470.0
1986-08-13 00:00:00-04:00,12.630939064956292,12.719267310165778,12.586774942351552,12.675103187561035,114000,WHR,12.71927547454834,1,1.0017448443617671,1.0,1.0084323944673346,4.0,0.9649756296044605,29.0,1.215863674349699,127.0,1.5764445924008357,470.0
1986-08-14 00:00:00-04:00,12.630947172641754,12.78552170097828,12.630947172641754,12.71927547454834,189000,WHR,12.94009494781494,1,1.001739451379183,2.0,1.0062895326287236,4.0,0.9688271506566016,29.0,1.2178214908068963,128.0,1.5805719231971695,470.0
1986-08-15 00:00:00-04:00,12.763438361496648,12.94009494781494,12.719274214917077,12.94009494781494,67200,WHR,12.94009494781494,0,1.0086058024663827,2.0,1.016655266076761,4.0,0.9858127788623317,30.0,1.2365896548772208,128.0,1.6065803543306694,471.0
1986-08-18 00:00:00-04:00,12.94009494781494,12.962177021104727,12.719274214917077,12.94009494781494,90800,WHR,12.94009494781494,0,1.0,1.0,1.012439585134656,3.0,0.9862552149255925,29.0,1.2342242911746066,128.0,1.605166527191558,470.0
1986-08-19 00:00:00-04:00,12.895930801235368,12.962177021104727,12.851766654655794,12.94009494781494,83800,WHR,12.962181091308594,1,1.0,0.0,1.0075654252004058,3.0,0.9869196189331195,28.0,1.2319379294891952,127.0,1.6037513138232105,470.0
1986-08-20 00:00:00-04:00,12.9400990110849,12.98426317153229,12.9400990110849,12.962181091308594,76200,WHR,13.050501823425291,1,1.000852671921969,1.0,1.0047931116352251,3.0,0.9896875075860202,28.0,1.2316886112729215,128.0,1.6050497097797722,471.0
1986-08-21 00:00:00-04:00,12.962173553892804,13.094665958191538,12.962173553892804,13.050501823425291,70800,WHR,12.962181091308594,0,1.003395294995376,2.0,1.0064711114338094,3.0,0.9978610134739262,28.0,1.2376905285305995,128.0,1.6145184463105757,472.0
1986-08-22 00:00:00-04:00,13.028427331979678,13.028427331979678,12.895934850637513,12.962181091308594,194000,WHR,12.784316062927246,0,0.996604705004624,1.0,0.9993192751763598,2.0,0.9926162373312245,28.0,1.2270102065680333,127.0,1.602154449469945,472.0
1986-08-25 00:00:00-04:00,12.784316062927246,12.939951214997665,12.584213724550994,12.784316062927246,134600,WHR,13.273446083068848,1,0.9930916804986777,0.0,0.9879798544582349,2.0,0.9806831984085125,28.0,1.2080102424442107,126.0,1.57879311620229,471.0
1986-08-26 00:00:00-04:00,12.806540944468438,13.340146817154622,12.806540944468438,13.273446083068848,183400,WHR,13.073347091674805,0,1.0187709910544547,1.0,1.0205220724161672,3.0,1.0190934296300838,29.0,1.2518108871486542,126.0,1.637664279107058,472.0
1986-08-27 00:00:00-04:00,13.251215759588748,13.27344934307799,13.073347091674805,13.073347091674805,109600,WHR,13.162280082702637,1,0.9924051860859537,1.0,1.0034223261895416,2.0,1.0047515607123274,29.0,1.2306699611732548,125.0,1.6115237254692447,471.0
1986-08-28 00:00:00-04:00,13.028878595377948,13.162280082702637,13.028878595377948,13.162280082702637,115400,WHR,13.162280082702637,0,1.0033897794947584,1.0,1.0085177402990189,2.0,1.0123865283927584,30.0,1.2367636984714325,125.0,1.620993198819871,472.0
1986-08-29 00:00:00-04:00,13.2067472451442,13.295681570027329,13.073345757819512,13.162280082702637,83000,WHR,12.717612266540527,0,1.0,1.0,1.0054346860047587,2.0,1.013216530848717,29.0,1.2344840445425749,125.0,1.6195028368432751,472.0
1986-09-02 00:00:00-04:00,13.140050436233308,13.162284024111877,12.584210739269125,12.717612266540527,116800,WHR,12.851017951965332,1,0.9828180190952335,0.0,0.9724585905698655,2.0,0.9805164609929573,28.0,1.1907249744150823,125.0,1.5634234854244966,472.0
1986-09-03 00:00:00-04:00,12.673149191384496,12.851017951965332,12.628682001239287,12.851017951965332,88200,WHR,13.25121021270752,1,1.0052175530830059,1.0,0.9890490128702544,2.0,0.9921823823017969,29.0,1.2010776147377793,126.0,1.5784226444100788,472.0
1986-09-04 00:00:00-04:00,12.895473025789196,13.25121021270752,12.895473025789196,13.25121021270752,149600,WHR,13.073347091674805,0,1.0153317279359244,2.0,1.017064405485936,3.0,1.0239792167462438,30.0,1.2360890866325738,127.0,1.6260970942007698,472.0
1986-09-05 00:00:00-04:00,13.206748592610262,13.317916510056476,12.939945590739349,13.073347091674805,64200,WHR,12.873246192932127,0,0.9932434525308007,1.0,1.0047846532234663,2.0,1.0112693380803612,30.0,1.2171991526928103,127.0,1.6028340451328782,472.0
1986-09-08 00:00:00-04:00,12.939946950408462,12.98441412205935,12.71761109215402,12.873246192932127,68400,WHR,12.939943313598633,1,0.992287970272329,0.0,0.993820830819315,2.0,0.9971257860201665,29.0,1.1963452513971593,127.0,1.5769348293184773,471.0
1986-09-09 00:00:00-04:00,12.828775415715482,13.073344791058412,12.828775415715482,12.939943313598633,97600,WHR,12.828770637512209,0,1.0025838388026256,1.0,0.9955523359162173,3.0,1.0036941605329772,29.0,1.2002488531138453,128.0,1.5837136376703123,472.0
1986-09-10 00:00:00-04:00,12.962172065285296,12.962172065285296,12.762069923625662,12.828770637512209,88000,WHR,11.91719913482666,0,0.9956857499253807,1.0,0.9873371038932889,2.0,0.9966939541729566,28.0,1.1876626949639328,128.0,1.5687590491238421,471.0
1986-09-11 00:00:00-04:00,12.717608031941884,12.76207519289273,11.91719913482666,11.91719913482666,432400,WHR,11.605931282043455,0,0.9631628297022934,0.0,0.9364081202012141,1.0,0.928695418308534,27.0,1.101528900276034,128.0,1.4561999545722337,471.0
1986-09-12 00:00:00-04:00,12.006135809010472,12.139537317999478,11.383595433728448,11.605931282043455,244600,WHR,11.539222717285156,0,0.9867675837668283,0.0,0.9334765844723791,1.0,0.9077820938946787,26.0,1.0712150528658813,127.0,1.4171541943887889,471.0
1986-09-15 00:00:00-04:00,11.56145628706798,11.78379198489621,11.42805486837104,11.539222717285156,96600,WHR,11.605931282043455,1,0.9971178172000827,0.0,0.9484645979587024,1.0,0.9059923438259101,26.0,1.063588353901014,126.0,1.4080164155159303,471.0
1986-09-16 00:00:00-04:00,11.583697697211957,11.605931282043455,11.42806260339145,11.605931282043455,112800,WHR,11.51699447631836,0,1.002882182799917,1.0,0.9753366172129196,1.0,0.914889222649145,26.0,1.068262171517711,126.0,1.415144731655552,472.0
1986-09-17 00:00:00-04:00,11.605928796598809,11.69486311687926,11.51699447631836,11.51699447631836,149200,WHR,11.494758605957031,0,0.996153739078934,1.0,0.9896828455177775,1.0,0.911115012656496,26.0,1.058701465969279,125.0,1.4033199990055922,471.0
1986-09-18 00:00:00-04:00,11.516992181597182,11.56145933287748,11.428057879036585,11.494758605957031,72200,WHR,11.561458587646484,1,0.9990337168019391,0.0,0.9949959984299489,1.0,0.9127696427031607,25.0,1.0552643061086455,125.0,1.3996472071131625,470.0
1986-09-19 00:00:00-04:00,11.539225013439472,11.60592573606051,11.33912284557636,11.561458587646484,126000,WHR,11.316898345947266,0,1.0028929282340364,1.0,1.0015407101006901,2.0,0.9210926519265098,26.0,1.0600227911718556,125.0,1.4068097980939458,470.0
1986-09-22 00:00:00-04:00,11.561467858335124,11.605935042405644,11.250197569841486,11.316898345947266,62200,WHR,11.33912754058838,1,0.9893104106029522,1.0,0.9841458725227163,2.0,0.905045445613244,25.0,1.0363113051407902,125.0,1.3761809781063274,469.0
1986-09-23 00:00:00-04:00,11.383594707414217,11.428061874240054,11.250193206936704,11.33912754058838,131000,WHR,11.294657707214355,0,1.0009811603655665,1.0,0.9906760971087687,2.0,0.9100508395694015,26.0,1.0370340139197267,126.0,1.3780223754106926,469.0
1986-09-24 00:00:00-04:00,11.383592019869589,11.428059176197202,11.25019055088674,11.294657707214355,88200,WHR,10.894450187683104,0,0.9980352454135641,1.0,0.9906395147971259,2.0,0.9094774943163034,26.0,1.031695558998587,125.0,1.371774631745159,468.0
1986-09-25 00:00:00-04:00,11.294654480291872,11.33912162391507,10.894450187683104,10.894450187683104,226800,WHR,10.761052131652832,0,0.9819637850504443,0.0,0.9657071744733791,2.0,0.8805825437075168,26.0,0.9940844101478494,124.0,1.3224135232892424,468.0
1986-09-26 00:00:00-04:00,10.761052131652832,10.894453604359272,10.672117816515206,10.761052131652832,220000,WHR,10.5831880569458,0,0.9938399925310824,0.0,0.9676128613166046,1.0,0.8734554924834042,25.0,0.9808895498074697,124.0,1.305454581984508,468.0
1986-09-29 00:00:00-04:00,10.738823175430298,10.783290352140153,10.538720880235944,10.5831880569458,184600,WHR,10.5831880569458,0,0.991666881878417,0.0,0.964343957200708,1.0,0.8627487559793393,25.0,0.9637280771249648,124.0,1.2831156883008685,468.0
1986-09-30 00:00:00-04:00,10.649888822010585,10.805523940495082,10.538720880235944,10.5831880569458,246600,WHR,10.5831880569458,0,1.0,0.0,0.9778146211613188,0.0,0.8656506638897857,25.0,0.9627811042864742,124.0,1.28236096221344,467.0
1986-10-01 00:00:00-04:00,10.538720880235944,10.672122410365512,10.405319350106376,10.5831880569458,220000,WHR,10.627647399902344,1,1.0,0.0,0.9908412022006502,0.0,0.8679691734954407,25.0,0.9618359906389243,124.0,1.2816313173184848,466.0
1986-10-02 00:00:00-04:00,10.627647399902344,10.716581687767636,10.494245968104408,10.627647399902344,112600,WHR,10.716588973999023,1,1.0020960675050727,1.0,0.9999994974830001,1.0,0.8746441008754727,25.0,0.9649213526342495,124.0,1.286328148852061,466.0
1986-10-03 00:00:00-04:00,10.716588973999023,10.73882256108201,10.672121799833054,10.716588973999023,191600,WHR,10.84999179840088,1,1.0041670066119317,2.0,1.009212833141304,2.0,0.8849846481697193,25.0,0.9720115544652523,124.0,1.2964023772420168,466.0
1986-10-06 00:00:00-04:00,10.73882384964677,10.894458977902522,10.672123080394307,10.84999179840088,194800,WHR,10.983386993408203,1,1.0061856270036362,2.0,1.0166668784528863,3.0,0.8984218231615385,26.0,0.9830071230551131,125.0,1.3118265843261705,466.0
1986-10-07 00:00:00-04:00,10.849985531949804,11.072321301047134,10.849985531949804,10.983386993408203,286000,WHR,11.316898345947266,1,1.0061096908673324,2.0,1.021505105487292,4.0,0.9109835710161498,27.0,0.9938673717741301,126.0,1.3272492123733766,466.0
1986-10-08 00:00:00-04:00,10.938927281347848,11.316898345947266,10.916693689312588,11.316898345947266,210400,WHR,11.828266143798828,1,1.0149554746705631,2.0,1.0383520850705734,5.0,0.9393196871620417,28.0,1.022663496608397,127.0,1.366734522701874,467.0
1986-10-09 00:00:00-04:00,11.739331811890564,11.917200475707087,11.694864645936434,11.828266143798828,327800,WHR,11.428062438964844,0,1.0220939366440067,2.0,1.0618761159885075,5.0,0.9816845227889128,29.0,1.0672271741605042,128.0,1.4275211640932401,468.0
1986-10-10 00:00:00-04:00,11.82826696017373,11.850500544685335,11.383595269941637,11.428062438964844,131400,WHR,11.605931282043455,1,0.9827916214973591,1.0,1.0130074565723655,4.0,0.949092209457374,28.0,1.0296725500917905,128.0,1.378354645178559,467.0
1986-10-13 00:00:00-04:00,11.450296188222952,11.650398451706458,11.42806260339145,11.605931282043455,106400,WHR,11.783798217773438,1,1.007722014915563,1.0,1.015169219686732,4.0,0.9642595622481267,29.0,1.0441516755433042,129.0,1.3988818225739763,468.0
1986-10-14 00:00:00-04:00,11.650396728515624,11.806031799316406,11.650396728515624,11.783798217773438,138600,WHR,12.25070571899414,1,1.007604488787755,2.0,1.0164938905681633,4.0,0.9789883578539845,30.0,1.058487432464488,130.0,1.4193512260273793,469.0
1986-10-15 00:00:00-04:00,11.80603400505606,12.272939304691045,11.80603400505606,12.25070571899414,199800,WHR,11.93942928314209,0,1.0194265503648043,2.0,1.0400151831998108,4.0,1.017318895123239,30.0,1.0985676278191696,130.0,1.4744939467315707,470.0
1986-10-16 00:00:00-04:00,12.228465746234914,12.228465746234914,11.872728560889898,11.93942928314209,123000,WHR,12.050591468811035,1,0.9871320918289807,1.0,1.0116801167321565,3.0,0.9913886542678211,30.0,1.0689667341636182,130.0,1.4360731512764067,469.0
1986-10-17 00:00:00-04:00,11.98389077802426,12.050591468811035,11.761555142068335,12.050591468811035,128600,WHR,11.983903884887695,0,1.0046336844314692,1.0,1.0104393193571455,4.0,1.0004747307893738,30.0,1.0772118295509852,130.0,1.4485188434707859,469.0
1986-10-20 00:00:00-04:00,12.006137472800289,12.006137472800289,11.694867242023983,11.983903884887695,179800,WHR,12.11729907989502,1,0.9972253387083047,1.0,0.9985183889782939,3.0,0.9947953250572803,30.0,1.069542205786252,130.0,1.4395923587528312,469.0
1986-10-21 00:00:00-04:00,12.072831927308249,12.183999808775177,12.072831927308249,12.11729907989502,170600,WHR,12.006131172180176,0,1.0055347940599582,1.0,1.004053002050682,3.0,1.0054158508792443,31.0,1.0796908470589588,130.0,1.4546570361548514,470.0
1986-10-22 00:00:00-04:00,12.117299053404066,12.139532629648844,12.006131172180176,12.006131172180176,177000,WHR,12.095067977905272,1,0.9953917039760429,1.0,0.9988901503545634,2.0,0.9956535404910073,31.0,1.068092792661401,130.0,1.4404013175363424,469.0
1986-10-23 00:00:00-04:00,12.095067977905272,12.11730155874701,11.961666492854848,12.095067977905272,135600,WHR,12.095067977905272,0,1.0036901402777205,1.0,1.0036902117658,3.0,1.002761703914679,31.0,1.0742053286083577,131.0,1.450126418717489,470.0
1986-10-24 00:00:00-04:00,12.072834397063534,12.139535139588748,12.050600816221795,12.095067977905272,72400,WHR,12.095067977905272,0,1.0,1.0,1.0029498716360612,2.0,1.0024945909250955,31.0,1.0724118524023778,131.0,1.4491760441613002,470.0
1986-10-27 00:00:00-05:00,12.050600816221795,12.095067977905272,12.006133654538322,12.095067977905272,82800,WHR,11.91719913482666,0,1.0,0.0,1.001104241217078,2.0,1.0021970565828302,31.0,1.070738669962616,130.0,1.4482404303157357,469.0
1986-10-28 00:00:00-05:00,12.095067778630044,12.095067778630044,11.91719913482666,11.91719913482666,50200,WHR,12.072834014892578,1,0.9925925843551731,0.0,0.9896602936038876,1.0,0.9875287906169049,30.0,1.0533832149421223,130.0,1.4260524401876054,469.0
1986-10-29 00:00:00-05:00,11.96166611420296,12.117301175168423,11.96166611420296,12.072834014892578,82800,WHR,12.006131172180176,0,1.006487480825667,1.0,1.0014754482160682,2.0,1.0005865618414187,30.0,1.0654805006288581,130.0,1.4437384566417988,470.0
1986-10-30 00:00:00-05:00,12.095065477159288,12.095065477159288,12.006131172180176,12.006131172180176,96400,WHR,12.495277404785156,1,0.9972298293471427,1.0,0.9974139560649035,1.0,0.9953708562880517,29.0,1.0580054092427642,129.0,1.434818409672921,470.0
1986-10-31 00:00:00-05:00,12.07283920070879,12.539744584161616,11.983904841955871,12.495277404785156,807600,WHR,12.939943313598633,1,1.01996400456196,1.0,1.031193038327355,2.0,1.0357385676590658,29.0,1.099339371733524,129.0,1.4922211112618042,470.0
1986-11-03 00:00:00-05:00,12.473038142489402,12.939943313598633,12.450804562912774,12.939943313598633,116400,WHR,13.117820739746094,1,1.017482290157289,2.0,1.0532029601085304,3.0,1.0719433064384307,29.0,1.136387158811588,130.0,1.5441886010583667,470.0
1986-11-04 00:00:00-05:00,12.895484795004636,13.228988712116823,12.851017606056343,13.117820739746094,191400,WHR,12.895467758178713,0,1.0068262735737155,2.0,1.0472138322228628,4.0,1.0860148299144852,29.0,1.149772239451197,131.0,1.5642472861142764,470.0
1986-11-05 00:00:00-05:00,13.117803409181793,13.206737669583026,12.80653349777748,12.895467758178713,135800,WHR,12.895467758178713,0,0.9914523309275135,1.0,1.0161169994210593,3.0,1.0672168650788425,29.0,1.1282831948322372,130.0,1.5366157901740023,470.0
1986-11-06 00:00:00-05:00,12.851000627978095,12.984402018579944,12.828767062877787,12.895467758178713,52800,WHR,13.006640434265137,1,1.0,0.0,1.002072638694048,3.0,1.0668925801272724,28.0,1.126442939231858,129.0,1.5354756737052768,470.0
1986-11-07 00:00:00-05:00,12.962173287481324,13.028874007657045,12.895472567305603,13.006640434265137,178800,WHR,13.073347091674805,1,1.0042920319558721,1.0,1.0027424444517217,3.0,1.0756641024254532,28.0,1.1342088868940423,130.0,1.5475479873686675,470.0
1986-11-10 00:00:00-05:00,13.006646341207077,13.117814258653292,12.984412757717834,13.073347091674805,59200,WHR,13.006640434265137,0,1.0025577718295808,2.0,1.0058162637763588,3.0,1.0809822772983402,28.0,1.1379997329055695,131.0,1.5543175768437245,470.0
1986-11-11 00:00:00-05:00,13.117808301224668,13.117808301224668,12.98440686087323,13.006640434265137,37800,WHR,13.29568099975586,1,0.9974422281704192,1.0,1.0023989602325218,2.0,1.0753679551684951,28.0,1.1302022058598626,131.0,1.5452286344794286,470.0
1986-11-12 00:00:00-05:00,13.051111616817206,13.29568099975586,12.895476554947155,13.29568099975586,84600,WHR,13.429078102111816,1,1.0109891655843297,1.0,1.0183926037466593,3.0,1.0987269977442293,29.0,1.1531486774243485,132.0,1.5783204140820788,471.0
1986-11-13 00:00:00-05:00,13.317910237028109,13.65141383227923,13.273443090994624,13.429078102111816,392000,WHR,13.117820739746094,0,1.00499151748562,2.0,1.0202701007840498,4.0,1.1090374789239479,29.0,1.162446935283557,133.0,1.5928988056006432,471.0
1986-11-14 00:00:00-05:00,13.117820739746094,13.20675511764268,12.851017606056343,13.117820739746094,147200,WHR,13.073347091674805,0,0.9882751893462243,1.0,0.9949415855276994,3.0,1.0832319869111755,28.0,1.1333988042396705,133.0,1.5548388905999269,470.0
1986-11-17 00:00:00-05:00,13.162281425631775,13.34015009354572,12.939945590739349,13.073347091674805,420000,WHR,12.406342506408691,0,0.9983019600974824,0.0,0.9915684122846637,2.0,1.0793943375158805,28.0,1.127491702474857,132.0,1.5484877072634384,469.0
1986-11-18 00:00:00-05:00,13.073350168043568,13.073350168043568,12.406342506408691,12.406342506408691,110000,WHR,12.628669738769531,1,0.9738221071061917,0.0,0.9496258024119705,2.0,1.0248564871893318,28.0,1.0683156642855252,131.0,1.468593199171419,468.0
1986-11-19 00:00:00-05:00,12.40633400393204,12.67313688573703,12.36186685696454,12.628669738769531,246400,WHR,12.384099006652832,0,1.0088806520317823,1.0,0.9766158309864872,2.0,1.0441492905638774,28.0,1.085701733703902,132.0,1.493949297787074,469.0
1986-11-20 00:00:00-05:00,12.584201145000904,12.673135428711158,12.361865435725267,12.384099006652832,399600,WHR,12.361875534057615,0,0.9902221647428993,1.0,0.9734353617946522,1.0,1.0249014167585662,28.0,1.0630302353721706,132.0,1.4640938228824116,469.0
1986-11-21 00:00:00-05:00,12.27294117769749,12.361875534057615,12.27294117769749,12.361875534057615,369400,WHR,12.27293872833252,0,0.9991019358498628,0.0,0.9833749537571919,1.0,1.0241929410186121,27.0,1.0595401830136597,131.0,1.4605432198999033,469.0
1986-11-24 00:00:00-05:00,12.361873066943623,12.450807405554729,12.27293872833252,12.27293872833252,331000,WHR,12.6064453125,1,0.9963897919108374,0.0,0.9888930173740477,1.0,1.0180746861327865,27.0,1.0504294694423457,130.0,1.4491451827710884,468.0
1986-11-25 00:00:00-05:00,12.272941468253968,12.628678902116402,12.272941468253968,12.6064453125,530000,WHR,12.717612266540527,1,1.0134049373417011,1.0,1.0125003676578723,2.0,1.0459007407418115,28.0,1.077358856242692,130.0,1.4875526054604717,469.0
1986-11-26 00:00:00-05:00,12.62867791502626,12.762079442297663,12.62867791502626,12.717612266540527,215800,WHR,12.739840507507324,1,1.0043897765472045,2.0,1.0199716257932776,2.0,1.055318441285537,28.0,1.0851774818407651,131.0,1.4996748765914876,469.0
1986-11-28 00:00:00-05:00,12.762074086054456,12.806541243148724,12.695373350413057,12.739840507507324,53800,WHR,12.681593894958496,0,1.0008731525955912,2.0,1.0159571090237163,3.0,1.0579111481589933,28.0,1.0853783767906175,132.0,1.5012549788204825,470.0
1986-12-01 00:00:00-05:00,12.681593894958496,12.726405180806406,12.547160037414766,12.681593894958496,188600,WHR,12.905643463134766,1,0.9977087597958997,1.0,1.0061813466404328,3.0,1.0536456428134655,28.0,1.0787705790620934,131.0,1.4934042901242903,469.0
1986-12-02 00:00:00-05:00,12.726398415035671,13.062482880221474,12.726398415035671,12.905643463134766,166600,WHR,12.905643463134766,0,1.0087563016296248,1.0,1.0137795164988932,4.0,1.0722126186423253,29.0,1.0961334282336708,131.0,1.5187560652239842,469.0
1986-12-03 00:00:00-05:00,12.95045472515954,13.040077249209087,12.905643463134766,12.905643463134766,174000,WHR,12.860827445983888,0,1.0,1.0,1.0090364457526557,3.0,1.0722635451351492,28.0,1.0944102215501526,131.0,1.517745684567336,468.0
1986-12-04 00:00:00-05:00,12.860827445983888,12.950449936896666,12.838421823255691,12.860827445983888,303000,WHR,12.905643463134766,1,0.9982606846972196,0.0,1.0032856419909029,2.0,1.0684925817313402,28.0,1.0889626432793114,130.0,1.5114914475516037,467.0
1986-12-05 00:00:00-05:00,12.838426570097608,12.905643463134766,12.793615308072832,12.905643463134766,133600,WHR,12.83842945098877,0,1.0017393153027805,1.0,1.0041840693702513,2.0,1.0707504285989942,29.0,1.0910447258510985,131.0,1.515764678394019,468.0
1986-12-08 00:00:00-05:00,12.86083508702889,12.90564635910913,12.81602381494865,12.83842945098877,91000,WHR,12.457527160644531,0,0.9973891461397656,1.0,0.9965219917404133,2.0,1.0633615654434572,29.0,1.0837205296991297,130.0,1.506874239303012,468.0
1986-12-09 00:00:00-05:00,12.838422775268556,12.883234024047852,12.412715911865234,12.457527160644531,133200,WHR,12.70398998260498,1,0.9849421669956112,0.0,0.9737300944859294,1.0,1.0305064430970368,29.0,1.0501912548363572,129.0,1.4612702023519113,467.0
1986-12-10 00:00:00-05:00,12.412716843674003,12.771206860819822,12.412716843674003,12.70398998260498,141800,WHR,12.63677978515625,0,1.00979522898231,1.0,0.99613483711361,2.0,1.0493057101502898,29.0,1.0695189038579986,129.0,1.4892239780188141,468.0
1986-12-11 00:00:00-05:00,12.681591060990137,12.726402336824025,12.4575346818207,12.63677978515625,152400,WHR,12.524744987487791,0,0.9973477444424661,1.0,0.994358552920887,2.0,1.0421479019507593,29.0,1.062454400161305,128.0,1.4803933290473876,468.0
1986-12-12 00:00:00-05:00,12.591961865774849,12.614367491870532,12.479933735296424,12.524744987487791,134600,WHR,12.412721633911133,0,0.9955473764535023,0.0,0.9914861636721571,1.0,1.0314482293604803,29.0,1.0516536504092593,128.0,1.4663287191687011,468.0
1986-12-15 00:00:00-05:00,12.412721633911133,12.435127268629383,12.36791036447463,12.412721633911133,220600,WHR,12.524744987487791,1,0.9955078294328209,0.0,0.9892859297119193,1.0,1.0210298189227833,28.0,1.0409364731307882,127.0,1.4522627570535052,468.0
1986-12-16 00:00:00-05:00,12.367905604818,12.524744987487791,12.367905604818,12.524744987487791,94200,WHR,12.412721633911133,0,1.004492170567179,1.0,0.99714573360564,2.0,1.0285413398420944,29.0,1.0489260189148264,128.0,1.4643851978613605,469.0
1986-12-17 00:00:00-05:00,12.457532903347635,12.502344172784138,12.36791036447463,12.412721633911133,73200,WHR,12.457527160644531,1,0.9955078294328209,1.0,0.992831665672031,1.0,1.0178462699116642,28.0,1.038187102818444,128.0,1.4503358345566237,468.0
1986-12-18 00:00:00-05:00,12.367904663085938,12.457527160644531,12.32309341430664,12.457527160644531,130600,WHR,12.502341270446776,1,1.0018015713113093,1.0,0.9992808786957935,2.0,1.0198994491317337,29.0,1.040568081538985,128.0,1.4545533142126044,469.0
1986-12-19 00:00:00-05:00,12.502341270446776,12.524746899963706,12.41271875237906,12.502341270446776,265200,WHR,12.479936599731444,0,1.0017954465555763,2.0,1.0032362298568815,3.0,1.0213276231903985,30.0,1.0429203692289963,129.0,1.458808024553537,469.0
1986-12-22 00:00:00-05:00,12.457530968493147,12.547153493446338,12.36790844353996,12.479936599731444,140000,WHR,12.278290748596191,0,0.9991031774271442,1.0,1.0003592870582814,3.0,1.0171170192867902,30.0,1.0396969859317566,128.0,1.4552360421071242,468.0
1986-12-23 00:00:00-05:00,12.479941509065837,12.479941509065837,12.18866818838746,12.278290748596191,157000,WHR,12.278290748596191,0,0.991855400295899,0.0,0.9880998882498124,2.0,0.9983840484130677,30.0,1.0215930490365928,128.0,1.430809010163971,468.0
1986-12-24 00:00:00-05:00,12.300696388648374,12.435130228961471,12.278290748596191,12.278290748596191,31000,WHR,12.30068588256836,1,1.0,0.0,0.9902424509086377,2.0,0.9960957872655376,30.0,1.0202766848981626,128.0,1.4298897798987042,468.0
1986-12-26 00:00:00-05:00,12.323091503483784,12.367902745314636,12.30068588256836,12.30068588256836,13400,WHR,12.255877494812012,0,1.0009111499761862,1.0,0.9945647104011086,2.0,0.9956005989446087,31.0,1.020881056762782,128.0,1.4315678956488607,469.0
1986-12-29 00:00:00-05:00,12.345499999344456,12.345499999344456,12.2334718686789,12.255877494812012,201200,WHR,12.278290748596191,1,0.9981752989183486,1.0,0.9949069929164851,1.0,0.9897998287000013,30.0,1.015921075872059,128.0,1.4254092702174062,469.0
1986-12-30 00:00:00-05:00,12.300696388648374,12.323102028700555,12.233479468491826,12.278290748596191,91400,WHR,12.143848419189451,0,1.0009135526243162,1.0,1.000000295152114,2.0,0.9895298770798052,30.0,1.0165823153628035,128.0,1.4270842171944662,469.0
1986-12-31 00:00:00-05:00,12.233470916748049,12.278282165527344,12.009414672851562,12.143848419189451,183800,WHR,12.367905616760254,1,0.9944950633323685,1.0,0.9912213909155462,2.0,0.9769969967527671,29.0,1.0043078143167556,128.0,1.4105726164032135,468.0
1987-01-02 00:00:00-05:00,12.367905616760254,12.367905616760254,12.23347186005634,12.367905616760254,87000,WHR,12.502341270446776,1,1.0091408063756755,1.0,1.0080349987822297,3.0,0.993179056033078,29.0,1.021644221631329,128.0,1.435653404736621,469.0
1987-01-05 00:00:00-05:00,12.457530011412915,12.636775047548356,12.41271875237906,12.502341270446776,181000,WHR,12.502341270446776,0,1.0054054812682889,2.0,1.0156534522155867,3.0,1.0023842743916802,29.0,1.0313814074382546,129.0,1.4502822757321197,470.0
1987-01-06 00:00:00-05:00,12.502341270446776,12.547152529480636,12.32309623431134,12.502341270446776,74000,WHR,12.771207809448242,1,1.0,1.0,1.011602592289444,3.0,1.0014821982828572,28.0,1.0300615553295929,128.0,1.4493007626404226,470.0
1987-01-07 00:00:00-05:00,12.591962787561249,12.81601906491999,12.5471515320895,12.771207809448242,253900,WHR,12.771207809448242,0,1.0106382581311204,1.0,1.0251798679562023,3.0,1.0211881952709578,29.0,1.0507680319431951,129.0,1.479407702388999,471.0
1987-01-08 00:00:00-05:00,12.81601906491999,12.995264086806984,12.5471515320895,12.771207809448242,156700,WHR,12.995264053344728,1,1.0,1.0,1.0149572473051598,3.0,1.0196048215139069,28.0,1.0493492146921672,128.0,1.4783151748463839,471.0
1987-01-09 00:00:00-05:00,12.816019031919282,12.995264053344728,12.72639652120656,12.995264053344728,75100,WHR,12.905643463134766,0,1.0086956508865317,1.0,1.0225669616873712,3.0,1.0358228962426475,28.0,1.0662634709841945,128.0,1.5031184552799042,471.0
1987-01-12 00:00:00-05:00,12.95045472515954,13.174511035283407,12.816020939085218,12.905643463134766,100400,WHR,12.905643463134766,0,0.9965398667921987,1.0,1.0091101236536377,2.0,1.0277852084153414,27.0,1.0574602377317717,128.0,1.4916553021890298,470.0
1987-01-13 00:00:00-05:00,12.905643463134766,13.040077249209087,12.860832201109991,12.905643463134766,98600,WHR,13.129695892333984,1,1.0,0.0,1.002785603664492,2.0,1.0264688001208875,27.0,1.0559842622903302,128.0,1.4906202572479357,469.0
1987-01-14 00:00:00-05:00,12.9056396484375,13.264129638671877,12.9056396484375,13.129695892333984,163400,WHR,13.71224308013916,1,1.008605704198442,1.0,1.014542756857101,2.0,1.042797441396647,27.0,1.072763929839961,128.0,1.5154249302111804,469.0
1987-01-15 00:00:00-05:00,13.264130561180364,13.981110591514438,13.264130561180364,13.71224308013916,235000,WHR,13.622621536254885,0,1.0217028728216164,2.0,1.0443685064307529,3.0,1.086579076392972,28.0,1.1184993166002641,129.0,1.5814114359478106,470.0
1987-01-16 00:00:00-05:00,13.622621536254885,13.846677811522232,13.443376516041004,13.622621536254885,218300,WHR,13.846681594848633,1,0.9967213467071454,1.0,1.0277214146236127,2.0,1.0773355127157562,27.0,1.1093936408306668,128.0,1.5698509877958957,470.0
1987-01-19 00:00:00-05:00,13.26413511998445,13.981115396740368,13.08489005079547,13.846681594848633,157000,WHR,13.26412868499756,0,1.0081567434573921,1.0,1.0300002356629627,3.0,1.0924049961561773,28.0,1.125739579906982,129.0,1.5943731582028364,471.0
1987-01-20 00:00:00-05:00,13.757052386129224,13.93629736835892,13.17450619388271,13.26412868499756,117200,WHR,12.950453758239746,0,0.9785121542352375,1.0,0.9814321793732789,3.0,1.0448395991758113,27.0,1.0767818450181363,128.0,1.526203877574915,470.0
1987-01-21 00:00:00-05:00,13.174510051634895,13.71224515578326,12.950453758239746,12.950453758239746,149600,WHR,12.547154426574709,0,0.9880343344229489,0.0,0.9607713393029511,2.0,1.0189865263944913,27.0,1.0499894160844792,127.0,1.4891280314694162,469.0
1987-01-22 00:00:00-05:00,12.905644553048267,13.353757211140223,12.188664300101143,12.547154426574709,321200,WHR,12.188665390014648,0,0.9841828563392379,0.0,0.9472261364460882,1.0,0.9866685806452119,27.0,1.0161543260740011,126.0,1.4418658899641386,469.0
1987-01-23 00:00:00-05:00,12.547155548544492,12.816023167441871,12.188665390014648,12.188665390014648,707500,WHR,11.74055004119873,0,0.9855072910775476,0.0,0.9405257663563205,1.0,0.9581372422453555,27.0,0.9862036151934813,125.0,1.3998375814777886,469.0
1987-01-26 00:00:00-05:00,12.099040118792583,12.18866263819105,11.650927521800266,11.74055004119873,467500,WHR,11.919794082641602,1,0.9812732953947418,0.0,0.9363831310795623,0.0,0.92331335626479,26.0,0.9492143787140175,124.0,1.3476412600027237,469.0
1987-01-27 00:00:00-05:00,11.83017157074204,12.188661618340284,11.83017157074204,11.919794082641602,206700,WHR,12.009419441223145,1,1.0075757157421166,1.0,0.9715119210965183,1.0,0.9375157576243275,27.0,0.962922331042141,124.0,1.3674428830215137,470.0
1987-01-28 00:00:00-05:00,12.0990419743666,12.143853240938329,11.91979690807969,12.009419441223145,340800,WHR,12.233474731445312,1,1.003745436869129,2.0,0.9940653470181369,2.0,0.9451669443629472,27.0,0.9693938152090326,124.0,1.3769357920362117,470.0
1987-01-29 00:00:00-05:00,12.14385220594022,12.457531045208048,12.14385220594022,12.233474731445312,269900,WHR,12.323090553283691,1,1.0092421015670137,2.0,1.017897086041964,3.0,0.9636936060976624,27.0,0.9867440370641153,124.0,1.4017797804450987,471.0
1987-01-30 00:00:00-05:00,12.278279314908112,12.367901791659268,12.18865683815696,12.323090553283691,326800,WHR,12.726401329040527,1,1.003649363044029,2.0,1.0230650604670015,4.0,0.9717670620032995,27.0,0.9931691644898859,125.0,1.4111712265323655,472.0
1987-02-02 00:00:00-05:00,12.41272242304305,12.771212601325882,12.367911150757696,12.726401329040527,208900,WHR,12.816027641296388,1,1.0161005571550705,2.0,1.039531781127995,5.0,1.0037941525236467,28.0,1.024748280241023,125.0,1.4563905689608327,472.0
1987-02-03 00:00:00-05:00,12.905650212214542,12.905650212214542,12.816027641296388,12.816027641296388,168600,WHR,13.308941841125488,1,1.0035089189191815,2.0,1.0317464960518012,5.0,1.0109689986789148,29.0,1.0309762862851746,126.0,1.4656024021282066,473.0
1987-02-04 00:00:00-05:00,12.905640573212594,13.35375309311581,12.905640573212594,13.308941841125488,466100,WHR,13.757058143615724,1,1.0188675512199452,2.0,1.0494697241789652,5.0,1.04943454864447,29.0,1.069419097506471,127.0,1.5208285043363925,473.0
1987-02-05 00:00:00-05:00,13.44337929343556,13.846680672238628,13.44337929343556,13.757058143615724,225400,WHR,13.219321250915527,0,1.0165564288311117,2.0,1.059351317186109,5.0,1.0837955193662088,29.0,1.1040207242167768,128.0,1.5707866257540395,473.0
1987-02-06 00:00:00-05:00,13.712245094170006,13.757056352647686,13.174509992437848,13.219321250915527,169800,WHR,13.040079116821287,0,0.9800663801158873,1.0,1.004084235717348,4.0,1.0411412985100263,29.0,1.0598200597551808,127.0,1.5082855452124075,472.0
1987-02-09 00:00:00-05:00,13.219324190592028,13.264135459034714,12.726400237722496,13.040079116821287,303700,WHR,12.681593894958496,0,0.9931741726168863,0.0,0.9857724207321839,3.0,1.027369055567033,28.0,1.0445231367898093,126.0,1.486815737767246,471.0
1987-02-10 00:00:00-05:00,12.905650324198046,13.084895467589686,12.502348751566856,12.681593894958496,121700,WHR,12.771207809448242,1,0.9860629119381692,0.0,0.9606250094815524,2.0,1.0001072412545637,27.0,1.0150178868473618,126.0,1.445059344325152,470.0
1987-02-11 00:00:00-05:00,12.726396553976494,12.860830320391738,12.5471515320895,12.771207809448242,136100,WHR,12.860827445983888,1,1.003520787830372,1.0,0.9753591049722944,2.0,1.0076335135763441,28.0,1.0213737175547979,126.0,1.454368502592094,471.0
1987-02-12 00:00:00-05:00,12.771204955071108,12.860827445983888,12.591959973245547,12.860827445983888,151700,WHR,13.084882736206056,1,1.00349639174738,2.0,0.995835842143158,2.0,1.0149880469472377,29.0,1.0277333169758762,126.0,1.4637037839393248,471.0
1987-02-13 00:00:00-05:00,12.86082652496965,13.174505220700617,12.86082652496965,13.084882736206056,179700,WHR,13.891494750976562,1,1.0086355427794753,2.0,1.0152986380096365,3.0,1.031749837586089,30.0,1.0447863269902133,126.0,1.4882878122474124,471.0
1987-02-17 00:00:00-05:00,13.174514376732612,13.891494750976564,13.084891829952118,13.891494750976562,183600,WHR,13.71224308013916,0,1.0299006794056673,2.0,1.0638300918001633,4.0,1.093536811474215,30.0,1.1082193000604235,126.0,1.5789237071692677,471.0
1987-02-18 00:00:00-05:00,13.80186558393092,13.981110591514438,13.577809324451522,13.71224308013916,298300,WHR,13.71224308013916,0,0.993506253684407,1.0,1.0337837367581215,4.0,1.0775484889409455,30.0,1.0930992948483986,125.0,1.5575021228489976,470.0
1987-02-19 00:00:00-05:00,13.80186558393092,13.8466768358268,13.532998072555642,13.71224308013916,227300,WHR,13.757058143615724,1,1.0,0.0,1.0193204227566266,3.0,1.0756461036971159,30.0,1.09228822017514,124.0,1.5564352468399894,470.0
1987-02-20 00:00:00-05:00,13.622624350681368,14.16035952241879,13.44337929343556,13.757058143615724,195800,WHR,13.846681594848633,1,1.0016314599017835,1.0,1.009204636974188,3.0,1.0770716975442107,31.0,1.0949917174088708,125.0,1.5604590347239653,470.0
1987-02-23 00:00:00-05:00,13.712247792956898,13.846681594848633,13.53300272376792,13.846681594848633,307800,WHR,14.216769218444824,1,1.0032467865616057,2.0,1.0045514886242535,3.0,1.0823369244698753,31.0,1.1012386147928062,125.0,1.569547482076517,470.0
1987-02-24 00:00:00-05:00,14.216769218444824,14.2619018191383,13.810575812203544,14.216769218444824,273400,WHR,14.307036399841309,1,1.0131875308584959,2.0,1.026555723946902,3.0,1.1090989970055714,31.0,1.1296223355705277,126.0,1.6103324164551722,470.0
1987-02-25 00:00:00-05:00,14.081373365143495,14.397301613720431,14.036240758203936,14.307036399841309,226500,WHR,14.036235809326172,0,1.0031646261583909,2.0,1.0242754681860031,4.0,1.113871308094089,31.0,1.1357235858550927,126.0,1.6193802436742064,470.0
1987-02-26 00:00:00-05:00,14.21676617343326,14.261898764460032,13.945970627272628,14.036235809326172,222200,WHR,13.855705261230469,0,0.9904456835993852,1.0,1.000247960988776,4.0,1.090870700567234,31.0,1.1132813734594738,125.0,1.5876212994925598,470.0
1987-02-27 00:00:00-05:00,14.036235622940312,14.081368213367773,13.720307489948086,13.855705261230469,128000,WHR,13.31412124633789,0,0.9935275014514399,0.0,0.9859967552848237,3.0,1.075516644911032,30.0,1.0981013688897339,124.0,1.5661417858923954,470.0
1987-03-02 00:00:00-05:00,13.720314775887182,13.720314775887182,13.268988631943524,13.31412124633789,486000,WHR,13.178714752197266,0,0.9800667105937642,0.0,0.9546928483153304,2.0,1.0329316002075206,30.0,1.0545120311687899,124.0,1.5039836517730247,470.0
1987-03-03 00:00:00-05:00,13.35924509126846,13.35924509126846,13.04331699789387,13.178714752197266,258700,WHR,12.998188972473145,0,0.9948889392533093,0.0,0.9592638545026574,1.0,1.022006457356605,30.0,1.0431797117432213,123.0,1.4877732010114864,470.0
1987-03-04 00:00:00-05:00,13.268984576066336,13.3141171766652,12.907923771275414,12.998188972473145,520600,WHR,13.133583068847656,1,0.993103623651487,0.0,0.96450109991116,0.0,1.0078861644398485,29.0,1.028371340419784,122.0,1.4665252665067494,469.0
1987-03-05 00:00:00-05:00,13.0884504809822,13.178715656713113,12.998185305251289,13.133583068847656,406000,WHR,12.998188972473145,0,1.0051812060873797,1.0,0.9877798717167768,1.0,1.017996387448661,30.0,1.038630587551793,122.0,1.4809025457601115,470.0
1987-03-06 00:00:00-05:00,13.178719374868605,13.178719374868605,12.95305637187428,12.998188972473145,204600,WHR,12.907929420471191,0,0.9948187939126202,1.0,0.990371453538552,1.0,1.0067986615984696,30.0,1.0274983529307824,122.0,1.464782871857094,469.0
1987-03-09 00:00:00-05:00,12.998194661173788,12.998194661173788,12.862796800119892,12.907929420471191,179100,WHR,13.49464511871338,1,0.9965158982664676,0.0,0.9896198509233816,1.0,0.9995442866948759,29.0,1.0199354421088895,122.0,1.4537704705887278,469.0
1987-03-10 00:00:00-05:00,12.998186602640311,13.53977771108366,12.998186602640311,13.49464511871338,654800,WHR,13.72031307220459,1,1.0222219123885603,1.0,1.0296141454654912,2.0,1.0438217844994104,30.0,1.0657099910635686,122.0,1.5188748853568028,469.0
1987-03-11 00:00:00-05:00,13.494650028253856,13.765445680994736,13.494650028253856,13.72031307220459,200000,WHR,13.991106033325195,1,1.0082920558579627,2.0,1.0354225004039697,3.0,1.059644151957143,31.0,1.0828598420563076,123.0,1.5432453655197655,470.0
1987-03-12 00:00:00-05:00,13.765443032787692,13.991106033325195,13.765443032787692,13.991106033325195,120300,WHR,13.7654390335083,0,1.0097718907894748,2.0,1.042367085059014,3.0,1.0783670652520594,32.0,1.1034075892644777,124.0,1.5725595205507947,471.0
1987-03-13 00:00:00-05:00,14.081367142474068,14.171632316464285,13.720306446513192,13.7654390335083,524200,WHR,13.49464511871338,0,0.991869773443578,1.0,1.0139624397541984,3.0,1.0592854732133692,31.0,1.0849528011256986,123.0,1.546106773389693,471.0
1987-03-16 00:00:00-05:00,13.765440672935052,13.765440672935052,13.359247341602543,13.49464511871338,74000,WHR,13.63003635406494,1,0.990066284708338,0.0,0.9854976100387844,3.0,1.037008228413988,31.0,1.0630050092655392,123.0,1.5146623137406954,471.0
1987-03-17 00:00:00-05:00,13.539771212647292,13.675168924773766,13.40437350052082,13.63003635406494,118800,WHR,13.900833129882812,1,1.0049914405626268,1.0,0.9934205872922718,3.0,1.0458419404407828,31.0,1.0730959160031945,123.0,1.5287638890263653,472.0
1987-03-18 00:00:00-05:00,13.539772529106637,14.03623085517388,13.539772529106637,13.900833129882812,210100,WHR,13.94597339630127,1,1.009836114183599,2.0,1.010498464038286,3.0,1.064716165145609,31.0,1.093662127429613,124.0,1.5579948349090598,472.0
1987-03-19 00:00:00-05:00,13.81057559633718,13.9911059962893,13.81057559633718,13.94597339630127,260600,WHR,14.397294998168944,1,1.0016210212965,2.0,1.0144455097413154,3.0,1.0661782869245389,32.0,1.0965715188406442,124.0,1.5619192376012319,472.0
1987-03-20 00:00:00-05:00,13.94596913615738,14.397294998168944,13.94596913615738,14.397294998168944,436300,WHR,14.577828407287598,1,1.0159234141802689,2.0,1.0377358788869284,4.0,1.097718277938908,33.0,1.1312441693053092,124.0,1.6112114856539121,473.0
1987-03-23 00:00:00-05:00,14.442430620223009,14.668093598663992,14.442430620223009,14.577828407287598,352200,WHR,14.713228225708008,1,1.0062306346928156,2.0,1.0345934383271702,5.0,1.1082445713555569,34.0,1.1444617756699451,125.0,1.6301278402573656,473.0
1987-03-24 00:00:00-05:00,14.577830419949958,14.713228225708008,14.39730001227256,14.713228225708008,169200,WHR,14.713228225708008,0,1.004622565178065,2.0,1.028391395552996,5.0,1.1151292961161827,34.0,1.1540518460416924,126.0,1.6439429496264273,474.0
1987-03-25 00:00:00-05:00,14.758360827627357,14.758360827627357,14.53269781803061,14.713228225708008,105600,WHR,14.261902809143066,0,1.0,1.0,1.0168435257388992,4.0,1.1116785550046049,34.0,1.1530298065662725,125.0,1.6426158857137851,474.0
1987-03-26 00:00:00-05:00,14.713228847407088,14.758361451233489,14.261902809143066,14.261902809143066,214300,WHR,13.991106033325195,0,0.9844236971345499,0.0,0.9813665878564676,3.0,1.0748930455284509,33.0,1.1168374425865806,124.0,1.5910870404500357,473.0
1987-03-27 00:00:00-05:00,14.171636433755197,14.3972994342927,13.720310432680192,13.991106033325195,658400,WHR,13.63003635406494,0,0.9904152942673198,0.0,0.9681448969834782,2.0,1.0520424313574366,33.0,1.094917809219065,124.0,1.559865849003049,472.0
1987-03-30 00:00:00-05:00,13.765434066191414,13.765434066191414,13.539771212647292,13.63003635406494,284500,WHR,13.63003635406494,0,0.9869277789384593,0.0,0.9556956674129922,1.0,1.023273731633008,32.0,1.0660505687541477,124.0,1.518721130224461,471.0
1987-03-31 00:00:00-05:00,13.675168924773766,13.900831778317889,13.584903783356117,13.63003635406494,176200,WHR,13.539779663085938,0,1.0,0.0,0.9704366068415868,0.0,1.021831899485813,31.0,1.0652726359490887,124.0,1.51783963063457,470.0
1987-04-01 00:00:00-05:00,13.539779663085938,13.675177459716796,13.359249267578123,13.539779663085938,196900,WHR,13.539779663085938,0,0.9966780529201218,0.0,0.9803923707945345,0.0,1.0137513448178346,31.0,1.0574839176816062,123.0,1.5069389492136755,469.0
1987-04-02 00:00:00-05:00,13.539779663085938,13.675177459716796,13.449514465332031,13.539779663085938,155600,WHR,13.855705261230469,1,1.0,0.0,0.9907532134136773,0.0,1.01278001170686,30.0,1.0569240371821318,122.0,1.506041236850194,469.0
1987-04-03 00:00:00-05:00,13.539777128238242,13.855705261230469,13.3592467665284,13.855705261230469,179600,WHR,13.675179481506348,0,1.0115320316109504,1.0,1.015883622745731,1.0,1.0350120017853879,31.0,1.0809360795921004,122.0,1.540240279318662,469.0
1987-04-06 00:00:00-04:00,13.7654446926054,13.99110772035303,13.67517948150635,13.675179481506348,175800,WHR,13.63003635406494,0,0.9934427904729162,1.0,1.0019844084291136,1.0,1.0206628676099871,30.0,1.0662725236512598,122.0,1.519251731396969,469.0
1987-04-07 00:00:00-04:00,13.81056663690024,14.171627202570832,13.63003635406494,13.63003635406494,157100,WHR,13.94597339630127,1,0.9983467214574221,0.0,0.998676758251272,1.0,1.0163777016795137,30.0,1.0622481905493775,121.0,1.5133667766198267,468.0
1987-04-08 00:00:00-04:00,13.90084079631324,13.9911059962893,13.765442996349153,13.94597339630127,274200,WHR,14.12649631500244,1,1.0114569528041355,1.0,1.0157792469720068,2.0,1.0385939614750193,31.0,1.0862924822048723,121.0,1.5474625204949612,469.0
1987-04-09 00:00:00-04:00,13.855700858484823,14.35215919543379,13.855700858484823,14.12649631500244,177000,WHR,14.12649631500244,0,1.0064306033832313,2.0,1.0202083236221176,3.0,1.0507379713891112,31.0,1.099819872453518,121.0,1.5664674469963167,470.0
1987-04-10 00:00:00-04:00,13.991098586743632,14.30702661934752,13.900833434571094,14.12649631500244,70300,WHR,13.63003635406494,0,1.0,1.0,1.0162335514628025,2.0,1.0501986519414817,30.0,1.0995190309137677,120.0,1.5654426689084322,470.0
1987-04-13 00:00:00-04:00,14.261892343988482,14.261892343988482,13.584903783356117,13.63003635406494,218500,WHR,13.2689790725708,0,0.982113761583385,0.0,0.9811564198416926,2.0,1.0132812820822021,30.0,1.0607659512614727,119.0,1.5095257122595909,469.0
1987-04-14 00:00:00-04:00,13.359244236329786,13.404376818209276,13.08844874505283,13.2689790725708,162500,WHR,13.178714752197266,0,0.9865773049396962,0.0,0.9601567798045905,2.0,0.9871462280039088,29.0,1.0326596712001117,119.0,1.4687083638188403,469.0
1987-04-15 00:00:00-04:00,13.720305769410851,13.720305769410851,13.088449582661667,13.178714752197266,142800,WHR,13.223852157592772,1,0.9965870627143678,0.0,0.9643330416001931,1.0,0.9805348550208438,29.0,1.025670942983684,118.0,1.4579081050170333,469.0
1987-04-16 00:00:00-04:00,13.31411736003368,13.5849129673564,13.17871955637232,13.223852157592772,110800,WHR,13.359248161315918,1,1.0017095839790777,1.0,0.9805894237290915,1.0,0.9835597561411898,30.0,1.0290299894360755,119.0,1.4620800179711637,470.0
1987-04-20 00:00:00-04:00,13.314115566176335,13.4043807564555,13.133585185618012,13.359248161315918,66000,WHR,13.810572624206545,1,1.0050933112428138,2.0,1.002031332460559,2.0,0.9926309239302968,31.0,1.0392958226508409,120.0,1.4761957216741173,471.0
1987-04-21 00:00:00-04:00,13.359246721454694,13.900837804756913,13.359246721454694,13.810572624206545,161700,WHR,13.449509620666504,0,1.016611241805876,2.0,1.0330857440547137,3.0,1.024108678317553,32.0,1.0739111643586432,121.0,1.525128671871951,471.0
1987-04-22 00:00:00-04:00,13.810570281623995,13.855702864243682,13.359244455427133,13.449509620666504,115000,WHR,13.449509620666504,0,0.9867548820910859,1.0,1.0033668218357006,3.0,0.995232393661718,32.0,1.0455695872934163,120.0,1.4843990267069453,471.0
1987-04-23 00:00:00-04:00,13.539774785905877,13.584907368525563,13.26897929018776,13.449509620666504,269000,WHR,13.359248161315918,0,1.0,0.0,0.9993291384301881,3.0,0.9933583339652884,31.0,1.045340070975356,119.0,1.4835432663266048,471.0
1987-04-24 00:00:00-04:00,13.359248161315918,13.44951335159508,13.359248161315918,13.359248161315918,159900,WHR,12.998188972473145,0,0.9966331353326916,0.0,0.9906293148957671,2.0,0.9850550042411602,30.0,1.0381329794832077,118.0,1.4727589534332541,470.0
1987-04-27 00:00:00-04:00,12.637128167682224,13.268984576066336,12.59199556708336,12.998188972473145,343600,WHR,13.043322563171388,1,0.9863014303321657,0.0,0.9690446383574904,1.0,0.9575321419938685,29.0,1.009919740293935,118.0,1.4322008855437225,470.0
1987-04-28 00:00:00-04:00,12.998189959146572,13.359250791345088,12.998189959146572,13.043322563171388,319000,WHR,13.133583068847656,1,1.001733140207183,1.0,0.9836625982803858,1.0,0.9600080597097701,29.0,1.013200823923644,119.0,1.4363771022122276,471.0
1987-04-29 00:00:00-04:00,13.133583068847656,13.268980832444024,13.133583068847656,13.133583068847656,320600,WHR,13.178714752197266,1,1.0034480968432673,2.0,0.9952119036580972,2.0,0.9661687798125244,29.0,1.019928712774805,120.0,1.4454980139114122,472.0
1987-04-30 00:00:00-04:00,13.133582167429466,13.268979921732864,12.99818441312607,13.178714752197266,211200,WHR,13.133583068847656,0,1.0017152315490103,2.0,1.0027470376482102,3.0,0.9690579571823815,29.0,1.0231697270263527,120.0,1.4496186403602032,473.0
1987-05-01 00:00:00-04:00,13.133583068847656,13.268980832444024,12.998185305251289,13.133583068847656,1410000,WHR,13.178714752197266,1,0.9982847684509898,1.0,1.002756605691797,3.0,0.9659469217232075,28.0,1.0194797720236202,119.0,1.4438372768054646,472.0
1987-05-04 00:00:00-04:00,12.99818441312607,13.314112506500662,12.99818441312607,13.178714752197266,119700,WHR,13.449509620666504,1,1.0017152315490103,1.0,1.0034363135286208,4.0,0.9699538917549534,28.0,1.022935379667466,119.0,1.4479913400249689,472.0
1987-05-05 00:00:00-04:00,13.359244455427133,13.449509620666506,13.359244455427133,13.449509620666504,369300,WHR,13.404380798339844,0,1.0101694677300825,2.0,1.0177594964912466,4.0,0.9896049747052754,29.0,1.0438039146593399,120.0,1.4768553286549118,473.0
1987-05-06 00:00:00-04:00,13.359248203059238,13.494645988901055,13.268983012498028,13.404380798339844,132300,WHR,12.998188972473145,0,0.9983194679943015,1.0,1.0102042654208083,3.0,0.985844002718642,29.0,1.0402014003084197,119.0,1.4710282891955488,472.0
1987-05-07 00:00:00-04:00,13.3141171766652,13.539780179659523,12.998188972473145,12.998188972473145,212700,WHR,13.178714752197266,1,0.9846154435196028,0.0,0.9822648923847715,2.0,0.9555992116384275,29.0,1.0086966458664413,119.0,1.4256437822782921,472.0
1987-05-08 00:00:00-04:00,13.088449582661667,13.223847336965065,12.99818441312607,13.178714752197266,158500,WHR,13.49464511871338,1,1.006896376348513,1.0,0.99522825134703,3.0,0.968387550311034,29.0,1.022651338433404,120.0,1.444590770669391,473.0
1987-05-11 00:00:00-04:00,13.268982156861986,13.630042895824216,13.268982156861986,13.49464511871338,218000,WHR,13.404380798339844,0,1.0118444158533122,2.0,1.014246975919069,3.0,0.9908333749025414,29.0,1.0470227886142123,120.0,1.478313700175551,473.0
1987-05-12 00:00:00-04:00,13.404380798339844,13.404380798339844,13.223850417217422,13.404380798339844,135400,WHR,13.178714752197266,0,0.9966443275436115,1.0,1.0081466760316053,2.0,0.9838211345758895,28.0,1.039947905525738,119.0,1.4675047326111499,473.0
1987-05-13 00:00:00-04:00,13.314112506500662,13.35924509126846,13.133582167429466,13.178714752197266,86700,WHR,12.998188972473145,0,0.9915109191962401,0.0,0.9945502592876689,2.0,0.9681023659022447,27.0,1.0224344768338287,119.0,1.4419058954786146,473.0
1987-05-14 00:00:00-04:00,13.088454173670874,13.178719374868605,12.998188972473145,12.998188972473145,103900,WHR,12.953051567077637,0,0.993103623651487,0.0,0.9809266272105881,2.0,0.955676510256647,27.0,1.0084452501195376,119.0,1.4213116880803287,472.0
1987-05-15 00:00:00-04:00,12.953051567077637,12.99818415093505,12.817653815505397,12.953051567077637,277900,WHR,12.916671752929688,0,0.9982606840961334,0.0,0.9808610802366183,1.0,0.9532446497628876,27.0,1.0049943855936783,118.0,1.4155353417722103,472.0
1987-05-18 00:00:00-04:00,12.916671752929688,13.007634230062996,12.689265560096418,12.916671752929688,138800,WHR,12.59830379486084,0,0.9985937300643717,0.0,0.9867435337214338,0.0,0.9515481995832145,26.0,1.0022202632941035,118.0,1.4107009135068105,472.0
1987-05-19 00:00:00-04:00,12.734747518270886,12.825710000544248,12.59830379486084,12.59830379486084,178200,WHR,12.416377067565918,0,0.9875223098892439,0.0,0.9744231783720448,0.0,0.9295193318868734,25.0,0.977728636557584,117.0,1.3751677190527218,471.0
1987-05-20 00:00:00-04:00,12.507339536925375,12.734745710324018,12.416377067565918,12.416377067565918,282100,WHR,12.507336616516112,1,0.992727201746228,0.0,0.9718122304034974,0.0,0.9181292059504591,24.0,0.9639249723393203,116.0,1.354620317972531,470.0
1987-05-21 00:00:00-04:00,12.59829906463623,12.734742736816406,12.507336616516112,12.507336616516112,118200,WHR,12.643784523010254,1,1.0036495182902172,1.0,0.9865115280698555,1.0,0.9269110819948898,24.0,0.971383447724406,116.0,1.3638484882396544,470.0
1987-05-22 00:00:00-04:00,12.46185956584464,12.689265762301655,12.370897087261833,12.643784523010254,121000,WHR,13.053107261657717,1,1.005425122233605,2.0,1.002163023293897,2.0,0.9386375112502721,25.0,0.9824485422817568,116.0,1.3779986118925422,471.0
1987-05-26 00:00:00-04:00,12.734738791861185,13.053107261657711,12.734738791861185,13.053107261657717,137500,WHR,13.144078254699709,1,1.0159288812856224,2.0,1.0323736532078354,3.0,0.9699876704287101,26.0,1.0146011311477114,117.0,1.4217882499865897,472.0
1987-05-27 00:00:00-04:00,13.053115775428427,13.235040733970983,12.962153296157153,13.144078254699709,155400,WHR,13.144078254699709,0,1.0034725483386446,2.0,1.0306707010189344,4.0,0.9769535505581682,27.0,1.02198627056898,118.0,1.4308754790964044,472.0
1987-05-28 00:00:00-04:00,13.235040733970983,13.235040733970983,12.871190816885871,13.144078254699709,108900,WHR,13.462437629699709,1,1.0,1.0,1.0190411063975635,4.0,0.9769954703433382,27.0,1.022244361394486,118.0,1.430066911907212,471.0
1987-05-29 00:00:00-04:00,13.235031588657485,13.462437629699709,13.235031588657485,13.462437629699709,107700,WHR,13.144078254699709,0,1.011965466518924,1.0,1.0284915791403118,4.0,1.0000838563783276,28.0,1.04713584825762,119.0,1.4638542240907784,471.0
1987-06-01 00:00:00-04:00,13.46244693214918,13.55340941142046,12.734747097978955,13.144078254699709,147400,WHR,13.053107261657717,0,0.9880345334810761,1.0,0.9965519933628396,3.0,0.97642121147576,27.0,1.0225752759921476,119.0,1.4285210728025541,470.0
1987-06-02 00:00:00-04:00,13.189550891570512,13.280513311512378,12.916663631744916,13.053107261657717,157100,WHR,13.098590850830078,1,0.9965274516613554,0.0,0.989654794282198,2.0,0.9695974116592607,27.0,1.0157344608346428,118.0,1.4179469073594198,469.0
1987-06-03 00:00:00-04:00,13.00762841436598,13.098590850830078,13.00762841436598,13.098590850830078,162800,WHR,13.23503875732422,1,1.0017392212535003,1.0,0.9937887138147812,2.0,0.9727463676630503,28.0,1.0195388342766483,118.0,1.422158618540434,470.0
1987-06-04 00:00:00-04:00,13.098595058795103,13.23503875732422,13.007632593109026,13.23503875732422,76200,WHR,13.189555168151855,0,1.0051815077725514,2.0,1.0027569641564311,3.0,0.9831953794098718,28.0,1.0303835212706904,119.0,1.4362129594033926,471.0
1987-06-05 00:00:00-04:00,13.280517617587387,13.325998842305152,12.825705370409736,13.189555168151855,82000,WHR,13.189555168151855,0,0.9982787402788237,1.0,1.0034601988254637,2.0,0.9804608289742983,27.0,1.0270805385516089,119.0,1.4305183925291456,471.0
1987-06-08 00:00:00-04:00,13.189555168151855,13.235036392869622,13.05311149399856,13.189555168151855,75800,WHR,13.144078254699709,0,1.0,0.0,1.0027663086901835,2.0,0.9814354632543412,26.0,1.027297487168364,119.0,1.4297482450155574,471.0
1987-06-09 00:00:00-04:00,13.280521973606623,13.280521973606623,13.053115775428427,13.144078254699709,97800,WHR,13.23503875732422,1,0.9982730482830873,0.0,0.9979284312636149,2.0,0.9788057832021025,26.0,1.0240003098592123,118.0,1.4240468714795762,471.0
1987-06-10 00:00:00-04:00,13.23503875732422,13.371482455853334,13.14407629163814,13.23503875732422,137300,WHR,13.189555168151855,0,1.0034482011881993,1.0,1.0027567612834618,2.0,0.9858970380854293,27.0,1.031339622979713,118.0,1.433105315163669,472.0
1987-06-11 00:00:00-04:00,13.280517617587387,13.280517617587387,13.189555168151855,13.189555168151855,146900,WHR,13.144078254699709,0,0.9982787402788237,1.0,0.9999998987726355,1.0,0.9830464968336857,26.0,1.0280833428189833,117.0,1.4273915955303595,472.0
1987-06-12 00:00:00-04:00,13.144078254699709,13.235040733970983,13.098597015064067,13.144078254699709,484000,WHR,13.189555168151855,1,0.9982730482830873,0.0,0.9972396363395144,1.0,0.9805787892396698,25.0,1.0248967635523976,116.0,1.421667927508943,472.0
1987-06-15 00:00:00-04:00,13.235036392869622,13.280517617587387,13.14407394343409,13.189555168151855,131400,WHR,13.23503875732422,1,1.001726951716913,1.0,1.0006899642935987,2.0,0.9848977782074313,25.0,1.0288445794289294,116.0,1.4257637415924458,473.0
1987-06-16 00:00:00-04:00,13.18955752448118,13.280519990167257,13.098595058795103,13.23503875732422,163400,WHR,13.189555168151855,0,1.0017212597211764,2.0,1.0027567612834618,3.0,0.9897257699375306,25.0,1.0327813395103658,117.0,1.4298876589699978,473.0
1987-06-17 00:00:00-04:00,13.235036392869622,13.235036392869622,13.14407394343409,13.189555168151855,235600,WHR,13.23503875732422,1,0.9982787402788237,1.0,0.9999998987726355,2.0,0.9880340378716479,24.0,1.0297054947034279,116.0,1.424191530217131,473.0
1987-06-18 00:00:00-04:00,13.18955752448118,13.23503875732422,13.14407629163814,13.23503875732422,180100,WHR,12.962149620056152,0,1.0017212597211764,1.0,1.0027567612834618,3.0,0.993274344414965,24.0,1.033574570134788,117.0,1.4282937532132038,474.0
1987-06-19 00:00:00-04:00,13.280518207215426,13.280518207215426,12.962149620056152,12.962149620056152,589100,WHR,13.189555168151855,1,0.9895832662140305,1.0,0.9847960942722319,3.0,0.974929693309902,24.0,1.0126967266394418,116.0,1.3981232842615625,473.0
1987-06-22 00:00:00-04:00,13.007630269280796,13.371480067022915,13.007630269280796,13.189555168151855,324600,WHR,13.007636070251465,0,1.0086956299766063,1.0,1.0020731742431321,3.0,0.9933690170355025,25.0,1.0307385849212596,117.0,1.421878050241894,474.0
1987-06-23 00:00:00-04:00,13.23504229525586,13.23504229525586,12.962154825250584,13.007636070251465,567500,WHR,12.962149620056152,0,0.9930557785281305,1.0,0.9916785347741608,2.0,0.9808787048990475,25.0,1.0168935658457472,116.0,1.401502460252826,474.0
1987-06-24 00:00:00-04:00,12.962149620056152,13.053112073530231,12.825705939845037,12.962149620056152,268100,WHR,12.962149620056152,0,0.9982484857311592,0.0,0.9916491719811249,2.0,0.9782698253683726,25.0,1.0136665775073368,116.0,1.395847775431004,474.0
1987-06-25 00:00:00-04:00,13.007630846793193,13.053112073530231,12.916668393319114,12.962149620056152,458500,WHR,12.962149620056152,0,1.0,0.0,0.9958070569212523,1.0,0.9790923650500027,25.0,1.0139187144110238,116.0,1.3950714174878305,474.0
1987-06-26 00:00:00-04:00,13.007630846793193,13.053112073530231,12.962149620056152,12.962149620056152,209600,WHR,13.053107261657717,1,1.0,0.0,0.9958070569212523,1.0,0.979804864852115,25.0,1.014156961885162,116.0,1.3942988451054992,473.0
1987-06-29 00:00:00-04:00,12.916663631744916,13.098588471628648,12.916663631744916,13.053107261657717,182400,WHR,12.962149620056152,0,1.0034963191797464,1.0,1.0049015839710123,1.0,0.9872856528660292,26.0,1.0215338526352462,116.0,1.4033155440634328,473.0
1987-06-30 00:00:00-04:00,13.053112073530231,13.053112073530231,12.825705939845037,12.962149620056152,370600,WHR,12.871188163757324,0,0.9965036808202538,1.0,0.9985985323411483,1.0,0.9815115663891799,25.0,1.0146750498830128,116.0,1.3927922268171362,472.0
1987-07-01 00:00:00-04:00,12.916669394017951,13.007631854539204,12.689263242714818,12.871188163757324,506100,WHR,13.007636070251465,1,0.9964789119756788,0.0,0.9929825915161101,1.0,0.975613753032,25.0,1.0076111751985644,116.0,1.3822932431859547,472.0
1987-07-02 00:00:00-04:00,12.871192335248828,13.053117315252344,12.871192335248828,13.007636070251465,204700,WHR,13.053107261657717,1,1.0052725697759803,1.0,1.0028054300013174,2.0,0.9867321165972686,26.0,1.0181446392443232,117.0,1.3962032636373756,472.0
1987-07-06 00:00:00-04:00,13.00762605168678,13.189550891570512,12.962144841715848,13.053107261657717,402200,WHR,13.007636070251465,0,1.0017448155958997,2.0,1.0049016429942808,3.0,0.9913004951673507,26.0,1.0217382837102842,117.0,1.4003609329674573,472.0
1987-07-07 00:00:00-04:00,12.962154825250584,13.1440798052541,12.871192335248828,13.007636070251465,204400,WHR,13.007636070251465,0,0.9982551844041004,1.0,1.0021026125532577,2.0,0.989248192928759,25.0,1.0182419520175114,116.0,1.3947959116198065,471.0
1987-07-08 00:00:00-04:00,13.007636070251465,13.098598560253222,12.916673580249704,13.007636070251465,280500,WHR,12.962149620056152,0,1.0,0.0,1.0014007795562305,2.0,0.9906531177683368,25.0,1.0181781778714034,116.0,1.3940865061803211,471.0
1987-07-09 00:00:00-04:00,12.916668393319114,13.053112073530231,12.780224713107996,12.962149620056152,183100,WHR,13.23503875732422,1,0.9982484857311592,0.0,0.9965033301314056,2.0,0.9880265122332738,25.0,1.0143722508450532,116.0,1.3885352660559243,470.0
1987-07-10 00:00:00-04:00,13.053113825952064,13.280519990167257,13.053113825952064,13.23503875732422,381800,WHR,13.053107261657717,0,1.0104167337859697,1.0,1.0139373032063812,2.0,1.0088707060686606,26.0,1.0352742089882085,117.0,1.4170542938194155,470.0
1987-07-13 00:00:00-04:00,13.235032101541446,13.235032101541446,12.871182421773982,13.053107261657717,191500,WHR,12.780227661132812,0,0.9930793333415321,1.0,0.9999995177970022,1.0,0.9951613735532151,26.0,1.0206332888706706,117.0,1.3968586294541134,470.0
1987-07-14 00:00:00-04:00,13.007633847273969,13.007633847273969,12.59830271221989,12.780227661132812,637000,WHR,12.643784523010254,0,0.9894369193392772,0.0,0.9825176315602285,1.0,0.9749067397655474,25.0,0.9990222719498306,116.0,1.3669759318057648,470.0
1987-07-15 00:00:00-04:00,12.643784523010254,12.689265762301655,12.507340805136042,12.643784523010254,221500,WHR,12.46186065673828,0,0.9946332963839729,0.0,0.9774967022127412,1.0,0.9653766540360135,24.0,0.9881274864833361,116.0,1.3517033591415883,470.0
1987-07-16 00:00:00-04:00,12.643785629829353,12.643785629829353,12.32541692691998,12.46186065673828,210100,WHR,12.46186065673828,0,0.9927536669554016,0.0,0.970942826874473,1.0,0.9531222486231414,23.0,0.9736925222164363,116.0,1.3316177880642543,469.0
1987-07-17 00:00:00-04:00,12.370898170192747,12.46186065673828,12.234454440374444,12.46186065673828,310200,WHR,12.370896339416504,0,1.0,0.0,0.9827835488849377,0.0,0.9543237182499122,23.0,0.9735289690511723,115.0,1.3309761367082478,469.0
1987-07-20 00:00:00-04:00,12.416377575958476,12.461858812500449,12.27993386633256,12.370896339416504,199400,WHR,12.507336616516112,1,0.9963369223426999,0.0,0.9862218268766562,0.0,0.9486637008069148,23.0,0.9662745988804828,115.0,1.3206509939129947,468.0
1987-07-21 00:00:00-04:00,12.416374168395995,12.734742736816406,12.370892944335935,12.507336616516112,254600,WHR,12.59830379486084,1,1.0054843234783308,1.0,1.0014563730355317,1.0,0.9601720905988828,24.0,0.9767605884214063,115.0,1.3345507276641269,469.0
1987-07-22 00:00:00-04:00,12.461860071450795,12.643785035997524,12.461860071450795,12.59830379486084,164400,WHR,12.59830379486084,0,1.003623376135966,2.0,1.0094752959102382,2.0,0.9676506165818616,25.0,0.9836440052479964,116.0,1.3435571909654125,470.0
1987-07-23 00:00:00-04:00,12.59830379486084,12.689266277134204,12.55282255372416,12.59830379486084,170400,WHR,12.370896339416504,0,1.0,1.0,1.007272813614515,2.0,0.9682021853115089,24.0,0.9833963159539709,116.0,1.3428301635176927,470.0
1987-07-24 00:00:00-04:00,12.643783758668338,12.643783758668338,12.370896339416504,12.370896339416504,257500,WHR,12.552824020385742,1,0.9908924813681895,0.0,0.990531696517947,2.0,0.9516551849294784,23.0,0.9654175806124767,116.0,1.3178717138045974,470.0
1987-07-27 00:00:00-04:00,12.37089903458305,12.552824020385742,12.37089903458305,12.552824020385742,142700,WHR,12.689265251159668,1,1.0072993789989177,1.0,1.0021788380076793,3.0,0.9664258467399177,23.0,0.9794162062083511,116.0,1.336500066366941,470.0
1987-07-28 00:00:00-04:00,12.59830277624096,12.689265251159668,12.552821538781606,12.689265251159668,155600,WHR,12.689265251159668,0,1.0054053065618356,2.0,1.010137512801274,3.0,0.9774875718237489,24.0,0.989818712852333,117.0,1.350228044121834,471.0
1987-07-29 00:00:00-04:00,12.689265251159668,12.73474648861902,12.643784013700314,12.689265251159668,312600,WHR,12.962149620056152,1,1.0,1.0,1.0086767374595056,2.0,0.9781022045009559,23.0,0.9895688897425278,117.0,1.3494300586666106,471.0
1987-07-30 00:00:00-04:00,12.734743486370956,13.007630846793193,12.689262259633916,12.962149620056152,446700,WHR,12.916671752929688,0,1.0106381800094268,1.0,1.0244426186973612,3.0,0.9997623800660469,23.0,1.0105364742150915,117.0,1.3776155688915432,471.0
1987-07-31 00:00:00-04:00,12.96215299149634,13.007634230062996,12.82570927579638,12.916671752929688,265300,WHR,12.916671752929688,0,0.9982426608047175,1.0,1.012116921135297,3.0,0.9968796895756252,23.0,1.0067626372013645,116.0,1.3719415432029305,471.0
1987-08-03 00:00:00-04:00,12.82570927579638,13.007634230062996,12.82570927579638,12.916671752929688,398100,WHR,12.871188163757324,0,1.0,0.0,1.0063785175569617,2.0,0.9969842286187242,23.0,1.006548238940017,115.0,1.3711161085101697,470.0
1987-08-04 00:00:00-04:00,12.871188163757324,12.962150624278577,12.825706933496695,12.871188163757324,286000,WHR,13.007636070251465,1,0.9982362402572642,0.0,0.9999999110875342,1.0,0.9938667246044243,22.0,1.0028459435505932,114.0,1.3654730351554363,470.0
1987-08-05 00:00:00-04:00,12.916673580249704,13.053117315252344,12.825711090247946,13.007636070251465,286200,WHR,13.371472358703612,1,1.0052725697759803,1.0,1.005626081668679,2.0,1.0050326453726366,22.0,1.0133163455286016,114.0,1.379100203957979,471.0
1987-08-06 00:00:00-04:00,13.053103969210673,13.55339715269958,13.053103969210673,13.371472358703612,291000,WHR,13.280517578125,0,1.0137925923247952,2.0,1.0272529577672656,2.0,1.0331881744953617,23.0,1.0414338095602278,114.0,1.4167494538894576,472.0
1987-08-07 00:00:00-04:00,13.280517578125,13.41696125187286,13.23503635354238,13.280517578125,346900,WHR,13.64436149597168,1,0.9965873174650675,1.0,1.0145934095615285,2.0,1.0260257581562582,23.0,1.034140543889698,114.0,1.4061906090115757,472.0
1987-08-10 00:00:00-04:00,13.280511856079102,13.64436149597168,13.280511856079102,13.64436149597168,212400,WHR,14.00821590423584,1,1.0135132981227284,1.0,1.030927485910337,3.0,1.053259252364736,24.0,1.0621520393326727,114.0,1.4437220733289409,472.0
1987-08-11 00:00:00-04:00,13.689847360957751,14.053697124704138,13.644366140489456,14.00821590423584,307900,WHR,14.00821590423584,0,1.0131580649065077,2.0,1.0405405851503617,4.0,1.079880558586068,25.0,1.0900389747058574,114.0,1.4811275768619543,473.0
1987-08-12 00:00:00-04:00,13.917253463299245,14.144659565640737,13.826291022362646,14.00821590423584,96400,WHR,14.00821590423584,0,1.0,1.0,1.0252997491524112,3.0,1.0783682165230393,25.0,1.0896767006010064,113.0,1.4800349350469768,473.0
1987-08-13 00:00:00-04:00,14.00821590423584,14.099178345172437,13.96273468376754,14.00821590423584,81900,WHR,14.00821590423584,0,1.0,0.0,1.0158311852922521,2.0,1.076421031514946,25.0,1.089314667219517,113.0,1.478946976815139,472.0
1987-08-14 00:00:00-04:00,14.053697124704138,14.190140786109032,13.826291022362646,14.00821590423584,285000,WHR,14.099187850952148,1,1.0,0.0,1.0052219991205809,2.0,1.0742310276274651,25.0,1.0889528743215355,113.0,1.4778790284026462,471.0
1987-08-17 00:00:00-04:00,14.190150353216357,14.281112855480565,14.099187850952148,14.099187850952148,188300,WHR,13.91725254058838,0,1.0032365830550791,1.0,1.005188608906326,2.0,1.079011990387336,25.0,1.0956373746143637,113.0,1.4864106476218173,471.0
1987-08-18 00:00:00-04:00,14.144658627852897,14.144658627852897,13.735327670776766,13.91725254058838,192100,WHR,13.91725254058838,0,0.9935061232682971,1.0,0.9935063058896345,1.0,1.0633612378387274,24.0,1.0812080201820007,112.0,1.466222633707432,470.0
1987-08-19 00:00:00-04:00,13.826290105682572,14.008214975494186,13.689846453323865,13.91725254058838,178700,WHR,13.962738990783691,1,1.0,0.0,0.9947982646348664,1.0,1.0621923683959578,23.0,1.080887221934441,112.0,1.4652499766677398,469.0
1987-08-20 00:00:00-04:00,14.00822022528136,14.099182694276692,13.87177652178836,13.962738990783691,147500,WHR,14.372068405151367,1,1.001631508752222,1.0,0.9986989009163615,2.0,1.0645553954539493,23.0,1.0840230893388603,113.0,1.4690816893742475,469.0
1987-08-21 00:00:00-04:00,13.91725611384911,14.372068405151367,13.871774884718883,14.372068405151367,377000,WHR,14.335419654846191,0,1.0144461689344815,2.0,1.0226537024450644,3.0,1.0940565436894873,24.0,1.115421582982925,113.0,1.5110656047608277,470.0
1987-08-24 00:00:00-04:00,14.335419654846191,14.381219717641226,14.289619592051157,14.335419654846191,158100,WHR,14.610222816467283,1,0.9987233731412313,1.0,1.0166281908578665,2.0,1.09005937493759,23.0,1.1121415231180614,113.0,1.5061328231175393,470.0
1987-08-25 00:00:00-04:00,14.335422387317433,14.610222816467283,14.335422387317433,14.610222816467283,174900,WHR,14.47283172607422,0,1.0094937661823686,1.0,1.02603190288196,3.0,1.1088948740107663,24.0,1.1329516819704388,113.0,1.5338585620025125,471.0
1987-08-26 00:00:00-04:00,14.518631826473188,14.656032127670096,14.47283172607422,14.47283172607422,238200,WHR,14.289626121520996,0,0.9952759057618211,1.0,1.0085135762920312,3.0,1.0964978685096312,24.0,1.1218416343328181,113.0,1.5183384387224685,470.0
1987-08-27 00:00:00-04:00,14.47282645641229,14.47282645641229,14.289626121520994,14.289626121520996,126800,WHR,14.24382781982422,0,0.9936303912021712,0.0,0.9912314562015709,2.0,1.080992018032599,23.0,1.1071010919141604,113.0,1.4980480021599238,470.0
1987-08-28 00:00:00-04:00,14.28962790927703,14.427028177635462,14.198027730371408,14.24382781982422,110800,WHR,14.381232261657717,1,0.99839492611757,0.0,0.9898155746681466,1.0,1.0761586756477708,22.0,1.1030767007915179,112.0,1.4921792194749222,470.0
1987-08-31 00:00:00-04:00,14.289632056169449,14.427032364401848,14.243831953425316,14.381232261657717,291700,WHR,14.381232261657717,0,1.0048001450981192,1.0,0.9987280234586873,2.0,1.0849119539502081,23.0,1.1133279185675347,112.0,1.5054664171445735,471.0
1987-09-01 00:00:00-04:00,14.427032364401848,14.564432672634243,14.381232261657717,14.381232261657717,433700,WHR,13.923227310180664,0,1.0,1.0,1.0019146371810645,1.0,1.083288836291426,23.0,1.1128772016579918,112.0,1.5043638887611939,470.0
1987-09-02 00:00:00-04:00,14.289628028869627,14.289628028869627,13.831627130508425,13.923227310180664,267700,WHR,13.694232940673828,0,0.9838186293465662,0.0,0.9774918779704844,1.0,1.0477639975520963,23.0,1.077084888846731,112.0,1.4554785872153737,469.0
1987-09-03 00:00:00-04:00,13.923233491521216,14.152234042368605,13.46523238982644,13.694232940673828,213600,WHR,13.648431777954102,0,0.9917083480006186,0.0,0.96952034108128,1.0,1.0299383235878479,22.0,1.0591229437286278,111.0,1.4306461775647397,468.0
1987-09-04 00:00:00-04:00,13.648431777954102,13.877432311141252,13.556831564679245,13.648431777954102,164900,WHR,13.556822776794434,0,0.9983249195646786,0.0,0.9744932231699026,1.0,1.0259035358843875,22.0,1.0553130462292064,111.0,1.4249516117030028,468.0
1987-09-08 00:00:00-04:00,13.465222622897176,13.602622853743064,13.282022315102656,13.556822776794434,192700,WHR,13.46522331237793,0,0.9966326725237835,0.0,0.9794833496721133,0.0,1.0184909801127158,22.0,1.0476984298311476,111.0,1.4144983527109996,468.0
1987-09-09 00:00:00-04:00,13.511023391671731,13.511023391671731,13.327823074496523,13.46522331237793,170200,WHR,13.923227310180664,1,0.9966101950935089,0.0,0.9859152057801251,0.0,1.0112602781375983,21.0,1.0400216775859155,111.0,1.4040466888445517,468.0
1987-09-10 00:00:00-04:00,13.740026950836182,14.198027849197388,13.740026950836182,13.923227310180664,390500,WHR,14.014827728271484,1,1.0167225230851684,1.0,1.019449971247157,1.0,1.0447571716188997,21.0,1.0746053230885022,112.0,1.4508049627593012,469.0
1987-09-11 00:00:00-04:00,13.923227547040952,14.19802809073255,13.923227547040952,14.014827728271484,171300,WHR,14.289626121520996,1,1.0032786970304393,2.0,1.0213618579746608,2.0,1.0505463235319454,22.0,1.0808712889667267,112.0,1.4593169460778375,470.0
1987-09-14 00:00:00-04:00,14.198025954075348,14.381226288966642,14.152225870352524,14.289626121520996,170700,WHR,14.106420516967772,0,1.009708662626307,2.0,1.0317460219092285,3.0,1.0697357066698392,22.0,1.101122844252661,113.0,1.486858005902563,470.0
1987-09-15 00:00:00-04:00,14.198020650194836,14.198020650194836,14.06062045035424,14.106420516967772,465400,WHR,14.014827728271484,0,0.9935482003221919,1.0,1.0104983478798992,3.0,1.0545152333713836,22.0,1.0861311511744351,113.0,1.4667716241345266,469.0
1987-09-16 00:00:00-04:00,14.06062781888675,14.243828181347816,13.923227547040952,14.014827728271484,200900,WHR,13.877423286437988,0,0.9967429330342121,0.0,0.99609388847594,3.0,1.0465921634625268,21.0,1.078264187351082,112.0,1.4562313781304423,469.0
1987-09-17 00:00:00-04:00,14.10642367070264,14.15222374755557,13.785823132732126,13.877423286437988,317500,WHR,13.831621170043944,0,0.9950737413856976,0.0,0.9869705799804851,2.0,1.0352104683967267,21.0,1.0668519692580487,112.0,1.4409695761507937,469.0
1987-09-18 00:00:00-04:00,14.014821450441875,14.014821450441875,13.74002102984498,13.831621170043944,343500,WHR,13.236228942871094,0,0.9983470337107445,0.0,0.9862833130847313,1.0,1.030679619870931,21.0,1.0625164727164225,111.0,1.4352493026079542,468.0
1987-09-21 00:00:00-04:00,13.740030044502864,13.740030044502864,13.190428842722753,13.236228942871094,255000,WHR,13.60262680053711,1,0.978003711979742,0.0,0.9582232192742439,0.0,0.9859776474450512,21.0,1.01617343693195,111.0,1.3726254563737068,468.0
1987-09-22 00:00:00-04:00,13.098825807924625,13.740027071249605,12.82402526649963,13.60262680053711,308600,WHR,13.46522331237793,0,1.0136517689565065,1.0,0.9919840714906805,1.0,1.0124658534540867,22.0,1.0434348069896398,112.0,1.4097264228424669,468.0
1987-09-23 00:00:00-04:00,13.602623550259338,13.64842362955314,13.327823074496523,13.46522331237793,169300,WHR,13.419424057006836,0,0.994923738398654,1.0,0.9898989060507638,1.0,1.0017265622299847,21.0,1.0320385015205051,112.0,1.394615477245673,468.0
1987-09-24 00:00:00-04:00,13.511024221218488,13.69422454964179,13.373623974901012,13.419424057006836,83400,WHR,13.37362289428711,0,0.9982964531860199,0.0,0.9932202922773825,1.0,0.9977536923156077,21.0,1.027634670198002,112.0,1.389017309766136,467.0
1987-09-25 00:00:00-04:00,13.511023129502387,13.602623286312577,13.37362289428711,13.37362289428711,82700,WHR,13.46522331237793,1,0.9982905578897769,0.0,0.9965868652016427,1.0,0.9937296007484319,21.0,1.0232526814097305,112.0,1.3834661782379782,466.0
1987-09-28 00:00:00-04:00,13.46522331237793,13.64842362955314,13.373623153790325,13.46522331237793,75800,WHR,13.46522331237793,0,1.003412978985217,1.0,0.9999999433400105,2.0,0.9999693195553302,21.0,1.0293533405169495,113.0,1.3921082108619813,467.0
1987-09-29 00:00:00-04:00,13.556823470965536,13.556823470965536,13.373623153790325,13.46522331237793,126200,WHR,13.327828407287598,0,1.0,1.0,1.0020449813573622,1.0,0.9994595116101337,20.0,1.028460967947324,112.0,1.3912584436845936,467.0
1987-09-30 00:00:00-04:00,13.419428602526688,13.511028797765778,13.14462801680942,13.327828407287598,109100,WHR,13.46522331237793,1,0.9948719949288387,0.0,0.993852769271248,1.0,0.988869643876845,20.0,1.0171554134600969,111.0,1.3762391380112673,467.0
1987-10-01 00:00:00-04:00,13.511023391671731,13.511023391671731,13.327823074496523,13.46522331237793,110200,WHR,13.419424057006836,0,1.0051280050711613,1.0,1.0034128934141073,2.0,0.9984987747189555,21.0,1.0268213688003773,111.0,1.389612764699718,467.0
1987-10-02 00:00:00-04:00,13.373623974901012,13.465224139112662,13.282023810689362,13.419424057006836,115600,WHR,13.327828407287598,0,0.9982964531860199,1.0,0.9993178414826777,2.0,0.9945405221879505,21.0,1.0225690094724589,110.0,1.3840686342154225,467.0
1987-10-05 00:00:00-04:00,13.373628504907144,13.419428602526688,13.190428114428965,13.327828407287598,76600,WHR,12.869830131530762,0,0.9965755118271863,0.0,0.9945320114087614,1.0,0.98763898720743,20.0,1.0149672494476107,109.0,1.373806679774232,467.0
1987-10-06 00:00:00-04:00,13.373631311056876,13.46523152551617,12.869830131530762,12.869830131530762,487500,WHR,13.190423965454102,1,0.9825175873989579,0.0,0.9689658260884413,1.0,0.9539156296620921,20.0,0.9797779944418439,108.0,1.3258764330459742,466.0
1987-10-07 00:00:00-04:00,13.190423965454102,13.190423965454102,12.96142354938719,13.190423965454102,194500,WHR,12.91561794281006,0,1.0123020225639485,1.0,0.9951622628644099,2.0,0.9771829707016196,21.0,1.0036461189605306,109.0,1.3580944944876538,467.0
1987-10-08 00:00:00-04:00,13.098818197318002,13.098818197318002,12.824017815556086,12.91561794281006,240500,WHR,12.824026107788086,0,0.9894734704092754,1.0,0.9825779008731119,1.0,0.9565035457897004,21.0,0.9823448311189618,108.0,1.3290697453495157,466.0
1987-10-09 00:00:00-04:00,12.915626294272286,13.053026573998586,12.732425921303884,12.824026107788086,159600,WHR,12.686622619628906,0,0.9964416044432501,0.0,0.9845289238665307,1.0,0.9492960922616195,21.0,0.9750698934796352,107.0,1.3189404379616603,465.0
1987-10-12 00:00:00-04:00,12.778222782947529,12.869822946266147,12.549222374650975,12.686622619628906,116200,WHR,12.824026107788086,1,0.9946138771448996,0.0,0.9836646843939674,1.0,0.9388644786800464,21.0,0.9644946002757093,106.0,1.3041311765373558,465.0
1987-10-13 00:00:00-04:00,12.778226014545986,12.824026107788086,12.686625828061784,12.824026107788086,181300,WHR,12.320226669311523,0,1.0053861228551004,1.0,0.9950250987150713,2.0,0.9485028149927038,22.0,0.9746784440848006,107.0,1.3175237164966591,466.0
1987-10-14 00:00:00-04:00,12.640827363308478,12.640827363308478,12.091226173599416,12.320226669311523,170700,WHR,11.770622253417969,0,0.9799636345155024,1.0,0.9690204497636544,1.0,0.9114505509631196,21.0,0.9363108731511842,106.0,1.2651244863080346,466.0
1987-10-15 00:00:00-04:00,12.228623119309718,12.274423205898891,11.770622253417969,11.770622253417969,476200,WHR,11.587424278259276,0,0.9771861748144953,0.0,0.9427732075633461,1.0,0.8716803854877359,20.0,0.8946001152868228,106.0,1.2081353767639595,466.0
1987-10-16 00:00:00-04:00,11.679024470182275,11.862224854028272,11.587424278259276,11.587424278259276,162900,WHR,9.16001796722412,0,0.9921569650565492,0.0,0.9468563845443435,1.0,0.8591855466918109,20.0,0.8808184474517078,105.0,1.1888041887551173,466.0
1987-10-19 00:00:00-04:00,10.992021560668944,11.083621740341188,9.16001796722412,9.16001796722412,633500,WHR,9.068413734436035,0,0.8830021415500704,0.0,0.7942811180636088,1.0,0.6819037701450062,20.0,0.696902166684851,105.0,0.9395849782882378,465.0
1987-10-20 00:00:00-04:00,9.25161401189939,10.076015260484484,8.060812208387587,9.068413734436035,348300,WHR,9.572213172912598,1,0.9949746509031963,0.0,0.8411211324094884,0.0,0.6780156243221377,19.0,0.690568907238427,104.0,0.9300088910160786,465.0
1987-10-21 00:00:00-04:00,9.251612731714568,9.709613361997468,9.251612731714568,9.572213172912598,422700,WHR,9.11422061920166,0,1.0270269578904534,1.0,0.9355412452695352,1.0,0.7184737531559768,19.0,0.7294943415029649,105.0,0.9814295380207876,466.0
1987-10-22 00:00:00-04:00,8.79361989390311,9.251620930043895,8.74781979028903,9.11422061920166,1199800,WHR,9.343214988708496,1,0.9754906388877576,1.0,0.9395660145159683,1.0,0.6871708436130745,19.0,0.6952226540216536,105.0,0.9342814036917254,466.0
1987-10-23 00:00:00-04:00,8.79361410701976,9.43481513565662,8.79361410701976,9.343214988708496,148200,WHR,8.747817993164062,0,1.0124066189026117,1.0,1.009900853132741,2.0,0.7076540505005922,19.0,0.7132502509953634,106.0,0.9575489755626668,466.0
1987-10-26 00:00:00-05:00,9.068418652599394,9.068418652599394,8.702017898959015,8.747817993164062,342000,WHR,8.793617248535156,1,0.9670888336701929,1.0,0.9540462410310676,2.0,0.6660638938901106,19.0,0.6684770438512943,105.0,0.8963853848272456,466.0
1987-10-27 00:00:00-05:00,8.976817607879639,9.06841778755188,8.747817158699036,8.793617248535156,303400,WHR,8.381412506103516,0,1.0026109183621543,1.0,0.9648242341776648,3.0,0.6730727237451993,20.0,0.6726373594584963,106.0,0.9009315802760757,466.0
1987-10-28 00:00:00-05:00,8.70201298447906,8.70201298447906,8.152412164406698,8.381412506103516,420400,WHR,8.610414505004883,1,0.9759997654548277,1.0,0.9442720812444533,2.0,0.6452176459718029,20.0,0.6419151631918979,105.0,0.8586032802343125,465.0
1987-10-29 00:00:00-05:00,8.793614813622007,8.931015045084852,8.244013887770633,8.610414505004883,134200,WHR,8.702016830444336,1,1.0134771851638824,1.0,0.9812107815321226,3.0,0.666607523734547,20.0,0.6603297900446867,105.0,0.8819567424828019,465.0
1987-10-30 00:00:00-05:00,8.976817361932053,9.251617893419768,8.610416653281764,8.702016830444336,349400,WHR,8.839418411254883,1,1.0052911300362466,2.0,1.0063560378190362,3.0,0.677782941944229,20.0,0.6682599571719817,105.0,0.8912260047894898,465.0
1987-11-02 00:00:00-05:00,8.79361831585978,8.976818697440192,8.702018125069573,8.839418411254883,325700,WHR,8.885220527648926,1,1.0078329725542594,2.0,1.0200848195149774,4.0,0.692477108491313,21.0,0.6796583283116101,106.0,0.905175624384012,465.0
1987-11-03 00:00:00-05:00,8.793620316023679,8.885220527648926,8.289819152084823,8.885220527648926,210200,WHR,8.885220527648926,0,1.0025840930555439,2.0,1.0232071641674598,4.0,0.7004175032041099,21.0,0.6840236928988195,107.0,0.9097384880856896,466.0
1987-11-04 00:00:00-05:00,8.839420421836303,9.34322158577516,8.518819681147939,8.885220527648926,174300,WHR,9.068413734436035,1,1.0,1.0,1.0114705273118338,4.0,0.7051637627010932,20.0,0.684892918412016,106.0,0.9096074862849198,466.0
1987-11-05 00:00:00-05:00,8.793613318241004,9.343214150631066,8.793613318241004,9.068413734436035,321100,WHR,9.251622200012209,1,1.0102036837841786,1.0,1.0216713013832464,4.0,0.7244361250090272,21.0,0.6998781012279522,106.0,0.9282142109902107,466.0
1987-11-06 00:00:00-05:00,9.022621650506954,9.29742230991326,8.885221320803803,9.251622200012209,377500,WHR,9.526413917541504,1,1.010000442479028,2.0,1.0295619561809726,4.0,0.7437822698421487,22.0,0.7148463436475306,107.0,0.9468102825722258,466.0
1987-11-09 00:00:00-05:00,9.160013382251446,9.526413917541504,8.976813114606417,9.526413917541504,429800,WHR,9.389019966125488,0,1.0146336771219873,2.0,1.0441761514285486,4.0,0.7705011269252875,23.0,0.7369372162095896,107.0,0.9747419083990975,467.0
1987-11-10 00:00:00-05:00,9.434820063521222,9.52642025831269,9.160019479146818,9.389019966125488,240500,WHR,9.572213172912598,1,0.9927364102636498,1.0,1.0178750465069522,3.0,0.764241066007825,22.0,0.7272179007291432,106.0,0.9605269600909,466.0
1987-11-11 00:00:00-05:00,9.480613046856018,9.892813614110628,9.480613046856018,9.572213172912598,135700,WHR,9.755417823791504,1,1.0096614605940342,1.0,1.0225044865762116,4.0,0.7837725087852653,23.0,0.7422222835596142,107.0,0.9791058184878959,466.0
1987-11-12 00:00:00-05:00,9.755417823791504,9.801217907471276,9.572217489072417,9.755417823791504,353600,WHR,9.572213172912598,0,1.009478898418029,2.0,1.0270009577366788,4.0,0.8033358577151124,24.0,0.7572070617379428,108.0,0.9976670178090576,466.0
1987-11-13 00:00:00-05:00,9.663813298969178,9.709613361997468,9.434812983827728,9.572213172912598,175300,WHR,9.618017196655272,1,0.990521101581971,1.0,1.0009575979298557,3.0,0.7930280315586431,23.0,0.7436412284936176,108.0,0.9787687611080144,466.0
1987-11-16 00:00:00-05:00,9.709617360432944,9.847017606099447,9.572217114766438,9.618017196655272,104900,WHR,9.755417823791504,1,1.002386840744513,1.0,1.0038241823676175,3.0,0.8020879021828051,23.0,0.7478993330239516,108.0,0.9832866575709168,466.0
1987-11-17 00:00:00-05:00,9.709617740111732,9.801217907471276,9.526417405392642,9.755417823791504,150900,WHR,9.984417915344238,1,1.007092218132263,2.0,1.0104366211980425,4.0,0.8187583584908614,24.0,0.759204385277084,109.0,0.997135513554054,467.0
1987-11-18 00:00:00-05:00,9.801217586622323,9.984417915344238,9.572217175719937,9.984417915344238,198400,WHR,9.709623336791992,0,1.0116009117086382,2.0,1.0253998839970593,4.0,0.8434355623251171,24.0,0.7776015555814608,110.0,1.0203137616695874,468.0
1987-11-19 00:00:00-05:00,10.076024217425651,10.076024217425651,9.57222300655437,9.709623336791992,119500,WHR,9.618017196655272,0,0.9860468161392503,1.0,0.9981173242966888,3.0,0.8257599632050349,24.0,0.7568044768100715,110.0,0.9920338956018584,468.0
1987-11-20 00:00:00-05:00,9.709617360432944,9.892817687988282,9.526417032877603,9.618017196655272,150000,WHR,9.755417823791504,1,0.9952603557595044,0.0,0.9877703306768755,3.0,0.823421687234374,24.0,0.7503634770699853,109.0,0.9824811995516918,468.0
1987-11-23 00:00:00-05:00,9.618017572752189,9.89281807483082,9.526417405392642,9.755417823791504,156600,WHR,9.801218032836914,1,1.007092218132263,1.0,0.9990618135556123,3.0,0.8405682166554854,25.0,0.7617871807478777,109.0,0.996308761445321,468.0
1987-11-24 00:00:00-05:00,9.663817780040135,9.8928182013681,9.663817780040135,9.801218032836914,101500,WHR,9.343214988708496,0,1.0023419267700833,2.0,1.002811531200444,3.0,0.8501058944376202,25.0,0.7660668227627931,109.0,1.0007809126709595,468.0
1987-11-25 00:00:00-05:00,9.89281587039723,9.89281587039723,9.343214988708496,9.343214988708496,117900,WHR,9.068413734436035,0,0.9760764372800712,1.0,0.968660687254685,2.0,0.8163263112503599,25.0,0.7310321253299339,109.0,0.9538757471906654,467.0
1987-11-27 00:00:00-05:00,9.434814289362745,9.434814289362745,8.976813595704357,9.068413734436035,67800,WHR,7.919811248779297,0,0.9850745820261398,0.0,0.9528390741938634,2.0,0.7979578062940871,25.0,0.7103842389959354,108.0,0.9257036136752318,467.0
1987-11-30 00:00:00-05:00,8.846104962086818,8.846104962086818,7.502979077790913,7.919811248779297,264900,WHR,8.197705268859863,1,0.9323883168022805,0.0,0.8629487187880159,2.0,0.7028407145084545,25.0,0.6213779585408636,108.0,0.8084437251344962,467.0
1987-12-01 00:00:00-05:00,8.151390549826756,8.429278864025395,7.96613167369433,8.197705268859863,308800,WHR,8.336644172668457,1,1.0172417394315332,1.0,0.9246151693209811,2.0,0.7334151422765312,26.0,0.644123800090868,109.0,0.8367608336961568,468.0
1987-12-02 00:00:00-05:00,8.197700103123982,8.382958862516615,8.151385413275824,8.336644172668457,397100,WHR,8.197705268859863,0,1.0084030462946205,2.0,0.9724122997315255,2.0,0.7516964927798447,27.0,0.6559827390778873,109.0,0.8508660273112553,469.0
1987-12-03 00:00:00-05:00,8.475593583058503,8.475593583058503,8.012446392727437,8.197705268859863,222000,WHR,7.966128826141357,0,0.9915969537053796,1.0,0.9824604879286944,2.0,0.7450666346224439,27.0,0.6459936721492177,109.0,0.8366372254584301,468.0
1987-12-04 00:00:00-05:00,8.197702338529188,8.29033174348432,7.82718471870866,7.966128826141357,156300,WHR,7.966128826141357,0,0.9856731737434671,0.0,0.9806157182607441,2.0,0.7306121463201201,26.0,0.6286350104266678,109.0,0.8129688702771205,468.0
1987-12-07 00:00:00-05:00,7.966128826141358,8.244017041006755,7.688240611275962,7.966128826141357,136300,WHR,8.197705268859863,1,1.0,0.0,0.9794987746373549,2.0,0.7374303708444008,25.0,0.6295765576533537,108.0,0.8129412246307641,467.0
1987-12-08 00:00:00-05:00,7.96613167369433,8.336649425959182,7.96613167369433,8.197705268859863,363200,WHR,8.197705268859863,0,1.014326826256533,1.0,1.0079729365330676,2.0,0.7660677602507373,25.0,0.648788885353524,109.0,0.8365338039992912,467.0
1987-12-09 00:00:00-05:00,8.197705268859863,8.475593583058503,8.058761111760543,8.197705268859863,248800,WHR,7.873497486114502,0,1.0,1.0,1.0114287135665057,1.0,0.7731831563361291,25.0,0.6496788252693347,109.0,0.8364957726618175,466.0
1987-12-10 00:00:00-05:00,8.058756250493667,8.382959088157206,7.873497486114502,7.873497486114502,138500,WHR,8.336644172668457,1,0.9798267878460427,0.0,0.9792623365137963,1.0,0.7498437346926371,25.0,0.6248841178232107,109.0,0.8034003287150456,466.0
1987-12-11 00:00:00-05:00,7.919811964035033,8.336644172668457,7.873497274186875,8.336644172668457,88100,WHR,8.475586891174316,1,1.0285714151241248,1.0,1.0273969382751942,2.0,0.8009967206191703,26.0,0.6625228551553205,109.0,0.8506066935245934,466.0
1987-12-14 00:00:00-05:00,8.24401347884715,8.52190157363975,8.151384113916283,8.475586891174316,134400,WHR,8.42927074432373,0,1.0082643831135938,2.0,1.031566684785125,3.0,0.8213915491823806,27.0,0.6744088550101203,110.0,0.8647142458226418,467.0
1987-12-15 00:00:00-05:00,8.382956069904369,8.79978813967862,8.382956069904369,8.42927074432373,161200,WHR,8.892417907714844,1,0.9972601871101636,1.0,1.0201790022534996,2.0,0.8232951991062468,27.0,0.6715844998988161,109.0,0.8599259897325725,466.0
1987-12-16 00:00:00-05:00,8.42927114168803,8.892417907714844,8.336641788482666,8.892417907714844,143400,WHR,8.707159996032715,0,1.0267379914680896,1.0,1.0584342599492582,3.0,0.8752421703521366,27.0,0.7093007973111465,109.0,0.9070655205522218,467.0
1987-12-17 00:00:00-05:00,8.938733400182521,9.865027016781744,8.707159996032715,8.707159996032715,195600,WHR,8.892417907714844,1,0.9894737298419708,1.0,1.0162162175398282,3.0,0.8637498280850022,27.0,0.6953607923787058,109.0,0.888089093949012,466.0
1987-12-18 00:00:00-05:00,8.799788554509481,9.07767661412557,8.707159201304119,8.892417907714844,264300,WHR,8.707159996032715,0,1.0105262701580293,1.0,1.024546390049124,3.0,0.8887796044864819,28.0,0.7109245698576545,110.0,0.9068937604956413,466.0
1987-12-21 00:00:00-05:00,8.892418719352559,8.938733400182521,8.614530634372793,8.707159996032715,154300,WHR,8.660850524902344,0,0.9894737298419708,1.0,0.9978769215629343,2.0,0.8770813425960444,28.0,0.6969095816420376,110.0,0.8879281413342064,466.0
1987-12-22 00:00:00-05:00,8.799794650970297,8.89242406834893,8.058759311941218,8.660850524902344,395600,WHR,9.077685356140137,1,0.997333634092716,0.0,0.9873289186582895,2.0,0.879510519030215,27.0,0.6940117719309402,109.0,0.883138135646568,466.0
1987-12-23 00:00:00-05:00,8.568223422887373,9.216629519754528,8.568223422887373,9.077685356140137,172700,WHR,9.031373023986816,0,1.023498829555785,1.0,1.0304948269038285,2.0,0.9287368749903064,28.0,0.7281553766807422,110.0,0.9255266435132089,467.0
1987-12-24 00:00:00-05:00,9.1240024908995,9.1240024908995,9.031373023986816,9.031373023986816,46700,WHR,8.892417907714844,0,0.9974425875061431,1.0,1.0177459413616987,2.0,0.9308179909639265,28.0,0.7251959918408408,109.0,0.9206921963122658,467.0
1987-12-28 00:00:00-05:00,8.846103231112163,9.031361937522888,8.660844524701437,8.892417907714844,104900,WHR,8.799789428710938,0,0.9922474482769041,0.0,1.00208708138087,1.0,0.9237526034983041,27.0,0.7147847221656393,109.0,0.9064193874800378,467.0
1987-12-29 00:00:00-05:00,8.892418791118422,9.031362834729649,8.753474747507196,8.799789428710938,84100,WHR,8.938735008239746,1,0.9947644475761259,0.0,0.9895828373218875,1.0,0.9215006163799092,27.0,0.7081515381943536,108.0,0.8968691145578981,467.0
1987-12-30 00:00:00-05:00,8.98504969740161,9.123993764887205,8.892420319077882,8.938735008239746,198600,WHR,9.031373023986816,1,1.0078329840806473,1.0,0.9989645578264804,2.0,0.9432765876309895,28.0,0.7201591008426119,108.0,0.9109072845289294,468.0
1987-12-31 00:00:00-05:00,8.892428823617788,9.170317224355845,8.846114090161446,9.031373023986816,120700,WHR,9.309255599975586,1,1.0051551173527136,2.0,1.010363358763901,2.0,0.9595301791347393,29.0,0.7284373932794022,109.0,0.9202108850197618,469.0
1988-01-04 00:00:00-05:00,9.170311486543117,9.401885008930568,9.123996782065625,9.309255599975586,251500,WHR,9.540828704833984,1,1.0151512023762213,2.0,1.035015610914471,3.0,0.9958978952409534,29.0,0.7516899543323431,109.0,0.9483356029077449,470.0
1988-01-05 00:00:00-05:00,9.726087514636587,9.911346324439188,9.494514002383337,9.540828704833984,227000,WHR,9.494510650634766,0,1.0122849904071418,2.0,1.0456852825835128,4.0,1.0268502047489207,30.0,0.7711933136866185,110.0,0.9717213923342461,470.0
1988-01-06 00:00:00-05:00,9.540825336735423,9.540825336735423,9.262937220131478,9.494510650634766,167900,WHR,9.67977237701416,1,0.9975667334669339,1.0,1.0249996262701102,4.0,1.028004817018704,30.0,0.768319027399372,109.0,0.9668010764161202,470.0
1988-01-07 00:00:00-05:00,9.309254774066249,9.67977237701416,9.26294007369776,9.67977237701416,165200,WHR,8.938735008239746,0,1.0096619897657841,1.0,1.02854320256044,4.0,1.0537816333472199,31.0,0.7841296331572253,110.0,0.9854264937830431,471.0
1988-01-08 00:00:00-05:00,9.587140656505843,9.633455345667706,8.938735008239746,8.938735008239746,98200,WHR,9.170303344726562,1,0.9601988841833087,1.0,0.9516763759975706,3.0,0.9800177465358283,30.0,0.7250323443939227,110.0,0.9098291524915653,471.0
1988-01-11 00:00:00-05:00,8.892415364583334,9.262932671440971,8.707156711154514,9.170303344726562,177300,WHR,9.123992919921877,0,1.012787445251,1.0,0.9792279548044877,3.0,1.0112266779248833,31.0,0.744771889600625,110.0,0.9332155401660158,472.0
1988-01-12 00:00:00-05:00,9.216622289667274,9.262936974539974,9.031363550176476,9.123992919921877,98100,WHR,9.170303344726562,1,0.9974685867040334,1.0,0.9830339309051848,2.0,1.011037776200332,31.0,0.742116922294332,109.0,0.9283111981425373,472.0
1988-01-13 00:00:00-05:00,9.077674018012154,9.355561998155382,8.985044691297743,9.170303344726562,200500,WHR,9.077685356140137,0,1.0025314132959668,1.0,0.994974508315529,3.0,1.0207260532066682,32.0,0.7469656841367353,110.0,0.9328299254247489,472.0
1988-01-14 00:00:00-05:00,9.124000077344933,9.216629519754528,9.077685356140137,9.077685356140137,121800,WHR,9.587146759033203,1,0.994924482357772,1.0,0.9979641355205396,2.0,1.010571303352075,32.0,0.7405722242077012,109.0,0.9232112706306828,472.0
1988-01-15 00:00:00-05:00,9.262943728534497,9.72609091496122,9.262943728534497,9.587146759033203,220200,WHR,9.494510650634766,0,1.0272952577204757,1.0,1.0391572582424948,3.0,1.0662607431675795,33.0,0.7830745161668209,110.0,0.9747751831652237,472.0
1988-01-18 00:00:00-05:00,9.540825336735423,9.679769395037397,9.494510650634766,9.494510650634766,121000,WHR,9.494510650634766,0,0.99514527976215,1.0,1.0219340022435972,2.0,1.056110078323901,32.0,0.7763846657577537,110.0,0.9651151952455608,472.0
1988-01-19 00:00:00-05:00,9.540825336735423,9.726084081138051,9.40188127843345,9.494510650634766,87300,WHR,9.355573654174805,0,1.0,0.0,1.0138474782431555,2.0,1.0553660261301478,32.0,0.7771606471077739,110.0,0.9648565816925395,472.0
1988-01-20 00:00:00-05:00,9.448203096295348,9.54083253841589,9.262944212054265,9.355573654174805,204800,WHR,9.494510650634766,1,0.9926293700222597,0.0,0.9950742050228393,1.0,1.0398986211835364,31.0,0.7664991440066118,110.0,0.950498090813258,471.0
1988-01-21 00:00:00-05:00,9.448195964534108,9.726084081138051,9.262937220131478,9.494510650634766,229600,WHR,9.540828704833984,1,1.0073706299777403,1.0,1.0009762712791446,2.0,1.0538840430563254,32.0,0.778455204348099,111.0,0.9643533793971589,472.0
1988-01-22 00:00:00-05:00,9.494514002383337,9.540828704833984,9.448199299932684,9.540828704833984,80700,WHR,9.772400856018066,1,1.0024332665330662,2.0,1.006842753540546,2.0,1.0575634104258302,32.0,0.7828636176642172,111.0,0.9687899521107927,473.0
1988-01-25 00:00:00-05:00,9.54082737601764,10.003974336018494,9.494512680017552,9.772400856018066,210700,WHR,9.772400856018066,0,1.0119903380454545,2.0,1.0252671995840301,3.0,1.080455762401429,33.0,0.8024542326398231,111.0,0.9920065296923986,474.0
1988-01-26 00:00:00-05:00,9.72608616001798,9.95765964001841,9.72608616001798,9.772400856018066,70600,WHR,9.772400856018066,0,1.0,1.0,1.0193235787510166,3.0,1.0781472427814964,32.0,0.8031034275708845,110.0,0.991707104119219,474.0
1988-01-27 00:00:00-05:00,9.72608616001798,9.911344944018325,9.63345676801781,9.772400856018066,251000,WHR,9.67977237701416,0,1.0,0.0,1.010536413108812,3.0,1.0760294214497763,31.0,0.8037773712446439,109.0,0.9914198547524259,473.0
1988-01-28 00:00:00-05:00,9.67977237701416,9.818716478119626,9.633457676645673,9.67977237701416,185700,WHR,9.772400856018066,1,0.995238142397035,0.0,0.997137452575446,2.0,1.064189024436812,30.0,0.7969575240418167,108.0,0.9817276723729699,473.0
1988-01-29 00:00:00-05:00,9.72608616001798,9.818715552018151,9.679771464017897,9.772400856018066,117300,WHR,10.096606254577637,1,1.0047618576029649,1.0,1.0018993164764238,2.0,1.072628882237434,30.0,0.8053911234988856,108.0,0.9908172196834322,473.0
1988-02-01 00:00:00-05:00,9.911347424218414,10.328179792526663,9.911347424218414,10.096606254577637,273800,WHR,10.189233779907228,1,1.016317141402938,2.0,1.0283020720690919,2.0,1.105763577399893,31.0,0.8329925883901783,108.0,1.0233500667925566,473.0
1988-02-02 00:00:00-05:00,10.189233779907228,10.235548478906804,10.003974983908911,10.189233779907228,153900,WHR,9.957663536071776,0,1.0045661173100118,2.0,1.028999045986943,3.0,1.1136296831219246,31.0,0.8416255079217031,108.0,1.0323835609023422,474.0
1988-02-03 00:00:00-05:00,10.142922392556834,10.142922392556834,9.911348821950511,9.957663536071776,126200,WHR,10.00397777557373,1,0.9885059103541571,1.0,1.0018641637005197,3.0,1.0869223710905707,30.0,0.8233852410407253,108.0,1.0085814950645262,474.0
1988-02-04 00:00:00-05:00,9.865033639801874,10.096607199421635,9.81871892787792,10.00397777557373,98300,WHR,10.189233779907228,1,1.0023201618934479,1.0,1.0000001334613342,4.0,1.0910298822040796,30.0,0.8280464280081972,109.0,1.012904868377418,475.0
1988-02-05 00:00:00-05:00,10.142919080907648,10.37449257590554,10.142919080907648,10.189233779907228,174100,WHR,10.235543251037598,1,1.00917417241059,2.0,1.0101008515765837,4.0,1.1096198685222878,31.0,0.8440769076642617,110.0,1.0312726984587377,475.0
1988-02-08 00:00:00-05:00,10.189228575693535,10.32817260172572,10.189228575693535,10.235543251037598,154000,WHR,10.235543251037598,0,1.002267318319324,2.0,1.0119042287627293,4.0,1.113322632800053,31.0,0.84862621932574,110.0,1.0355744798741073,475.0
1988-02-09 00:00:00-05:00,10.28185792638166,10.559745978446028,10.189228575693535,10.235543251037598,477800,WHR,10.42081356048584,1,1.0,1.0,1.010978528766258,3.0,1.1123544512697436,30.0,0.8493657166221811,109.0,1.0352061221475533,474.0
1988-02-10 00:00:00-05:00,10.328184106614854,10.467128287421332,10.281869379679362,10.42081356048584,105400,WHR,10.467123985290527,1,1.008969166786705,1.0,1.0199462456303479,4.0,1.130750819367433,31.0,0.865505163078141,109.0,1.0535795627193894,474.0
1988-02-11 00:00:00-05:00,10.467123985290527,10.513438693190045,10.281865153692465,10.467123985290527,91000,WHR,10.374486923217772,0,1.0022170893944506,2.0,1.0152742717576355,4.0,1.1340344954135784,31.0,0.8703416398575188,109.0,1.0578693828395027,475.0
1988-02-12 00:00:00-05:00,10.467116270746503,10.513430944510867,10.374486923217772,10.374486923217772,76500,WHR,10.328174591064451,0,0.9955551870496278,1.0,1.002685370515394,3.0,1.1227428959821284,30.0,0.8635975782000763,109.0,1.0481068826714859,475.0
1988-02-16 00:00:00-05:00,10.281859906799587,10.420803959594178,10.235545222534729,10.328174591064451,54400,WHR,10.235543251037598,0,0.9977629768944746,0.0,0.9964251756447196,2.0,1.1170383056667312,29.0,0.8607122708677886,109.0,1.043030749819635,475.0
1988-02-17 00:00:00-05:00,10.374487277069782,10.374487277069782,10.235543251037598,10.235543251037598,121700,WHR,10.235543251037598,0,0.9954953991910352,0.0,0.9874884367812694,2.0,1.10597133992093,29.0,0.8539952024514413,108.0,1.0332985145388418,474.0
1988-02-18 00:00:00-05:00,10.28185792638166,10.32817260172572,10.235543251037598,10.235543251037598,55900,WHR,10.235543251037598,0,1.0,0.0,0.9910312175509898,1.0,1.1047427748030019,29.0,0.8550256545234572,107.0,1.0329191928383932,474.0
1988-02-19 00:00:00-05:00,10.235543251037598,10.32817260172572,10.189228575693535,10.235543251037598,51900,WHR,10.42081356048584,1,1.0,0.0,0.9954954638257403,0.0,1.1037894520292293,28.0,0.8561645984249878,106.0,1.032533864434861,474.0
1988-02-22 00:00:00-05:00,10.328184106614854,10.467128287421332,10.23555465274387,10.42081356048584,107700,WHR,10.374486923217772,0,1.008969166786705,1.0,1.0126021205102922,1.0,1.12251874753505,28.0,0.8727966338532362,106.0,1.0508139200033173,474.0
1988-02-23 00:00:00-05:00,10.374486923217772,10.374486923217772,10.142913554395948,10.374486923217772,192500,WHR,10.383848190307615,1,0.9977722544906541,1.0,1.007193990158598,1.0,1.1154632586920847,28.0,0.8699838024127378,106.0,1.0457102608789655,474.0
1988-02-24 00:00:00-05:00,10.337074099360285,10.47739637220228,10.290300008412954,10.383848190307615,44100,WHR,10.290298461914062,0,1.000450964253089,1.0,1.005208219759979,2.0,1.11384416573872,29.0,0.871784074999579,107.0,1.0462354916793062,474.0
1988-02-25 00:00:00-05:00,10.430620713667436,10.477394797585228,10.290298461914062,10.290298461914062,138700,WHR,10.383848190307615,1,0.995475037980177,1.0,0.9950972222314445,2.0,1.0991512556770122,29.0,0.8648082210371063,107.0,1.0364284031711415,473.0
1988-02-26 00:00:00-05:00,10.290300008412954,10.47739637220228,10.290300008412954,10.383848190307615,45800,WHR,10.477389335632324,1,1.0045249620198229,1.0,1.0012717730838565,3.0,1.1048438132201026,29.0,0.8734909202925516,108.0,1.0454604525331734,473.0
1988-02-29 00:00:00-05:00,10.383841216564178,10.477389335632324,10.290293097496033,10.477389335632324,160100,WHR,10.570947647094728,1,1.0044839691417344,2.0,1.0091904596690389,3.0,1.1105805566468714,29.0,0.8821078199974104,109.0,1.0544835132457253,473.0
1988-03-01 00:00:00-05:00,10.4773994378284,10.617721751727888,10.383851228562076,10.570947647094728,159200,WHR,10.804816246032717,1,1.0044449265297863,2.0,1.014363060764422,4.0,1.1158193034607138,30.0,0.8907533691074393,109.0,1.063517366151597,473.0
1988-03-02 00:00:00-05:00,10.570945764516855,10.851590342335887,10.570945764516855,10.804816246032717,70800,WHR,11.085466384887695,1,1.0109408300029539,2.0,1.0284953034436115,4.0,1.1348380166510112,31.0,0.9111337337505637,110.0,1.0866347767749698,473.0
1988-03-03 00:00:00-05:00,10.8515957860504,11.179014624422612,10.804821666282942,11.085466384887695,135100,WHR,10.991908073425291,0,1.0128207636048772,2.0,1.0394742442945837,5.0,1.1579917686373697,32.0,0.9353750157892837,111.0,1.1143837278614837,474.0
1988-03-04 00:00:00-05:00,10.991908073425291,11.132230304149871,10.711263611976136,10.991908073425291,54600,WHR,10.758037567138672,0,0.9957622537209275,1.0,1.0190803376897117,4.0,1.1426599093686112,31.0,0.928264819331645,110.0,1.1045242460256075,473.0
1988-03-07 00:00:00-05:00,10.898359796275264,10.898359796275264,10.711263490759809,10.758037567138672,67300,WHR,10.617720603942873,0,0.9892473061702531,0.0,0.9922342934689697,3.0,1.1134089307358086,31.0,0.909424513665038,109.0,1.08059819787803,473.0
1988-03-08 00:00:00-05:00,10.851591101827074,11.038687500134438,10.57094650436603,10.617720603942873,297300,WHR,10.524173736572266,0,0.9934356965459299,0.0,0.978448395489523,2.0,1.0937095876406002,31.0,0.8985878911001544,108.0,1.0660928886341932,473.0
1988-03-09 00:00:00-05:00,10.524173736572266,10.570947842068144,10.290303209092883,10.524173736572266,102100,WHR,10.00965976715088,0,0.9955752845102751,0.0,0.9748702227949501,1.0,1.080017458758568,30.0,0.8916492881191558,108.0,1.0562965101590176,473.0
1988-03-10 00:00:00-05:00,10.430626766703954,10.617723210949764,9.916111545027974,10.00965976715088,78600,WHR,10.149977684020996,1,0.9749431118486428,0.0,0.9460657840315568,0.0,1.0245285275278995,29.0,0.8490604259199057,108.0,1.0043135788981994,473.0
1988-03-11 00:00:00-05:00,10.10320359331122,10.19675177473077,9.775784958342802,10.149977684020996,92700,WHR,10.337066650390623,1,1.0069603393022308,1.0,0.9748426474738275,1.0,1.0358500389880116,30.0,0.8619805696004375,108.0,1.01802331016367,474.0
1988-03-14 00:00:00-05:00,10.103196364182692,10.337066650390623,10.103196364182692,10.337066650390623,66400,WHR,10.430619239807127,1,1.0091320623568611,2.0,1.0009050363736711,2.0,1.0523574276779388,30.0,0.8789330228604654,108.0,1.036405558264905,474.0
1988-03-15 00:00:00-05:00,10.47739331711568,10.47739331711568,10.103200698647264,10.430619239807127,41300,WHR,10.383848190307615,0,1.0045047190096736,2.0,1.0136361264674363,3.0,1.0587853181903186,31.0,0.8879491843973705,108.0,1.045391955693552,474.0
1988-03-16 00:00:00-05:00,10.430622281254948,10.430622281254948,10.196751826518293,10.383848190307615,44800,WHR,10.477389335632324,1,0.9977529547822184,1.0,1.011850624371058,3.0,1.05138486815112,30.0,0.8851773298773145,107.0,1.04030966166134,474.0
1988-03-17 00:00:00-05:00,10.430615276098251,10.664485573768616,10.383841216564178,10.477389335632324,313500,WHR,10.243524551391602,0,1.0044839691417344,1.0,1.0117431147645788,4.0,1.0576964142937115,31.0,0.8944018330932801,107.0,1.049273291215712,475.0
1988-03-18 00:00:00-05:00,10.524169059648903,10.524169059648903,10.10320229726295,10.243524551391602,223300,WHR,10.196754455566406,0,0.9887135873680177,1.0,0.9873762423747345,3.0,1.0313413592718805,31.0,0.8757746054686938,106.0,1.025457510696839,475.0
1988-03-21 00:00:00-05:00,10.14998035255922,10.337076764587962,9.962883940530478,10.196754455566406,62800,WHR,10.383848190307615,1,0.9977118660753469,0.0,0.9855338759226737,2.0,1.0247082011621678,30.0,0.8731245616291132,106.0,1.0203934460838282,474.0
1988-03-22 00:00:00-05:00,10.290300008412954,10.383848190307615,10.243525917465622,10.383848190307615,53700,WHR,10.383848190307615,0,1.0090907801856188,1.0,1.004524999089878,2.0,1.0411514482632926,31.0,0.8903275668169154,107.0,1.0386890160165647,475.0
1988-03-23 00:00:00-05:00,10.290300008412954,10.383848190307615,10.103203644623626,10.383848190307615,65300,WHR,10.103206634521484,0,1.0,1.0,1.004524999089878,2.0,1.0385629961873997,31.0,0.8914304159756133,107.0,1.0382644774035095,474.0
1988-03-24 00:00:00-05:00,10.383851263258192,10.383851263258192,10.00965842494258,10.103206634521484,75900,WHR,9.588685989379885,0,0.9863015178030367,0.0,0.9845034002696543,1.0,1.0083032495355622,31.0,0.8683896499060352,107.0,1.0098394750039448,473.0
1988-03-25 00:00:00-05:00,10.103200847346608,10.103200847346608,9.541911911382908,9.588685989379885,66900,WHR,9.63546371459961,1,0.9738714477593134,0.0,0.9464447425953406,1.0,0.9559204900528301,30.0,0.8253123583817957,107.0,0.9581177892874571,472.0
1988-03-28 00:00:00-05:00,9.63546371459961,9.68223781030155,9.44836733179185,9.63546371459961,161200,WHR,9.916111946105955,1,1.0024332792836108,1.0,0.96171809306458,2.0,0.9596206877644922,30.0,0.83045488449138,108.0,0.9624958897657429,472.0
1988-03-29 00:00:00-05:00,9.729015494292636,10.009660172012616,9.729015494292636,9.916111946105955,80900,WHR,9.86933135986328,0,1.0143542513594128,2.0,0.9990578425813451,2.0,0.9865773833286052,30.0,0.8557122104930093,109.0,0.9901939432201603,473.0
1988-03-30 00:00:00-05:00,10.009653606685982,10.009653606685982,9.72900911304058,9.86933135986328,51300,WHR,9.916111946105955,1,0.9976356058583452,1.0,1.0047616335566103,2.0,0.9813884854662621,29.0,0.8528488094230556,108.0,0.9851868768010384,473.0
1988-03-31 00:00:00-05:00,10.056434284965947,10.103208397919277,9.916111946105955,9.916111946105955,193900,WHR,9.822553634643556,0,1.0023643941416547,1.0,1.013384677340128,3.0,0.985351776306805,30.0,0.8580061548397525,109.0,0.9895050526549951,474.0
1988-04-04 00:00:00-04:00,9.962875829424176,10.196746154058546,9.729005504789804,9.822553634643556,270500,WHR,10.103206634521484,1,0.9952601501312407,1.0,0.9990479081565627,3.0,0.9758242527846708,29.0,0.8510323682550259,109.0,0.9798341284322203,473.0
1988-04-05 00:00:00-04:00,9.91611021536368,10.103206634521484,9.91611021536368,10.103206634521484,48900,WHR,10.337066650390623,1,1.0140849330759156,1.0,1.017907832451401,3.0,1.001774300968086,30.0,0.876515632485842,109.0,1.0074658361546678,473.0
1988-04-06 00:00:00-04:00,10.103196364182692,10.337066650390623,10.056422306941103,10.337066650390623,487200,WHR,10.196754455566406,0,1.011441139392288,2.0,1.0327096824535869,3.0,1.0229899947072874,30.0,0.8979853084059484,109.0,1.030380895489177,474.0
1988-04-07 00:00:00-04:00,10.337076764587962,10.570947279623889,10.14998035255922,10.196754455566406,120400,WHR,10.056432723999023,0,0.993166776212757,1.0,1.0120708801509986,3.0,1.0073218847441499,30.0,0.8870075498798398,109.0,1.0160018259299937,474.0
1988-04-08 00:00:00-04:00,10.290303252464115,10.290303252464115,9.916110406919968,10.056432723999023,97700,WHR,10.00965976715088,0,0.9930716222427963,0.0,0.995370765423671,2.0,0.9920123782846934,29.0,0.8758902084034075,109.0,1.0016409002452487,474.0
1988-04-11 00:00:00-04:00,10.149982100335237,10.149982100335237,9.916111545027974,10.00965976715088,103200,WHR,9.96287441253662,0,0.9976690550554987,0.0,0.9870851854307471,2.0,0.9858878669220157,29.0,0.8728074859261153,109.0,0.996611600281219,473.0
1988-04-12 00:00:00-04:00,10.05642252908626,10.05642252908626,9.916100354261802,9.96287441253662,62800,WHR,10.00965976715088,1,0.9976575153561713,0.0,0.9851982856084258,1.0,0.980674946393142,28.0,0.8697034603501719,109.0,0.9915933918851996,472.0
1988-04-13 00:00:00-04:00,9.916111545027974,10.00965976715088,9.729015100782162,10.00965976715088,173500,WHR,9.541909217834473,0,1.0023424846438287,1.0,0.9962758859103973,1.0,0.984448182015389,29.0,0.8747693362592915,109.0,0.9958937605476099,472.0
1988-04-14 00:00:00-04:00,9.775779541801004,9.82255360659431,9.541909217834473,9.541909217834473,151700,WHR,9.541909217834473,0,0.9760760607153515,1.0,0.9622636228922448,1.0,0.9383720963384963,29.0,0.8350056940733654,108.0,0.949077731337922,471.0
1988-04-15 00:00:00-04:00,9.495135153041169,9.68223141221439,9.354812958661247,9.541909217834473,62200,WHR,9.354819297790527,0,1.0,0.0,0.9723542585290963,1.0,0.9380855949224729,29.0,0.8362552189309141,107.0,0.9488055892340488,470.0
1988-04-18 00:00:00-04:00,9.541915683746335,9.541915683746335,9.308045201301574,9.354819297790527,158800,WHR,9.167724609375,0,0.9900993486841255,0.0,0.9661839331811393,1.0,0.919902938865888,28.0,0.821037161755087,107.0,0.9299602691740108,469.0
1988-04-19 00:00:00-04:00,9.308046924824618,9.448369240274236,9.167724609375,9.167724609375,177500,WHR,9.167724609375,0,0.9898990824719736,0.0,0.9626722480301936,1.0,0.9020566405631447,27.0,0.8058278753996567,107.0,0.9111248230801717,469.0
1988-04-20 00:00:00-04:00,9.261272819674746,9.308046924824618,9.167724609375,9.167724609375,196000,WHR,9.167724609375,0,1.0,0.0,0.9800003812732836,0.0,0.9029520230231981,26.0,0.8070171863381883,107.0,0.9108848950680397,469.0
1988-04-21 00:00:00-04:00,9.261272819674746,9.35482102997449,9.167724609375,9.167724609375,96500,WHR,9.308043479919434,1,1.0,0.0,0.987903437970261,0.0,0.9038491847646898,26.0,0.8081071237940572,107.0,0.9106487326353676,468.0
1988-04-22 00:00:00-04:00,9.16772121640306,9.308043479919434,9.16772121640306,9.308043479919434,108100,WHR,9.354819297790527,1,1.0075947516696608,1.0,1.0081051097575684,1.0,0.9183840161350892,27.0,0.8215578099418268,107.0,0.9243417444593579,468.0
1988-04-25 00:00:00-04:00,9.308045201301574,9.448367490768431,9.167722911834716,9.354819297790527,103700,WHR,9.401591300964355,1,1.0025063581310238,2.0,1.0131711519511473,2.0,0.9234926609902349,28.0,0.8267894163370919,107.0,0.9287362883964081,469.0
1988-04-26 00:00:00-04:00,9.354817214889906,9.401591300964355,9.261269042741008,9.401591300964355,152100,WHR,9.308043479919434,0,1.0024936542590368,2.0,1.0131046222984523,3.0,0.9286764988559604,28.0,0.8320341983496425,107.0,0.9331162999686357,470.0
1988-04-27 00:00:00-04:00,9.401591655597016,9.4951398312746,9.261269392080642,9.308043479919434,196900,WHR,9.77578353881836,1,0.9950000188597747,1.0,0.9999998975429991,3.0,0.9206311526210097,27.0,0.8248723492382264,107.0,0.9235628844078976,470.0
1988-04-28 00:00:00-04:00,9.682235370982776,10.149976210160688,9.541913119229402,9.77578353881836,247400,WHR,10.196754455566406,1,1.024509762032514,1.0,1.036706250077369,4.0,0.9675533819050105,27.0,0.8673694228678861,107.0,0.9696283261781002,471.0
1988-04-29 00:00:00-04:00,9.869335734516108,10.290302661580776,9.822561631508924,10.196754455566406,277200,WHR,10.00965976715088,0,1.0210774873411883,2.0,1.0613439784133696,4.0,1.0088208945654638,28.0,0.905766263316773,107.0,1.010975484950627,472.0
1988-05-02 00:00:00-04:00,10.00965976715088,10.056433878212331,9.822563322905069,10.00965976715088,127800,WHR,10.00965976715088,0,0.9907408268308594,1.0,1.0278581894027756,3.0,0.9903013116540893,27.0,0.8902206334599132,107.0,0.9920402529232183,472.0
1988-05-03 00:00:00-04:00,9.962885656089426,10.056433878212331,9.916111545027974,10.00965976715088,140900,WHR,9.822553634643556,0,1.0,0.0,1.0151805137908452,2.0,0.9905946279851399,26.0,0.8911680816252899,107.0,0.991665165586461,471.0
1988-05-04 00:00:00-04:00,10.00964989435105,10.00964989435105,9.822553634643556,9.822553634643556,155000,WHR,9.77578353881836,0,0.9905655446158927,0.0,0.985914859300218,2.0,0.972740497168052,25.0,0.8755563427545311,106.0,0.9727825608765526,470.0
1988-05-05 00:00:00-04:00,9.77578353881836,9.82255762273615,9.40159086747603,9.77578353881836,96000,WHR,9.63546371459961,0,0.9976135681608476,0.0,0.981220425025782,1.0,0.9688439936480768,25.0,0.8725443375815443,105.0,0.9678111811901435,470.0
1988-05-06 00:00:00-04:00,9.822560097407369,9.916108288811248,9.49514142749379,9.63546371459961,60200,WHR,9.77578353881836,1,0.9927712102995317,0.0,0.9781576915302047,0.0,0.9561777571336286,24.0,0.8611787872841852,105.0,0.9536021151847723,469.0
1988-05-09 00:00:00-04:00,9.635461287064986,9.86933170665394,9.635461287064986,9.77578353881836,132000,WHR,10.056432723999023,1,1.0072287897004681,1.0,0.9971373181646066,1.0,0.9712129382423847,24.0,0.874784234132909,106.0,0.9671580673539477,469.0
1988-05-10 00:00:00-04:00,9.86933630122695,10.103206829692043,9.82256219553393,10.056432723999023,226300,WHR,9.916111946105955,0,1.0141511761197786,2.0,1.0247859219014361,2.0,0.9996215538980642,25.0,0.9008466406547126,107.0,0.9945457206156013,470.0
1988-05-11 00:00:00-04:00,9.962886059059286,9.962886059059286,9.635467268385977,9.916111946105955,160900,WHR,9.86933135986328,0,0.9929743164824109,1.0,1.0085636270091667,2.0,0.9863468374553307,25.0,0.8892444886452757,107.0,0.9803115094812471,469.0
1988-05-12 00:00:00-04:00,9.86933135986328,9.962879524411749,9.775783195314814,9.86933135986328,74800,WHR,9.822553634643556,0,0.9976356058583452,0.0,1.0018990372527647,2.0,0.9822899750099778,25.0,0.8860178666404548,107.0,0.9753244476122335,469.0
1988-05-13 00:00:00-04:00,9.916101764497302,10.290294283912296,9.822553634643556,9.822553634643556,95400,WHR,9.822553634643556,0,0.9976245176511659,0.0,0.9933769494709689,2.0,0.9783044242990173,25.0,0.8826982502366529,107.0,0.9703458547884295,469.0
1988-05-16 00:00:00-04:00,9.916101764497302,9.916101764497302,9.682231439862932,9.822553634643556,105300,WHR,9.916111946105955,1,1.0,0.0,0.9924381099616711,1.0,0.9789755584520505,25.0,0.8835220195982313,107.0,0.9699785648206529,469.0
1988-05-17 00:00:00-04:00,9.916111946105955,10.009660172012616,9.822563720199296,9.916111946105955,121600,WHR,9.594708442687988,0,1.0047398498687592,1.0,1.0047398789951847,1.0,0.9891293971209968,25.0,0.8927697645885518,107.0,0.978841850896231,469.0
1988-05-18 00:00:00-04:00,9.87829588434379,10.020089605171693,9.452914721860086,9.594708442687988,130300,WHR,9.641969680786133,1,0.9835269098370375,1.0,0.9785474503231193,1.0,0.958311821874076,25.0,0.8647826711972674,106.0,0.9467860595371959,468.0
1988-05-19 00:00:00-04:00,9.641969680786133,9.736498795303644,9.45291145175111,9.641969680786133,79800,WHR,9.641969680786133,0,1.0024568294897274,1.0,0.9879492976745916,2.0,0.9642230236619715,25.0,0.8701124478503641,106.0,0.9511183733707245,468.0
1988-05-20 00:00:00-04:00,9.689234238044888,9.736498795303644,9.594705123527376,9.641969680786133,66000,WHR,9.500174522399902,0,1.0,1.0,0.991618932583701,2.0,0.9652660681365285,25.0,0.8712137943120545,105.0,0.9507930067175961,467.0
1988-05-23 00:00:00-04:00,9.64196817198796,9.64196817198796,9.452909972537215,9.500174522399902,65600,WHR,9.594708442687988,1,0.9925925143556995,0.0,0.9835580755471826,2.0,0.9524751808851607,24.0,0.8595336985471186,105.0,0.9365089793859254,466.0
1988-05-24 00:00:00-04:00,9.500179295469389,9.594708442687988,9.500179295469389,9.594708442687988,132000,WHR,9.547439575195312,0,1.0049507462528535,1.0,1.0000002385501259,2.0,0.9633739486178524,24.0,0.8693035076976197,105.0,0.9455223009535482,466.0
1988-05-25 00:00:00-04:00,9.641968679900216,9.73649778460512,9.50017502284286,9.547439575195312,40800,WHR,9.547439575195312,0,0.997530639328015,1.0,0.9960551059403282,2.0,0.9602725745537823,23.0,0.8661498237549455,105.0,0.9405381365126714,466.0
1988-05-26 00:00:00-04:00,9.452910470490409,9.594704127547764,9.452910470490409,9.547439575195312,84200,WHR,9.594708442687988,1,1.0,0.0,0.9980236149364037,1.0,0.9623008766356461,22.0,0.8672530960149273,105.0,0.9402123663703276,466.0
1988-05-27 00:00:00-04:00,9.500179295469389,9.594708442687988,9.452914721860086,9.594708442687988,65200,WHR,9.925562858581545,1,1.002469360671985,1.0,1.003956759446425,2.0,0.9694930423282911,22.0,0.8726578159957318,105.0,0.9445414392649769,466.0
1988-05-31 00:00:00-04:00,9.68923993337722,9.925562858581545,9.641975348336356,9.925562858581545,92200,WHR,9.97281551361084,1,1.0169492734392498,2.0,1.0294121457950547,3.0,1.0047283770012527,23.0,0.9038379163638521,105.0,0.9767414365998889,467.0
1988-06-01 00:00:00-04:00,9.97281551361084,10.114609099112416,9.831021928109264,9.97281551361084,166000,WHR,10.020090103149414,1,1.002374698789291,2.0,1.0262639437035772,3.0,1.0108507172730234,24.0,0.9092061243478986,106.0,0.9810226004577833,467.0
1988-06-02 00:00:00-04:00,9.878296375274658,10.114619255065918,9.878296375274658,10.020090103149414,121100,WHR,10.209147453308104,1,1.0023645682345914,2.0,1.0211948829192876,4.0,1.0166689310215364,25.0,0.914573158094881,107.0,0.9853060196526163,467.0
1988-06-03 00:00:00-04:00,9.97282459559264,10.209147453308104,9.97282459559264,10.209147453308104,102900,WHR,10.114619255065918,0,1.009345747689751,2.0,1.0266160705867062,5.0,1.036403385403782,26.0,0.9328287231321796,108.0,1.0035184112089823,467.0
1988-06-06 00:00:00-04:00,10.209148406982422,10.256412982940674,10.114619255065918,10.114619255065918,100600,WHR,10.161880493164062,1,0.9953488839151436,1.0,1.0065853179183597,4.0,1.026624839029459,26.0,0.9252467263551216,107.0,0.9938654672975495,466.0
1988-06-07 00:00:00-04:00,10.11461593273074,10.209145053597384,10.0200868118641,10.161880493164062,80700,WHR,10.303678512573242,1,1.0023308380975504,1.0,1.0065542617418706,4.0,1.0314010448900288,26.0,0.9306009612395946,108.0,0.9981401156041982,467.0
1988-06-08 00:00:00-04:00,10.256413932240337,10.398207673239051,10.161884771574528,10.303678512573242,301200,WHR,10.35094165802002,1,1.0069286169690956,2.0,1.0139536488306684,4.0,1.0458521973793635,26.0,0.9445692826379825,109.0,1.011675814975986,468.0
1988-06-09 00:00:00-04:00,10.256412510458192,10.49273537936276,10.256412510458192,10.35094165802002,152100,WHR,10.492733001708984,1,1.0022882602079541,2.0,1.0120148162992122,4.0,1.0507911767282263,26.0,0.9498907762164965,109.0,1.0159158878903223,469.0
1988-06-10 00:00:00-04:00,10.398203875567464,10.776320380133551,10.398203875567464,10.492733001708984,123900,WHR,10.398201942443848,0,1.0068026077936685,2.0,1.0202204235769647,4.0,1.0649891355877927,27.0,0.9638730235071301,109.0,1.0293979208319852,470.0
1988-06-13 00:00:00-04:00,10.539995605295356,10.539995605295356,10.398201942443848,10.398201942443848,44400,WHR,10.587261199951172,1,0.9954750201693776,1.0,1.0054842035961595,4.0,1.0555358377549622,26.0,0.9561700163255828,109.0,1.0197072896912365,469.0
1988-06-14 00:00:00-04:00,10.492732082094465,10.634525758879526,10.492732082094465,10.587261199951172,146100,WHR,10.681792259216309,1,1.0090090581382207,1.0,1.0154123590831612,4.0,1.0741028562794928,27.0,0.9745040996554049,109.0,1.0378086213940294,469.0
1988-06-15 00:00:00-04:00,10.681792259216309,10.681792259216309,10.53999855666034,10.681792259216309,51900,WHR,10.540003776550291,0,1.0044445353173153,2.0,1.0171017964010955,4.0,1.0828052083374402,28.0,0.9840313825201498,110.0,1.0466332645656873,469.0
1988-06-16 00:00:00-04:00,10.681797549328998,10.681797549328998,10.49273918562406,10.540003776550291,126000,WHR,10.492733001708984,0,0.9933187331351666,1.0,1.0000005066961064,3.0,1.0681504144733789,27.0,0.9719184141590165,109.0,1.032317225492934,469.0
1988-06-17 00:00:00-04:00,10.492733001708984,10.587262127850506,10.398203875567464,10.492733001708984,228600,WHR,10.870853424072266,1,0.9977525143142489,0.0,0.9955156127818943,2.0,1.0631643479917527,27.0,0.9684578266132463,109.0,1.0272834966906743,468.0
1988-06-20 00:00:00-04:00,10.445472203130308,10.870853424072266,10.445472203130308,10.870853424072266,115400,WHR,10.918116569519045,1,1.017699295185146,1.0,1.022222394402366,3.0,1.1000509236905873,28.0,1.0041328497581583,110.0,1.063828646309309,469.0
1988-06-21 00:00:00-04:00,10.823587421731,11.154439438989153,10.776322847836978,10.918116569519045,242000,WHR,10.823583602905272,0,1.0021691316964814,2.0,1.020317994826789,3.0,1.1023619540192497,29.0,1.009260729562579,111.0,1.0679770695659019,469.0
1988-06-22 00:00:00-04:00,11.107170946212836,11.20170006064869,10.634525374033569,10.823583602905272,192500,WHR,10.681792259216309,0,0.9956519975041477,1.0,1.0088102354646384,2.0,1.0906367611781032,28.0,1.0013139758054066,111.0,1.0582803418832905,468.0
1988-06-23 00:00:00-04:00,10.77632139425362,10.870850529290934,10.634527691697652,10.681792259216309,342800,WHR,10.63453197479248,0,0.9934067023706985,0.0,0.9929701041705082,2.0,1.0749668840859021,27.0,0.989064447517076,110.0,1.0439709434413773,468.0
1988-06-24 00:00:00-04:00,10.63453197479248,10.823590321011013,10.587267388237848,10.63453197479248,73000,WHR,10.63453197479248,0,0.997782906475572,0.0,0.9859774950459805,2.0,1.0688390354534083,27.0,0.9855380742607125,110.0,1.0389217477246429,467.0
1988-06-27 00:00:00-04:00,10.63453197479248,10.729061147901747,10.63453197479248,10.63453197479248,107000,WHR,10.681792259216309,1,1.0,0.0,0.9903171586099974,1.0,1.0675543077669727,26.0,0.9863558757252638,110.0,1.0384938961141466,466.0
1988-06-28 00:00:00-04:00,10.634527691697652,10.729056826734965,10.634527691697652,10.681792259216309,77200,WHR,10.63453197479248,0,1.002217093524428,1.0,0.9991157106849844,1.0,1.0707592521261602,27.0,0.9915949186359475,110.0,1.042678942055008,466.0
1988-06-29 00:00:00-04:00,10.729061147901747,10.870854907565649,10.63453197479248,10.63453197479248,78900,WHR,10.870853424072266,1,0.997782906475572,1.0,0.9982255383509713,1.0,1.0650763604882554,26.0,0.9880951058117523,109.0,1.037640652548636,466.0
1988-06-30 00:00:00-04:00,10.77632426386294,11.248970064909562,10.72905968375828,10.870853424072266,138200,WHR,10.681792259216309,0,1.0109889427646463,1.0,1.0167992639528651,2.0,1.0877753649099404,26.0,1.010855404421744,110.0,1.0602426830418343,466.0
1988-07-01 00:00:00-04:00,10.870850529290934,10.870850529290934,10.681792259216309,10.681792259216309,61400,WHR,10.823583602905272,1,0.9912279370415044,1.0,0.9982330017164301,2.0,1.0679933379324749,26.0,0.9941350714389644,110.0,1.0413702792260557,466.0
1988-07-05 00:00:00-04:00,10.776319045687346,10.8708481601232,10.681789931251492,10.823583602905272,131800,WHR,10.823583602905272,0,1.0065932976293013,1.0,1.0079222250840365,3.0,1.0807883657074357,27.0,1.0081339406994334,111.0,1.0547341850630614,467.0
1988-07-06 00:00:00-04:00,10.8708481601232,10.8708481601232,10.776319045687346,10.823583602905272,114000,WHR,10.776327133178713,0,1.0,1.0,1.005267513728489,2.0,1.0793263404429358,27.0,1.0090404973289429,110.0,1.0542814977008947,466.0
1988-07-07 00:00:00-04:00,10.776327133178713,10.918120911246852,10.68179794779995,10.776327133178713,207500,WHR,10.63453197479248,0,0.9978121914343093,0.0,0.9982491457087287,2.0,1.073163061531194,27.0,1.0054886422233962,110.0,1.0492266959387853,466.0
1988-07-08 00:00:00-04:00,10.729061147901747,10.823590321011013,10.63453197479248,10.63453197479248,111700,WHR,10.681792259216309,1,0.9933774185486354,0.0,0.9894462111317841,1.0,1.0579451265211037,26.0,0.993053656235967,110.0,1.034993921234127,465.0
1988-07-11 00:00:00-04:00,10.634527691697652,10.77632139425362,10.587263124178996,10.681792259216309,74200,WHR,10.303678512573242,0,1.002217093524428,1.0,0.9938433495738903,2.0,1.0606421002382185,27.0,0.998198350112445,111.0,1.0391704256195649,465.0
1988-07-12 00:00:00-04:00,10.68179515523648,10.77632431590229,10.303678512573242,10.303678512573242,162400,WHR,10.398201942443848,1,0.981982117496675,1.0,0.9680284914338689,1.0,1.0218093733510505,27.0,0.9636415415836588,111.0,1.002016989578728,464.0
1988-07-13 00:00:00-04:00,10.398201942443848,10.58726015957919,10.303672833876176,10.398201942443848,124400,WHR,10.398201942443848,0,1.0045659344848403,1.0,0.9847802019972188,2.0,1.0294079613643023,28.0,0.9732330961955263,112.0,1.0108599673343337,464.0
1988-07-14 00:00:00-04:00,10.398201942443848,10.445466496727684,10.350937388160013,10.398201942443848,49300,WHR,10.398201942443848,0,1.0,1.0,0.9918842792440662,2.0,1.0273222302082872,28.0,0.973952406296656,112.0,1.0105069256738761,464.0
1988-07-15 00:00:00-04:00,10.303672833876176,10.49273105101152,10.303672833876176,10.398201942443848,178400,WHR,10.398201942443848,0,1.0,0.0,0.9963766460453023,2.0,1.0252449339549508,28.0,0.9747226441276892,111.0,1.0101521313639825,464.0
1988-07-18 00:00:00-04:00,10.303672833876176,10.398201942443848,10.114614616740834,10.398201942443848,128300,WHR,10.492733001708984,1,1.0,0.0,1.0018213840019214,1.0,1.023176021540179,28.0,0.975527401675691,110.0,1.0098015822875501,463.0
1988-07-19 00:00:00-04:00,10.539997564779746,10.587262127850506,10.445468438638224,10.492733001708984,82800,WHR,10.7290620803833,1,1.0045249798306224,1.0,1.0072596776660052,2.0,1.0304757256543127,28.0,0.9851744539275952,111.0,1.0186330489512954,463.0
1988-07-20 00:00:00-04:00,10.492739127070893,10.870855852370743,10.492739127070893,10.7290620803833,184100,WHR,10.209147453308104,0,1.0111361493106557,2.0,1.0234451330341479,2.0,1.0513204423395983,28.0,1.0079851942426408,112.0,1.041220318031068,463.0
1988-07-21 00:00:00-04:00,10.681793168739036,10.681793168739036,10.209147453308104,10.209147453308104,65500,WHR,9.878293991088867,0,0.9751690980912856,1.0,0.9773756617033761,2.0,0.9990573891089712,27.0,0.959985210670709,111.0,0.9904703265619863,463.0
1988-07-22 00:00:00-04:00,10.209145942943518,10.398204201146177,9.878293991088867,9.878293991088867,187100,WHR,9.925562858581545,1,0.9835293378136256,0.0,0.9552101480548054,2.0,0.9657821417709369,27.0,0.9298575645018964,110.0,0.9581142840472009,463.0
1988-07-25 00:00:00-04:00,10.020092028663273,10.020092028663273,9.831033688499812,9.925562858581545,30000,WHR,10.114619255065918,1,1.0023868516042858,1.0,0.9686348905148376,3.0,0.9701667500847959,27.0,0.9352803058011719,111.0,0.9624399531131831,463.0
1988-07-26 00:00:00-04:00,10.020090103149414,10.256412982940674,9.92556095123291,10.114619255065918,52500,WHR,10.020090103149414,0,1.0094338661900495,2.0,0.9944237545263103,3.0,0.9887782293178452,27.0,0.954119027117595,111.0,0.9804940387084077,463.0
1988-07-27 00:00:00-04:00,10.020090103149414,10.209148406982422,9.972825527191162,10.020090103149414,54200,WHR,10.067353248596191,1,0.9953051643192489,1.0,0.999057521430267,2.0,0.9795206652823357,27.0,0.946236212134957,111.0,0.971081531535832,462.0
1988-07-28 00:00:00-04:00,10.067353248596191,10.114617817838427,9.97282411011172,10.067353248596191,163600,WHR,10.398201942443848,1,1.00235287012982,1.0,1.0066161524494504,3.0,0.9840484075990897,28.0,0.9517237853070464,112.0,0.9753997404929613,463.0
1988-07-29 00:00:00-04:00,10.067350062456995,10.398201942443848,10.020085508173162,10.398201942443848,93300,WHR,10.161880493164062,0,1.016166123555373,2.0,1.0289986800721855,4.0,1.0154354363851104,29.0,0.9839208868995657,113.0,1.0071478644949592,464.0
1988-08-01 00:00:00-04:00,10.350938734897348,10.350938734897348,10.0200868118641,10.161880493164062,26700,WHR,10.020090103149414,0,0.9885058121717206,1.0,1.000930957968017,3.0,0.9917342772501095,29.0,0.9625959941527499,112.0,0.983965467107033,464.0
1988-08-02 00:00:00-04:00,10.16188383102417,10.303677558898926,9.878296375274658,10.020090103149414,152700,WHR,9.97281551361084,0,0.9929744031021159,0.0,0.9888061562639626,2.0,0.9772850388776743,29.0,0.9503715674174356,111.0,0.9699665423628419,463.0
1988-08-03 00:00:00-04:00,10.209138156113466,10.209138156113466,9.925550985110316,9.97281551361084,231700,WHR,9.878293991088867,0,0.9976354317654087,0.0,0.9850600823014256,2.0,0.9723627950081771,28.0,0.9470762162948587,111.0,0.9651189915705994,463.0
1988-08-04 00:00:00-04:00,10.020087684740862,10.11461681384219,9.831029426538205,9.878293991088867,340500,WHR,10.020090103149414,1,0.9952384765949936,0.0,0.9793816051093708,1.0,0.9634257125651444,27.0,0.9394438652255129,110.0,0.9557175184412189,462.0
1988-08-05 00:00:00-04:00,9.972825527191162,10.020090103149414,9.92556095123291,10.020090103149414,46100,WHR,9.831027030944824,0,1.007126011408213,1.0,1.0009446017383439,1.0,0.9770898820760138,28.0,0.9543768322177923,110.0,0.9691652274363515,463.0
1988-08-08 00:00:00-04:00,10.02008524307838,10.114614349145157,9.831027030944824,9.831027030944824,78800,WHR,9.831027030944824,0,0.9904759479817952,1.0,0.9885930176953965,1.0,0.958713441624584,28.0,0.9378618260322894,110.0,0.9506228211602988,463.0
1988-08-09 00:00:00-04:00,9.9255561370116,9.9255561370116,9.64196881881127,9.831027030944824,67000,WHR,9.68923282623291,0,1.0,0.0,0.9923663703269779,1.0,0.9587002384298098,28.0,0.9393591498836721,110.0,0.9503783798181632,462.0
1988-08-10 00:00:00-04:00,9.736497376604778,9.831026477348512,9.547439175117306,9.68923282623291,178900,WHR,9.45291233062744,0,0.9927360493277565,0.0,0.9836850310840844,1.0,0.9450775629112234,28.0,0.9273414325552007,110.0,0.9364429876579794,462.0
1988-08-11 00:00:00-04:00,9.689235138893128,9.689235138893128,9.45291233062744,9.45291233062744,189300,WHR,9.594708442687988,1,0.9876544403112115,0.0,0.9680542678567444,1.0,0.9227219203628769,27.0,0.9063357105724951,109.0,0.9134089739552226,461.0
1988-08-12 00:00:00-04:00,9.547443869078688,9.594708442687988,9.358385574641488,9.594708442687988,255400,WHR,9.641969680786133,1,1.0074442952087326,1.0,0.9912112593330912,1.0,0.9365629860836054,28.0,0.9214585403731997,110.0,0.9269025038806343,461.0
1988-08-15 00:00:00-04:00,9.736498795303644,9.925557024338666,9.594705123527376,9.641969680786133,251800,WHR,9.783768653869627,1,1.0024568294897274,2.0,0.9999999604365369,2.0,0.9411762712650784,28.0,0.9275207494119752,111.0,0.9312570373439897,461.0
1988-08-16 00:00:00-04:00,9.736504071000692,9.831033236738564,9.736504071000692,9.783768653869627,161500,WHR,9.68923282623291,0,1.0072995409822092,2.0,1.0157020480994288,3.0,0.9547973549308089,29.0,0.9426770990400831,111.0,0.9447197554522835,462.0
1988-08-17 00:00:00-04:00,9.736497376604778,9.831026477348512,9.547439175117306,9.68923282623291,97400,WHR,9.736498832702637,1,0.995145287297733,1.0,1.00588781013588,3.0,0.9452809327352714,29.0,0.9352564034065507,110.0,0.9353695335033243,462.0
1988-08-18 00:00:00-04:00,9.78376339014294,9.925557062463854,9.641969717822027,9.736498832702637,284500,WHR,9.547439575195312,0,1.0024331647991227,1.0,1.0048779023415584,4.0,0.949673253153667,29.0,0.9414905274183206,111.0,0.9396959930495158,463.0
1988-08-19 00:00:00-04:00,9.783762336957572,9.831026889310024,9.50017502284286,9.547439575195312,70900,WHR,9.45291233062744,0,0.9901960246134217,1.0,0.9863279627845829,3.0,0.9312328955671444,29.0,0.9250204562275538,110.0,0.9212216018209871,463.0
1988-08-22 00:00:00-04:00,9.547441453933716,9.594706015586851,9.45291233062744,9.45291233062744,72200,WHR,9.41468334197998,0,0.9950249740090916,0.0,0.9803921704384424,2.0,0.9221546529267876,29.0,0.9176472593725626,110.0,0.9118909398286509,462.0
1988-08-23 00:00:00-04:00,9.41468334197998,9.510263883522924,9.366893071208509,9.41468334197998,113400,WHR,9.319104194641112,0,0.997973828286825,0.0,0.9839603282628335,1.0,0.918694221924481,28.0,0.9156694754444682,110.0,0.9079885509956468,462.0
1988-08-24 00:00:00-04:00,9.462475028404825,9.462475028404825,9.22352363879864,9.319104194641112,156800,WHR,9.27130889892578,0,0.9948980339852777,0.0,0.9815650824648992,1.0,0.9102653205594189,27.0,0.9081133367379692,110.0,0.8985700922153231,461.0
1988-08-25 00:00:00-04:00,9.27130889892578,9.462469907151055,9.27130889892578,9.27130889892578,191600,WHR,9.41468334197998,1,0.9974290353057367,0.0,0.9861951354654005,0.0,0.9066321967771095,26.0,0.9052589283514331,109.0,0.8937787851927171,460.0
1988-08-26 00:00:00-04:00,9.366893071208509,9.462473612751452,9.366893071208509,9.41468334197998,96700,WHR,9.462472915649414,1,1.0076728300646693,1.0,1.0042823356781485,1.0,0.9215619500489272,26.0,0.9210447372167025,110.0,0.9073933891655579,461.0
1988-08-29 00:00:00-04:00,9.366892381147904,9.462472915649414,9.366892381147904,9.462472915649414,91800,WHR,9.462472915649414,0,1.00253160873477,2.0,1.0091743007292269,2.0,0.9273695316100429,26.0,0.9273387802898588,111.0,0.9117889628563312,461.0
1988-08-30 00:00:00-04:00,9.510263182900168,9.558053450150924,9.41468264839866,9.462472915649414,105500,WHR,9.462472915649414,0,1.0,1.0,1.0081466432360635,2.0,0.9283584436764504,26.0,0.9288796795893939,111.0,0.9115858819643151,460.0
1988-08-31 00:00:00-04:00,9.41468264839866,9.653633984652432,9.41468264839866,9.462472915649414,122900,WHR,9.653631210327148,1,1.0,0.0,1.00507619026067,2.0,0.9294213690604352,25.0,0.9304089477213136,111.0,0.9113919354610335,459.0
1988-09-01 00:00:00-04:00,9.36688968922832,9.653631210327148,9.27130918219538,9.653631210327148,94400,WHR,9.749215126037598,1,1.0099998563210362,1.0,1.0171195911620887,3.0,0.9492073822300129,25.0,0.950664221656939,112.0,0.9295739781570885,460.0
1988-09-02 00:00:00-04:00,9.605844315360574,9.940376206940297,9.605844315360574,9.749215126037598,71500,WHR,9.558053016662598,0,1.00492628318822,2.0,1.020000109754753,3.0,0.959552018770593,25.0,0.9614844673324144,113.0,0.9385301178240623,461.0
1988-09-06 00:00:00-04:00,9.797004342079164,9.844794607162475,9.46247248649597,9.558053016662598,67300,WHR,9.462472915649414,0,0.9900989561049176,1.0,0.9980040009600902,2.0,0.9421817642490775,24.0,0.9442577450648677,112.0,0.9199051378637222,460.0
1988-09-07 00:00:00-04:00,9.605843717401678,9.701424251903187,9.41468264839866,9.462472915649414,102600,WHR,9.510255813598633,1,0.994974897047888,0.0,0.9880240057605413,2.0,0.9341961467792093,24.0,0.9364999192595413,111.0,0.9104908909995061,460.0
1988-09-08 00:00:00-04:00,9.510255813598633,9.55804604381772,9.462465583379544,9.510255813598633,176500,WHR,9.558053016662598,1,1.002518504250554,1.0,0.9920233658586004,3.0,0.9405804295423053,24.0,0.9430132204149376,111.0,0.9148700076260847,460.0
1988-09-09 00:00:00-04:00,9.510262751579283,9.653633546829225,9.414682221412658,9.558053016662598,102300,WHR,9.510255813598633,0,1.002506630424829,2.0,0.9990011130175851,3.0,0.9470619238932513,24.0,0.9494655256297762,112.0,0.9192350739210204,461.0
1988-09-12 00:00:00-04:00,9.60583627403681,9.653626504255898,9.414675353160456,9.510255813598633,77200,WHR,9.510255813598633,0,0.9974933695751712,1.0,0.9989955373600635,2.0,0.9439311260404708,24.0,0.9464114692936014,112.0,0.914410774717739,461.0
1988-09-13 00:00:00-04:00,9.414675353160456,9.510255813598633,9.366885122941367,9.510255813598633,129000,WHR,9.558053016662598,1,1.0,0.0,0.9999996991645499,2.0,0.9454677445144462,24.0,0.9480595681547846,112.0,0.9141979180715746,460.0
1988-09-14 00:00:00-04:00,9.558053016662598,9.60584328174591,9.366891956329344,9.558053016662598,130400,WHR,9.41468334197998,0,1.002506630424829,1.0,1.0030094652332178,3.0,0.9522909684721365,24.0,0.9544508575681643,113.0,0.9185635865711784,461.0
1988-09-15 00:00:00-04:00,9.558054154294396,9.605844425065868,9.41468334197998,9.41468334197998,126800,WHR,9.605841636657717,1,0.9924433844453171,1.0,0.989950132119889,2.0,0.940354318546201,23.0,0.9415714703315429,113.0,0.9045669137851321,461.0
1988-09-16 00:00:00-04:00,9.414680609062538,9.605841636657717,9.414680609062538,9.605841636657717,255900,WHR,9.605841636657717,0,1.0100501061296905,1.0,1.0090362770423182,2.0,0.9613964412271105,24.0,0.9622278896859052,113.0,0.9226811073802602,462.0
1988-09-19 00:00:00-04:00,9.605841636657717,9.65363189355651,9.510261122860124,9.605841636657717,69700,WHR,9.796998023986816,1,1.0,1.0,1.0070140478912326,2.0,0.9631250266510006,24.0,0.9637181779819041,113.0,0.9224252155233995,462.0
1988-09-20 00:00:00-04:00,9.605837086933414,9.844788258250166,9.605837086933414,9.796998023986816,154200,WHR,9.749215126037598,0,1.0098519799509982,1.0,1.0209158568674535,3.0,0.9836679527692613,25.0,0.9843270978237112,114.0,0.9404922289175722,463.0
1988-09-21 00:00:00-04:00,9.844795666488944,9.940376206940297,9.749215126037598,9.749215126037598,190500,WHR,9.844792366027832,1,0.9975553884743573,1.0,1.0119050270436425,2.0,0.9803226615703687,25.0,0.9809551089257826,114.0,0.9356217827084229,463.0
1988-09-22 00:00:00-04:00,9.749211857619796,9.844792366027832,9.60584109500774,9.844792366027832,54600,WHR,9.844792366027832,0,1.0048778811597852,1.0,1.0127826886998768,3.0,0.9913238942040205,25.0,0.9920174870204574,114.0,0.9444995793511547,464.0
1988-09-23 00:00:00-04:00,9.844792366027832,9.89258262023185,9.749211857619796,9.844792366027832,70900,WHR,9.796998023986816,0,1.0,1.0,1.0078277943813638,2.0,0.9926395226228213,25.0,0.9934672151522931,114.0,0.9442032478064779,464.0
1988-09-26 00:00:00-04:00,9.749207789723464,9.892578492513517,9.749207789723464,9.796998023986816,78100,WHR,9.749215126037598,0,0.9975667013499282,0.0,0.9990250242669336,2.0,0.9896063097974621,24.0,0.9900551989516634,114.0,0.9393400765509873,463.0
1988-09-27 00:00:00-04:00,9.844795666488944,9.89258593671462,9.701424855811922,9.749215126037598,118700,WHR,9.653631210327148,0,0.9975553884743573,0.0,0.9951222350825937,1.0,0.986328250095302,24.0,0.9867085520158738,113.0,0.9344777893556946,463.0
1988-09-28 00:00:00-04:00,9.74921171736009,9.74921171736009,9.605840956810678,9.653631210327148,43500,WHR,9.605841636657717,0,0.99507371681178,0.0,0.9872922827632697,1.0,0.9785885196755398,23.0,0.9785263888949299,113.0,0.9250519476668979,462.0
1988-09-29 00:00:00-04:00,9.65363189355651,9.797002664252894,9.605841636657717,9.605841636657717,92400,WHR,9.605841636657717,0,0.9975186458087865,0.0,0.9872299265977917,0.0,0.975751577766351,23.0,0.9751538678418776,113.0,0.9202178792554473,461.0
1988-09-30 00:00:00-04:00,9.65363189355651,9.701422150455304,9.55805137975892,9.605841636657717,189700,WHR,9.94037628173828,1,1.0,0.0,0.992102718731137,0.0,0.9776889779885033,23.0,0.9764480502087228,113.0,0.9199669826708659,460.0
1988-10-03 00:00:00-04:00,9.6536346582266,9.94037628173828,9.55805411705604,9.94037628173828,204600,WHR,9.844792366027832,0,1.0171150575767252,1.0,1.0236222374694306,1.0,1.0129308912608803,24.0,1.0117910635064442,113.0,0.9517121748254895,461.0
1988-10-04 00:00:00-04:00,9.89258262023185,9.94037287443587,9.701421603415778,9.844792366027832,95200,WHR,9.844792366027832,0,0.9951689107425808,1.0,1.011787728750431,1.0,1.0046189071340181,23.0,1.003316374270381,113.0,0.9422749487710398,461.0
1988-10-05 00:00:00-04:00,9.89258262023185,9.89258262023185,9.797002111823812,9.844792366027832,82500,WHR,9.94037628173828,1,1.0,0.0,1.0078276959879233,1.0,1.005403580497717,23.0,1.0045363791780477,113.0,0.9420227308124166,460.0
1988-10-06 00:00:00-04:00,9.892586011153,10.03595682290884,9.892586011153,9.94037628173828,118500,WHR,10.131537437438965,1,1.004831089257419,1.0,1.0106901855312176,2.0,1.0159568234562597,23.0,1.0154276784186729,114.0,0.9509113070344395,460.0
1988-10-07 00:00:00-04:00,9.988166624645018,10.17932770837028,9.940376353713702,10.131537437438965,146700,WHR,10.131537437438965,0,1.009523813143838,2.0,1.019230913508974,3.0,1.0359650400320117,24.0,1.036095022584858,114.0,0.9689236712495977,460.0
1988-10-10 00:00:00-04:00,10.227117979301598,10.227117979301598,10.035956895576334,10.131537437438965,38800,WHR,10.083741188049316,0,1.0,1.0,1.0153258122081235,2.0,1.0364360457900412,24.0,1.0370234691449591,114.0,0.9686513366887777,459.0
1988-10-11 00:00:00-04:00,10.035950945451926,10.131531430646708,9.988160702854536,10.083741188049316,70500,WHR,9.892583847045898,0,0.9976356373674027,0.0,1.0057193273158418,2.0,1.0320999402786337,24.0,1.0328445706375509,114.0,0.9638170587452871,458.0
1988-10-12 00:00:00-04:00,9.940374107176556,9.988164367307212,9.74921306665393,9.892583847045898,96200,WHR,9.844792366027832,0,0.9904308054325516,0.0,0.985714225712303,2.0,1.0135721142433578,23.0,1.013969038262108,114.0,0.9453000983129916,458.0
1988-10-13 00:00:00-04:00,9.797002111823812,9.89258262023185,9.701421603415778,9.844792366027832,130600,WHR,9.796998023986816,0,0.9975786304875514,0.0,0.9828243122875715,1.0,1.0102009140429495,22.0,1.008787293182172,114.0,0.9404782184997773,458.0
1988-10-14 00:00:00-04:00,9.844788258250166,9.892578492513517,9.796998023986816,9.796998023986816,267900,WHR,9.796998023986816,0,0.9975667013499282,0.0,0.9846297873730415,0.0,1.0060057027375524,22.0,1.0035901468974169,114.0,0.9356703166275065,457.0
1988-10-17 00:00:00-04:00,9.749207789723464,9.844788258250166,9.749207789723464,9.796998023986816,148600,WHR,10.035959243774414,1,1.0,0.0,0.9912957130088211,0.0,1.0061456892018203,22.0,1.0034977182093971,113.0,0.9354394016802506,456.0
1988-10-18 00:00:00-04:00,9.844798115321568,10.131539808000836,9.797007833208356,10.035959243774414,124600,WHR,10.035959243774414,0,1.0120486933220005,1.0,1.0164575375918574,1.0,1.0304921374351377,22.0,1.0275862321460787,114.0,0.9580014418666064,456.0
1988-10-19 00:00:00-04:00,10.22712037222726,10.27491065434047,10.035959243774414,10.035959243774414,102300,WHR,10.131537437438965,1,1.0,1.0,1.0135140328061207,1.0,1.0306308742423969,21.0,1.0272947664904808,113.0,0.9577432956884004,456.0
1988-10-20 00:00:00-04:00,10.035956895576334,10.131537437438965,10.035956895576334,10.131537437438965,132900,WHR,10.179323196411133,1,1.0047392195062854,1.0,1.017274683345254,2.0,1.0402477365267169,22.0,1.0364910514292105,114.0,0.966597056242755,456.0
1988-10-21 00:00:00-04:00,10.035952447165906,10.179323196411133,10.035952447165906,10.179323196411133,62700,WHR,10.37048625946045,1,1.0023527195540167,2.0,1.0142854129182963,3.0,1.0449538816031285,22.0,1.0407895189840057,114.0,0.9708812220686103,457.0
1988-10-24 00:00:00-04:00,10.131534963159517,10.561647296501194,10.131534963159517,10.37048625946045,89100,WHR,10.513861656188965,1,1.009302425088652,2.0,1.0216570482351153,4.0,1.0646281241802507,22.0,1.059473196962099,115.0,0.9888199657971188,457.0
1988-10-25 00:00:00-04:00,10.418281095678156,10.513861656188965,10.322700535167346,10.513861656188965,70700,WHR,10.609437942504885,1,1.0068652082079652,2.0,1.0261196561645933,4.0,1.0786973287497144,23.0,1.0732859163335926,115.0,1.0021752433733884,458.0
1988-10-26 00:00:00-04:00,10.418276898495783,10.657228203507156,10.37048663749351,10.609437942504885,121900,WHR,10.609437942504885,0,1.0045246854483771,2.0,1.0239851693749478,5.0,1.0874073822154302,24.0,1.0821997419373934,115.0,1.0109522055183386,459.0
1988-10-27 00:00:00-04:00,10.513857420500331,10.609437942504885,10.513857420500331,10.609437942504885,165500,WHR,10.179323196411133,0,1.0,1.0,1.0146252001742944,4.0,1.0862261077345488,24.0,1.08141874920225,114.0,1.010629029132635,458.0
1988-10-28 00:00:00-04:00,10.561645194398404,10.752806193392043,10.131532946662723,10.179323196411133,202100,WHR,10.083741188049316,0,0.9793102271357292,0.0,0.9734915168709681,3.0,1.0416546007585703,24.0,1.037030035108625,113.0,0.9693814752556947,458.0
1988-10-31 00:00:00-05:00,10.179321673244097,10.322692401036267,10.035950945451926,10.083741188049316,147500,WHR,9.988161087036133,0,0.9952829440528691,0.0,0.9696687823438622,2.0,1.0317616466310768,23.0,1.0267910227871573,113.0,0.9600185281141099,457.0
1988-11-01 00:00:00-05:00,9.988161087036133,10.083741575907291,9.940370842600553,9.988161087036133,140900,WHR,10.035959243774414,1,0.9952381144695077,0.0,0.9702876838976272,1.0,1.021708173489337,23.0,1.016677579619483,112.0,0.9506620341416829,457.0
1988-11-02 00:00:00-05:00,10.035959243774414,10.035959243774414,9.797007833208356,10.035959243774414,170300,WHR,10.179323196411133,1,1.0023870290404087,1.0,0.9859160313303363,1.0,1.0262389894571007,24.0,1.0212167503330851,112.0,0.954947274821957,458.0
1988-11-03 00:00:00-05:00,9.988162197417497,10.32269394565636,9.988162197417497,10.179323196411133,104000,WHR,10.131537437438965,0,1.0070918599856773,2.0,1.0085226437923194,2.0,1.0400301602225281,25.0,1.0355296684561546,112.0,0.9683001649932546,459.0
1988-11-04 00:00:00-05:00,10.131537437438965,10.227117979301598,10.131537437438965,10.131537437438965,51400,WHR,10.131537437438965,0,0.9976472804459833,1.0,1.0047396091031635,2.0,1.0339530172726046,25.0,1.0303571700505034,112.0,0.9634700404105438,459.0
1988-11-07 00:00:00-05:00,10.035956895576334,10.131537437438965,10.035956895576334,10.131537437438965,57400,WHR,10.274903297424316,1,1.0,0.0,1.0037880319694743,2.0,1.0330097937898783,24.0,1.0301227876002779,111.0,0.963187553378425,458.0
1988-11-08 00:00:00-05:00,10.131532553739326,10.322693545319312,10.131532553739326,10.274903297424316,121900,WHR,10.131537437438965,0,1.0070255201212241,1.0,1.0122407086192395,3.0,1.046501772962459,24.0,1.044478821563392,111.0,0.9765423359102754,458.0
1988-11-09 00:00:00-05:00,10.227117979301598,10.227117979301598,10.131537437438965,10.131537437438965,69100,WHR,9.988161087036133,0,0.9929744798787757,1.0,0.9962407869393786,2.0,1.0312911085521252,23.0,1.0296710180255744,111.0,0.9626514287002761,458.0
1988-11-10 00:00:00-05:00,10.17932206477845,10.17932206477845,9.892580598164974,9.988161087036133,116100,WHR,9.558053016662598,0,0.9928738320691824,0.0,0.9858487141862491,1.0,1.0161814638906175,23.0,1.0149469185480633,110.0,0.9487800959922119,458.0
1988-11-11 00:00:00-05:00,9.988165402412417,9.988165402412417,9.558053016662598,9.558053016662598,150800,WHR,9.558053016662598,0,0.9779953259443656,0.0,0.9541985786643667,1.0,0.9727171988160952,22.0,0.9713194101161676,109.0,0.9077198922489529,458.0
1988-11-14 00:00:00-05:00,9.653633546829225,9.701423811912536,9.510262751579283,9.558053016662598,138800,WHR,9.27130889892578,0,1.0,0.0,0.9652510972587505,1.0,0.9726996882206248,22.0,0.9714877827130771,108.0,0.9075159470810806,458.0
1988-11-15 00:00:00-05:00,9.510260159207371,9.510260159207371,9.175728394813143,9.27130889892578,143400,WHR,9.223518371582031,0,0.984771437342259,0.0,0.95566487451339,0.0,0.9438091546382894,22.0,0.9425108501060802,108.0,0.8801199307523133,457.0
1988-11-16 00:00:00-05:00,9.366889123471909,9.414679374101866,9.080147619692156,9.223518371582031,156600,WHR,9.27130889892578,1,0.9974160057488097,0.0,0.9688754050488159,0.0,0.9392487666963608,22.0,0.9378029585224891,108.0,0.875417820115795,457.0
1988-11-17 00:00:00-05:00,9.27130889892578,9.3190991509821,9.175728394813143,9.27130889892578,109900,WHR,9.558053016662598,1,1.00258399425119,1.0,0.9887868479955304,1.0,0.9441919598794941,23.0,0.9428477042361166,108.0,0.8797643793496884,458.0
1988-11-18 00:00:00-05:00,9.46247248649597,9.60584328174591,9.366891956329344,9.558053016662598,54100,WHR,9.510255813598633,0,1.0152285626577409,2.0,1.019368162397761,2.0,0.9729205167171711,24.0,0.9721043630441731,108.0,0.90676125783299,458.0
1988-11-21 00:00:00-05:00,9.462465583379544,9.510255813598633,9.2235144322841,9.510255813598633,72700,WHR,9.36689567565918,0,0.9974933695751712,1.0,1.015305702209197,2.0,0.9678982731298301,23.0,0.9671774103539497,108.0,0.902033735595653,457.0
1988-11-22 00:00:00-05:00,9.510266527837636,9.510266527837636,9.319105391599695,9.36689567565918,57600,WHR,9.319104194641112,0,0.9924056265575326,0.0,0.997963917889774,2.0,0.9534624926889881,22.0,0.952482268704772,108.0,0.8882582472961442,457.0
1988-11-23 00:00:00-05:00,9.414684750483586,9.414684750483586,9.271313916719876,9.319104194641112,38800,WHR,9.080154418945312,0,0.9974423910227019,0.0,0.9908539930310997,2.0,0.948828546648183,22.0,0.9470835071381036,108.0,0.8835514503421291,457.0
1988-11-25 00:00:00-05:00,9.223525278191817,9.223525278191817,8.984573846114309,9.080154418945312,53900,WHR,9.17572784423828,1,0.9870130758682116,0.0,0.9693881187209951,1.0,0.9250999466495945,22.0,0.9224685644979,107.0,0.8607457288607288,457.0
1988-11-28 00:00:00-05:00,9.0801473458608,9.223518093427025,9.0801473458608,9.17572784423828,97000,WHR,9.475465774536133,1,1.0052352126243553,1.0,0.9876539864205081,1.0,0.9355963416006483,22.0,0.9318602919412668,107.0,0.8696471305694131,457.0
1988-11-29 00:00:00-05:00,9.185400495723805,9.52380998767152,9.185400495723805,9.475465774536133,68000,WHR,9.523810386657717,1,1.016070710348325,2.0,1.0206815125793687,2.0,0.9666085760316149,22.0,0.9618015710842909,108.0,0.8978592525139865,458.0
1988-11-30 00:00:00-05:00,9.427121956336316,9.523810386657717,9.23374509569352,9.523810386657717,80300,WHR,9.475465774536133,0,1.0025445502087247,2.0,1.0224327612616542,3.0,0.9715968586947755,23.0,0.9660977576038418,109.0,0.9022408272411029,458.0
1988-12-01 00:00:00-05:00,9.52380998767152,9.57215420080691,9.378777348265356,9.475465774536133,86500,WHR,9.62049674987793,1,0.9974554497912754,1.0,1.013838990701565,3.0,0.9666434996647794,23.0,0.9606053641640164,109.0,0.8974773501783133,457.0
1988-12-02 00:00:00-05:00,9.37877572601165,9.62049674987793,9.282087316465136,9.62049674987793,97900,WHR,9.572152137756348,0,1.0075948502284908,1.0,1.0175904425186324,4.0,0.981254969304017,23.0,0.9747459493927513,109.0,0.9110278973338245,457.0
1988-12-05 00:00:00-05:00,9.620496340472288,9.66884054318823,9.523807935040406,9.572152137756348,105800,WHR,9.523810386657717,0,0.9974810870346964,1.0,1.0040566488342948,3.0,0.9763005986466949,22.0,0.969307749665777,109.0,0.9062687951365141,457.0
1988-12-06 00:00:00-05:00,9.475466171497017,9.620498816979111,9.427121956336316,9.523810386657717,84900,WHR,9.523810386657717,0,0.9974684831394687,0.0,0.9979737606197439,2.0,0.9713476563982748,22.0,0.9637682593272956,109.0,0.9015159896427436,457.0
1988-12-07 00:00:00-05:00,9.523810386657717,9.572154601818417,9.475466171497017,9.523810386657717,110100,WHR,9.475465774536133,0,1.0,0.0,0.9979737606197441,1.0,0.9713252762355955,22.0,0.963305348466636,108.0,0.9013490268534885,456.0
1988-12-08 00:00:00-05:00,9.57215420080691,9.57215420080691,9.427121561400744,9.475465774536133,177100,WHR,9.62049674987793,1,0.9974554497912754,0.0,0.9929078623704183,1.0,0.9665303353769119,21.0,0.9580278736133016,107.0,0.8966169669626545,455.0
1988-12-09 00:00:00-05:00,9.427119930784906,9.62049674987793,9.427119930784906,9.62049674987793,224800,WHR,9.572152137756348,0,1.0075948502284908,1.0,1.0081052573197098,1.0,0.9809807573553373,22.0,0.9722230180730643,108.0,0.9101726521102013,455.0
1988-12-12 00:00:00-05:00,9.66884054318823,9.717184745904172,9.475463732324464,9.572152137756348,59500,WHR,9.33043098449707,0,0.9974810870346964,1.0,1.0030393590703843,1.0,0.9761070503664958,21.0,0.967071712897539,107.0,0.9054396107271979,454.0
1988-12-13 00:00:00-05:00,9.475463590473709,9.475463590473709,9.33043098449707,9.33043098449707,101000,WHR,9.572152137756348,1,0.987212268730896,0.0,0.9816885949377254,1.0,0.9519034323269026,21.0,0.9424133250715206,107.0,0.8824399396821085,454.0
1988-12-14 00:00:00-05:00,9.33043112417664,9.572152137756348,9.33043112417664,9.572152137756348,77900,WHR,9.37877368927002,0,1.012787731269104,1.0,1.0060975120792297,2.0,0.9769376585989571,21.0,0.9665627509794013,107.0,0.9051454942328857,454.0
1988-12-15 00:00:00-05:00,9.475462077819197,9.523806272093784,9.37877368927002,9.37877368927002,100600,WHR,9.475465774536133,1,0.9897958310717175,1.0,0.9877798967189763,2.0,0.9578049123800776,21.0,0.9467792336413517,107.0,0.8867181392615497,454.0
1988-12-16 00:00:00-05:00,9.330433135129969,9.475465774536133,9.330433135129969,9.475465774536133,153800,WHR,9.475465774536133,0,1.0051284001909349,1.0,1.001021660603191,2.0,0.9682882557119746,21.0,0.9562256776852518,108.0,0.8957071160808552,455.0
1988-12-19 00:00:00-05:00,9.427121561400744,9.52380998767152,9.378777348265356,9.475465774536133,175000,WHR,9.33043098449707,0,1.0,1.0,1.0030707915521189,2.0,0.9688977103048265,21.0,0.9560721615958697,107.0,0.8955331990846981,455.0
1988-12-20 00:00:00-05:00,9.523807792465922,9.572151994458135,9.33043098449707,9.33043098449707,198500,WHR,9.37877368927002,1,0.9922878024963422,0.0,0.9877174395260861,2.0,0.9548266382499101,21.0,0.941324569619017,107.0,0.8816684858746325,454.0
1988-12-21 00:00:00-05:00,9.37877368927002,9.37877368927002,9.330429494995432,9.37877368927002,218900,WHR,9.475465774536133,1,1.00258389950914,1.0,0.9969165640523923,2.0,0.9603805578310317,22.0,0.9460160742924439,108.0,0.8860796352324536,454.0
1988-12-22 00:00:00-05:00,9.330433135129969,9.52380998767152,9.330433135129969,9.475465774536133,118200,WHR,9.475465774536133,0,1.0051284001909349,2.0,1.0051283290137811,3.0,0.9705768874161324,23.0,0.9555087033504206,109.0,0.8950622492368355,454.0
1988-12-23 00:00:00-05:00,9.52380998767152,9.52380998767152,9.282088921994578,9.475465774536133,68600,WHR,9.37877368927002,0,1.0,1.0,1.0051283290137811,2.0,0.9707929611314222,23.0,0.955301883987508,108.0,0.8949220571280299,453.0
1988-12-27 00:00:00-05:00,9.475462077819197,9.523806272093784,9.282085300720844,9.37877368927002,51700,WHR,9.475465774536133,1,0.9948715998090653,0.0,0.9969165640523923,2.0,0.9612592457343677,23.0,0.9454210854575067,107.0,0.8856487622220532,453.0
1988-12-28 00:00:00-05:00,9.378777348265356,9.52380998767152,9.282088921994578,9.475465774536133,109700,WHR,9.523810386657717,1,1.0051284001909349,1.0,1.004098516386304,3.0,0.9719413988676923,23.0,0.9551040572771321,107.0,0.8946323641983203,453.0
1988-12-29 00:00:00-05:00,9.523810386657717,9.572154601818417,9.523810386657717,9.523810386657717,147900,WHR,9.572152137756348,1,1.0025445502087247,2.0,1.00612881421013,3.0,0.9774366859231468,24.0,0.9599836644225211,107.0,0.899057285872258,453.0
1988-12-30 00:00:00-05:00,9.572152137756348,9.66884054318823,9.523807935040406,9.572152137756348,120800,WHR,9.523810386657717,0,1.0025315168605315,2.0,1.0091742076928027,3.0,0.9828564005146295,25.0,0.9648262261600516,108.0,0.9034942178937603,453.0
1989-01-03 00:00:00-05:00,9.572154601818417,9.620498816979111,9.378777741175618,9.523810386657717,171100,WHR,9.717180252075195,1,0.9974684831394687,1.0,1.003055135876558,3.0,0.9785903429020518,24.0,0.9600139800192095,107.0,0.8988077755765993,453.0
1989-01-04 00:00:00-05:00,9.620491891358029,9.76552443243378,9.47545935028228,9.717180252075195,106100,WHR,9.717180252075195,0,1.0100498913516551,1.0,1.0161774354838855,4.0,0.9991684890975276,24.0,0.9791985998824336,108.0,0.9169088324094008,454.0
1989-01-05 00:00:00-05:00,9.668836071716612,9.81386861279236,9.620491891358029,9.717180252075195,240900,WHR,9.717180252075195,0,1.0,1.0,1.0110660167473826,3.0,0.99987850704596,24.0,0.9789827980331028,107.0,0.9167751172516733,453.0
1989-01-06 00:00:00-05:00,9.717180252075195,9.81386861279236,9.668836071716612,9.717180252075195,72100,WHR,9.813875198364258,1,1.0,0.0,1.0070137925638964,2.0,1.0005074659045103,24.0,0.9787488292497974,107.0,0.9166486506322787,452.0
1989-01-09 00:00:00-05:00,9.813875198364258,9.86221941116408,9.765530985564434,9.813875198364258,113700,WHR,9.813875198364258,0,1.0049508305649137,1.0,1.0119645062284737,2.0,1.0105999414805733,25.0,0.9882320468705313,107.0,0.9256285622607708,453.0
1989-01-10 00:00:00-05:00,9.813875198364258,9.86221941116408,9.765530985564434,9.813875198364258,87700,WHR,9.910560607910156,1,1.0,1.0,1.0059468850819826,2.0,1.010653569221516,25.0,0.9879390935763955,107.0,0.9254742792523043,453.0
1989-01-11 00:00:00-05:00,9.813872211735424,10.248969994521724,9.813872211735424,9.910560607910156,139700,WHR,9.813875198364258,0,1.0049018086243635,1.0,1.0118460258117143,2.0,1.0204115428823615,26.0,0.9975422709484751,107.0,0.9344130068243037,454.0
1989-01-12 00:00:00-05:00,9.910563623963904,9.910563623963904,9.813875198364258,9.813875198364258,127900,WHR,9.862215995788574,1,0.9950981913756366,1.0,1.0000001943522783,2.0,1.0104273520269147,26.0,0.9876834536511566,107.0,0.9251374371258105,453.0
1989-01-13 00:00:00-05:00,9.717183407615211,9.862215995788574,9.717183407615211,9.862215995788574,50000,WHR,9.862215995788574,0,1.0024568293035092,1.0,1.0019644204914013,3.0,1.015707298696054,26.0,0.9924016446869476,108.0,0.9295316760325969,453.0
1989-01-16 00:00:00-05:00,9.862215995788574,9.862215995788574,9.813871799730787,9.862215995788574,20700,WHR,10.248969078063965,1,1.0,1.0,1.0009812076995137,2.0,1.0160103030443635,26.0,0.9921993085942646,108.0,0.9293653153652967,453.0
1989-01-17 00:00:00-05:00,9.862215527948344,10.297313271828417,9.862215527948344,10.248969078063965,106900,WHR,10.103937149047852,0,1.0192307455207215,1.0,1.03112828669519,3.0,1.055640944227489,26.0,1.0307960738667983,108.0,0.9655896850073167,454.0
1989-01-18 00:00:00-05:00,10.200625542818646,10.345658133474837,10.103937149047852,10.103937149047852,152500,WHR,10.00724983215332,0,0.99287414154039,1.0,1.0125968539376358,2.0,1.040837393389629,25.0,1.0159792427927143,107.0,0.9517188221788406,454.0
1989-01-19 00:00:00-05:00,10.103938236328714,10.20062664050411,9.910561427977926,10.00724983215332,86300,WHR,10.00724983215332,0,0.9951923614958724,0.0,0.9990348549931845,2.0,1.031520630119498,24.0,1.00616202071811,106.0,0.9424115972349237,454.0
1989-01-20 00:00:00-05:00,9.910561427977926,10.055594034241018,9.81387302380253,10.00724983215332,178900,WHR,9.910560607910156,0,1.0,0.0,0.9961502253217304,1.0,1.0324191823209286,23.0,1.006066997716825,106.0,0.9421969193324876,454.0
1989-01-23 00:00:00-05:00,10.055593202172258,10.15228159834699,9.910560607910156,9.910560607910156,61900,WHR,10.297316551208496,1,0.9951455896955079,0.0,0.9855769135017122,1.0,1.0236741681465802,22.0,0.9962911083425906,106.0,0.9328967962143064,453.0
1989-01-24 00:00:00-05:00,10.007251296244876,10.442349178690304,10.007251296244876,10.297316551208496,74400,WHR,10.248969078063965,0,1.0191388704638784,1.0,1.0230549128673314,1.0,1.0641944886590453,23.0,1.0349140060348683,107.0,0.9690745968029678,453.0
1989-01-25 00:00:00-05:00,10.394001659357322,10.394001659357322,10.200624884299511,10.248969078063965,41700,WHR,10.00724983215332,0,0.9976468995896928,1.0,1.0153255173805014,1.0,1.0590708855692166,23.0,1.0298576198074778,106.0,0.9643134060172913,452.0
1989-01-26 00:00:00-05:00,10.248970842591806,10.248970842591806,10.00724983215332,10.00724983215332,388800,WHR,9.910560607910156,0,0.9880669118465776,0.0,0.9913793315206635,1.0,1.0342292223674554,23.0,1.0056048149962724,105.0,0.9413818762032146,452.0
1989-01-27 00:00:00-05:00,10.103937400259625,10.15228159834699,9.910560607910156,9.910560607910156,223500,WHR,10.152287483215332,1,0.9951455896955079,0.0,0.9836851763981047,1.0,1.0243735068424182,23.0,0.9960003088482179,104.0,0.9321009320899132,452.0
1989-01-30 00:00:00-05:00,9.958910578773136,10.20063170932588,9.958910578773136,10.152287483215332,57500,WHR,10.00724983215332,0,1.01204848255877,1.0,1.0028657492563606,2.0,1.0491485872046438,23.0,1.0202137712862707,105.0,0.9546409603102558,452.0
1989-01-31 00:00:00-05:00,10.152282438416412,10.152282438416412,10.00724983215332,10.00724983215332,318400,WHR,10.152287483215332,1,0.9928055069522135,1.0,0.9942362626359251,1.0,1.0344668221732007,22.0,1.0056374664606078,104.0,0.9408200711418698,452.0
1989-02-01 00:00:00-05:00,10.103943257104785,10.20063170932588,10.007254804883685,10.152287483215332,206400,WHR,10.103937149047852,0,1.0071944930477865,1.0,1.0105874186603694,2.0,1.049422100161879,23.0,1.0202275809190469,104.0,0.9542554704616195,453.0
1989-02-02 00:00:00-05:00,10.152281345933249,10.200625542818646,10.055592952162456,10.103937149047852,227800,WHR,10.152287483215332,1,0.997613062895715,1.0,1.003842187942182,2.0,1.0444738852093118,23.0,1.0154224580476239,103.0,0.9495234656427158,452.0
1989-02-03 00:00:00-05:00,10.152287483215332,10.20063170932588,10.055599030994234,10.152287483215332,165600,WHR,10.20062255859375,1,1.002386937104285,1.0,1.0038243117424166,3.0,1.0496937529399997,23.0,1.020315703471085,104.0,0.9538728357560613,453.0
1989-02-06 00:00:00-05:00,10.20062255859375,10.2489667413359,10.103934193109447,10.20062255859375,97600,WHR,10.20062255859375,0,1.0023748483769215,2.0,1.0076403775282607,3.0,1.0545658016783583,24.0,1.0252641840684622,104.0,0.9582221553111175,453.0
1989-02-07 00:00:00-05:00,10.20062255859375,10.2489667413359,10.1522783758516,10.20062255859375,319600,WHR,10.297316551208496,1,1.0,1.0,1.0038054808925247,3.0,1.0541798875607473,24.0,1.025374046943149,103.0,0.9580320362200027,452.0
1989-02-08 00:00:00-05:00,10.248972342047892,10.297316551208496,10.200628132887289,10.297316551208496,202100,WHR,10.248969078063965,0,1.0047172543589276,1.0,1.0104366340042217,3.0,1.0628193909375934,25.0,1.0351259166728246,104.0,0.9669128126976783,453.0
1989-02-09 00:00:00-05:00,10.200624884299511,10.490690046886227,10.200624884299511,10.248969078063965,346200,WHR,10.297316551208496,1,0.9976468995896928,1.0,1.0028381150005796,3.0,1.0565735243580863,25.0,1.0302986556065536,104.0,0.9621796791974212,452.0
1989-02-10 00:00:00-05:00,10.152283923726683,10.394004969529702,10.152283923726683,10.297316551208496,300700,WHR,10.297316551208496,0,1.0023531004103072,1.0,1.0047172637078972,3.0,1.059689610793694,26.0,1.0351331723484019,105.0,0.9665123772421313,453.0
1989-02-13 00:00:00-05:00,10.248972342047892,10.3456607603691,10.248972342047892,10.297316551208496,186000,WHR,10.248969078063965,0,1.0,1.0,1.0028250313900633,2.0,1.057741536189494,26.0,1.0351074613822346,105.0,0.9663043620147936,453.0
1989-02-14 00:00:00-05:00,10.34565746559287,10.34565746559287,10.200624884299511,10.248969078063965,157800,WHR,10.345662117004396,1,0.9976468995896928,0.0,0.9971776077820885,2.0,1.0510161335491777,25.0,1.0302419122126936,105.0,0.9615781290274584,452.0
1989-02-15 00:00:00-05:00,10.248973686004351,10.345662117004396,10.248973686004351,10.345662117004396,105700,WHR,10.345662117004396,0,1.0046950604759355,1.0,1.005639330716411,2.0,1.0595056192974508,25.0,1.039993068935087,105.0,0.9704368366819162,453.0
1989-02-16 00:00:00-05:00,10.394006332504414,10.394006332504414,10.297317901504377,10.345662117004396,71900,WHR,10.442349433898926,1,1.0,1.0,1.0037524875649741,2.0,1.0579970130116254,25.0,1.040005123013732,105.0,0.970208378004023,453.0
1989-02-17 00:00:00-05:00,10.3940052235568,10.49069364424105,10.345661013214675,10.442349433898926,169800,WHR,10.394001960754396,0,1.004651109446316,1.0,1.010290021113532,2.0,1.0659308515850519,26.0,1.0496999924273485,105.0,0.9790362812175205,454.0
1989-02-21 00:00:00-05:00,10.490690351086991,10.539034546253292,10.200625180089196,10.394001960754396,123400,WHR,10.297316551208496,0,0.9976796574299983,1.0,1.0037346007672217,2.0,1.0590589334239051,26.0,1.0447963758166767,105.0,0.9742619861477735,454.0
1989-02-22 00:00:00-05:00,10.442349178690304,10.442349178690304,10.248972342047892,10.297316551208496,224300,WHR,10.442349433898926,1,0.9953272475366903,0.0,0.993470150026196,2.0,1.047043317300979,26.0,1.0351136534270222,104.0,0.9649728658416773,453.0
1989-02-23 00:00:00-05:00,10.345661013214675,10.49069364424105,10.297316802872553,10.442349433898926,140500,WHR,10.345662117004396,0,1.0069930192122947,1.0,1.0055866388672494,2.0,1.059516152899691,26.0,1.0497075341792625,104.0,0.9783192533184146,454.0
1989-02-24 00:00:00-05:00,10.442350548004436,10.442350548004436,10.345662117004396,10.345662117004396,388800,WHR,10.453123092651367,1,0.9953488905536843,1.0,0.996275757764053,2.0,1.0481635039320032,25.0,1.040082348329685,103.0,0.9690310281523264,453.0
1989-02-27 00:00:00-05:00,10.355430353467709,10.453123092651367,10.257737614284052,10.453123092651367,65500,WHR,10.355425834655762,0,1.0051666948124012,1.0,1.0064153007896923,2.0,1.0573915667671374,25.0,1.0510343873029613,103.0,0.9788525335003061,454.0
1989-02-28 00:00:00-05:00,10.355425834655762,10.40427218293244,10.306579486379084,10.355425834655762,253900,WHR,10.306583404541016,0,0.9953049461383924,1.0,0.9977502575867678,2.0,1.045957218157953,25.0,1.041516986391223,102.0,0.9694713479659216,454.0
1989-03-01 00:00:00-05:00,10.355429771387184,10.453122505079511,10.306583404541016,10.306583404541016,240800,WHR,10.306583404541016,0,0.997636123885663,0.0,0.9928669665775406,2.0,1.0398228809880468,24.0,1.0368904470293039,102.0,0.9646679436485063,454.0
1989-03-02 00:00:00-05:00,10.306583404541016,10.404276138233348,10.306583404541016,10.306583404541016,107100,WHR,10.355425834655762,1,1.0,0.0,0.9954708768260877,1.0,1.0385403498157453,24.0,1.0370788568709748,102.0,0.9644277565662587,454.0
1989-03-03 00:00:00-05:00,10.355425834655762,10.355425834655762,10.306579486379084,10.355425834655762,79500,WHR,10.746203422546388,1,1.002363876114337,1.0,0.9999997605552231,2.0,1.0420066523063019,25.0,1.0421035428487562,103.0,0.9687525042124914,455.0
1989-03-06 00:00:00-05:00,10.306586009805851,10.746203422546388,10.306586009805851,10.746203422546388,77900,WHR,10.453123092651367,0,1.018518834878935,2.0,1.0318952973726816,2.0,1.0791161122373323,26.0,1.0813322457200163,104.0,1.0050183355802473,456.0
1989-03-07 00:00:00-05:00,10.648508571018684,10.648508571018684,10.453123092651367,10.453123092651367,107900,WHR,10.453123092651367,0,0.9861750169428773,1.0,1.0018727276436625,2.0,1.0479707288552018,26.0,1.0516534464928733,104.0,0.9773615690074071,455.0
1989-03-08 00:00:00-05:00,10.550815831835024,10.648508571018684,10.453123092651367,10.453123092651367,173600,WHR,10.453123092651367,0,1.0,0.0,0.9990663502047902,2.0,1.0465147758769928,25.0,1.0515251669975683,103.0,0.9771147103345867,455.0
1989-03-09 00:00:00-05:00,10.453123092651367,10.550815831835024,10.404276723059535,10.453123092651367,28500,WHR,10.40427303314209,0,1.0,0.0,0.9962756509148699,2.0,1.0449786844277877,25.0,1.0514760646515584,102.0,0.9768718218499809,454.0
1989-03-10 00:00:00-05:00,10.453119385410362,10.550812089946907,10.355426680873816,10.40427303314209,484400,WHR,10.55081558227539,1,0.9976579022992776,0.0,0.9906973528276971,1.0,1.038237658558252,25.0,1.0465733482596626,101.0,0.972063720220472,454.0
1989-03-13 00:00:00-05:00,10.35543010852955,10.59966195071185,10.35543010852955,10.55081558227539,187000,WHR,10.453123092651367,0,1.006993172485345,1.0,1.0084034134292554,1.0,1.0511501439863677,25.0,1.0612428733794612,102.0,0.9854817896377384,455.0
1989-03-14 00:00:00-05:00,10.648508571018684,10.648508571018684,10.404276723059535,10.453123092651367,64700,WHR,10.355425834655762,0,0.9953488490356028,1.0,0.9990663684174211,1.0,1.0395628100871335,25.0,1.0514268406163798,101.0,0.9760991106749803,454.0
1989-03-15 00:00:00-05:00,10.453118531209116,10.501964879485795,10.306579486379084,10.355425834655762,143400,WHR,10.453123092651367,1,0.9953049461383924,0.0,0.9915806446675797,1.0,1.0283469420435973,24.0,1.041553073865216,101.0,0.9667259565957762,454.0
1989-03-16 00:00:00-05:00,10.404276723059535,10.501969462243196,10.404276723059535,10.453123092651367,209300,WHR,10.355425834655762,0,1.0046950538616077,1.0,1.0009356158307483,2.0,1.036371821279738,25.0,1.0512710741567752,102.0,0.9755926733730533,454.0
1989-03-17 00:00:00-05:00,10.355425834655762,10.40427218293244,10.306579486379084,10.355425834655762,411800,WHR,10.257739067077637,0,0.9953049461383924,1.0,0.9925091068845682,2.0,1.024949684129112,25.0,1.0414575641557202,101.0,0.9662283101408123,454.0
1989-03-20 00:00:00-05:00,10.355431820097424,10.355431820097424,10.111199937547957,10.257739067077637,216700,WHR,10.111196517944336,0,0.9952609525008016,0.0,0.9887008495624087,1.0,1.013810952104525,24.0,1.0316854283196588,101.0,0.9568633753845107,454.0
1989-03-21 00:00:00-05:00,10.306581957904612,10.306581957904612,10.111196517944336,10.111196517944336,291700,WHR,10.062349319458008,0,0.9928055863046148,0.0,0.9810426434159207,1.0,0.9982822050352665,23.0,1.0169434522927159,101.0,0.9429600419090904,454.0
1989-03-22 00:00:00-05:00,9.96465660761861,10.062349319458008,9.866963895779213,10.062349319458008,272200,WHR,10.062349319458008,0,0.9975786508291584,0.0,0.9818873878954439,1.0,0.992501024294035,23.0,1.0118377852852796,101.0,0.9381747374096326,454.0
1989-03-23 00:00:00-05:00,10.062349319458008,10.4042738108959,9.96465660761861,10.062349319458008,122700,WHR,10.501970291137695,1,1.0,0.0,0.9894331682692942,0.0,0.9913869604055224,23.0,1.0116640774797148,100.0,0.9379449862122542,454.0
1989-03-27 00:00:00-05:00,10.013506556666174,10.550816664584849,10.013506556666174,10.501970291137695,303700,WHR,10.55081558227539,1,1.0213778515411311,1.0,1.029693675661108,1.0,1.032959202589265,23.0,1.0556146613763429,100.0,0.9786379887932346,455.0
1989-03-28 00:00:00-05:00,10.50196921383893,10.59966195071185,10.35543010852955,10.55081558227539,334600,WHR,10.84389591217041,1,1.002320134324806,2.0,1.0285715454495419,2.0,1.0360193360437202,23.0,1.0602338842292778,101.0,0.9829004598925559,455.0
1989-03-29 00:00:00-05:00,10.69735677822216,10.941588668135909,10.69735677822216,10.84389591217041,474900,WHR,10.941588401794434,1,1.013698727836134,2.0,1.0422537640949903,3.0,1.0625863209631978,23.0,1.0892788181785498,101.0,1.0098787911801772,456.0
1989-03-30 00:00:00-05:00,10.89274202500071,11.039281155381884,10.746202894619534,10.941588401794434,322300,WHR,10.990429878234863,1,1.0044842927619195,2.0,1.0341644865218012,4.0,1.0696823459883114,24.0,1.098598149139691,102.0,1.0186361433775108,457.0
1989-03-31 00:00:00-05:00,10.990429878234863,11.136968943277994,10.892737168206107,10.990429878234863,110400,WHR,10.941588401794434,0,1.0022269485560709,2.0,1.0208708240063782,5.0,1.0722327681983272,24.0,1.1031090431952026,102.0,1.0228466234196418,457.0
1989-04-03 00:00:00-04:00,11.039281155381884,11.039281155381884,10.746202894619534,10.941588401794434,155500,WHR,10.697354316711426,0,0.9977730514439292,1.0,1.0081009297408976,4.0,1.0653467667448246,24.0,1.0979403522478297,101.0,1.0179748773149606,456.0
1989-04-04 00:00:00-04:00,10.892739783683323,10.892739783683323,10.5508152164825,10.697354316711426,151800,WHR,10.501970291137695,0,0.9887132154162903,0.0,0.9829442659626687,3.0,1.0399123999259479,24.0,1.0732168906197632,101.0,0.9949519924464547,456.0
1989-04-05 00:00:00-04:00,10.648509411479152,10.648509411479152,10.501970291137695,10.501970291137695,130900,WHR,10.453123092651367,0,0.9907834787575549,0.0,0.9710931181886399,2.0,1.019781799513906,23.0,1.053426552809672,101.0,0.9765028583922896,456.0
1989-04-06 00:00:00-04:00,10.599662201426852,10.599662201426852,10.453123092651367,10.453123092651367,120500,WHR,10.40427303314209,0,0.9976689582054492,0.0,0.9753874468441626,1.0,1.0139895180352327,23.0,1.048340279622925,101.0,0.9716825239143564,456.0
1989-04-07 00:00:00-04:00,10.453119385410362,10.453119385410362,10.355426680873816,10.40427303314209,102900,WHR,10.453123092651367,1,0.9976579022992776,0.0,0.981566506825152,0.0,1.0084459525741667,22.0,1.043256392870545,101.0,0.96686528763168,456.0
1989-04-10 00:00:00-04:00,10.501969462243196,10.501969462243196,10.453123092651367,10.453123092651367,104300,WHR,10.453123092651367,0,1.0023420977007225,1.0,0.9953489032676419,1.0,1.0121356041696394,23.0,1.04796828226404,101.0,0.9711154380741527,457.0
1989-04-11 00:00:00-04:00,10.453123092651367,10.550815831835024,10.453123092651367,10.453123092651367,86800,WHR,10.746203422546388,1,1.0,1.0,1.0000000547400634,1.0,1.011171363699375,22.0,1.0475854823244548,101.0,0.9708299413449588,456.0
1989-04-12 00:00:00-04:00,10.550817905772815,10.892742560126564,10.501971526579425,10.746203422546388,176900,WHR,10.746203422546388,0,1.0138249830571229,1.0,1.0232560458334572,2.0,1.0380427562431374,23.0,1.0764375829469999,102.0,0.9977233365283346,457.0
1989-04-13 00:00:00-04:00,10.843896180933172,10.892742560126564,10.746203422546388,10.746203422546388,327700,WHR,10.795047760009766,1,1.0,1.0,1.0175765079396846,2.0,1.0372124510120055,22.0,1.0758378089499523,102.0,0.9973718711700765,457.0
1989-04-14 00:00:00-04:00,10.84389412996456,10.84389412996456,10.64850865014538,10.795047760009766,253400,WHR,10.59966278076172,0,1.0022674791287394,1.0,1.0146923037508329,3.0,1.0407697753054834,23.0,1.0800239607370583,103.0,1.0015497941355584,457.0
1989-04-17 00:00:00-04:00,10.697355525284868,10.697355525284868,10.550816408500143,10.59966278076172,143900,WHR,10.501970291137695,0,0.9908676035193044,1.0,0.9935897069147122,2.0,1.020960482279469,23.0,1.0598687072771493,103.0,0.9830913411422604,457.0
1989-04-18 00:00:00-04:00,10.599663038031998,10.648509411479152,10.501970291137695,10.501970291137695,243000,WHR,10.746203422546388,1,0.9953703825058868,0.0,0.9835315368819795,2.0,1.0107480048289976,23.0,1.0495402713136677,103.0,0.9737060990758173,457.0
1989-04-19 00:00:00-04:00,10.550817905772815,10.79504980173978,10.550817905772815,10.746203422546388,207900,WHR,10.795047760009766,1,1.01149431168531,1.0,1.0064044817135407,2.0,1.0328694131895955,24.0,1.0733312482673523,103.0,0.9959961561513905,458.0
1989-04-20 00:00:00-04:00,10.795047760009766,10.84389412996456,10.64850865014538,10.795047760009766,57600,WHR,10.990429878234863,1,1.0022674791287394,2.0,1.010054782536084,3.0,1.0367374638841613,24.0,1.0775897772413985,103.0,1.0001590463570966,459.0
1989-04-21 00:00:00-04:00,10.795044458177356,10.990429878234863,10.795044458177356,10.990429878234863,189100,WHR,11.13697624206543,1,1.008968456945011,2.0,1.0245898520315386,3.0,1.0542504251585592,25.0,1.0963977655178203,103.0,1.017880187925187,459.0
1989-04-24 00:00:00-04:00,10.990437080985622,11.33236179017184,10.990437080985622,11.13697624206543,212500,WHR,11.088120460510254,0,1.0066228442246614,2.0,1.027953407290797,4.0,1.066381764084565,26.0,1.11020688784413,104.0,1.0310488254881993,460.0
1989-04-25 00:00:00-04:00,11.234659497433295,11.234659497433295,10.843888732305182,11.088120460510254,160200,WHR,11.088120460510254,0,0.9978017741740798,1.0,1.0124883999226497,4.0,1.0597123211078074,26.0,1.1047585144262204,103.0,1.026142764325477,459.0
1989-04-26 00:00:00-04:00,11.039274114869238,11.136966806151268,11.039274114869238,11.088120460510254,73400,WHR,11.381200790405272,1,1.0,0.0,1.0062053647995386,3.0,1.0581350068624176,25.0,1.1043661961097408,102.0,1.0257859853991746,458.0
1989-04-27 00:00:00-04:00,11.283508079758018,11.576586211699786,11.283508079758018,11.381200790405272,218900,WHR,11.527746200561523,1,1.013043577356974,1.0,1.0219297738585995,3.0,1.0837353048520948,26.0,1.1329376606867196,103.0,1.0525112206799376,458.0
1989-04-28 00:00:00-04:00,11.381207053944216,11.527746200561523,11.283514289532675,11.527746200561523,255400,WHR,11.625432968139648,1,1.0063968636451965,2.0,1.0251958790642315,3.0,1.0952986681299663,26.0,1.146832247239642,104.0,1.0656497508646599,459.0
1989-05-01 00:00:00-04:00,11.52774025412167,11.72312568215763,11.332354826085709,11.625432968139648,126100,WHR,11.625432968139648,0,1.0042191513686458,2.0,1.0249784597415277,3.0,1.101925319164357,27.0,1.1557214138031133,105.0,1.0742620048271658,459.0
1989-05-02 00:00:00-04:00,11.72312568215763,11.8696647531846,11.576586611130658,11.625432968139648,383800,WHR,11.527746200561523,0,1.0,1.0,1.015358309041247,3.0,1.0993668507964238,26.0,1.1548719844117914,105.0,1.0738526627892273,458.0
1989-05-03 00:00:00-04:00,11.67428534717883,11.67428534717883,11.478899818355757,11.527746200561523,42800,WHR,11.47889518737793,0,0.9957808486313543,0.0,0.9991535761654984,3.0,1.0878536030238246,25.0,1.1443073428763249,105.0,1.0644353427108482,457.0
1989-05-04 00:00:00-04:00,11.62543427487637,11.62543427487637,11.381202462378967,11.47889518737793,50200,WHR,11.234663963317873,0,0.997876656033366,0.0,0.9932374167446882,2.0,1.0810701542727654,25.0,1.1386880958693493,104.0,1.0595457705660025,456.0
1989-05-05 00:00:00-04:00,11.625434883781102,11.72312761389691,11.234663963317873,11.234663963317873,103400,WHR,11.185815811157228,0,0.989247338013401,0.0,0.9770603294081336,1.0,1.0565142608623146,24.0,1.1139399647052608,103.0,1.036657197037676,455.0
1989-05-08 00:00:00-04:00,11.088123096649303,11.28350852566515,10.99043038214138,11.185815811157228,63600,WHR,11.527746200561523,1,0.9978212708803735,0.0,0.9803080669763321,0.0,1.0503782190773983,24.0,1.1085383381174587,103.0,1.0317948810452489,455.0
1989-05-09 00:00:00-04:00,11.283514289532675,11.7231317293846,11.283514289532675,11.527746200561523,259200,WHR,11.527746200561523,0,1.0150540187940527,1.0,1.0120071149577654,1.0,1.080405889753933,24.0,1.1416738254345662,104.0,1.0629463894019755,455.0
1989-05-10 00:00:00-04:00,11.478899818355757,11.67428534717883,11.478899818355757,11.527746200561523,188100,WHR,11.625432968139648,1,1.0,1.0,1.0120071149577654,1.0,1.0783333583762849,24.0,1.1409031352399979,104.0,1.0625643174871702,454.0
1989-05-11 00:00:00-04:00,11.625432968139648,11.67427932514864,11.52774025412167,11.625432968139648,89100,WHR,11.771978378295898,1,1.0042191513686458,1.0,1.0179638258354304,2.0,1.085142540093873,25.0,1.149750606410999,105.0,1.071165461019494,455.0
1989-05-12 00:00:00-04:00,11.723131994983468,11.82082476160833,11.527746461733743,11.771978378295898,237200,WHR,11.771978378295898,0,1.0062633172527684,2.0,1.0211866665691571,3.0,1.0963885972150536,25.0,1.1633897531792128,105.0,1.0842520192477665,455.0
1989-05-15 00:00:00-04:00,11.82082476160833,11.82082476160833,11.625439228358603,11.771978378295898,235200,WHR,11.674277305603027,0,1.0,1.0,1.0109061580279786,3.0,1.0939665440155772,25.0,1.162389293369963,105.0,1.0838426055148684,454.0
1989-05-16 00:00:00-04:00,11.723123654162036,11.771970002721044,11.674277305603027,11.674277305603027,112200,WHR,11.733441352844238,1,0.9958329775973583,0.0,0.9999995425349605,2.0,1.0828211401304797,24.0,1.1518175286802124,104.0,1.0744533562994212,453.0
1989-05-17 00:00:00-04:00,11.733441352844238,11.832041700347132,11.684141179092792,11.733441352844238,236100,WHR,11.536237716674805,0,1.0025275443585298,1.0,1.0015381158874062,3.0,1.0860599594733686,25.0,1.1567000796269327,105.0,1.0795097508228995,453.0
1989-05-18 00:00:00-04:00,11.73343836140429,11.73343836140429,11.486937555492434,11.536237716674805,110400,WHR,11.832043647766112,1,0.9915252962629918,1.0,0.986206986962877,2.0,1.065769610936621,25.0,1.1363471103216738,105.0,1.0610078454663106,452.0
1989-05-19 00:00:00-04:00,11.536242556571962,11.832043647766112,11.486942374706269,11.832043647766112,205300,WHR,12.029242515563965,1,1.0126584375837508,1.0,1.0104570619578233,2.0,1.0907635121951207,25.0,1.1644581980333937,105.0,1.0878484519508858,452.0
1989-05-22 00:00:00-04:00,11.930642167075735,12.029242515563965,11.832041818587507,12.029242515563965,247300,WHR,11.930638313293455,0,1.0082643855175295,2.0,1.0228035797742154,3.0,1.106081582739682,26.0,1.1827101521774572,106.0,1.1055966940225341,452.0
1989-05-23 00:00:00-04:00,11.979938471612853,12.07853878825164,11.832037996654668,11.930638313293455,281200,WHR,11.782739639282228,0,0.9958846121575132,1.0,1.0100164571363612,3.0,1.0945366515205117,25.0,1.1719170362654976,106.0,1.0961478368990893,452.0
1989-05-24 00:00:00-04:00,11.832039805136963,11.979940302701175,11.634839141718016,11.782739639282228,72500,WHR,11.6841459274292,0,0.9937630701831258,0.0,0.9966638364488506,2.0,1.0786142102484317,25.0,1.1563951636465415,105.0,1.0821950326085252,451.0
1989-05-25 00:00:00-04:00,11.73344612121582,11.930646896362305,11.6841459274292,11.6841459274292,63100,WHR,11.881345748901367,1,0.995798602606522,0.0,0.9858572859364525,2.0,1.0673454684095787,25.0,1.1459277504860963,104.0,1.0727945550161648,450.0
1989-05-26 00:00:00-04:00,11.58554460992457,11.881345748901367,11.58554460992457,11.881345748901367,78000,WHR,11.782739639282228,0,1.0083681607063704,1.0,1.0016627843387833,2.0,1.082763646096677,26.0,1.164396403099205,104.0,1.0905260410286446,451.0
1989-05-30 00:00:00-04:00,11.832039805136963,11.93064013684644,11.782739639282228,11.782739639282228,83600,WHR,11.979941368103027,1,0.9958330901870235,1.0,0.997495647788639,1.0,1.0714547427899705,25.0,1.153935462418848,103.0,1.0810949665974028,451.0
1989-05-31 00:00:00-04:00,11.832040857385705,12.029241538342134,11.782740687146598,11.979941368103027,79300,WHR,12.177142143249512,1,1.0082987996497328,1.0,1.0133443130298327,2.0,1.0873539831055081,25.0,1.1724349918210681,103.0,1.098784340778354,451.0
1989-06-01 00:00:00-04:00,12.029241631388182,12.177142143249512,12.029241631388182,12.177142143249512,286200,WHR,12.275747299194336,1,1.008163269173359,2.0,1.023197858767679,3.0,1.1023778247263416,26.0,1.1907729033450283,104.0,1.1164535177694492,451.0
1989-06-02 00:00:00-04:00,12.226447109237732,12.325047489150938,12.127846729324524,12.275747299194336,308300,WHR,12.078547477722168,0,1.0040324541677137,2.0,1.0213292191732841,4.0,1.1082567029457495,27.0,1.199423529354133,104.0,1.1250696074191313,451.0
1989-06-05 00:00:00-04:00,12.17714786529541,12.275748252868652,11.832046508789062,12.078547477722168,117800,WHR,12.177142143249512,1,0.9919028728493884,1.0,1.0016356398343544,3.0,1.0877930225531915,27.0,1.1793377057596242,103.0,1.1065967903685585,451.0
1989-06-06 00:00:00-04:00,12.078541802008624,12.226442313869956,11.97994146076774,12.177142143249512,135900,WHR,12.275747299194336,1,1.0040648057040644,1.0,1.0032492188527073,4.0,1.0937618688017487,28.0,1.1881169884431824,103.0,1.1152237026437921,451.0
1989-06-07 00:00:00-04:00,12.275747299194336,12.325047489150938,12.226447109237732,12.275747299194336,121600,WHR,12.226441383361816,0,1.0040324541677137,2.0,1.0064674016568893,4.0,1.0997787704148996,28.0,1.1969049474157492,103.0,1.1238351532808717,452.0
1989-06-08 00:00:00-04:00,12.17714121649342,12.374341883967,12.17714121649342,12.226441383361816,104000,WHR,12.226441383361816,0,0.9979876934068498,1.0,1.0016151967561062,3.0,1.0924687853712447,28.0,1.1912481521824718,103.0,1.1189047723427583,452.0
1989-06-09 00:00:00-04:00,12.127841049625028,12.27574155023021,12.029240715888236,12.226441383361816,136700,WHR,11.881345748901367,0,1.0,0.0,1.0024250041761344,2.0,1.0894332469241959,28.0,1.190487626749023,102.0,1.1184886195827524,452.0
1989-06-12 00:00:00-04:00,12.22644707770763,12.22644707770763,11.881345748901367,11.881345748901367,116100,WHR,11.486940383911133,0,0.9856853043969924,0.0,0.9772914186437626,2.0,1.0564428692045635,27.0,1.156345445649243,101.0,1.086544831609392,452.0
1989-06-13 00:00:00-04:00,11.88134177048319,11.930641943804696,11.486940383911133,11.486940383911133,106900,WHR,11.437639236450195,0,0.9831221954939848,0.0,0.9557013163475592,1.0,1.0196640799810022,27.0,1.1175481869027584,101.0,1.0501510346435945,452.0
1989-06-14 00:00:00-04:00,11.585539743818089,11.585539743818089,11.289738729082304,11.437639236450195,277800,WHR,11.486940383911133,1,0.9978494197809783,0.0,0.965058157278767,0.0,1.0135185465648453,27.0,1.1123427235812118,101.0,1.0453286718795796,451.0
1989-06-15 00:00:00-04:00,11.437640210589626,11.53624055723264,11.339039863946612,11.486940383911133,403800,WHR,11.437639236450195,0,1.0021505802190218,1.0,0.9814658568248356,1.0,1.0158232946569847,28.0,1.116869725086126,101.0,1.0495052334316308,452.0
1989-06-16 00:00:00-04:00,11.388339067327566,11.486939405572826,11.339038898204937,11.437639236450195,222400,WHR,11.486940383911133,1,0.9978494197809783,1.0,0.9906062001801211,1.0,1.0094173484971911,28.0,1.1118515465096586,100.0,1.04466976538636,452.0
1989-06-19 00:00:00-04:00,11.38834003726812,11.53624055723264,11.38834003726812,11.486940383911133,152800,WHR,11.339037895202637,0,1.0021505802190218,1.0,1.0017197244941216,2.0,1.011648532130254,29.0,1.1163561530133241,101.0,1.0488296175680645,453.0
1989-06-20 00:00:00-04:00,11.53623855424964,11.63483888377314,11.339037895202637,11.339037895202637,186600,WHR,12.029242515563965,1,0.9935204315495284,1.0,0.9913792061193969,2.0,0.9973973708593684,28.0,1.101700795864635,101.0,1.0350067206045643,452.0
1989-06-21 00:00:00-04:00,11.486940598878704,12.029242515563965,11.43764042463459,12.029242515563965,184400,WHR,11.634844779968262,0,1.0295359610646972,1.0,1.0409556998428957,3.0,1.055820325502026,28.0,1.1681278967788193,102.0,1.0975920259374032,453.0
1989-06-22 00:00:00-04:00,11.97994610818766,11.97994610818766,11.536244400477004,11.634844779968262,334300,WHR,11.58553981781006,0,0.9833334905052449,1.0,1.0042556336307304,2.0,1.0200233774780603,27.0,1.1293901511526026,102.0,1.0612425172638422,453.0
1989-06-23 00:00:00-04:00,11.634839987247547,11.684140156685038,11.53623964837257,11.58553981781006,114900,WHR,11.6841459274292,1,0.9978766517862535,0.0,0.9974532111648902,2.0,1.0147460341818964,26.0,1.1242096447378782,101.0,1.0563886087690535,453.0
1989-06-26 00:00:00-04:00,11.6841459274292,11.832046508789062,11.6841459274292,11.6841459274292,137900,WHR,11.832043647766112,1,1.0042375350788446,1.0,1.0025383828031635,2.0,1.0223473669113525,26.0,1.1333162337601848,102.0,1.0650106280636467,454.0
1989-06-27 00:00:00-04:00,11.832043647766112,11.9306440114975,11.782743465900422,11.832043647766112,101300,WHR,11.832043647766112,0,1.0062891872794268,2.0,1.006711411029703,3.0,1.0339455810739164,27.0,1.1472338972161968,102.0,1.0781098043158124,454.0
1989-06-28 00:00:00-04:00,11.881343829631806,11.9306440114975,11.782743465900422,11.832043647766112,145700,WHR,11.634844779968262,0,1.0,1.0,1.0101009796731333,2.0,1.0322397178560727,27.0,1.1467223293763724,102.0,1.0777304560639096,453.0
1989-06-29 00:00:00-04:00,11.881345728696402,11.881345728696402,11.634844779968262,11.634844779968262,193400,WHR,11.832043647766112,1,0.9915967185677335,0.0,0.9932661221047497,2.0,1.013366647977649,27.0,1.1272559499806403,101.0,1.0594373208439083,452.0
1989-06-30 00:00:00-04:00,11.73344328403473,11.832043647766112,11.585542738437653,11.832043647766112,111800,WHR,11.832043647766112,0,1.0084032814322663,1.0,1.0058674806486723,3.0,1.028483497353612,28.0,1.145913949741823,102.0,1.0770545596094032,452.0
1989-07-03 00:00:00-04:00,11.782743465900422,11.881343829631806,11.782743465900422,11.832043647766112,37800,WHR,11.881345748901367,1,1.0,1.0,1.0033444499603548,2.0,1.0263605232677875,28.0,1.1454454881651321,102.0,1.07671979456609,451.0
1989-07-05 00:00:00-04:00,11.8320455590719,11.930645938730834,11.684144989583505,11.881345748901367,60400,WHR,12.226441383361816,1,1.0020790828468487,1.0,1.0066834732560874,2.0,1.0285134837830425,28.0,1.1496632945800986,103.0,1.0808738838699903,451.0
1989-07-06 00:00:00-04:00,11.881340215283055,12.226441383361816,11.881340215283055,12.226441383361816,179600,WHR,12.374343872070312,1,1.0143146956030076,2.0,1.0290453290815615,3.0,1.0556858890986727,29.0,1.182348582001041,103.0,1.1119042107971515,451.0
1989-07-07 00:00:00-04:00,12.226443347702938,12.571544571226813,12.177143172913814,12.374343872070312,215500,WHR,12.177142143249512,0,1.0060121043768648,2.0,1.0286884380973573,4.0,1.0659588957870059,29.0,1.1956936652498238,104.0,1.1249521147966175,452.0
1989-07-10 00:00:00-04:00,12.42364299635173,12.42364299635173,12.177142143249512,12.177142143249512,100100,WHR,12.325042724609377,1,0.9919678292101036,1.0,1.006519843537755,3.0,1.0468208105178003,29.0,1.1758302170084343,103.0,1.1066483005637453,452.0
1989-07-11 00:00:00-04:00,12.2264423828125,12.423643066406251,12.078541870117188,12.325042724609377,114200,WHR,12.719441413879396,1,1.0060362201231237,1.0,1.010509222604016,4.0,1.0572176837983087,29.0,1.1892265086435252,104.0,1.1196938271978456,453.0
1989-07-12 00:00:00-04:00,12.325040129728094,12.719441413879396,12.325040129728094,12.719441413879396,149400,WHR,12.571544647216797,0,1.0157479262535059,2.0,1.028707963473076,4.0,1.0877519803335096,30.0,1.2261829699365256,105.0,1.155078962576951,453.0
1989-07-13 00:00:00-04:00,12.81804552265242,12.81804552265242,12.571544647216797,12.571544647216797,224900,WHR,12.620845794677734,1,0.9941521945287021,1.0,1.0111023970841957,3.0,1.0719420115125888,30.0,1.2109105700589076,105.0,1.141213121313111,453.0
1989-07-14 00:00:00-04:00,12.620845794677734,12.916646867990494,12.522245436906816,12.620845794677734,333300,WHR,12.620845794677734,0,1.0019569856848103,1.0,1.0110586096839767,3.0,1.0732864507218662,30.0,1.21466339072092,105.0,1.14522710177789,454.0
1989-07-17 00:00:00-04:00,12.620845794677734,12.620845794677734,12.472945258021356,12.620845794677734,90900,WHR,12.275747299194336,0,1.0,1.0,1.0039216916690066,3.0,1.0705161819415412,29.0,1.2137794182816861,104.0,1.1447881446763684,453.0
1989-07-18 00:00:00-04:00,12.571548438933958,12.571548438933958,12.127846729324524,12.275747299194336,84600,WHR,12.571544647216797,1,0.9861387261227987,0.0,0.9772373140256182,2.0,1.039355940073533,28.0,1.1796525774166675,104.0,1.113106699701019,452.0
1989-07-19 00:00:00-04:00,12.325043771781171,12.62084482230392,12.325043771781171,12.571544647216797,130600,WHR,12.423636436462402,0,1.011904611120617,1.0,1.0031470378373564,2.0,1.0622499709347355,28.0,1.2068282140442712,105.0,1.1395032891209183,453.0
1989-07-20 00:00:00-04:00,12.620837014818948,12.71943730399722,12.423636436462402,12.423636436462402,362900,WHR,12.423636436462402,0,0.9940825309382947,1.0,0.9936902694193234,2.0,1.0477816257458323,28.0,1.1914865894939632,104.0,1.125672594775348,453.0
1989-07-21 00:00:00-04:00,12.325036147284129,12.522236725640674,12.275736002694993,12.423636436462402,102000,WHR,12.325042724609377,0,1.0,0.0,0.9968349974788209,1.0,1.045818373291447,28.0,1.190432124373665,103.0,1.1252314643533754,453.0
1989-07-24 00:00:00-04:00,12.423643066406251,12.522243408203126,12.325042724609377,12.325042724609377,34700,WHR,12.275747299194336,0,0.9960162030785018,0.0,0.9936408188229993,1.0,1.0361467094573555,27.0,1.179942470219343,103.0,1.1158743255151011,453.0
1989-07-25 00:00:00-04:00,12.325047489150938,12.571548438933958,12.226447109237732,12.275747299194336,54100,WHR,12.275747299194336,0,0.9979961852701746,0.0,0.9896666381269902,1.0,1.0309220592181294,26.0,1.1742301250865395,102.0,1.1109994934743073,452.0
1989-07-26 00:00:00-04:00,12.226447109237732,12.325047489150938,12.226447109237732,12.275747299194336,53500,WHR,12.275747299194336,0,1.0,0.0,0.9944093908192667,0.0,1.0299845389343005,25.0,1.173387184340012,101.0,1.1105773294193366,452.0
1989-07-27 00:00:00-04:00,12.226447109237732,12.423647869064146,12.177146919281128,12.275747299194336,98200,WHR,12.472939491271973,1,1.0,0.0,0.996797700151407,0.0,1.0290487222626685,25.0,1.1724395921187503,101.0,1.1101490687495648,452.0
1989-07-28 00:00:00-04:00,12.374339179088006,12.472939491271973,12.32503902299602,12.472939491271973,85600,WHR,12.719441413879396,1,1.00796778405849,1.0,1.0119995237913293,1.0,1.0441999809038478,26.0,1.1901578800067931,102.0,1.1275140789859457,453.0
1989-07-31 00:00:00-04:00,12.571540932322655,12.768741574398309,12.374340290247009,12.719441413879396,117200,WHR,12.325042724609377,0,1.0097847807055433,2.0,1.025436856842558,2.0,1.0629964797308582,27.0,1.2124079001856771,103.0,1.1492946831200876,454.0
1989-08-01 00:00:00-04:00,12.719444091796875,12.719444091796875,12.2264423828125,12.325042724609377,463700,WHR,12.275747299194336,0,0.9842520737464941,1.0,0.9928514203603229,2.0,1.0284735581676367,27.0,1.1737191541468053,103.0,1.1132068597163582,454.0
1989-08-02 00:00:00-04:00,12.226447109237732,12.374347679107542,12.127846729324524,12.275747299194336,108800,WHR,12.472939491271973,1,0.9979961852701746,0.0,0.9888803969542244,2.0,1.0228096467099166,27.0,1.1680211319964844,102.0,1.1083105476815285,454.0
1989-08-03 00:00:00-04:00,12.32503902299602,12.522239647363955,12.275738866904035,12.472939491271973,75900,WHR,12.423636436462402,0,1.00796778405849,1.0,1.0015833177223927,3.0,1.0378773427461008,27.0,1.1855915985832284,103.0,1.1256519019933,454.0
1989-08-04 00:00:00-04:00,12.522236725640674,12.522236725640674,12.374336291873265,12.423636436462402,125400,WHR,12.52224826812744,1,0.9980196853192712,1.0,0.9984148144644226,2.0,1.0324919944177815,27.0,1.1797422684258108,103.0,1.1207475543704186,454.0
1989-08-07 00:00:00-04:00,12.472948078095444,12.719449028255433,12.374347698031448,12.52224826812744,204900,WHR,12.867339134216309,1,1.0039530300421413,1.0,1.0095393550639673,2.0,1.0393962019987535,27.0,1.1878281920297327,104.0,1.1291904563561048,454.0
1989-08-08 00:00:00-04:00,12.571538234579153,12.916639284155831,12.571538234579153,12.867339134216309,179100,WHR,12.571544647216797,0,1.0135918264688701,2.0,1.0283684597218594,3.0,1.0664241353933337,27.0,1.2189833865231192,105.0,1.1597944221069183,455.0
1989-08-09 00:00:00-04:00,12.965946047913794,12.965946047913794,12.571544647216797,12.571544647216797,284700,WHR,12.76875114440918,1,0.9883723480345705,1.0,1.0000002427512797,3.0,1.040759706746411,27.0,1.189619450749221,104.0,1.1326631793979742,454.0
1989-08-10 00:00:00-04:00,12.620850552002896,12.76875114440918,12.522250157065374,12.76875114440918,290100,WHR,12.620845794677734,0,1.0077823281469962,1.0,1.010929495230875,3.0,1.0554918931626471,28.0,1.206852358272117,104.0,1.1499381495921654,454.0
1989-08-11 00:00:00-04:00,12.818046510219574,12.818046510219574,12.620845794677734,12.620845794677734,132400,WHR,12.620845794677734,0,0.9941745688170517,1.0,0.9961089632401394,3.0,1.0419918080924877,27.0,1.1915948219328751,103.0,1.1361508155086737,453.0
1989-08-14 00:00:00-04:00,12.620845794677734,12.719446152448654,12.620845794677734,12.620845794677734,120100,WHR,11.930638313293455,0,1.0,0.0,0.9945610527209234,2.0,1.0404390133316,27.0,1.1902770058111936,103.0,1.135695045433713,452.0
1989-08-15 00:00:00-04:00,11.930638313293455,12.127838946571035,11.782737838335274,11.930638313293455,422200,WHR,11.832043647766112,0,0.971887341785575,0.0,0.9542582942877489,1.0,0.9834063763594957,26.0,1.124252695466657,102.0,1.0732244847142383,451.0
1989-08-16 00:00:00-04:00,11.9306440114975,12.127844738960269,11.634842920303344,11.832043647766112,287100,WHR,11.979941368103027,1,0.9958508612079683,0.0,0.9577015657067355,1.0,0.975543799770517,25.0,1.1140025768853663,102.0,1.064014487945447,450.0
1989-08-17 00:00:00-04:00,11.93064119786392,12.177142049059457,11.881341027624812,11.979941368103027,82800,WHR,11.930638313293455,0,1.0062110622125098,1.0,0.9822149665950648,1.0,0.9876709495755512,26.0,1.1268549236922019,103.0,1.0769530898621662,451.0
1989-08-18 00:00:00-04:00,11.979938471612853,11.979938471612853,11.832037996654668,11.930638313293455,182300,WHR,11.782739639282228,0,0.9979380234412328,1.0,0.9893701740035745,1.0,0.9834063724942915,26.0,1.1211560793296007,103.0,1.072153626805173,451.0
1989-08-21 00:00:00-04:00,11.93064013684644,11.979940302701175,11.782739639282228,11.782739639282228,346900,WHR,11.842449188232422,1,0.9937630701831258,0.0,0.9908789176258697,1.0,0.971084003068685,26.0,1.106233181881414,103.0,1.058512147457976,451.0
1989-08-22 00:00:00-04:00,11.742932808499376,11.842449188232422,11.742932808499376,11.842449188232422,339900,WHR,12.141003608703612,1,1.0025273681148594,1.0,0.9973796202038812,2.0,0.9760571627351493,26.0,1.1107665381837184,104.0,1.0635164206631293,452.0
1989-08-23 00:00:00-04:00,11.892212551148212,12.141003608703612,11.892212551148212,12.141003608703612,350300,WHR,12.240511894226074,1,1.0124483502437702,2.0,1.0172302537388715,3.0,1.0001718600007785,27.0,1.1376059345449312,104.0,1.0899240933784644,453.0
1989-08-24 00:00:00-04:00,12.19075371579426,12.240511894226074,12.04147918049882,12.240511894226074,412800,WHR,12.240511894226074,0,1.004081300258407,2.0,1.02110899101605,3.0,1.0080086925358485,27.0,1.1457368657268139,104.0,1.0984274694658505,454.0
1989-08-25 00:00:00-04:00,12.3400282510897,12.3400282510897,12.240511894226074,12.240511894226074,376200,WHR,12.439549446105955,1,1.0,1.0,1.0158570520984298,3.0,1.0079210284005933,26.0,1.144546399615362,104.0,1.0979896229150663,454.0
1989-08-28 00:00:00-04:00,12.290274852752686,12.439549446105955,12.141000259399414,12.439549446105955,125700,WHR,12.489304542541504,1,1.0080647105829763,1.0,1.0212419651595224,4.0,1.0240801739293683,26.0,1.1618636464862888,105.0,1.1153661056390594,455.0
1989-08-29 00:00:00-04:00,12.340029986256148,12.539062727969956,12.340029986256148,12.489304542541504,124900,WHR,12.489304542541504,0,1.001995883824351,2.0,1.0145512347953296,4.0,1.02759709610008,27.0,1.165276298550737,105.0,1.119341199023491,456.0
1989-08-30 00:00:00-04:00,12.489304542541504,12.63857909882686,12.439546357113052,12.489304542541504,246900,WHR,12.489304542541504,0,1.0,1.0,1.0088424494889123,3.0,1.0271574016819558,26.0,1.1640858780301997,104.0,1.118862004295516,455.0
1989-08-31 00:00:00-04:00,12.439546357113052,12.539062727969956,12.439546357113052,12.489304542541504,54400,WHR,12.63858413696289,1,1.0,0.0,1.0048038209596517,2.0,1.0268568136469551,25.0,1.162815097640426,104.0,1.1183918475789114,454.0
1989-09-01 00:00:00-04:00,12.439551315908355,12.738100547490156,12.439551315908355,12.63858413696289,129700,WHR,12.539066314697266,0,1.0059407933680933,1.0,1.0103423557997522,3.0,1.0385438832743232,26.0,1.175323528737672,105.0,1.1312755820153892,454.0
1989-09-05 00:00:00-04:00,12.63858271402026,12.63858271402026,12.439549915374272,12.539066314697266,90500,WHR,12.489304542541504,0,0.9960473745373225,1.0,1.0007944296604732,2.0,1.029925290980554,26.0,1.164756602170979,104.0,1.1219110067422073,453.0
1989-09-06 00:00:00-04:00,12.539062727969956,12.588820913398408,12.439546357113052,12.489304542541504,82800,WHR,12.439549446105955,0,0.9980117854078637,0.0,0.9968227380581131,1.0,1.024984929830566,26.0,1.158872048296816,103.0,1.1170004393190531,453.0
1989-09-07 00:00:00-04:00,12.58882403945923,12.638582237243652,12.439549446105955,12.439549446105955,53100,WHR,12.588820457458496,1,0.998004116175649,0.0,0.9936407603194582,1.0,1.0195730796216724,26.0,1.1530017404685269,103.0,1.1121144308357722,452.0
1989-09-08 00:00:00-04:00,12.439545906579545,12.638578641084814,12.439545906579545,12.588820457458496,44400,WHR,12.539066314697266,0,1.005964072447694,1.0,1.003968037328653,2.0,1.0301876351097605,27.0,1.1655071326359274,104.0,1.1249905134173475,453.0
1989-09-11 00:00:00-04:00,12.588824514358764,12.63858271402026,12.439549915374272,12.539066314697266,58900,WHR,12.489304542541504,0,0.9980199631106121,1.0,1.0015899547052058,1.0,1.024645725281893,26.0,1.1596205830869284,103.0,1.1200782117994648,453.0
1989-09-12 00:00:00-04:00,12.588820913398408,12.63857909882686,12.439546357113052,12.489304542541504,113000,WHR,12.38979148864746,0,0.9980117854078637,0.0,0.9984088108184214,1.0,1.0191196909355689,26.0,1.1537063910016487,103.0,1.115178558116988,452.0
1989-09-13 00:00:00-04:00,12.539066084896223,12.539066084896223,12.38979148864746,12.38979148864746,121800,WHR,12.041479110717772,0,0.99600013385658,0.0,0.9920319865925339,1.0,1.0097596340323514,25.0,1.1433376942004252,102.0,1.1058585790290776,451.0
1989-09-14 00:00:00-04:00,12.389786357722008,12.389786357722008,11.94196275443085,12.041479110717772,140200,WHR,12.041479110717772,0,0.9857431738348174,0.0,0.9703285737682986,1.0,0.98043693512374,25.0,1.1101970893697553,102.0,1.0743730226372927,451.0
1989-09-15 00:00:00-04:00,12.041479110717772,12.091237288861237,11.892204576287387,12.041479110717772,194100,WHR,11.742927551269531,0,1.0,0.0,0.9789642041998772,0.0,0.9804206548530905,24.0,1.1092788901115234,101.0,1.0739745344703366,451.0
1989-09-18 00:00:00-04:00,12.041476556810284,12.041476556810284,11.643411216089282,11.742927551269531,467400,WHR,11.643415451049805,0,0.987447592715214,0.0,0.9672128384128977,0.0,0.9559722906080604,24.0,1.0809817296797386,101.0,1.0469863929840018,451.0
1989-09-19 00:00:00-04:00,11.742931822426298,11.842448193802792,11.54389907967331,11.643415451049805,196600,WHR,11.693172454833984,1,0.9957448627085536,0.0,0.9725686544391426,0.0,0.947796748599951,24.0,1.0711118806369833,100.0,1.0377660577277363,451.0
1989-09-20 00:00:00-04:00,11.593656093516248,11.742930635492852,11.54389791285738,11.693172454833984,171100,WHR,11.543896675109863,0,1.0021321456240668,1.0,0.9882254516908233,1.0,0.9518354094008463,24.0,1.0749580386939488,101.0,1.0418490313396507,451.0
1989-09-21 00:00:00-04:00,11.693171201081112,11.74292937640486,11.295105798491116,11.543896675109863,112900,WHR,11.444385528564451,0,0.9935759635223634,1.0,0.9838846054701456,1.0,0.9400517070700362,23.0,1.0605537858712721,101.0,1.0282172711565731,450.0
1989-09-22 00:00:00-04:00,11.543901924465017,11.593660122415294,11.344869132663892,11.444385528564451,154300,WHR,11.494141578674316,1,0.9956712230316405,0.0,0.985433061833237,1.0,0.9324388252495434,23.0,1.0507569892143407,101.0,1.0190188071613682,450.0
1989-09-25 00:00:00-04:00,11.344867012717508,11.543899767326586,11.295108824065236,11.494141578674316,92400,WHR,11.394623756408691,0,1.0021691039654486,1.0,0.9939759642254189,2.0,0.9366716970564641,24.0,1.0546124460550423,102.0,1.0230926896259933,451.0
1989-09-26 00:00:00-04:00,11.54389830343588,11.593656485778276,11.394623756408691,11.394623756408691,83200,WHR,11.394623756408691,0,0.9956521105088579,1.0,0.989628297206189,2.0,0.9291138523780832,23.0,1.0447955629915002,102.0,1.0138904829686555,451.0
1989-09-27 00:00:00-04:00,11.494140121093483,11.593656485778276,11.344865574066295,11.394623756408691,65700,WHR,11.543896675109863,1,1.0,0.0,0.9947870822280726,1.0,0.9296664937605252,23.0,1.0441105556078034,102.0,1.013544641502962,451.0
1989-09-28 00:00:00-04:00,11.344863973814864,11.543896675109863,11.344863973814864,11.543896675109863,93800,WHR,11.593658447265623,1,1.0065075216663086,1.0,1.0078190852520328,2.0,0.9422777754854804,23.0,1.0571673771821697,102.0,1.0264566510232644,452.0
1989-09-29 00:00:00-04:00,11.543900256504829,11.593658447265623,11.394625684222438,11.593658447265623,151200,WHR,11.643415451049805,1,1.00215069275438,2.0,1.0095322017071384,3.0,0.9471549743472912,23.0,1.0610447244947332,103.0,1.0305058112015402,453.0
1989-10-02 00:00:00-04:00,11.593657265361555,11.643415451049805,11.494140893985064,11.643415451049805,78600,WHR,11.693172454833984,1,1.0021412766513509,2.0,1.011236003449515,3.0,0.952167547382004,23.0,1.0648972895337605,104.0,1.034539105255183,454.0
1989-10-03 00:00:00-04:00,11.643414274175116,11.79268881615172,11.54389791285738,11.693172454833984,192600,WHR,11.543896675109863,0,1.0021321456240668,2.0,1.0103180959726301,4.0,0.9568677207312245,24.0,1.0687626941164157,104.0,1.0385766967396362,454.0
1989-10-04 00:00:00-04:00,11.693171201081112,11.693171201081112,11.444380324462363,11.543896675109863,110300,WHR,11.295111656188965,0,0.9935759635223634,1.0,0.9948540776395365,4.0,0.9456597645604522,23.0,1.0545742600594932,103.0,1.024953508382788,454.0
1989-10-05 00:00:00-04:00,11.543902661831892,11.543902661831892,11.245353455060378,11.295111656188965,343500,WHR,11.295111656188965,0,0.9891070130842783,0.0,0.9776057972260512,3.0,0.9270824983906479,22.0,1.0314083613889764,103.0,1.0025377758953498,453.0
1989-10-06 00:00:00-04:00,11.344869857317551,11.394628058446136,11.295111656188965,11.295111656188965,161700,WHR,11.543896675109863,1,1.0,0.0,0.9826842290811327,2.0,0.9287041292516367,22.0,1.030952203044749,103.0,1.0022016756930165,453.0
1989-10-09 00:00:00-04:00,11.295105798491116,11.543896675109863,11.295105798491116,11.543896675109863,237600,WHR,11.792692184448242,1,1.0108929869157217,1.0,1.0060708913912306,2.0,0.9505625258637508,22.0,1.0530249977453223,104.0,1.0239141152633138,453.0
1989-10-10 00:00:00-04:00,11.543901210092796,11.892208574190422,11.543901210092796,11.792692184448242,271200,WHR,11.693172454833984,0,1.0106611772112735,2.0,1.0259741371760034,2.0,0.972154068751357,23.0,1.074955906743484,105.0,1.0455890796152927,454.0
1989-10-11 00:00:00-04:00,11.79268881615172,11.842446996810589,11.693172454833984,11.693172454833984,213800,WHR,11.742927551269531,1,0.9957625690540768,1.0,1.014680282420744,2.0,0.9647221528474181,23.0,1.0651478239705416,105.0,1.036369605287288,454.0
1989-10-12 00:00:00-04:00,11.693169383679408,11.742927551269531,11.693169383679408,11.742927551269531,97400,WHR,11.145838737487791,0,1.00212301092855,1.0,1.0111393445021852,3.0,0.9699322304599177,23.0,1.0689221890251839,106.0,1.0403778072306036,455.0
1989-10-13 00:00:00-04:00,11.742937241281782,11.742937241281782,10.897047694240298,11.145838737487791,302300,WHR,11.344870567321776,1,0.9739134557866046,1.0,0.962199765665462,3.0,0.9222366538484723,23.0,1.0141612122281567,105.0,0.9871757248445974,454.0
1989-10-16 00:00:00-04:00,10.847288524895385,11.344870567321776,10.797530320652744,11.344870567321776,240000,WHR,11.24535083770752,0,1.0088495132428492,1.0,0.9827588833414921,3.0,0.9401036430432497,24.0,1.0317796109018211,106.0,1.0044708694838551,455.0
1989-10-17 00:00:00-04:00,11.24535083770752,11.344867216802276,10.946801700423247,11.24535083770752,235000,WHR,11.24535083770752,0,0.9955945659925183,1.0,0.9834638754662166,2.0,0.9332484691436388,24.0,1.022314377895482,105.0,0.9953441219104824,454.0
1989-10-18 00:00:00-04:00,11.096076269065383,11.344867216802276,11.046318079518006,11.24535083770752,140000,WHR,11.543896675109863,1,1.0,0.0,0.9912280274069609,2.0,0.934580438003406,24.0,1.0219182311761663,104.0,0.995036600962353,453.0
1989-10-19 00:00:00-04:00,11.096073097196118,11.543896675109863,11.04631492187237,11.543896675109863,170600,WHR,11.195595741271973,0,1.013100293778214,1.0,1.0211263904567558,2.0,0.960365568535637,25.0,1.0486012403329872,104.0,1.0211263169359681,453.0
1989-10-20 00:00:00-04:00,11.643419570922852,11.643419570922852,11.096079334682887,11.195595741271973,144500,WHR,10.897047996520996,0,0.9846829943492068,1.0,0.9894461286724743,2.0,0.9327865559312735,25.0,1.0167111381084417,103.0,0.990015608283691,453.0
1989-10-23 00:00:00-04:00,11.145839046669876,11.344871886788985,10.747773366431668,10.897047996520996,107200,WHR,10.897047996520996,0,0.9864865541537583,0.0,0.9707450064421631,1.0,0.9099035275520904,24.0,0.98949559700355,102.0,0.9633328706701363,453.0
1989-10-24 00:00:00-04:00,10.897047996520996,10.897047996520996,10.349707686193458,10.897047996520996,219200,WHR,10.698020935058594,0,1.0,0.0,0.9768066714428797,1.0,0.9122170598272107,23.0,0.9893922405599362,102.0,0.9630725822890466,452.0
1989-10-25 00:00:00-04:00,10.847295645780342,10.89705388268759,10.598504461244096,10.698020935058594,87000,WHR,10.299951553344728,0,0.9907836801960213,0.0,0.9684690580292963,1.0,0.8975936084692604,23.0,0.9711387313056706,102.0,0.9452763319247547,451.0
1989-10-26 00:00:00-04:00,10.698017313860465,10.747775533924932,10.150676893151324,10.299951553344728,113100,WHR,10.20042896270752,0,0.9810424848430624,0.0,0.9539171310370052,0.0,0.8665887928586476,23.0,0.9349296206353659,102.0,0.9099259338614089,451.0
1989-10-27 00:00:00-04:00,10.299945342831496,10.498978103079446,10.20042896270752,10.20042896270752,98500,WHR,10.498978614807127,1,0.9951453295923323,0.0,0.9624408599969684,0.0,0.8609590002669749,22.0,0.9258245721865876,102.0,0.9009562328502285,451.0
1989-10-30 00:00:00-05:00,10.29994584485818,10.548736807294366,10.29994584485818,10.498978614807127,234300,WHR,10.797531127929688,1,1.014423101288363,1.0,0.9981074993669451,1.0,0.8885636175401763,23.0,0.9527617633029223,102.0,0.9271167941192135,452.0
1989-10-31 00:00:00-05:00,10.54874008811564,10.897047543855308,10.54874008811564,10.797531127929688,103700,WHR,11.046319961547852,1,1.014018847065979,2.0,1.0284359838287664,2.0,0.916059712409279,23.0,0.9796349849799711,102.0,0.9532352588724482,453.0
1989-11-01 00:00:00-05:00,10.7975289714229,11.195594555622824,10.7975289714229,11.046319961547852,110400,WHR,10.99656105041504,0,1.0113894217919297,2.0,1.0451976626220025,3.0,0.9395862448681456,23.0,1.0018744128214052,103.0,0.9749193235192608,454.0
1989-11-02 00:00:00-05:00,10.94680285561678,11.046319245213295,10.897044660818525,10.99656105041504,51300,WHR,11.195595741271973,1,0.9977426312329226,1.0,1.0269516323044103,3.0,0.9374469162623801,23.0,0.9970485044138236,103.0,0.9702500371267538,454.0
1989-11-03 00:00:00-05:00,11.046321131388346,11.245353944566515,11.046321131388346,11.195595741271973,131500,WHR,11.295111656188965,1,1.0089686952343222,1.0,1.0264599352288237,4.0,0.9565524997669785,23.0,1.0147559638123615,103.0,0.9875132726396089,454.0
1989-11-06 00:00:00-05:00,11.195595253931794,11.344869857317551,11.145837052803207,11.295111656188965,108300,WHR,11.494141578674316,1,1.0044247569966709,2.0,1.0206834554073807,4.0,0.9668804690297589,24.0,1.0233442641118105,104.0,0.9959951381076503,454.0
1989-11-07 00:00:00-05:00,11.245350635412969,11.593657955978856,11.245350635412969,11.494141578674316,98900,WHR,11.643415451049805,1,1.0087334990942518,2.0,1.0257547094194244,4.0,0.9855019212943197,25.0,1.040808457823156,105.0,1.0132266583624807,455.0
1989-11-08 00:00:00-05:00,11.593657265361555,11.842448193802792,11.54389907967331,11.643415451049805,253700,WHR,11.593658447265623,0,1.0064515831201937,2.0,1.0281193233571873,4.0,0.9987104978794201,26.0,1.053529627141622,106.0,1.0260452547039638,456.0
1989-11-09 00:00:00-05:00,11.69317482878722,11.742933019548015,11.344867493461642,11.593658447265623,99800,WHR,11.593658447265623,0,0.9978587233486489,1.0,1.0130434163059328,4.0,0.99478161763003,26.0,1.0482551690672512,106.0,1.021338201676316,455.0
1989-11-10 00:00:00-05:00,11.593658447265623,11.69317482878722,11.543900256504829,11.593658447265623,35000,WHR,11.643415451049805,1,1.0,0.0,1.0060448931455823,3.0,0.9953314486427828,25.0,1.0473754652293823,106.0,1.021027676679461,454.0
1989-11-13 00:00:00-05:00,11.643415451049805,11.643415451049805,11.593657265361555,11.643415451049805,115900,WHR,11.693172454833984,1,1.0021412766513509,1.0,1.004291792678806,3.0,1.0000141359397285,26.0,1.050951519072624,107.0,1.0251012817526166,454.0
1989-11-14 00:00:00-05:00,11.643414274175116,11.79268881615172,11.593656093516248,11.693172454833984,111200,WHR,11.792692184448242,1,1.0021321456240668,2.0,1.005132469940414,3.0,1.0044163757867928,27.0,1.0545205815761534,107.0,1.0291639866164697,455.0
1989-11-15 00:00:00-05:00,11.792692184448242,11.892208574190422,11.643417599834974,11.792692184448242,104000,WHR,11.693172454833984,0,1.0042374309459232,2.0,1.0110922785420045,3.0,1.013037051784615,27.0,1.0626389330092014,107.0,1.0375915794837685,456.0
1989-11-16 00:00:00-05:00,11.892205177469457,11.991721538787193,11.693172454833984,11.693172454833984,196400,WHR,11.842449188232422,1,0.9957625690540768,1.0,1.0008516705561712,3.0,1.005132393036033,26.0,1.0528428275692507,107.0,1.0285196417409548,455.0
1989-11-17 00:00:00-05:00,11.693174618632852,11.892207378098943,11.64341642876633,11.842449188232422,65800,WHR,11.742927551269531,0,1.0063425872348868,1.0,1.0093300114990573,4.0,1.01854491859391,26.0,1.0653337344115468,108.0,1.0413307250759747,455.0
1989-11-20 00:00:00-05:00,11.892202054039908,11.892202054039908,11.643411216089282,11.742927551269531,97800,WHR,11.941967010498049,1,0.9957803668746912,1.0,0.9991529554364067,3.0,1.010706172081297,26.0,1.0554603279204366,108.0,1.0322644433912302,455.0
1989-11-21 00:00:00-05:00,11.842450618743896,12.140999794006348,11.742934226989746,11.941967010498049,96500,WHR,11.742927551269531,0,1.0084036455686745,1.0,1.0118045888746243,3.0,1.028571539813488,26.0,1.0722468777882397,109.0,1.0494344487138378,455.0
1989-11-22 00:00:00-05:00,11.842443886449782,11.892202054039908,11.643411216089282,11.742927551269531,102600,WHR,11.643415451049805,0,0.9915963544313258,1.0,0.9957803346632021,2.0,1.0125129471402108,25.0,1.0534042412770488,108.0,1.0316285350905823,455.0
1989-11-24 00:00:00-05:00,11.792690008114546,11.792690008114546,11.643415451049805,11.643415451049805,18000,WHR,11.792692184448242,1,0.9957448627085536,0.0,0.988175761262422,2.0,1.005154547828326,25.0,1.043665591464649,107.0,1.0225911532721406,454.0
1989-11-27 00:00:00-05:00,11.643417599834974,11.842450379319333,11.643417599834974,11.792692184448242,45000,WHR,11.89220905303955,1,1.006369519022533,1.0,1.0016908686547303,2.0,1.0190627264437395,26.0,1.0561869159260775,107.0,1.035408953470068,454.0
1989-11-28 00:00:00-05:00,11.742934462415624,11.89220905303955,11.742934462415624,11.89220905303955,68000,WHR,11.902252197265623,1,1.0042017008048063,2.0,1.0075887077724526,3.0,1.0287683419987286,26.0,1.064178561178934,108.0,1.0438526409271853,454.0
1989-11-29 00:00:00-05:00,11.852031723859442,11.902252197265623,11.70137030364089,11.902252197265623,174400,WHR,11.852036476135254,0,1.0004220790763203,2.0,1.009118749637461,3.0,1.0305833882357367,27.0,1.0642080997322065,108.0,1.0444411992054496,454.0
1989-11-30 00:00:00-05:00,11.9022569696782,12.002697956764091,11.751595489049365,11.852036476135254,181000,WHR,11.801810264587402,0,0.9978860355777944,1.0,1.0030055719047926,3.0,1.027179997739604,27.0,1.058854805872663,108.0,1.0397397386378422,454.0
1989-12-01 00:00:00-05:00,11.852030733798411,11.902251203009422,11.801810264587402,11.801810264587402,226700,WHR,11.751593589782717,0,0.9978766154994408,0.0,0.996084656709846,3.0,1.0237701231279357,27.0,1.0535100003798907,108.0,1.0350485354568448,453.0
1989-12-04 00:00:00-05:00,11.801814075209135,11.801814075209135,11.701373104356293,11.751593589782717,135100,WHR,11.60093116760254,0,0.9978679652794487,0.0,0.9925348924559663,2.0,1.0206494255681087,26.0,1.048193512963676,108.0,1.0303534892227697,453.0
1989-12-05 00:00:00-05:00,11.701372130092604,11.751592611337635,11.60093116760254,11.60093116760254,117800,WHR,11.952475547790527,1,0.9935483454681906,0.0,0.9846547449141673,1.0,1.0089342070456067,26.0,1.0339709563468555,108.0,1.01686820783607,453.0
1989-12-06 00:00:00-05:00,11.701373120315935,12.002696033285446,11.701373120315935,11.952475547790527,114100,WHR,11.902252197265623,0,1.014925415437175,1.0,1.0136286703915471,1.0,1.0403175659266806,27.0,1.0644185623848563,108.0,1.0473684846984919,453.0
1989-12-07 00:00:00-05:00,11.95247267067181,12.002693144077991,11.852031723859442,11.902252197265623,117100,WHR,11.751593589782717,0,0.9978946164860207,1.0,1.008510526955529,1.0,1.036679414864978,27.0,1.059066912446723,108.0,1.0426576318572176,453.0
1989-12-08 00:00:00-05:00,11.90225504606198,11.9524755314884,11.751593589782717,11.751593589782717,44800,WHR,11.651153564453123,0,0.9936306929182146,0.0,0.9965929091794585,1.0,1.0239880445358822,27.0,1.0447609361129968,108.0,1.0291733551366011,452.0
1989-12-11 00:00:00-05:00,11.801815032958984,11.801815032958984,11.651153564453123,11.651153564453123,37000,WHR,11.902252197265623,1,0.9957081950820712,0.0,0.9897612204458273,1.0,1.0158119128930674,27.0,1.0350661900069176,107.0,1.0200906710798263,452.0
1989-12-12 00:00:00-05:00,11.70137030364089,11.902252197265623,11.70137030364089,11.902252197265623,201100,WHR,11.952475547790527,1,1.010660820577405,1.0,1.0059421147970602,2.0,1.0374638916618555,28.0,1.0564259895589674,108.0,1.0417557627782594,453.0
1989-12-13 00:00:00-05:00,12.002696033285446,12.002696033285446,11.90225506229561,11.952475547790527,167300,WHR,12.103132247924805,1,1.0021053835139793,2.0,1.010186839459408,2.0,1.0413740619097893,29.0,1.0599515931303043,108.0,1.0458445011256112,453.0
1989-12-14 00:00:00-05:00,11.952470850647732,12.103132247924805,11.952470850647732,12.103132247924805,137000,WHR,12.705780029296877,1,1.006262851531904,2.0,1.0194582594066575,3.0,1.0538728364435719,29.0,1.0723124127578578,109.0,1.0587002347700243,454.0
1989-12-15 00:00:00-05:00,12.153354810631791,12.756000503720973,12.052913861783598,12.705780029296877,256100,WHR,12.103132247924805,0,1.024291584195144,2.0,1.0532888594757708,4.0,1.1044856712200792,30.0,1.1243608006195176,110.0,1.1110292201498557,454.0
1989-12-18 00:00:00-05:00,12.605336905515044,12.856439234310166,11.902250384888708,12.103132247924805,128500,WHR,12.354239463806152,1,0.9757084158048561,1.0,0.9958676259870767,4.0,1.0510956621439267,30.0,1.0699994102626091,109.0,1.0580177429288222,454.0
1989-12-19 00:00:00-05:00,12.203578006930467,12.45468043505661,12.052916550054782,12.354239463806152,166900,WHR,12.50489902496338,1,1.0102671382207804,1.0,1.0090239950379267,4.0,1.0715690338597994,30.0,1.0910882582960215,109.0,1.0796367891476817,454.0
1989-12-20 00:00:00-05:00,12.454678546951476,12.60533998098718,12.253796634903871,12.50489902496338,129000,WHR,12.50489902496338,0,1.006060530264365,2.0,1.0121952029108974,4.0,1.0828986979755169,31.0,1.103213385461862,110.0,1.0924195123093774,455.0
1989-12-21 00:00:00-05:00,12.50489902496338,12.55511950297528,12.354237590927674,12.50489902496338,37100,WHR,12.806220054626465,1,1.0,1.0,1.0056543132510893,3.0,1.0811661729872981,31.0,1.1019976855274942,110.0,1.0920488218232278,454.0
1989-12-22 00:00:00-05:00,12.504897229811723,12.806220054626465,12.504897229811723,12.806220054626465,170400,WHR,13.05732536315918,1,1.0119046901369946,1.0,1.0282257070320668,3.0,1.105207842836225,31.0,1.1272282120924788,110.0,1.1179521938866661,455.0
1989-12-26 00:00:00-05:00,12.705781987997202,13.05732536315918,12.655561505831203,13.05732536315918,22800,WHR,13.157764434814451,1,1.0097088509899357,2.0,1.0325655954064776,4.0,1.1245114058990529,31.0,1.1479028718448447,110.0,1.139435961427964,455.0
1989-12-27 00:00:00-05:00,12.956882535046294,13.358646334582613,12.956882535046294,13.157764434814451,170800,WHR,13.157764434814451,0,1.0038313457031542,2.0,1.027450942660888,4.0,1.1307036064911353,31.0,1.155276061454497,110.0,1.147757023349348,455.0
1989-12-28 00:00:00-05:00,13.157764434814451,13.258205384698533,13.107543959872414,13.157764434814451,67000,WHR,13.258201599121094,1,1.0,1.0,1.017080720387393,3.0,1.1283367560974287,30.0,1.1538034948734481,110.0,1.1473137011544732,455.0
1989-12-29 00:00:00-05:00,13.1075402173129,13.308422059723824,13.057319756710168,13.258201599121094,106600,WHR,12.956886291503906,0,1.0038021386072957,1.0,1.0130465716597088,4.0,1.1341707955945506,31.0,1.1611685963832428,110.0,1.1556062437014585,456.0
1990-01-02 00:00:00-05:00,13.258209228515623,13.408870697021484,12.956886291503906,12.956886291503906,303800,WHR,13.00710391998291,1,0.9885060348119243,1.0,0.9877491099754031,3.0,1.1057749440484608,31.0,1.1334925979808428,110.0,1.128924867569197,455.0
1990-01-03 00:00:00-05:00,13.057324398438444,13.258206312260572,13.00710391998291,13.00710391998291,200000,WHR,13.157764434814451,1,1.0019341259979673,1.0,0.9923372208384765,3.0,1.107364107904469,32.0,1.1365772627245496,111.0,1.1328671917645312,456.0
1990-01-04 00:00:00-05:00,13.107543959872414,13.207984909756494,12.906662060104257,13.157764434814451,91900,WHR,12.756004333496094,0,1.0057581224101177,2.0,1.0038314041322949,3.0,1.1176313178721684,32.0,1.1483999508510794,111.0,1.1455406554630703,456.0
1990-01-05 00:00:00-05:00,13.107547760009766,13.107547760009766,12.756004333496094,12.756004333496094,298700,WHR,12.956886291503906,1,0.9844962689560747,1.0,0.9791829444229176,3.0,1.0820298752126274,31.0,1.1121922408817366,111.0,1.1101670169027114,456.0
1990-01-08 00:00:00-05:00,12.8564453125,13.00710678100586,12.8564453125,12.956886291503906,164300,WHR,12.956886291503906,0,1.0078125,1.0,0.9992255095470698,3.0,1.0971096433526255,32.0,1.1285081151291436,111.0,1.1272329672411032,456.0
1990-01-09 00:00:00-05:00,13.00710678100586,13.107547760009766,12.956886291503906,12.956886291503906,155900,WHR,13.00710391998291,1,1.0,1.0,0.9992255095470698,3.0,1.0952333155799363,31.0,1.127273762225783,111.0,1.1268504082130348,455.0
1990-01-10 00:00:00-05:00,13.00710391998291,13.057324398438444,12.80622200616078,13.00710391998291,90700,WHR,13.459091186523438,1,1.0019341259979673,1.0,1.003098255998359,3.0,1.0966026712018528,32.0,1.130405624749592,111.0,1.1308333586039496,455.0
1990-01-11 00:00:00-05:00,13.057327270507812,13.459091186523438,13.057327270507812,13.459091186523438,138900,WHR,12.655560493469238,0,1.0170779088086377,2.0,1.0331534763746837,3.0,1.131347840849486,32.0,1.1682256703057017,112.0,1.1697076354869789,455.0
1990-01-12 00:00:00-05:00,13.057324318658736,13.157765274956112,12.655560493469238,12.655560493469238,152700,WHR,12.756004333496094,1,0.9692306563035719,1.0,0.9729728386199665,3.0,1.0617068707754922,32.0,1.0975635346809944,111.0,1.0995591036594372,454.0
1990-01-15 00:00:00-05:00,12.70578384399414,12.806224822998049,12.605342864990234,12.756004333496094,70300,WHR,12.705780029296877,0,1.003952682202407,1.0,0.9837336267119344,3.0,1.0678777768375434,33.0,1.1052577577017242,112.0,1.1079632273818458,454.0
1990-01-16 00:00:00-05:00,12.655559554872776,12.85644145256917,12.55511860602458,12.705780029296877,106800,WHR,12.354239463806152,0,0.9980274632962249,1.0,0.9836701454133335,3.0,1.061951651293953,32.0,1.099877338334394,112.0,1.1032989162298785,453.0
1990-01-17 00:00:00-05:00,12.65556237755752,12.65556237755752,12.253798492555696,12.354239463806152,469300,WHR,12.404462814331056,1,0.985972055385373,0.0,0.9662215646800357,2.0,1.0309059434826242,32.0,1.0685777872322542,112.0,1.0725468758457286,452.0
1990-01-18 00:00:00-05:00,11.952478339314943,12.404462814331056,11.952478339314943,12.404462814331056,258300,WHR,12.20357608795166,0,1.002028513044048,1.0,0.9864219666843996,2.0,1.0329313679018197,33.0,1.071996886940152,113.0,1.0766651606412947,453.0
1990-01-19 00:00:00-05:00,12.454678476592642,12.504898954320838,12.20357608795166,12.20357608795166,201400,WHR,12.002693176269531,0,0.9918365406045925,1.0,0.9774737140190503,2.0,1.014364030280115,33.0,1.0539417009797276,112.0,1.0590194530702686,452.0
1990-01-22 00:00:00-05:00,12.203575070433038,12.253795543973917,11.952472702728654,12.002693176269531,159000,WHR,12.354239463806152,1,0.9917012031267846,0.0,0.9731268770353477,1.0,0.9958666565446145,33.0,1.0359651612487126,112.0,1.0413913367046148,452.0
1990-01-23 00:00:00-05:00,12.052916550054782,12.354239463806152,12.052916550054782,12.354239463806152,193500,WHR,12.605337142944336,1,1.0144331099786434,1.0,1.0073710392787143,2.0,1.0221309305440986,34.0,1.0654441806237018,113.0,1.0716546041375319,453.0
1990-01-24 00:00:00-05:00,12.15335294259972,12.655557609649293,11.952471075779888,12.605337142944336,176600,WHR,12.555126190185549,0,1.0100601738200268,2.0,1.023653885460649,3.0,1.0394585275959247,35.0,1.0860895087144795,114.0,1.0931692632766659,454.0
1990-01-25 00:00:00-05:00,12.655567199707033,12.655567199707033,12.253803161621097,12.555126190185549,168500,WHR,12.15335750579834,0,0.9980043709015219,1.0,1.0170875288342103,2.0,1.0324005893749548,34.0,1.0808681849177795,113.0,1.08858710537826,453.0
1990-01-26 00:00:00-05:00,12.55512139028754,12.55512139028754,12.05291653467604,12.15335750579834,89100,WHR,12.052915573120115,0,0.9837396462959599,0.0,0.9853420641225022,2.0,0.9975098688162236,33.0,1.0455073397871149,113.0,1.0535801887957053,452.0
1990-01-29 00:00:00-05:00,12.153356536229452,12.203577017784118,11.952474610010784,12.052915573120115,130000,WHR,12.15335750579834,1,0.9958505825183926,0.0,0.9764035161533525,2.0,0.9879055895963335,32.0,1.036189017008931,112.0,1.0447097037937816,452.0
1990-01-30 00:00:00-05:00,12.002696049114888,12.15335750579834,11.95247556355374,12.15335750579834,172100,WHR,12.253803253173828,1,1.0041494174816072,1.0,0.9877551164037405,2.0,0.9945665401890159,33.0,1.0440881829083892,113.0,1.053244085233131,452.0
1990-01-31 00:00:00-05:00,12.153362242901911,12.354244263445745,12.153362242901911,12.253803253173828,217200,WHR,12.002693176269531,0,1.0041154212227887,2.0,1.0016422854771612,2.0,1.0013412515800857,33.0,1.0519577391768404,113.0,1.0617787905406435,452.0
1990-02-01 00:00:00-05:00,12.203575070433038,12.203575070433038,11.952472702728654,12.002693176269531,140200,WHR,12.253803253173828,1,0.9896477185963473,1.0,0.9900577426751183,2.0,0.9798770508528526,32.0,1.0297633492820617,112.0,1.0398880979764846,451.0
1990-02-02 00:00:00-05:00,12.103141737765954,12.304023758309787,12.052921232629997,12.253803253173828,119800,WHR,12.20357608795166,0,1.0103522814036527,1.0,1.0090987267430793,3.0,0.9993442556548164,32.0,1.0505669419828123,113.0,1.0615416902805854,451.0
1990-02-05 00:00:00-05:00,12.253796565679856,12.354237521136248,12.153355610223464,12.20357608795166,72500,WHR,12.20357608795166,0,0.9979463390365088,1.0,1.0024750125031492,3.0,0.9944908467492944,31.0,1.0455772491648128,112.0,1.0571134438514698,450.0
1990-02-06 00:00:00-05:00,12.153355610223464,12.304017043408052,12.153355610223464,12.20357608795166,153300,WHR,12.555126190185549,1,1.0,0.0,1.0016486011508006,2.0,0.9936677046837994,31.0,1.044877320536018,112.0,1.0570383587851686,449.0
1990-02-07 00:00:00-05:00,12.203582656860352,12.555126190185549,12.15336215209961,12.555126190185549,192300,WHR,12.454679489135742,0,1.0141990520458062,1.0,1.0254310243972595,2.0,1.020960298213688,32.0,1.0741466512935705,112.0,1.0873679357090016,450.0
1990-02-08 00:00:00-05:00,12.454679489135742,12.605340934568837,12.35423852551368,12.454679489135742,103800,WHR,12.50489902496338,1,0.9959837072571557,1.0,1.0097718323310625,2.0,1.0116798020634523,31.0,1.0647668867278182,112.0,1.078562297190042,449.0
1990-02-09 00:00:00-05:00,12.50489902496338,12.55511950297528,12.404458068939576,12.50489902496338,134200,WHR,12.454679489135742,0,1.0020120346102508,1.0,1.0097322379365166,2.0,1.0146440590197834,31.0,1.0682361303406733,113.0,1.0827978827422708,450.0
1990-02-12 00:00:00-05:00,12.35423852551368,12.555120452757803,12.35423852551368,12.454679489135742,54600,WHR,12.454679489135742,0,0.9979879653897493,1.0,1.00161544767777,2.0,1.009665382586142,30.0,1.063179920282048,112.0,1.0783452665049629,449.0
1990-02-13 00:00:00-05:00,12.40445900732471,12.555120452757803,12.35423852551368,12.454679489135742,108500,WHR,12.50489902496338,1,1.0,0.0,0.9975864077410336,2.0,1.0086276189811159,30.0,1.0624148373992197,112.0,1.0782432227116725,448.0
1990-02-14 00:00:00-05:00,12.55511950297528,12.60533998098718,12.454678546951476,12.50489902496338,74000,WHR,12.806220054626465,1,1.0020120346102508,1.0,1.0024154135114176,2.0,1.0117899187924295,30.0,1.0659485131855733,112.0,1.0824858086132634,448.0
1990-02-15 00:00:00-05:00,12.454676759009269,12.806220054626465,12.454676759009269,12.806220054626465,36200,WHR,12.50489902496338,0,1.0119046901369946,2.0,1.020816506030462,3.0,1.0346866374574193,31.0,1.0907367386777909,113.0,1.1084268250917186,449.0
1990-02-16 00:00:00-05:00,12.806221893034785,12.806221893034785,12.50489902496338,12.50489902496338,95600,WHR,12.404462814331056,0,0.9880953098630056,1.0,0.9967974372199859,2.0,1.0095759148294927,30.0,1.0642720581166645,113.0,1.0822372010071593,448.0
1990-02-20 00:00:00-05:00,12.404462814331056,12.404462814331056,12.203580825435004,12.404462814331056,147100,WHR,12.806220054626465,1,0.9959679332099995,0.0,0.9895836511288577,2.0,1.0005765966417104,30.0,1.0550193713979696,112.0,1.0734521361511693,447.0
1990-02-21 00:00:00-05:00,12.203574404996983,12.85644052542892,12.203574404996983,12.806220054626465,193200,WHR,12.856446266174316,1,1.0159359919913198,1.0,1.0159360919119615,3.0,1.0313711035643427,31.0,1.088278471045065,113.0,1.1081185643171338,447.0
1990-02-22 00:00:00-05:00,12.806225772947071,12.956887252628803,12.806225772947071,12.856446266174316,293500,WHR,12.555126190185549,0,1.0019571704249275,2.0,1.0142633023413214,3.0,1.0339398426964235,31.0,1.0916548988314263,113.0,1.1123524120814332,448.0
1990-02-23 00:00:00-05:00,12.705787704467774,12.956890228271485,12.555126190185549,12.555126190185549,359900,WHR,12.66658878326416,1,0.9881424073025692,1.0,0.9944315025289674,2.0,1.008810729803192,30.0,1.0652735991886233,113.0,1.086190350491557,448.0
1990-02-26 00:00:00-05:00,12.463923362731933,12.66658878326416,12.413257007598876,12.66658878326416,385700,WHR,12.818584442138672,1,1.0044193106295882,1.0,1.0006968022304783,3.0,1.0167261044205564,30.0,1.0738708120156841,114.0,1.0957471099214797,448.0
1990-02-27 00:00:00-05:00,12.565252733796012,12.818584442138672,12.565252733796012,12.818584442138672,333400,WHR,12.869254112243652,1,1.005964081842026,2.0,1.0061214806845555,4.0,1.027597805392418,31.0,1.0858319877126597,115.0,1.1087938996455322,449.0
1990-02-28 00:00:00-05:00,12.767921402698429,12.869254112243652,12.717255047925814,12.869254112243652,107900,WHR,13.274579048156738,1,1.0019725159046649,2.0,1.009100002651671,4.0,1.0301904779521616,32.0,1.0891963598376035,115.0,1.1130569600921025,450.0
1990-03-01 00:00:00-05:00,12.869248390197754,13.375911712646484,12.767915725708008,13.274579048156738,91500,WHR,13.426581382751465,1,1.01550365370779,2.0,1.0341013047454308,4.0,1.0604821246192597,33.0,1.1225404057327928,115.0,1.1479713384761006,450.0
1990-03-02 00:00:00-05:00,13.223916003389178,13.477247727592037,13.223916003389178,13.426581382751465,191000,WHR,13.22391414642334,0,1.0056927239169267,2.0,1.031931448419051,5.0,1.0700243031519083,34.0,1.1342533945230082,116.0,1.1609420523773428,451.0
1990-03-05 00:00:00-05:00,13.37591315960062,13.37591315960062,13.17324780869758,13.22391414642334,215500,WHR,13.274579048156738,1,0.9923953670540099,1.0,1.0077219189976483,4.0,1.0520960891300026,33.0,1.116087454930545,116.0,1.1432905140125083,450.0
1990-03-06 00:00:00-05:00,13.071913719177246,13.274579048156738,13.071913719177246,13.274579048156738,171400,WHR,13.22391414642334,0,1.0019119918012456,1.0,1.0046010674833383,4.0,1.0542086425189199,34.0,1.1192973841944773,117.0,1.1475158446549263,451.0
1990-03-07 00:00:00-05:00,13.22391414642334,13.32524682187486,13.22391414642334,13.22391414642334,235700,WHR,13.375911712646484,1,0.9980880081987544,1.0,0.9954233557456774,3.0,1.0481424875258802,34.0,1.1139660005085212,117.0,1.143023645344768,450.0
1990-03-08 00:00:00-05:00,13.223912715911863,13.375911712646484,13.223912715911863,13.375911712646484,127300,WHR,13.426581382751465,1,1.0057142316279983,1.0,1.0053312086828317,3.0,1.0577799014669145,35.0,1.1256984990463876,117.0,1.1560349656733926,450.0
1990-03-09 00:00:00-05:00,13.477247727592037,13.477247727592037,13.27458234822975,13.426581382751465,116800,WHR,13.274579048156738,0,1.0018904834682592,2.0,1.0091395323159817,3.0,1.0596579590748714,35.0,1.1288328629594402,118.0,1.1602598920510798,451.0
1990-03-12 00:00:00-05:00,13.325245380401611,13.325245380401611,13.223912715911863,13.274579048156738,113400,WHR,13.375911712646484,1,0.9943072760830733,1.0,0.9969557885641418,3.0,1.0458427878697163,34.0,1.1149587847495799,118.0,1.1469828104736899,451.0
1990-03-13 00:00:00-05:00,13.223912715911863,13.375911712646484,13.173246383666992,13.375911712646484,142500,WHR,13.477252006530762,1,1.0038022813688212,1.0,1.0030394419458435,3.0,1.0520680270655074,34.0,1.1223677960237417,118.0,1.1555898416975279,451.0
1990-03-14 00:00:00-05:00,13.375919284677147,13.52791836745757,13.375919284677147,13.477252006530762,440200,WHR,13.375911712646484,0,1.0037738679488222,2.0,1.00681342541295,4.0,1.0589678822553183,34.0,1.1296875301703637,119.0,1.1641873336570783,451.0
1990-03-15 00:00:00-05:00,13.527910709381104,13.527910709381104,13.325245380401611,13.375911712646484,90600,WHR,13.527910232543944,1,0.9962261320511778,1.0,0.9992428339920474,3.0,1.0492562230627676,34.0,1.1200220398338285,119.0,1.1552870953056913,451.0
1990-03-16 00:00:00-05:00,13.426577571626014,13.527910232543944,13.375911241167048,13.527910232543944,143800,WHR,13.375911712646484,0,1.0056496998904882,1.0,1.0090701515443172,3.0,1.0595537179178594,34.0,1.1314547044842154,120.0,1.1682409964679246,452.0
1990-03-19 00:00:00-05:00,13.375911712646484,13.47724437713623,13.375911712646484,13.375911712646484,231500,WHR,13.071918487548828,0,0.9943503001095116,1.0,0.9962263089531351,3.0,1.0464588194246744,33.0,1.1175029438016617,120.0,1.1549072756151177,452.0
1990-03-20 00:00:00-05:00,13.375916591910428,13.477249293364295,12.97058578609496,13.071918487548828,121700,WHR,12.869254112243652,0,0.9885059294922647,0.0,0.978013829003805,2.0,1.0219204886006965,33.0,1.0910082675453812,120.0,1.1284888752019662,451.0
1990-03-21 00:00:00-05:00,13.02125317656149,13.071919531334103,12.869254112243652,12.869254112243652,206200,WHR,12.565255165100098,0,0.9921875399222779,0.0,0.9716911802880204,1.0,1.00599421813115,32.0,1.07324529692302,119.0,1.1108947027064582,450.0
1990-03-22 00:00:00-05:00,12.76792057098881,12.76792057098881,12.007925298906144,12.565255165100098,443300,WHR,12.21058464050293,0,0.9880477761993094,0.0,0.9604958871731046,1.0,0.9828606117402775,31.0,1.0471892816166404,118.0,1.084593726578382,449.0
1990-03-23 00:00:00-05:00,12.463916272048634,12.463916272048634,12.058585661575508,12.21058464050293,261100,WHR,12.311922073364258,1,0.9856848233044775,0.0,0.9525688528435919,0.0,0.9562989560070112,30.0,1.0171675929328248,117.0,1.053954316324515,449.0
1990-03-26 00:00:00-05:00,12.311922073364258,12.413254765326103,12.261255727383334,12.311922073364258,69400,WHR,12.463918685913086,1,1.0041324255323385,1.0,0.9766881016775935,1.0,0.965301178419173,31.0,1.0251411295615813,117.0,1.0626824745266048,449.0
1990-03-27 00:00:00-05:00,12.36258601366989,12.463918685913086,12.210587005305095,12.463918685913086,100900,WHR,12.362585067749023,0,1.00613487203222,2.0,0.9983764862208041,2.0,0.9782336081286,31.0,1.0372879368172943,117.0,1.075780913396989,449.0
1990-03-28 00:00:00-05:00,12.46391773223877,12.46391773223877,12.210586071014404,12.362585067749023,92600,WHR,12.362585067749023,0,0.9959183290901719,1.0,0.9983632157654008,2.0,0.9710352958933975,31.0,1.0283681636667699,117.0,1.0670535609093978,448.0
1990-03-29 00:00:00-05:00,12.31191873550415,12.413251399993896,12.31191873550415,12.362585067749023,93600,WHR,12.413254737854004,1,1.0,0.0,1.0016419896874789,2.0,0.9718552918325489,30.0,1.027798679309805,117.0,1.0671351055702631,447.0
1990-03-30 00:00:00-05:00,12.362588391985213,12.413254737854004,12.31192204611642,12.413254737854004,79000,WHR,12.15992546081543,0,1.0020451242219253,1.0,1.0024551378440403,3.0,0.9767913929401723,30.0,1.0313557165002591,118.0,1.0715901615767107,447.0
1990-04-02 00:00:00-04:00,12.109259104728698,12.15992546081543,12.058592748641969,12.15992546081543,96100,WHR,12.15992546081543,0,0.9896908224743214,1.0,0.9844137572780813,2.0,0.957605677209743,30.0,1.0097350833401302,118.0,1.0498197864782046,447.0
1990-04-03 00:00:00-04:00,12.058592748641969,12.15992546081543,12.007926392555238,12.15992546081543,89400,WHR,12.21058464050293,1,1.0,0.0,0.9892829975721589,1.0,0.958608404323161,29.0,1.0091466065614947,118.0,1.0499223830693551,446.0
1990-04-04 00:00:00-04:00,12.109251987884647,12.21058464050293,12.058585661575508,12.21058464050293,174400,WHR,11.653258323669434,0,1.0020787082205866,1.0,0.9958674350431098,2.0,0.963546854244814,30.0,1.0127599406325958,118.0,1.054344948300173,447.0
1990-04-05 00:00:00-04:00,12.21058806958406,12.21058806958406,11.450592961518662,11.653258323669434,224000,WHR,11.653258323669434,0,0.9766455755818445,1.0,0.9615383767954256,2.0,0.9212080528331512,29.0,0.9661499700274285,118.0,1.0062972697250085,447.0
1990-04-06 00:00:00-04:00,11.75459100474482,11.75459100474482,11.349260280443277,11.653258323669434,210800,WHR,11.855928421020508,1,1.0,0.0,0.973750992770704,1.0,0.9234050469683943,28.0,0.9658594308776404,117.0,1.0063557928517886,447.0
1990-04-09 00:00:00-04:00,11.65326297792614,11.9065947817941,11.65326297792614,11.855928421020508,140900,WHR,11.855928421020508,0,1.0086208893379458,1.0,0.9957449942833644,2.0,0.9404578093629967,29.0,0.9822959818854557,118.0,1.0239268218111035,447.0
1990-04-10 00:00:00-04:00,11.855928421020508,11.855928421020508,11.805262060246916,11.855928421020508,67400,WHR,11.855928421020508,0,1.0,1.0,1.0008557296434049,2.0,0.9415782479431274,28.0,0.9819507403616435,117.0,1.0240053106723743,446.0
1990-04-11 00:00:00-04:00,11.855928421020508,11.855928421020508,11.805262060246916,11.855928421020508,121900,WHR,12.15992546081543,1,1.0,0.0,1.0068848407802615,1.0,0.9426386191515362,28.0,0.9815422285716656,117.0,1.0240857514248367,445.0
1990-04-12 00:00:00-04:00,11.957260036468506,12.261258172988892,11.957260036468506,12.15992546081543,367000,WHR,12.007922172546388,0,1.0126581816033136,1.0,1.0238907899161234,2.0,0.9670577596513614,29.0,1.0061574613947832,118.0,1.0503753137301095,446.0
1990-04-16 00:00:00-04:00,12.159921187388743,12.362586540511892,11.9572558342656,12.007922172546388,203000,WHR,12.007922172546388,0,0.9937105161131846,1.0,1.005088720945431,2.0,0.9554714008199465,28.0,0.9931654008483324,117.0,1.0372738198030178,446.0
1990-04-17 00:00:00-04:00,11.754590481142454,12.10925484910796,11.754590481142454,12.007922172546388,123100,WHR,11.95726203918457,0,1.0,0.0,1.0025378233082465,1.0,0.9557193813101214,28.0,0.9927670397762873,116.0,1.037294521580844,446.0
1990-04-18 00:00:00-04:00,12.109261132903018,12.109261132903018,11.95726203918457,11.95726203918457,152700,WHR,11.95726203918457,0,0.99788609455641,0.0,0.99662187727056,1.0,0.9517446607906217,28.0,0.9882626798621141,115.0,1.0329532096180751,445.0
1990-04-19 00:00:00-04:00,11.95726203918457,12.007928403757386,11.805262945466122,11.95726203918457,179100,WHR,11.298595428466797,0,1.0,0.0,0.9949412181451482,1.0,0.9522461394804909,27.0,0.9879947504020823,114.0,1.0330057506571586,444.0
1990-04-20 00:00:00-04:00,11.95725794223392,11.95725794223392,11.298595428466797,11.298595428466797,122600,WHR,11.45059871673584,1,0.9716773887338288,0.0,0.9538066085971951,0.0,0.9013549288413624,26.0,0.933506052655392,114.0,0.9762484622221208,443.0
1990-04-23 00:00:00-04:00,11.298599618726072,11.653264180748865,11.247933252722817,11.45059871673584,99600,WHR,11.247929573059082,0,1.0066816999010533,1.0,0.9758205701619888,1.0,0.9148246088435386,27.0,0.945951461712175,115.0,0.9895133797950817,444.0
1990-04-24 00:00:00-04:00,11.501261320200053,11.501261320200053,11.045264175346306,11.247929573059082,218500,WHR,11.247929573059082,0,0.9910712650137817,1.0,0.9711284345213758,1.0,0.8997174508092652,27.0,0.9292495771635195,114.0,0.9721546691121907,443.0
1990-04-25 00:00:00-04:00,11.247929573059082,11.349262271915473,11.197263223630888,11.247929573059082,59600,WHR,11.399930000305176,1,1.0,0.0,0.9831708304174782,1.0,0.9006840425971764,27.0,0.9293355113214186,113.0,0.9723061507076657,443.0
1990-04-26 00:00:00-04:00,11.298597289191353,11.501262711419,11.24793093363444,11.399930000305176,86600,WHR,11.399930000305176,0,1.006711469874392,1.0,1.0062612201344285,2.0,0.9137743761139309,27.0,0.9419644147947442,113.0,0.9855824286771445,444.0
1990-04-27 00:00:00-04:00,11.399930000305176,11.450596355862087,11.24793093363444,11.399930000305176,149900,WHR,11.399930000305176,0,1.0,1.0,1.0044642920915337,2.0,0.9148179269653588,26.0,0.9420346268089163,113.0,0.9857230922456423,443.0
1990-04-30 00:00:00-04:00,11.399930000305176,11.399930000305176,11.24793093363444,11.399930000305176,141400,WHR,11.34926700592041,0,1.0,0.0,1.005361978548015,1.0,0.9155560229930663,26.0,0.942074427974558,113.0,0.9858750913679587,442.0
1990-05-01 00:00:00-04:00,11.298600635358266,11.399933376482554,11.298600635358266,11.34926700592041,29800,WHR,11.298595428466797,0,0.9977729765859031,0.0,0.9991082000411814,1.0,0.9125920835195015,25.0,0.937927897714816,113.0,0.9816475117928247,442.0
1990-05-02 00:00:00-04:00,11.39992812289251,11.39992812289251,11.197262734041086,11.298595428466797,99600,WHR,11.045263290405272,0,0.9977626331138132,0.0,0.9937609509315727,1.0,0.909620800808733,25.0,0.9337205562870411,113.0,0.977412813837121,442.0
1990-05-03 00:00:00-04:00,11.298595017249433,11.349261362618265,10.994596945036442,11.045263290405272,129000,WHR,11.095934867858888,1,0.9886621133238925,0.0,0.9775782912318811,0.0,0.8906098806541182,25.0,0.9128274957102986,113.0,0.9556689483470558,441.0
1990-05-04 00:00:00-04:00,11.146601237118515,11.146601237118515,10.994602129339627,11.095934867858888,92800,WHR,11.146597862243652,1,1.0022885652841107,1.0,0.987376241392188,1.0,0.8964535935280943,25.0,0.9171461299639698,113.0,0.9602174253603157,442.0
1990-05-07 00:00:00-04:00,11.095931508324362,11.146597862243652,10.994598800485784,11.146597862243652,63600,WHR,11.146597862243652,0,1.0022777529429552,2.0,0.996376745187684,2.0,0.9021356997382345,26.0,0.9214498511009167,114.0,0.9647809246243058,442.0
1990-05-08 00:00:00-04:00,11.197264216162942,11.24793057008223,11.095931508324362,11.146597862243652,192100,WHR,11.045263290405272,0,1.0,1.0,1.0,2.0,0.9037916324073411,25.0,0.9215957714362205,113.0,0.9649749857874944,441.0
1990-05-09 00:00:00-04:00,11.146595981142935,11.197262326511767,10.94393059966761,11.045263290405272,81100,WHR,11.045263290405272,0,0.9954337055760514,0.0,0.9954336285759718,2.0,0.8972842013743122,25.0,0.9134370075004357,112.0,0.9564323514021472,440.0
1990-05-10 00:00:00-04:00,11.146595981142935,11.146595981142935,10.994596945036442,11.045263290405272,42000,WHR,11.146597862243652,1,1.0,0.0,0.9954336285759718,2.0,0.8989997440447769,25.0,0.9136566466312473,112.0,0.9566917650082328,439.0
1990-05-11 00:00:00-04:00,11.146597862243652,11.197264216162942,10.994598800485784,11.146597862243652,153000,WHR,10.994600296020508,0,1.0045662944239484,1.0,1.0036497024160005,2.0,0.9089223709837697,25.0,0.9221999867799687,113.0,0.9657205259895155,440.0
1990-05-14 00:00:00-04:00,11.197265739265124,11.197265739265124,10.994600296020508,10.994600296020508,438100,WHR,11.197258949279783,1,0.993135079450684,1.0,0.9926808703807477,1.0,0.898740859166377,24.0,0.9098471214133816,112.0,0.9528107747996261,440.0
1990-05-15 00:00:00-04:00,11.045259959018068,11.29859160945426,11.045259959018068,11.197258949279783,269300,WHR,11.412202835083008,1,1.0091321169181529,1.0,1.0100545061619361,2.0,0.9169405086926142,25.0,0.9267219200744399,113.0,0.970605557073387,441.0
1990-05-16 00:00:00-04:00,11.207499645216048,11.565730227483227,11.207499645216048,11.412202835083008,249900,WHR,11.56572723388672,1,1.0095068112568644,2.0,1.022673537224201,3.0,0.9358095395301197,26.0,0.944642677418035,113.0,0.9894480038936166,442.0
1990-05-17 00:00:00-04:00,11.463375665445245,11.616903018107456,11.463375665445245,11.56572723388672,265000,WHR,11.668079376220703,1,1.0066813850657088,2.0,1.0268527345012395,4.0,0.9500092642702958,26.0,0.9574975737687704,113.0,1.0029511814763425,443.0
1990-05-18 00:00:00-04:00,11.514552016007272,11.668079376220703,11.463376229269462,11.668079376220703,118300,WHR,11.616908073425291,0,1.004405310935551,2.0,1.026435336602693,4.0,0.9599782376431039,26.0,0.9660550461308934,114.0,1.0120141153163908,443.0
1990-05-21 00:00:00-04:00,11.616908073425291,11.821611299388737,11.514556460443572,11.616908073425291,135700,WHR,11.668079376220703,1,0.9978023907933783,1.0,1.0108660282235609,4.0,0.9569993689460159,26.0,0.9618711597041198,114.0,1.0077783599260601,442.0
1990-05-22 00:00:00-04:00,11.668079376220703,11.821606736434132,11.668079376220703,11.668079376220703,183500,WHR,11.616908073425291,0,1.0021976092066216,1.0,1.007067028157832,4.0,0.9625344419708125,26.0,0.9661132455606792,115.0,1.0124165142265977,443.0
1990-05-23 00:00:00-04:00,11.668083879916152,11.821611299388737,11.565732266934432,11.616908073425291,127600,WHR,11.923959732055664,1,0.9978023907933783,1.0,0.9991199596087263,3.0,0.9598990803497104,25.0,0.9619605279026378,114.0,1.008179155179678,443.0
1990-05-24 00:00:00-04:00,11.66808076784846,11.923959732055664,11.56572918216558,11.923959732055664,99600,WHR,11.872784614562988,0,1.0130433449254101,1.0,1.0192475345696321,3.0,0.9865549160734921,25.0,0.9873403501674128,115.0,1.0350013656713992,444.0
1990-05-25 00:00:00-04:00,11.872784614562988,11.923960410315416,11.872784614562988,11.872784614562988,107000,WHR,11.975131034851074,1,0.9978494908065041,1.0,1.0113338776605714,2.0,0.9842233431234941,24.0,0.9831377870167486,114.0,1.0307417772995922,443.0
1990-05-29 00:00:00-04:00,11.872779487544657,12.128658355810703,11.872779487544657,11.975131034851074,121800,WHR,12.077481269836426,1,1.0042916295827555,1.0,1.0138644740659717,3.0,0.9947023331317677,24.0,0.9916790387221919,114.0,1.039811818729028,443.0
1990-05-30 00:00:00-04:00,12.0263055017439,12.128657037928951,11.975129733651372,12.077481269836426,124800,WHR,12.17983627319336,1,1.00425526482067,2.0,1.0154901544382287,3.0,1.0047986913278162,25.0,1.0002205086092035,114.0,1.0488821271417235,443.0
1990-05-31 00:00:00-04:00,12.128660490532884,12.282187838514313,12.077484707872408,12.17983627319336,69500,WHR,12.231016159057615,1,1.0042195516126369,2.0,1.0144927559256294,4.0,1.0148547431788117,25.0,1.0086633963208198,115.0,1.0579628473156244,443.0
1990-06-01 00:00:00-04:00,12.179840359228924,12.384543558543696,12.026312959742844,12.231016159057615,208800,WHR,12.43572235107422,1,1.0020966037956396,2.0,1.0135711359686337,4.0,1.0205263294430982,26.0,1.0128837415624592,115.0,1.062612471064669,443.0
1990-06-04 00:00:00-04:00,12.231019102496866,12.486898163218555,12.231019102496866,12.43572235107422,106700,WHR,12.384547233581545,0,1.0082988755052689,2.0,1.0210088956607806,5.0,1.0389649144785371,26.0,1.0297814484908225,115.0,1.0805853587968253,444.0
1990-06-05 00:00:00-04:00,12.333371418566744,12.435723048596342,12.282195603551944,12.384547233581545,116600,WHR,12.077481269836426,0,0.9979381723748757,1.0,1.0100170750635475,4.0,1.0361928889147618,25.0,1.025490017436609,115.0,1.0763516185170081,443.0
1990-06-06 00:00:00-04:00,12.282184342206534,12.33336011029906,12.077481269836426,12.077481269836426,100900,WHR,11.923959732055664,0,0.9874472403749259,0.0,0.9849744262929535,3.0,1.0121908972149152,25.0,1.0001130717106257,115.0,1.0498598218102981,443.0
1990-06-07 00:00:00-04:00,12.077487110579986,12.128662903421429,11.872783939214225,11.923959732055664,84200,WHR,11.975131034851074,1,0.9936036533069552,0.0,0.9765296627733291,2.0,1.0013553851222414,24.0,0.9873863103789762,115.0,1.0367315938978028,442.0
1990-06-08 00:00:00-04:00,11.923955261197865,12.026306808504284,11.872779487544657,11.975131034851074,87400,WHR,12.128661155700684,1,1.0021411401502465,1.0,0.9848481200243908,2.0,1.0077714388323755,24.0,0.9914633262126744,116.0,1.0413680332214614,443.0
1990-06-11 00:00:00-04:00,12.077485370233592,12.28218851210196,12.0263095847665,12.128661155700684,132100,WHR,12.333361625671388,1,1.006369542171451,2.0,1.0025380378536135,2.0,1.0224805283876868,25.0,1.0039448749654731,117.0,1.054907026369155,443.0
1990-06-12 00:00:00-04:00,12.077482753769493,12.435713174432143,12.077482753769493,12.333361625671388,80700,WHR,12.077481269836426,0,1.0083680925244902,2.0,1.0203216721688833,3.0,1.0414853846746186,25.0,1.0206028485156668,117.0,1.0728666564112854,444.0
1990-06-13 00:00:00-04:00,12.231008574114009,12.435711646484116,12.077481269836426,12.077481269836426,65300,WHR,12.077481269836426,0,0.989517758279373,1.0,0.9991530499825955,3.0,1.0217448390746011,25.0,0.9992167673662958,117.0,1.0507614105392153,444.0
1990-06-14 00:00:00-04:00,12.077481269836426,12.128657037928951,11.923953965558844,12.077481269836426,65300,WHR,12.077481269836426,0,1.0,0.0,0.9966215075652503,3.0,1.0231794826650042,25.0,0.9990215276581111,116.0,1.0509109451281795,444.0
1990-06-15 00:00:00-04:00,11.872778197466316,12.077481269836426,11.872778197466316,12.077481269836426,173200,WHR,11.770427703857422,0,1.0,0.0,0.9949408857356142,2.0,1.024324632771992,25.0,0.9987774969878682,116.0,1.0510746617558482,443.0
1990-06-18 00:00:00-04:00,12.077482339610224,12.077482339610224,11.770427703857422,11.770427703857422,173000,WHR,11.872784614562988,1,0.9871245077999203,0.0,0.9754029288449108,1.0,0.999405426798931,25.0,0.9734682768587662,115.0,1.0245316236892044,443.0
1990-06-19 00:00:00-04:00,11.770433023058136,11.923960410315416,11.770433023058136,11.872784614562988,44600,WHR,11.975131034851074,1,1.004329230280854,1.0,0.9914534038003462,1.0,1.0085784981573616,26.0,0.9818563754610196,116.0,1.0335470121887507,444.0
1990-06-20 00:00:00-04:00,11.975131034851074,12.026306808504284,11.872779487544657,11.975131034851074,49800,WHR,12.17983627319336,1,1.0042916295827555,2.0,1.0017122907923872,2.0,1.0177580017948233,26.0,0.9901926170573047,117.0,1.0425079507169093,445.0
1990-06-21 00:00:00-04:00,11.975133142551456,12.282187838514313,11.975133142551456,12.17983627319336,131400,WHR,11.82160472869873,0,1.0084746642680866,2.0,1.0170940989100423,3.0,1.035572470433125,26.0,1.0069540743114496,117.0,1.0604193546176177,445.0
1990-06-22 00:00:00-04:00,12.179835175022935,12.282186731115564,11.82160472869873,11.82160472869873,174800,WHR,11.668079376220703,0,0.9850745817942186,1.0,0.9914162602698915,3.0,1.0058854786022862,26.0,0.9773410637704165,116.0,1.0293544432432178,444.0
1990-06-25 00:00:00-04:00,11.821606736434132,11.923958309909754,11.668079376220703,11.668079376220703,218800,WHR,11.412202835083008,0,0.9934641372020038,0.0,0.9802236247899025,3.0,0.9938010042545337,26.0,0.9647007949300106,116.0,1.0160871951092811,444.0
1990-06-26 00:00:00-04:00,11.668081822416708,11.770433417350189,11.258675442682788,11.412202835083008,175100,WHR,11.258668899536133,0,0.988913630310275,0.0,0.9662047683026083,2.0,0.9733905503991465,25.0,0.9436147527802685,116.0,0.9938720471418445,444.0
1990-06-27 00:00:00-04:00,11.36102043498646,11.36102043498646,11.10514159636064,11.258668899536133,112000,WHR,11.258668899536133,0,0.9932277004014617,0.0,0.9649120010867303,1.0,0.9615269545548512,25.0,0.931096413512902,115.0,0.9805503015726283,444.0
1990-06-28 00:00:00-04:00,11.309844667261295,11.412196202711623,11.207493131810969,11.258668899536133,61500,WHR,11.514555931091309,1,1.0,0.0,0.9803919288964579,0.0,0.9627620216612002,25.0,0.9312730511294091,115.0,0.9805939493733982,444.0
1990-06-29 00:00:00-04:00,11.258676910400393,11.565731735229493,11.207501106262209,11.514555931091309,172400,WHR,11.258668899536133,0,1.0112363107754083,1.0,1.0080648952066074,1.0,0.9856214050303398,25.0,0.9525546252485126,115.0,1.0029147533478613,444.0
1990-07-02 00:00:00-04:00,11.514547738161951,11.565723505887116,11.258668899536133,11.258668899536133,151800,WHR,11.3610258102417,1,0.9887636892245917,1.0,0.9927795238248769,1.0,0.9642608361921069,25.0,0.9316844448677312,114.0,0.980682032910031,444.0
1990-07-03 00:00:00-04:00,11.3610258102417,11.46337739411775,11.258674226365647,11.3610258102417,127400,WHR,11.463375091552734,1,1.0045251234386166,1.0,1.0027102613623953,2.0,0.9734333648938074,26.0,0.940470199784396,114.0,0.9896311211350837,445.0
1990-07-05 00:00:00-04:00,11.258671964917864,11.514550873211451,11.207496183259146,11.463375091552734,254200,WHR,11.56572723388672,1,1.0044842045033913,2.0,1.0081007886424378,3.0,0.9827537477490793,26.0,0.9491670433048384,115.0,0.9985866113008842,445.0
1990-07-06 00:00:00-04:00,11.463375665445245,11.668078802328194,11.412199881224506,11.56572723388672,87800,WHR,11.770427703857422,1,1.0044444694755177,2.0,1.0116382816717753,4.0,0.9919396907654605,27.0,0.9578826902926997,115.0,1.0075302100611763,446.0
1990-07-09 00:00:00-04:00,11.770427703857422,11.770427703857422,11.61690038598102,11.770427703857422,103000,WHR,12.077481269836426,1,1.0087718165446193,2.0,1.024955296535679,4.0,1.0096193091591643,28.0,0.9751427226840629,115.0,1.0253780895639197,446.0
1990-07-10 00:00:00-04:00,11.77042666128126,12.17983280602148,11.77042666128126,12.077481269836426,84900,WHR,11.923959732055664,0,1.0128754922000796,2.0,1.0369066223123296,5.0,1.0360792269043477,28.0,1.000744988195313,116.0,1.052108904277102,447.0
1990-07-11 00:00:00-04:00,12.179838696262866,12.179838696262866,11.821608146372782,11.923959732055664,91500,WHR,11.923959732055664,0,0.9936036533069552,1.0,1.0139254099843866,4.0,1.0230320346101682,28.0,0.9882523950320597,115.0,1.0387231844905098,447.0
1990-07-12 00:00:00-04:00,11.821608146372782,11.923959732055664,11.770432353531342,11.923959732055664,77600,WHR,11.719253540039062,0,1.0,0.0,1.006045116172297,3.0,1.0231548757715456,28.0,0.9884807641462949,115.0,1.0386952441092847,447.0
1990-07-13 00:00:00-04:00,11.87278087899154,11.87278087899154,11.668077760388236,11.719253540039062,68500,WHR,11.616908073425291,0,0.9913418624761039,0.0,0.986218746984911,2.0,1.0059321236543342,28.0,0.971690193302379,115.0,1.020879575538721,446.0
1990-07-16 00:00:00-04:00,11.719259686407014,11.719259686407014,11.412204847461853,11.616908073425291,172000,WHR,11.770427703857422,1,0.9956142973163709,0.0,0.9801385259911721,1.0,0.9976329702509624,28.0,0.9635093788564632,114.0,1.0119892809095865,446.0
1990-07-17 00:00:00-04:00,11.565724613355554,11.770427703857422,11.565724613355554,11.770427703857422,172500,WHR,11.872784614562988,1,1.0065642205633893,1.0,0.9982635719597712,1.0,1.0101347028455325,29.0,0.9764539435191072,115.0,1.0253727113640625,447.0
1990-07-18 00:00:00-04:00,11.770433023058136,11.872784614562988,11.719257227305707,11.872784614562988,75800,WHR,11.770427703857422,0,1.004329230280854,2.0,1.0078194115718866,2.0,1.0183040256518527,29.0,0.9851253643244132,116.0,1.0342980860196824,447.0
1990-07-19 00:00:00-04:00,11.872779249108357,11.872779249108357,11.719251931231955,11.770427703857422,165500,WHR,11.3610258102417,0,0.995670769719146,1.0,1.001741910282173,2.0,1.0087716420242518,29.0,0.9768122678817734,116.0,1.0254186780767165,446.0
1990-07-20 00:00:00-04:00,11.821607937683927,11.872783729621956,11.3610258102417,11.3610258102417,70600,WHR,11.156322479248049,0,0.9823010735850999,0.0,0.9728309283580587,2.0,0.9735270303076783,29.0,0.9431229204179027,116.0,0.9898275474071639,445.0
1990-07-23 00:00:00-04:00,11.412201435194104,11.412201435194104,10.951619314491202,11.156322479248049,77900,WHR,11.20749855041504,1,0.9909090835935954,0.0,0.9628976480780885,2.0,0.9563187038834614,28.0,0.9264740819092351,116.0,0.9720952517843015,444.0
1990-07-24 00:00:00-04:00,11.20749855041504,11.412201720285632,11.105146965479742,11.20749855041504,96800,WHR,11.309846878051758,1,1.002288342010031,1.0,0.9768064943145823,2.0,0.9609697007533147,29.0,0.9310543707531036,117.0,0.9766642900783106,444.0
1990-07-25 00:00:00-04:00,11.258671100323015,11.41219843350924,11.156319544865534,11.309846878051758,57500,WHR,11.463375091552734,1,1.0045453105456794,2.0,0.9954953527930157,2.0,0.9698702557179023,30.0,0.9399201515265635,117.0,0.9857005872132543,444.0
1990-07-26 00:00:00-04:00,11.30984774657658,11.565726654870168,11.207496183259146,11.463375091552734,114000,WHR,11.309846878051758,0,1.006741611428804,2.0,1.0144926484304289,3.0,0.9828756955287207,31.0,0.9530772776349428,117.0,0.9991828906272971,445.0
1990-07-27 00:00:00-04:00,11.56572576669546,11.56572576669546,11.156319544865534,11.309846878051758,141000,WHR,11.3610258102417,1,0.993258388571196,1.0,1.001813111637539,3.0,0.9696965160954187,31.0,0.9406303512226916,117.0,0.9859182254025223,444.0
1990-07-30 00:00:00-04:00,11.258674226365647,11.3610258102417,11.053971058613543,11.3610258102417,40500,WHR,11.105148315429688,0,1.0022574751706126,1.0,1.002710176964149,4.0,0.973645225299939,32.0,0.9451744821866294,118.0,0.9904969469273917,444.0
1990-07-31 00:00:00-04:00,11.258675711495536,11.258675711495536,11.053972516741071,11.105148315429688,70000,WHR,10.746917724609377,0,0.9886105443062676,1.0,0.9819007056087037,3.0,0.9517038799531542,31.0,0.9243076081691292,117.0,0.9683434980624976,443.0
1990-08-01 00:00:00-04:00,11.002796718052457,11.105148315429688,10.746917724609377,10.746917724609377,105600,WHR,10.388686180114746,0,0.9836065573770494,0.0,0.9597807920685323,2.0,0.9215298304315582,30.0,0.8949908435241812,117.0,0.9372858576043576,443.0
1990-08-02 00:00:00-04:00,10.644565150068312,10.695740944059024,10.13280721016118,10.388686180114746,148400,WHR,10.644570350646973,1,0.9830508015711555,0.0,0.9459459811502149,1.0,0.8917780263981894,30.0,0.8657730602103393,116.0,0.9062445696488904,443.0
1990-08-03 00:00:00-04:00,10.491042893666489,10.644570350646973,10.030460522725033,10.644570350646973,127700,WHR,10.286332130432127,0,1.0121656943687245,1.0,0.9811324327193736,2.0,0.9142675678299391,31.0,0.887755749206677,116.0,0.9287540880548848,443.0
1990-08-06 00:00:00-04:00,10.491035257405905,10.491035257405905,10.081629003458357,10.286332130432127,258400,WHR,10.183982849121094,0,0.9828847217391279,1.0,0.9672759093383655,1.0,0.8844591956463465,31.0,0.8585332284602004,116.0,0.8977137962116697,442.0
1990-08-07 00:00:00-04:00,10.337510228756084,10.388686021967748,10.030455469486103,10.183982849121094,97100,WHR,10.132802963256836,0,0.9950001120445257,0.0,0.9745346884057596,1.0,0.8768684343314274,30.0,0.8507249202128119,115.0,0.8889970662695134,442.0
1990-08-08 00:00:00-04:00,10.132802963256836,10.33750605342364,10.132802963256836,10.132802963256836,130200,WHR,10.286332130432127,1,0.9974809063629998,0.0,0.981169095096224,1.0,0.8735420330339947,30.0,0.8471538689194488,115.0,0.8847341678706206,442.0
1990-08-09 00:00:00-04:00,10.081629003458357,10.337507912175573,10.081629003458357,10.286332130432127,145600,WHR,10.183982849121094,0,1.0075188868906961,1.0,0.9980137437194581,2.0,0.8879398487243214,30.0,0.8606616143865261,116.0,0.8983737031586526,442.0
1990-08-10 00:00:00-04:00,10.388686021967748,10.388686021967748,10.183982849121094,10.183982849121094,97400,WHR,10.951619148254396,1,0.9950001120445257,1.0,0.9969941578630288,1.0,0.880660992042999,29.0,0.8525964134543932,116.0,0.8896593638539243,442.0
1990-08-13 00:00:00-04:00,10.18398229206834,10.951619148254396,10.132806501655937,10.951619148254396,163000,WHR,10.746917724609377,0,1.0363195852774207,1.0,1.0583581465598124,2.0,0.9478813770340793,29.0,0.9171328268001577,117.0,0.9569038602567054,442.0
1990-08-14 00:00:00-04:00,10.900445120675222,10.95162091936384,10.69574192592076,10.746917724609377,101700,WHR,10.593390464782717,0,0.9905661185892668,1.0,1.0273974850781133,2.0,0.9314017670319391,28.0,0.9003621824520053,116.0,0.9392161742528585,442.0
1990-08-15 00:00:00-04:00,10.695742063476269,10.79809366216982,10.593390464782717,10.593390464782717,84100,WHR,10.183982849121094,0,0.9928057618257371,0.0,1.0038798579765276,2.0,0.9194553785678146,28.0,0.8878977717031409,116.0,0.9259707133794628,442.0
1990-08-16 00:00:00-04:00,10.439861815179412,10.491037608391077,10.13280705590943,10.183982849121094,81200,WHR,9.774577140808104,0,0.9802955065841911,0.0,0.9669581784167813,1.0,0.8858225146259937,27.0,0.8540405512722783,116.0,0.890391872532424,441.0
1990-08-17 00:00:00-04:00,9.774577140808104,9.82575293735684,9.41634656496697,9.774577140808104,112500,WHR,9.621049880981444,0,0.9794872120774458,0.0,0.9353575096369943,1.0,0.8524884622856037,27.0,0.8202763062569727,115.0,0.8548571260484669,440.0
1990-08-20 00:00:00-04:00,9.774577272699236,9.774577272699236,9.569874083742182,9.621049880981444,61100,WHR,9.365166664123535,0,0.9920844394638965,0.0,0.9447236216668259,0.0,0.8419168909254838,26.0,0.8080759408145547,114.0,0.8416841903500079,440.0
1990-08-21 00:00:00-04:00,9.518693986486216,9.621045534728005,9.31399089000264,9.365166664123535,128000,WHR,9.672226905822754,1,0.9865226852200902,0.0,0.9452475970859148,0.0,0.8225333395204255,26.0,0.7873447836387324,113.0,0.8195501219033684,440.0
1990-08-22 00:00:00-04:00,9.518699494619218,9.723402709557265,9.518699494619218,9.672226905822754,210500,WHR,9.109292984008787,0,1.016129321515103,1.0,0.9947370488998891,1.0,0.852375520697295,26.0,0.8138627538920471,114.0,0.8466632187979231,440.0
1990-08-23 00:00:00-04:00,9.518699410256376,9.518699410256376,9.109292984008787,9.109292984008787,285800,WHR,8.802234649658203,0,0.9700272435289572,1.0,0.9580195302754694,1.0,0.8062814048821147,25.0,0.7673551931137739,113.0,0.7976462191670308,440.0
1990-08-24 00:00:00-04:00,9.109289346739304,9.365168260973553,8.597531518270802,8.802234649658203,432700,WHR,9.123640060424805,1,0.9828569432696834,0.0,0.9450547686264259,1.0,0.783004495169364,24.0,0.7424113458532366,112.0,0.770969248833024,440.0
1990-08-27 00:00:00-04:00,9.019962332465433,9.22731778838418,8.968123468485746,9.123640060424805,235300,WHR,9.538347244262695,1,1.0179296919098635,1.0,0.9901381440612742,2.0,0.8153514627461617,24.0,0.7703945792276176,113.0,0.7992942553295245,441.0
1990-08-28 00:00:00-04:00,9.123636494512144,9.642024931700332,9.123636494512144,9.538347244262695,128700,WHR,10.108577728271484,1,1.0222220268970885,2.0,1.0312676220441752,3.0,0.8561070818637083,24.0,0.8062157616436387,114.0,0.8357719887583297,442.0
1990-08-29 00:00:00-04:00,9.590189126821665,10.264094308706431,9.590189126821665,10.108577728271484,79000,WHR,9.642024040222168,0,1.0290239050032488,2.0,1.0827040039165083,3.0,0.9103872172879035,25.0,0.8551451890152485,114.0,0.8858531245071632,442.0
1990-08-30 00:00:00-04:00,10.21225126840735,10.21225126840735,9.642024040222168,9.642024040222168,90400,WHR,9.590184211730955,0,0.9763777482064588,1.0,1.0210801693153422,3.0,0.871555096120898,25.0,0.8164770184280373,114.0,0.8451061098703144,442.0
1990-08-31 00:00:00-04:00,9.642023045307882,9.693861878884803,9.434667711000184,9.590184211730955,86800,WHR,9.74570369720459,1,0.9973045306180089,0.0,0.9989198076963268,3.0,0.8699277912847785,25.0,0.8128855093524883,114.0,0.8407027825424181,442.0
1990-09-04 00:00:00-04:00,9.538348299391728,9.74570369720459,9.48650944993851,9.74570369720459,90400,WHR,10.160411834716797,1,1.00804304856369,1.0,1.002132275826406,3.0,0.8870247435970594,25.0,0.8268228645622316,115.0,0.8544720722230089,442.0
1990-09-05 00:00:00-04:00,9.901217655259735,10.21225067060821,9.901217655259735,10.160411834716797,236100,WHR,9.797541618347168,0,1.0208332025827531,2.0,1.0315787920394226,3.0,0.9275396237954829,25.0,0.8627175581022303,115.0,0.8909226897958805,443.0
1990-09-06 00:00:00-04:00,10.160413530137804,10.212252374679323,9.745702773805649,9.797541618347168,120900,WHR,9.797541618347168,0,0.9818182652232852,1.0,1.0010594006888003,2.0,0.8978775778670847,24.0,0.8326816889586158,115.0,0.8592203107808759,442.0
1990-09-07 00:00:00-04:00,9.849380462888687,9.953058151971726,9.693863929264127,9.797541618347168,64500,WHR,9.486507415771484,0,1.0,0.0,0.9978881245074651,2.0,0.9010152260149308,24.0,0.8334443565745918,115.0,0.8593331355500133,442.0
1990-09-10 00:00:00-04:00,9.901218122471878,9.901218122471878,9.434668577433936,9.486507415771484,58400,WHR,9.486507415771484,0,0.9838709079184884,0.0,0.9682538900744565,2.0,0.8758898376743939,24.0,0.8077837112287293,115.0,0.8321553812827669,442.0
1990-09-11 00:00:00-04:00,9.382829739096389,9.486507415771484,9.22731322408374,9.486507415771484,113700,WHR,9.538347244262695,1,1.0,0.0,0.9734042180506302,1.0,0.8793960598528564,24.0,0.8084872823712246,115.0,0.8322484290885608,442.0
1990-09-12 00:00:00-04:00,9.434669556825057,9.538347244262695,9.330991869387418,9.538347244262695,77700,WHR,9.33099365234375,0,1.0027248475437824,1.0,0.9913793445245731,1.0,0.8872613613983208,25.0,0.813599588672358,116.0,0.8368730323466391,443.0
1990-09-13 00:00:00-04:00,9.538349066840278,9.642026774088542,9.27915479871962,9.33099365234375,206300,WHR,9.227313995361328,0,0.9890110845389286,1.0,0.9793255414130261,1.0,0.8714071406725643,24.0,0.7965683132715693,116.0,0.8187702507256347,443.0
1990-09-14 00:00:00-04:00,9.227313995361328,9.227313995361328,9.01995862467905,9.227313995361328,94300,WHR,9.33099365234375,1,0.9944133021743907,0.0,0.980176199404305,1.0,0.8654260033504383,23.0,0.7883678157132401,116.0,0.8097689741868852,443.0
1990-09-17 00:00:00-04:00,9.227315945095484,9.33099365234375,9.123638237847222,9.33099365234375,105500,WHR,9.175477027893066,0,1.0055866978256092,1.0,0.9944752773856832,2.0,0.8790647238043687,23.0,0.7978701573262069,116.0,0.8189608658056581,443.0
1990-09-18 00:00:00-04:00,9.279154734422931,9.330993587687864,9.175477027893066,9.175477027893066,112400,WHR,9.279146194458008,1,0.9915966351911302,1.0,0.9844272154747468,2.0,0.8680201088330672,23.0,0.7852083903176558,116.0,0.8054204536475336,442.0
1990-09-19 00:00:00-04:00,9.227307388902377,9.279146194458008,9.07179097223548,9.279146194458008,139300,WHR,9.123640060424805,0,1.005617517373066,1.0,1.0011178692875933,2.0,0.8811463972826479,24.0,0.7946690614472242,117.0,0.8146328284565677,442.0
1990-09-20 00:00:00-04:00,9.22731778838418,9.22731778838418,9.123640060424805,9.123640060424805,127600,WHR,8.968117713928223,0,0.9915498592506913,1.0,0.9887644309513592,2.0,0.8695290141987332,24.0,0.781986472060304,116.0,0.801111464898364,441.0
1990-09-21 00:00:00-04:00,9.123634206077266,9.227311867509965,8.968117713928223,8.968117713928223,159200,WHR,8.7089204788208,0,0.991403690650941,0.0,0.9774009282933487,2.0,0.8578280285937476,24.0,0.7692966438267391,116.0,0.7876180867971786,440.0
1990-09-24 00:00:00-04:00,9.019953353064402,9.071792165438335,8.553404041699002,8.7089204788208,97500,WHR,8.916279792785645,1,0.9853370665220522,0.0,0.9621989242001607,1.0,0.8364350028983153,24.0,0.7477514495495807,116.0,0.7650638800692897,439.0
1990-09-25 00:00:00-04:00,8.657085612762806,8.916279792785645,8.657085612762806,8.916279792785645,194200,WHR,8.657081604003906,0,1.0117649337749026,1.0,0.9907835292968152,2.0,0.8599270561295199,24.0,0.7662468909572007,116.0,0.7834529172570837,440.0
1990-09-26 00:00:00-04:00,8.864436852004,8.916275664004022,8.605242792003883,8.657081604003906,127100,WHR,8.449729919433594,0,0.9852505059829311,1.0,0.9754669252893963,1.0,0.8384349720250991,24.0,0.7447236916052253,115.0,0.76087492015498,439.0
1990-09-27 00:00:00-04:00,8.708924088741373,8.708924088741373,8.397891085572038,8.449729919433594,126300,WHR,8.346051216125488,0,0.9878789987084252,0.0,0.9667854551436468,1.0,0.8222168843850267,23.0,0.7276859915303,114.0,0.7428683691665324,438.0
1990-09-28 00:00:00-04:00,8.294212388696137,8.44972887098419,8.190534733837435,8.346051216125488,227000,WHR,8.242377281188965,0,0.9938270984557781,0.0,0.9687124527815346,1.0,0.8162549057584835,22.0,0.7195869299356688,113.0,0.7340052999735931,437.0
1990-10-01 00:00:00-04:00,8.242377281188965,8.34605498283914,8.190538430363878,8.242377281188965,192700,WHR,8.346051216125488,1,0.993750225649566,0.0,0.9671536379430401,1.0,0.8105060771606265,21.0,0.7114583581890406,113.0,0.7251233172582199,437.0
1990-10-02 00:00:00-04:00,8.346051216125488,8.553406525842892,8.294212388696137,8.346051216125488,288900,WHR,8.449729919433594,1,1.006249774350434,1.0,0.9926016745180944,1.0,0.825332693527559,21.0,0.7211414738395214,114.0,0.7344834071868541,437.0
1990-10-03 00:00:00-04:00,8.346052251710482,8.605246421018261,8.346052251710482,8.449729919433594,143000,WHR,8.7089204788208,1,1.0061729015442218,2.0,1.00991324387086,2.0,0.8406114592725002,21.0,0.7308185467105088,115.0,0.7438388659918742,438.0
1990-10-04 00:00:00-04:00,8.501565229325069,8.760759291194734,8.449726416951135,8.7089204788208,446600,WHR,8.605254173278809,0,1.01510553297441,2.0,1.034482403151255,3.0,0.8710400156541078,22.0,0.753975473113579,115.0,0.7668857902443813,438.0
1990-10-05 00:00:00-04:00,8.501576412154968,8.70893193440265,8.449737531593048,8.605254173278809,175000,WHR,8.553404808044434,0,0.9940126337163048,1.0,1.0159126486951933,3.0,0.8654594455563009,22.0,0.7458238029409282,114.0,0.7579841898436824,438.0
1990-10-08 00:00:00-04:00,8.657082442081336,8.708921259099787,8.553404808044434,8.553404808044434,64300,WHR,7.7239885330200195,0,0.9969782390750459,0.0,1.0024298002565106,3.0,0.864834167882737,22.0,0.7421377997316346,114.0,0.7536522084297265,437.0
1990-10-09 00:00:00-04:00,8.60524896967331,8.60524896967331,7.516633136160421,7.7239885330200195,467300,WHR,7.568472862243652,0,0.9490448957246753,0.0,0.9186191812010555,2.0,0.7861291208157725,22.0,0.6711094125927212,113.0,0.6808334222578559,437.0
1990-10-10 00:00:00-04:00,7.723989427906194,7.77582828312704,7.568472862243652,7.568472862243652,237100,WHR,7.620309829711914,1,0.9898305663976021,0.0,0.9193956936086577,1.0,0.7758310358017534,21.0,0.6584158254791961,113.0,0.6673917321438152,437.0
1990-10-11 00:00:00-04:00,7.620309829711914,7.672148672090906,7.361115617816951,7.620309829711914,142500,WHR,7.7239885330200195,1,1.003412845421491,1.0,0.9508407599230233,1.0,0.7868614834132365,21.0,0.6637856686017884,113.0,0.6722174463648333,438.0
1990-10-12 00:00:00-04:00,7.7239885330200195,7.827666231449818,7.412955437730623,7.7239885330200195,219500,WHR,7.620309829711914,0,1.0067568226879582,2.0,0.985449872251007,2.0,0.8031602489453074,22.0,0.6736433798500223,114.0,0.6816248426866678,438.0
1990-10-15 00:00:00-04:00,7.672148672090906,7.8276651992278845,7.568470987332921,7.620309829711914,108700,WHR,7.464793682098389,0,0.9932431773120419,1.0,0.9959348575093707,2.0,0.7975498433177018,22.0,0.665442633764987,114.0,0.672735802251758,438.0
1990-10-16 00:00:00-04:00,7.620310217142105,7.723987907171249,7.464793682098389,7.464793682098389,72200,WHR,7.412957191467285,0,0.989690747067677,0.0,0.9822646310889189,2.0,0.7863368325318455,22.0,0.652792322229794,113.0,0.6592993290997403,437.0
1990-10-17 00:00:00-04:00,7.464796052946077,7.620312637382455,7.361118329988494,7.412957191467285,137300,WHR,7.464793682098389,1,0.9965158382425126,0.0,0.9794523087919346,2.0,0.7861134260620792,21.0,0.6491181346640121,113.0,0.6550408275887997,436.0
1990-10-18 00:00:00-04:00,7.361115992069244,7.672149062156677,7.309277147054672,7.464793682098389,114400,WHR,7.775822162628174,1,1.0034841617574874,1.0,0.9903713211348112,2.0,0.7970269599572419,21.0,0.6544439781667193,114.0,0.6599509857360544,436.0
1990-10-19 00:00:00-04:00,7.879499791463217,7.931338605880738,7.620305719375611,7.775822162628174,238300,WHR,8.035030364990234,1,1.0204078682711109,2.0,1.0302192437428501,2.0,0.8357199968370204,21.0,0.682459067762745,115.0,0.687759831596471,437.0
1990-10-22 00:00:00-04:00,7.775835837087324,8.035030364990234,7.672158025926159,8.035030364990234,192500,WHR,8.294206619262695,1,1.0163943216793196,2.0,1.0529901632941243,3.0,0.8686745893563093,22.0,0.7058688523353033,116.0,0.7109920634773158,438.0
1990-10-23 00:00:00-04:00,8.086851453781128,8.346045410633087,8.035012662410736,8.294206619262695,132100,WHR,8.13869571685791,0,1.0158719145617396,2.0,1.0638287253936185,4.0,0.9016769917189567,22.0,0.729151123156574,117.0,0.7342318394780284,438.0
1990-10-24 00:00:00-04:00,8.190534543079934,8.397889847968035,8.13869571685791,8.13869571685791,118400,WHR,7.931342601776123,0,0.9905366137262946,1.0,1.0248039798612936,4.0,0.8895523086231906,22.0,0.7159991165824854,117.0,0.7207803370643036,437.0
1990-10-25 00:00:00-04:00,8.138697963914062,8.24237564498303,7.931342601776124,7.931342601776123,82200,WHR,7.879501342773437,0,0.9870969122182273,0.0,0.9870968712128332,3.0,0.8713579884527838,22.0,0.6983883207394687,116.0,0.7027325644636683,437.0
1990-10-26 00:00:00-04:00,7.723984868902909,7.983178992020456,7.672146044279399,7.879501342773437,305400,WHR,7.620309829711914,0,0.9967211580112674,0.0,0.97812073739116,2.0,0.8696581529931697,22.0,0.6945373094753124,115.0,0.6984745137529286,436.0
1990-10-29 00:00:00-05:00,7.879504041606877,8.035020568743855,7.568470987332921,7.620309829711914,100800,WHR,7.620309829711914,0,0.9832777631819393,0.0,0.9557870639921288,1.0,0.845756301850505,21.0,0.6725032613261399,114.0,0.6758466136293936,435.0
1990-10-30 00:00:00-05:00,7.723987514469899,7.8276651992278845,7.620309829711914,7.620309829711914,124700,WHR,7.568472862243652,0,1.0,0.0,0.9722223591039835,0.0,0.8499478787175476,21.0,0.6733057313571346,114.0,0.676176300428095,435.0
1990-10-31 00:00:00-05:00,7.620311717464499,7.723989427906194,7.568472862243652,7.568472862243652,57800,WHR,7.464793682098389,0,0.996587154578509,0.0,0.979866042615607,0.0,0.8482906119106802,21.0,0.669583940979523,113.0,0.6719048309668676,435.0
1990-11-01 00:00:00-05:00,7.620310217142105,7.620310217142105,7.2574383020401,7.464793682098389,130000,WHR,7.464793682098389,0,0.9931033498382104,0.0,0.9782609306962419,0.0,0.84086082468054,21.0,0.6613078145743321,112.0,0.6629913756670499,435.0
1990-11-02 00:00:00-05:00,7.361115992069244,7.516632527112961,7.2574383020401,7.464793682098389,322100,WHR,7.464793682098389,0,1.0,0.0,0.9890109702664069,0.0,0.845338697796029,20.0,0.6622534087877786,111.0,0.6632955853172859,434.0
1990-11-05 00:00:00-05:00,7.464793682098389,7.464793682098389,7.2574383020401,7.464793682098389,110300,WHR,7.568472862243652,1,1.0,0.0,0.9931034191383151,0.0,0.8496995008764882,20.0,0.6632368946574584,110.0,0.6635856467984249,434.0
1990-11-06 00:00:00-05:00,7.412956296581112,7.620311717464499,7.412956296581112,7.568472862243652,187300,WHR,7.931342601776123,1,1.0068966501617898,1.0,1.008287411269402,1.0,0.8670661052632568,20.0,0.6734119861908143,111.0,0.6730890574573389,435.0
1990-11-07 00:00:00-05:00,7.516631877500248,8.24237564498303,7.516631877500248,7.931342601776123,150300,WHR,7.672152042388916,0,1.0234112296610764,2.0,1.0465115152418105,2.0,0.9135487548619102,21.0,0.7066196930148047,112.0,0.7056327042907129,436.0
1990-11-08 00:00:00-05:00,7.983185233296575,8.03502409844785,7.568474312086363,7.672152042388916,133300,WHR,7.879501342773437,1,0.9833889416891535,1.0,1.0068030121662852,2.0,0.8886782647592546,21.0,0.6844965924149086,111.0,0.6828729121104781,435.0
1990-11-09 00:00:00-05:00,7.568468395032381,7.9313401673969475,7.568468395032381,7.879501342773437,244200,WHR,8.346051216125488,1,1.0133329425013002,1.0,1.0228797947846309,3.0,0.9167744896350396,22.0,0.7039540303681194,111.0,0.7016305275970892,435.0
1990-11-12 00:00:00-05:00,7.775824114402629,8.50156769841354,7.775824114402629,8.346051216125488,98100,WHR,9.071795463562012,1,1.0287540206509744,2.0,1.0592102246906137,4.0,0.9737546724462355,23.0,0.7465550841958765,111.0,0.7434653578573516,435.0
1990-11-13 00:00:00-05:00,8.242374164036342,9.330989619663784,8.190535332815989,9.071795463562012,141600,WHR,9.33099365234375,1,1.0416667031684737,2.0,1.108998601508565,4.0,1.059560731032683,24.0,0.8122347960832417,112.0,0.8083745197918744,436.0
1990-11-14 00:00:00-05:00,9.123638237847222,9.33099365234375,9.123638237847222,9.33099365234375,135600,WHR,9.279146194458008,0,1.0140847230900294,2.0,1.102941459114819,4.0,1.089906868452304,25.0,0.8361939747331592,112.0,0.8317362284718633,436.0
1990-11-15 00:00:00-05:00,9.227307388902377,9.486501416680532,9.175468583346746,9.279146194458008,242700,WHR,9.227313995361328,0,0.9972140210491405,1.0,1.0566701313096356,4.0,1.0846808555866458,24.0,0.832282723617664,112.0,0.8273821600038748,436.0
1990-11-16 00:00:00-05:00,9.382830523373036,9.434669366043604,9.07179746734962,9.227313995361328,127600,WHR,9.123640060424805,0,0.9971992375329998,0.0,1.0194732869916652,3.0,1.0783740040721197,24.0,0.8284405526614729,111.0,0.8230271508237895,436.0
1990-11-19 00:00:00-05:00,9.279156652363865,9.434673244302925,9.123640060424805,9.123640060424805,83300,WHR,9.071795463562012,0,0.9943504880116119,0.0,0.990991461328282,2.0,1.0655907873489447,24.0,0.8199038131265539,111.0,0.8140545979756123,435.0
1990-11-20 00:00:00-05:00,9.071795463562012,9.17547312600272,9.019956632341655,9.071795463562012,171600,WHR,9.123640060424805,1,0.9971506811807583,0.0,0.9853602053310301,1.0,1.0596425631382693,23.0,0.8159990658758562,111.0,0.8097008981055022,435.0
1990-11-21 00:00:00-05:00,9.019962332465433,9.17547892440449,8.968123468485746,9.123640060424805,173600,WHR,9.123640060424805,0,1.0028493188192416,1.0,0.9954755472335682,1.0,1.0665594130039644,23.0,0.8214512878263212,111.0,0.814570662940779,436.0
1990-11-23 00:00:00-05:00,9.019962332465433,9.17547892440449,9.019962332465433,9.123640060424805,81100,WHR,9.175477027893066,1,1.0,1.0,0.9988651345645698,1.0,1.0686100730486676,22.0,0.8222711560783806,110.0,0.814831130540678,435.0
1990-11-26 00:00:00-05:00,9.175477027893066,9.227315881158,8.916282761568404,9.175477027893066,138700,WHR,9.642024040222168,1,1.0028327578438938,1.0,1.005681778508748,2.0,1.0756611486608307,23.0,0.8277566702566354,110.0,0.8197140804867389,436.0
1990-11-27 00:00:00-05:00,9.227313328814764,9.642024040222168,9.175474489888837,9.642024040222168,367800,WHR,9.862356185913086,1,1.024793250211083,2.0,1.0449435935440263,3.0,1.1302409905237327,24.0,0.8705400044098921,111.0,0.8616161155434642,437.0
1990-11-28 00:00:00-05:00,9.65251882025536,9.914815527327518,9.65251882025536,9.862356185913086,136000,WHR,9.652515411376951,0,1.0112965468851802,2.0,1.0508158751648913,4.0,1.1558049829234287,24.0,0.8910570338772268,112.0,0.8815060037765238,438.0
1990-11-29 00:00:00-05:00,9.809893380040709,9.809893380040709,9.652515411376951,9.652515411376951,141900,WHR,9.757434844970703,1,0.9892471352686084,1.0,1.016996040853969,3.0,1.1323363073314294,23.0,0.8727601423298842,112.0,0.8629717963780954,437.0
1990-11-30 00:00:00-05:00,9.652516190723707,9.809894172094202,9.652516190723707,9.757434844970703,85700,WHR,9.600056648254396,0,1.005405445774362,1.0,1.014501341356525,4.0,1.1447341678869443,24.0,0.8828353587087521,113.0,0.872559134285029,438.0
1990-12-03 00:00:00-05:00,9.809893952041374,9.809893952041374,9.547597322307649,9.600056648254396,83200,WHR,9.652515411376951,1,0.991869907484067,1.0,0.9894030632999669,3.0,1.1267057614689362,24.0,0.8693361866208389,112.0,0.8587050050246852,437.0
1990-12-04 00:00:00-05:00,9.704974734264871,9.704974734264871,9.495137442713196,9.652515411376951,155200,WHR,9.862356185913086,1,1.0027247664862686,1.0,0.9945944955844227,3.0,1.1324948091799507,25.0,0.8747994829259025,113.0,0.8636174773246033,437.0
1990-12-05 00:00:00-05:00,9.60005947884093,9.862356185913086,9.60005947884093,9.862356185913086,180600,WHR,10.019734382629396,1,1.0107528647313915,2.0,1.0162164739401183,3.0,1.1562648737115702,26.0,0.8944297557804459,114.0,0.8825987837433499,438.0
1990-12-06 00:00:00-05:00,9.809897013359668,10.124653067264257,9.809897013359668,10.019734382629396,174300,WHR,10.439411163330078,1,1.0079155758884488,2.0,1.0246783120864307,4.0,1.1736119918202461,26.0,0.9092406953281197,115.0,0.896864098283326,439.0
1990-12-07 00:00:00-05:00,10.177114400432338,10.491870515909628,10.177114400432338,10.439411163330078,251600,WHR,10.596778869628906,1,1.020512918281847,2.0,1.0529103586721174,4.0,1.2201286196187024,27.0,0.9478275398963009,115.0,0.9345830997008845,440.0
1990-12-10 00:00:00-05:00,10.334482362954924,10.596778869628906,10.177104458950534,10.596778869628906,150000,WHR,10.386947631835938,0,1.007480808361793,2.0,1.0477172306058142,5.0,1.2352261544028411,28.0,0.9625893904026336,115.0,0.9488160992148998,440.0
1990-12-11 00:00:00-05:00,10.491866294783774,10.596784957731613,10.334488300362018,10.386947631835938,168800,WHR,10.596778869628906,1,0.9900002872331414,1.0,1.0122698981666989,4.0,1.2082881525504197,27.0,0.9441174878853509,114.0,0.9301838534019908,440.0
1990-12-12 00:00:00-05:00,10.334482362954924,10.649238170963702,10.22956376028533,10.596778869628906,85000,WHR,10.386947631835938,0,1.0099997127668587,1.0,1.0181446918734398,4.0,1.2293098084495038,28.0,0.9639291436963975,114.0,0.949117823796291,440.0
1990-12-13 00:00:00-05:00,10.544325626257692,10.544325626257692,10.334488300362018,10.386947631835938,123400,WHR,10.072193145751951,0,0.9900002872331414,1.0,0.9909911418171813,3.0,1.2023923342849796,27.0,0.945432352637601,114.0,0.9304703644662579,440.0
1990-12-14 00:00:00-05:00,10.282030502955118,10.282030502955118,9.862355788548786,10.072193145751951,67700,WHR,9.96726894378662,0,0.9846154591971532,0.0,0.9677422783558951,2.0,1.1638264883234157,27.0,0.9175453743813186,113.0,0.9024600197828051,439.0
1990-12-17 00:00:00-05:00,9.914809633556166,9.96726894378662,9.809891013095251,9.96726894378662,38100,WHR,9.600056648254396,0,0.9947641208383479,0.0,0.9693875251159695,1.0,1.1494908380179625,27.0,0.9088274821687802,112.0,0.8932617954800449,438.0
1990-12-18 00:00:00-05:00,9.86235327798812,9.967271929881612,9.390219344467411,9.600056648254396,135700,WHR,10.386947631835938,1,0.9812333937100947,0.0,0.9481866090253781,1.0,1.105248370263352,27.0,0.8762730098482908,112.0,0.8605762451678381,438.0
1990-12-19 00:00:00-05:00,9.600057659727154,10.386947631835938,9.600057659727154,10.386947631835938,151200,WHR,10.33448886871338,0,1.0393701313390615,1.0,1.03017697150347,1.0,1.1924775121408226,27.0,0.9489369665068031,112.0,0.9313144312976394,438.0
1990-12-20 00:00:00-05:00,10.229570199995475,10.544326206149185,10.072192196918625,10.33448886871338,229800,WHR,10.282026290893556,0,0.9974683819280017,1.0,1.0260417837393623,1.0,1.1826591131206134,27.0,0.945084783947043,111.0,0.9268133652013045,438.0
1990-12-21 00:00:00-05:00,10.386944926514918,10.386944926514918,10.072189019650828,10.282026290893556,120100,WHR,10.019734382629396,0,0.9974553130141698,0.0,1.0165973894774798,1.0,1.172557610500274,27.0,0.9412772701494644,110.0,0.9223328668731996,437.0
1990-12-24 00:00:00-05:00,10.22957175189912,10.22957175189912,10.019734382629396,10.019734382629396,17400,WHR,9.757434844970703,0,0.9870803368987482,0.0,0.9896375307873173,1.0,1.139022614215383,27.0,0.9183207612323548,110.0,0.899037126134772,437.0
1990-12-26 00:00:00-05:00,10.124650134835193,10.229568789082188,9.652516190723707,9.757434844970703,37100,WHR,9.442681312561035,0,0.986737255739682,0.0,0.9607437380172444,1.0,1.106030113394952,27.0,0.8954298846476131,109.0,0.8757492493213843,437.0
1990-12-27 00:00:00-05:00,9.652518675062392,9.75743735631307,9.337762631310357,9.442681312561035,69800,WHR,9.80988883972168,1,0.9836066860311052,0.0,0.9473685711200426,0.0,1.0681390664696504,26.0,0.8676645426689651,109.0,0.8477800364193124,436.0
1990-12-28 00:00:00-05:00,9.39021445085658,9.862348138329818,9.39021445085658,9.80988883972168,93500,WHR,9.862356185913086,1,1.0190731691538393,1.0,0.9946803472031538,1.0,1.106838639506342,26.0,0.9024668525321103,109.0,0.8810572418570082,436.0
1990-12-31 00:00:00-05:00,9.914815527327518,9.914815527327518,9.547600137426498,9.862356185913086,75000,WHR,9.70497989654541,0,1.002667074658893,2.0,1.0085839103215517,2.0,1.110350105721931,26.0,0.9083951865748272,109.0,0.8860687450319419,437.0
1991-01-02 00:00:00-05:00,10.019736001298234,10.019736001298234,9.652520545753273,9.70497989654541,57800,WHR,9.442681312561035,0,0.9919571939325579,1.0,0.99892045147348,2.0,1.090381904225902,26.0,0.8949056300361652,109.0,0.8722540761681388,436.0
1991-01-03 00:00:00-05:00,9.652518675062392,9.652518675062392,9.285303290685018,9.442681312561035,106400,WHR,9.652515411376951,1,0.98630127297951,0.0,0.9782609876963443,2.0,1.0591482109853896,26.0,0.8718489071135272,108.0,0.8489710648591345,436.0
1991-01-04 00:00:00-05:00,9.44267811982528,9.862352702928623,9.44267811982528,9.652515411376951,177900,WHR,9.54759693145752,0,1.0109888419506494,1.0,0.9956708457694684,3.0,1.0787951414773431,27.0,0.8923119846071174,109.0,0.8680941941420173,437.0
1991-01-07 00:00:00-05:00,9.600056255256735,9.652515579055954,9.495137607658302,9.54759693145752,97200,WHR,9.600056648254396,1,0.9945355278111907,1.0,0.9902065171130273,2.0,1.0631497700019041,27.0,0.8837434724506957,108.0,0.8588900999869876,437.0
1991-01-08 00:00:00-05:00,9.547597322307649,9.704975300147884,9.44267867041416,9.600056648254396,56000,WHR,9.49514102935791,0,1.0027397464957515,1.0,1.001093960683052,2.0,1.0650780225337668,27.0,0.8898706875515149,108.0,0.8638104655856151,438.0
1991-01-09 00:00:00-05:00,9.652519057468815,10.072193799097894,9.442681686654277,9.49514102935791,67600,WHR,9.54759693145752,1,0.9945056542138084,1.0,0.9945057138163057,2.0,1.0499994058647886,26.0,0.8811781808773475,108.0,0.8545428398928762,438.0
1991-01-10 00:00:00-05:00,9.600056255256735,9.600056255256735,9.442678283859085,9.54759693145752,38900,WHR,9.07546329498291,0,1.0027546407563632,1.0,0.9978069414820011,3.0,1.05206311422116,27.0,0.8871027888731994,108.0,0.8594472471906169,438.0
1991-01-11 00:00:00-05:00,9.390219247410062,9.390219247410062,9.07546329498291,9.07546329498291,83500,WHR,9.12792682647705,1,0.9746479026146149,1.0,0.9600443413714193,2.0,0.9970886252657395,27.0,0.8443743453178592,108.0,0.8171629514791919,437.0
1991-01-14 00:00:00-05:00,8.918089428167233,9.12792682647705,8.86563007858978,9.12792682647705,83400,WHR,8.865623474121094,0,1.0028820747753076,1.0,0.9742444212888436,3.0,0.9997132132456588,28.0,0.8502764357909726,109.0,0.8221167009618198,437.0
1991-01-15 00:00:00-05:00,9.127920026609884,9.127920026609884,8.498408300636788,8.865623474121094,174300,WHR,8.498408317565918,0,0.9854223681278043,1.0,0.9613193139365015,2.0,0.9685085842188389,27.0,0.8269329728362862,108.0,0.798740791313303,436.0
1991-01-16 00:00:00-05:00,8.445949006963659,8.498408317565918,8.341030385759142,8.498408317565918,422700,WHR,8.76070785522461,1,0.9788519647417958,0.0,0.9418602203002605,2.0,0.9271730325810875,26.0,0.79377862018012,108.0,0.7659486179136324,435.0
1991-01-17 00:00:00-05:00,8.918085840647807,8.918085840647807,8.603329869801414,8.76070785522461,156200,WHR,9.12792682647705,1,1.0151977386925648,1.0,0.9881657427238711,2.0,0.9545302891163928,26.0,0.8192705784003848,109.0,0.7898779766037933,435.0
1991-01-18 00:00:00-05:00,8.813170729012326,9.12792682647705,8.76071137943487,9.12792682647705,150700,WHR,9.12792682647705,0,1.0205280602900382,2.0,1.0283691753287882,3.0,0.9930375038003455,26.0,0.8546430337616623,109.0,0.8232973207222699,435.0
1991-01-21 00:00:00-05:00,9.12792682647705,9.180386176054505,9.023008127322145,9.12792682647705,80900,WHR,9.07546329498291,0,1.0,1.0,1.0283691753287882,2.0,0.9912595216848971,26.0,0.8557575316931799,108.0,0.8236412127614564,434.0
1991-01-22 00:00:00-05:00,9.127922620387436,9.337759922005535,8.918085318769334,9.07546329498291,86300,WHR,9.12792682647705,1,0.9971179252246926,0.0,1.0176469098664402,2.0,0.9835255001281908,26.0,0.8519506995583395,108.0,0.819213579984735,434.0
1991-01-23 00:00:00-05:00,9.180386176054505,9.23284552563196,8.970548777744687,9.12792682647705,127200,WHR,9.442681312561035,1,1.0028820747753076,1.0,1.0092809144552801,3.0,0.9869855161545387,27.0,0.8578502153583455,109.0,0.8242403686203216,435.0
1991-01-24 00:00:00-05:00,9.18038460943434,9.442681312561035,9.075465928183664,9.442681312561035,65600,WHR,9.390222549438477,0,1.0169490672425705,2.0,1.0285713828634655,3.0,1.017677110906698,28.0,0.8883027511406562,110.0,0.8529117556814082,436.0
1991-01-25 00:00:00-05:00,9.442681893290088,9.600059924844922,9.180385174032027,9.390222549438477,35500,WHR,9.442681312561035,1,0.9972145154296461,1.0,1.0170454937492734,2.0,1.0088162019713485,28.0,0.8842872253579869,109.0,0.8484325103553672,435.0
1991-01-28 00:00:00-05:00,9.442681312561035,9.547599993811714,9.075465928183664,9.442681312561035,84100,WHR,9.80988883972168,1,1.0027854845703539,1.0,1.0158013652862856,3.0,1.011059019810522,29.0,0.8901699284656813,109.0,0.8534358785368403,435.0
1991-01-29 00:00:00-05:00,9.44267374946472,9.862348138329818,9.44267374946472,9.80988883972168,89500,WHR,9.914813995361328,1,1.0190731691538393,2.0,1.0388881827013838,4.0,1.0459996827994145,30.0,0.9255522189566244,110.0,0.8868868565435812,435.0
1991-01-30 00:00:00-05:00,9.862354662052535,9.914813995361328,9.704976662126167,9.914813995361328,91900,WHR,10.439411163330078,1,1.00531947966552,2.0,1.032786927587745,4.0,1.0526045309881336,31.0,0.9362782674836598,110.0,0.8966952516162109,435.0
1991-01-31 00:00:00-05:00,10.019736342693694,10.439411163330078,9.757439579795951,10.439411163330078,148600,WHR,10.754158973693848,1,1.0257733794275505,2.0,1.0653108718851905,4.0,1.1024955027031722,32.0,0.9864745255406869,111.0,0.9444193348099098,436.0
1991-02-01 00:00:00-05:00,10.43940310129305,10.859077597827444,10.334484477159451,10.754158973693848,300500,WHR,10.386947631835938,0,1.0148510990988688,2.0,1.0677080216654944,5.0,1.1294028136795784,32.0,1.0167737327846587,112.0,0.9731539622528064,437.0
1991-02-04 00:00:00-05:00,10.491866294783774,10.491866294783774,10.334488300362018,10.386947631835938,146400,WHR,10.229568481445312,0,0.9826304578700785,1.0,1.012270048697314,4.0,1.0861697429479582,31.0,0.982860918654679,111.0,0.9402113935524647,436.0
1991-02-05 00:00:00-05:00,10.439405783628803,10.439405783628803,10.072190504807692,10.229568481445312,117900,WHR,10.33448886871338,1,0.9923663557156857,0.0,0.988843712879112,3.0,1.0649657629722236,31.0,0.9687848888581738,111.0,0.9262689368429495,435.0
1991-02-06 00:00:00-05:00,10.072192196918625,10.38694820307233,10.072192196918625,10.33448886871338,157200,WHR,10.282026290893556,0,1.0051021248132854,1.0,0.9909457354983902,3.0,1.071325173419441,31.0,0.9795266649427634,111.0,0.9360983581775466,435.0
1991-02-07 00:00:00-05:00,10.386944926514918,10.4394042443256,10.229566973082871,10.282026290893556,99200,WHR,10.33448886871338,1,0.9974553130141698,1.0,0.988899981141947,2.0,1.0623332587952317,30.0,0.9753575588693519,111.0,0.931685975317054,434.0
1991-02-08 00:00:00-05:00,10.282029534354429,10.43940753743128,10.072192196918625,10.33448886871338,78100,WHR,10.439411163330078,1,1.0025446869858303,1.0,1.0020346955152628,2.0,1.0654370341040624,30.0,0.9811234851225793,112.0,0.9367539828477128,435.0
1991-02-11 00:00:00-05:00,10.282033105591434,10.491870515909628,10.282033105591434,10.439411163330078,148500,WHR,10.49186897277832,1,1.0050506787100573,2.0,1.0111792391723569,3.0,1.0742081513148596,30.0,0.9918624544579973,112.0,0.9465576197772174,436.0
1991-02-12 00:00:00-05:00,10.43940962791443,10.701706352233886,10.386950283050536,10.49186897277832,189900,WHR,10.806621551513672,1,1.002506192125237,2.0,1.0111224998813475,4.0,1.077365313120491,31.0,0.9977240978935337,112.0,0.9515575524833696,437.0
1991-02-13 00:00:00-05:00,10.596784239833797,10.806621551513672,10.544324911913826,10.806621551513672,323300,WHR,10.17710781097412,0,1.0147781636626483,2.0,1.032063978770651,4.0,1.106694659301345,32.0,1.0283197738833465,113.0,0.9803148639293983,438.0
1991-02-14 00:00:00-05:00,10.806619634333344,10.806619634333344,9.967270536521044,10.17710781097412,203600,WHR,10.072193145751951,0,0.9699999113758623,1.0,0.973895264929618,4.0,1.0403561856235817,32.0,0.9692391894623004,113.0,0.923445300962535,438.0
1991-02-15 00:00:00-05:00,10.229571163654327,10.229571163654327,9.91481512784958,10.072193145751951,132700,WHR,10.072193145751951,0,0.994818850021224,0.0,0.9687185146945931,3.0,1.027879322069357,32.0,0.9602475321980006,112.0,0.9141795501353788,437.0
1991-02-19 00:00:00-05:00,10.177111824353537,10.229571163654327,9.809896449247995,10.072193145751951,132800,WHR,9.862356185913086,0,1.0,0.0,0.9756098552311978,2.0,1.0262236645725118,31.0,0.961268171819223,111.0,0.9144223944904182,437.0
1991-02-20 00:00:00-05:00,10.07219355157081,10.124652892985242,9.757437503084224,9.862356185913086,119000,WHR,9.70497989654541,0,0.9894737043537999,0.0,0.9670783413103147,1.0,1.0035851242462288,31.0,0.942210351976158,111.0,0.8956196009632045,437.0
1991-02-21 00:00:00-05:00,9.967276650506095,10.072195352090372,9.652520545753273,9.70497989654541,51700,WHR,9.914813995361328,1,0.9919571939325579,0.0,0.9726605996341582,0.0,0.9866845727033423,30.0,0.9282257762645085,110.0,0.8816313669931279,436.0
1991-02-22 00:00:00-05:00,9.757435995434957,10.229569995214067,9.704976662126167,9.914813995361328,73500,WHR,10.137739181518556,1,1.0106950205477172,1.0,0.9989427754512902,1.0,1.0075522334912195,30.0,0.9493498547634442,110.0,0.9010048473417145,436.0
1991-02-25 00:00:00-05:00,10.084662013028929,10.243893518497806,9.92543050756005,10.137739181518556,93500,WHR,10.190811157226562,1,1.0111170474996798,2.0,1.0200557806046051,2.0,1.0297258140219296,30.0,0.9717116682438638,110.0,0.9215858011749776,436.0
1991-02-26 00:00:00-05:00,10.084656874338783,10.350042581558228,10.084656874338783,10.190811157226562,108400,WHR,10.50928020477295,1,1.0026107112816036,2.0,1.0229540110860926,3.0,1.0341741026168505,31.0,0.9779549296596172,110.0,0.9267115267902473,437.0
1991-02-27 00:00:00-05:00,10.296971513767437,10.562357377524329,10.243894341016055,10.50928020477295,289700,WHR,10.827733993530272,1,1.0153849102391412,2.0,1.0413966494025721,4.0,1.065138206290362,31.0,1.0096472474003575,110.0,0.9559313391922201,438.0
1991-02-28 00:00:00-05:00,10.61542548385321,10.827733993530272,10.509271229014676,10.827733993530272,268800,WHR,11.09312629699707,1,1.0149249461896428,2.0,1.049598151623378,5.0,1.0951430812715253,32.0,1.0412004914299648,111.0,0.9851492282433351,438.0
1991-03-01 00:00:00-05:00,10.933894819049744,11.252357774944397,10.827740500418193,11.09312629699707,332600,WHR,11.040046691894531,0,1.0121068379593423,2.0,1.0513079571942892,5.0,1.1192674155012825,32.0,1.0676165664577135,111.0,1.009553545760249,438.0
1991-03-04 00:00:00-05:00,11.093123839451716,11.252355282123272,11.040046691894531,11.040046691894531,200100,WHR,11.199280738830566,1,0.9976018076970176,1.0,1.0286844293349098,4.0,1.1117101564232033,31.0,1.0634021335270636,111.0,1.0049887027868265,437.0
1991-03-05 00:00:00-05:00,11.040049259131552,11.464666538328922,11.040049259131552,11.199280738830566,424500,WHR,11.730045318603516,1,1.007160020797933,1.0,1.0242719715129285,4.0,1.1255165913104141,31.0,1.0796453402443082,111.0,1.0197808468820606,437.0
1991-03-06 00:00:00-05:00,11.411582549772652,11.889276703018949,11.25235116535722,11.730045318603516,512800,WHR,11.57081699371338,0,1.0231478491100643,2.0,1.0493823947950518,4.0,1.176314957523565,31.0,1.1315529571363383,111.0,1.0683881000515938,437.0
1991-03-07 00:00:00-05:00,11.783125562405369,11.783125562405369,11.464662709367383,11.57081699371338,102900,WHR,11.676974296569824,1,0.9931664192184868,1.0,1.0215556674743322,3.0,1.1584612381366484,30.0,1.1169270971613356,111.0,1.0541870969801865,436.0
1991-03-08 00:00:00-05:00,11.623897140676323,11.783128608356822,11.464665672995826,11.676974296569824,139100,WHR,11.57081699371338,0,1.0045663392935231,1.0,1.020408341847018,3.0,1.1665784391990244,31.0,1.1279143282744577,111.0,1.064153184846939,437.0
1991-03-11 00:00:00-05:00,11.783125562405369,11.783125562405369,11.305431282848394,11.57081699371338,194200,WHR,11.411588668823242,0,0.995433660706477,1.0,1.0018381718471285,3.0,1.1541011131159014,30.0,1.1184841407033193,110.0,1.0547374622104262,437.0
1991-03-12 00:00:00-05:00,11.46466582542242,11.623897295219953,11.358511512224064,11.411588668823242,41800,WHR,11.464666366577148,1,0.9930717294251884,0.0,0.984432450729213,2.0,1.1362838239048203,30.0,1.103930913563107,110.0,1.0404676604424514,437.0
1991-03-13 00:00:00-05:00,11.3585120483681,11.570820684786195,11.3585120483681,11.464666366577148,179800,WHR,11.358508110046388,0,1.0023202092157029,1.0,0.9935604061586133,2.0,1.1389369786747385,31.0,1.1099516847759705,110.0,1.0455135106691695,438.0
1991-03-14 00:00:00-05:00,11.51773953214984,11.730048094954446,11.358508110046388,11.358508110046388,262600,WHR,11.411588668823242,1,0.9953486638486907,1.0,0.987996116521413,2.0,1.1257975963096143,31.0,1.100533775789469,110.0,1.0360470887240119,438.0
1991-03-15 00:00:00-05:00,11.411588668823242,11.46466582542242,11.358511512224064,11.411588668823242,194000,WHR,11.358508110046388,0,1.00233115209357,1.0,0.9972171733207993,2.0,1.1276840797882886,32.0,1.1063887294613968,111.0,1.0410908378991577,439.0
1991-03-18 00:00:00-05:00,11.41158525074754,11.51773953214984,11.146199547241782,11.358508110046388,152500,WHR,11.199280738830566,0,0.9976688479064301,1.0,0.9962754162650982,2.0,1.1206455036168448,31.0,1.1018879862022215,111.0,1.0364544986012547,439.0
1991-03-19 00:00:00-05:00,11.199280738830566,11.25235789873024,10.933894939332212,11.199280738830566,147200,WHR,10.986970901489258,0,0.9929413573164221,0.0,0.9859814663681521,2.0,1.1033669039885827,31.0,1.0870175274646778,111.0,1.0221729034620812,438.0
1991-03-20 00:00:00-05:00,11.146202363829682,11.199279517943156,10.933893747375784,10.986970901489258,191000,WHR,11.252362251281738,1,0.9904305675071552,0.0,0.9754948852427046,1.0,1.0811983545461623,31.0,1.0669172962646674,111.0,1.0030412112388691,438.0
1991-03-21 00:00:00-05:00,11.093130709990016,11.464670973004036,11.093130709990016,11.252362251281738,219000,WHR,11.358508110046388,1,1.0119334221026053,1.0,1.0009447038600263,2.0,1.1050807083215708,32.0,1.0931386846704576,111.0,1.0274928036019284,439.0
1991-03-22 00:00:00-05:00,11.252353828644084,11.41158525074754,11.199276687942932,11.358508110046388,185100,WHR,11.57081699371338,1,1.0046944614279951,2.0,1.0113418803648142,2.0,1.1125894472843239,33.0,1.1039246802345053,111.0,1.03743046986235,439.0
1991-03-25 00:00:00-05:00,11.464662709367383,11.676971278059373,11.464662709367383,11.57081699371338,110500,WHR,12.207745552062988,1,1.0092592731232277,2.0,1.0263650933437158,3.0,1.1294615057232393,34.0,1.124905069361106,112.0,1.0570684672352135,439.0
1991-03-26 00:00:00-05:00,11.570819697172746,12.207745552062988,11.570819697172746,12.207745552062988,136100,WHR,12.101588249206545,0,1.026785831024203,2.0,1.0638297925387343,4.0,1.1870034400623344,34.0,1.1868981938785812,113.0,1.1154515106142173,440.0
1991-03-27 00:00:00-05:00,12.15466539065043,12.260819673538208,11.889279683430988,12.101588249206545,213300,WHR,12.473134994506836,1,0.9956330640845905,1.0,1.0344825590295592,4.0,1.1724268642968065,33.0,1.1767196757477916,112.0,1.1059061073917533,440.0
1991-03-28 00:00:00-05:00,12.1015948031811,12.73852084545379,12.048517632991713,12.473134994506836,346800,WHR,12.101588249206545,0,1.0151190612246404,1.0,1.0444448391127412,4.0,1.2030457748807053,34.0,1.212699957572919,113.0,1.139942888591353,441.0
1991-04-01 00:00:00-05:00,12.366973956425984,12.47312823931376,12.101588249206545,12.101588249206545,211600,WHR,12.313899993896484,1,0.9848809387753599,1.0,1.0008777986585906,3.0,1.16224204084599,34.0,1.1766030368854175,113.0,1.106095428674191,441.0
1991-04-02 00:00:00-05:00,12.101591373312065,12.36697714904259,12.101591373312065,12.313899993896484,86800,WHR,12.101588249206545,0,1.0086957812424626,1.0,1.0060711655842856,3.0,1.1776159021477235,34.0,1.1971974008336939,113.0,1.1255945183345586,441.0
1991-04-03 00:00:00-05:00,12.313896814982096,12.420051097869871,12.101588249206545,12.101588249206545,261800,WHR,12.313899993896484,1,0.9913042187575375,1.0,0.9904429319071777,2.0,1.1526198345711913,34.0,1.176350663071138,113.0,1.1063146134755608,440.0
1991-04-04 00:00:00-05:00,12.26082283875038,12.473131459334802,12.207745683604276,12.313899993896484,161000,WHR,11.995436668395996,0,1.0086957812424626,1.0,1.0043290487760028,3.0,1.1678105920112405,34.0,1.1966813065319362,114.0,1.1258779798115626,440.0
1991-04-05 00:00:00-05:00,12.260822435395909,12.260822435395909,11.942359514996014,11.995436668395996,142600,WHR,12.313899993896484,1,0.9868995468726848,1.0,0.9860384696617964,2.0,1.1331304254379369,34.0,1.1656693989919362,113.0,1.0969062412912771,440.0
1991-04-08 00:00:00-04:00,11.942359907873746,12.36697714904259,11.942359907873746,12.313899993896484,188300,WHR,12.154667854309082,0,1.0131004531273153,1.0,1.008695710322687,3.0,1.1581694634259236,34.0,1.1964034351831967,114.0,1.1261446266306454,441.0
1991-04-09 00:00:00-04:00,12.207745006511306,12.260822158713529,12.154667854309082,12.154667854309082,68400,WHR,12.207745552062988,1,0.9934923800781794,1.0,0.9982563342211445,2.0,1.1377015563003983,34.0,1.1807955445024132,114.0,1.1117048183074556,441.0
1991-04-10 00:00:00-04:00,12.101591242914616,12.260822706637176,12.101591242914616,12.207745552062988,71500,WHR,12.207745552062988,0,1.0021786715818566,1.0,1.0008703309335796,3.0,1.1372058927876056,34.0,1.1859298724895089,114.0,1.1166402035602794,442.0
1991-04-11 00:00:00-04:00,12.207745552062988,12.260822706637176,12.101591242914616,12.207745552062988,208400,WHR,12.048516273498535,0,1.0,1.0,1.0026155298752704,2.0,1.131335514174094,34.0,1.1858377946503296,114.0,1.1167255549759734,441.0
1991-04-12 00:00:00-04:00,12.207747766099835,12.207747766099835,12.048516273498535,12.048516273498535,238800,WHR,11.942357063293455,0,0.9934355392554076,0.0,0.9886761087024449,2.0,1.1104899572717346,34.0,1.1703520975200012,114.0,1.1022691788903192,440.0
1991-04-15 00:00:00-04:00,12.04851134830051,12.154665633307564,11.889279920789932,11.942357063293455,78800,WHR,12.473134994506836,1,0.995575016852668,0.0,0.9859770062270437,1.0,1.0953519794701532,33.0,1.1600468692444283,114.0,1.092680701877721,439.0
1991-04-16 00:00:00-04:00,11.99544046280232,12.473134994506836,11.99544046280232,12.473134994506836,536000,WHR,12.73852252960205,1,1.0217393911192465,1.0,1.0244117568457634,2.0,1.1382143954741517,33.0,1.211362332255328,115.0,1.1413138518162695,440.0
1991-04-17 00:00:00-04:00,12.52621382077535,12.844676884015405,12.52621382077535,12.73852252960205,161600,WHR,12.526206016540527,0,1.01052638188669,2.0,1.0371653796133147,2.0,1.1560834625751766,34.0,1.23644453284969,116.0,1.165644229605175,440.0
1991-04-18 00:00:00-04:00,12.526206016540527,12.738514593092065,12.526206016540527,12.526206016540527,83900,WHR,12.260826110839844,0,0.9915963271612535,1.0,1.0146170689844614,2.0,1.1309118673394214,34.0,1.215328834832851,115.0,1.1463129605483395,439.0
1991-04-19 00:00:00-04:00,12.420057618772828,12.420057618772828,12.260826110839844,12.260826110839844,88600,WHR,12.154667854309082,0,0.9892935989941475,0.0,0.9897173813752894,2.0,1.101758528258201,33.0,1.1891134702487531,115.0,1.1221446339626309,439.0
1991-04-22 00:00:00-04:00,12.313899310915753,12.366976463117975,12.154667854309082,12.154667854309082,135000,WHR,13.481595039367676,1,0.9956520127472214,0.0,0.9777965617686191,2.0,1.0878008701250972,32.0,1.1784032213344693,115.0,1.1125146250928135,439.0
1991-04-23 00:00:00-04:00,12.207743539584904,13.481595039367676,12.207743539584904,13.481595039367676,366800,WHR,13.322372436523438,0,1.0517597744476979,1.0,1.0672266538684319,2.0,1.199237656365167,33.0,1.3059954063235566,115.0,1.2339338306770802,439.0
1991-04-24 00:00:00-04:00,13.481603979589456,13.481603979589456,13.056986531413408,13.322372436523438,355100,WHR,12.844671249389648,0,0.9940597375001499,1.0,1.0449629730043053,1.0,1.1782967951916619,32.0,1.289610453932594,115.0,1.2193798444207953,438.0
1991-04-25 00:00:00-04:00,13.26928848077443,13.322365634697528,12.79159409546655,12.844671249389648,183300,WHR,12.42005729675293,0,0.9817441667133778,0.0,1.002485377540159,1.0,1.1309870355814542,31.0,1.2426736478658604,115.0,1.175716692299109,438.0
1991-04-26 00:00:00-04:00,12.73852030436198,12.791597472296822,12.366980128818089,12.42005729675293,161800,WHR,12.36697769165039,0,0.9831934092677379,0.0,0.9669422891540539,1.0,1.0895934445890199,30.0,1.2010961345802202,115.0,1.1369292761247245,438.0
1991-04-29 00:00:00-04:00,12.420054849125284,12.632363479024862,12.36697769165039,12.36697769165039,239800,WHR,12.791595458984377,1,0.9978585738420359,0.0,0.9596374941777042,1.0,1.0818876817253893,29.0,1.1954689500671372,115.0,1.1321357967772117,438.0
1991-04-30 00:00:00-04:00,12.63236398024183,12.95082693772692,12.63236398024183,12.791595458984377,158600,WHR,13.110063552856444,1,1.0168776569637565,1.0,1.003330471667413,1.0,1.1157196721050953,29.0,1.2356807557168559,116.0,1.1710247669229918,439.0
1991-05-01 00:00:00-04:00,12.632368929473012,13.110063552856444,12.52621456872114,13.110063552856444,312100,WHR,13.587753295898438,1,1.0122952778324539,2.0,1.0317463510192395,2.0,1.138988535628422,30.0,1.2654602218522712,116.0,1.2001581327237765,440.0
1991-05-02 00:00:00-04:00,13.216213166713716,13.693907618522644,13.216213166713716,13.587753295898438,236000,WHR,13.853134155273438,1,1.0178924646066807,2.0,1.0569776230238133,3.0,1.174777254821024,31.0,1.3103345965191684,116.0,1.2437754843468056,441.0
1991-05-03 00:00:00-04:00,13.58774844348659,13.906211297630806,13.53467130112922,13.853134155273438,226900,WHR,14.012369155883787,1,1.0096710013423296,2.0,1.0541191960747405,4.0,1.1916795440211916,31.0,1.334533313894054,117.0,1.2679007725364713,442.0
1991-05-06 00:00:00-04:00,13.746983376416292,14.012369155883787,13.481597596948795,14.012369155883787,187600,WHR,13.056983947753906,0,1.005714413223844,2.0,1.040189051320896,5.0,1.198964993599877,32.0,1.3483315236578437,118.0,1.2822980385995735,442.0
1991-05-07 00:00:00-04:00,13.853141505543778,13.906218676063103,13.00390677723458,13.056983947753906,266900,WHR,13.269288063049316,1,0.9647060199602076,1.0,0.9654632672876174,4.0,1.1128968728995492,31.0,1.255428089212944,118.0,1.194823776678882,441.0
1991-05-08 00:00:00-04:00,13.056979454040528,13.322365215301511,12.950825149536133,13.269288063049316,408100,WHR,13.481595039367676,1,1.0080643440593597,1.0,0.9788566204009465,4.0,1.1264639587495897,31.0,1.274800385725028,118.0,1.2142273673857116,441.0
1991-05-09 00:00:00-04:00,13.32236360189483,13.481595039367676,13.216209310246263,13.481595039367676,321600,WHR,13.269288063049316,0,1.0079364473877566,2.0,0.996078292494186,4.0,1.1396663498288107,31.0,1.2939603747969037,119.0,1.233616755594028,441.0
1991-05-10 00:00:00-04:00,13.481596672058105,13.481596672058105,13.269288063049316,13.269288063049316,144700,WHR,13.322372436523438,1,0.9920635526122434,1.0,0.9889239942904227,3.0,1.1178404232251289,30.0,1.2725708809770795,118.0,1.2141759560979202,441.0
1991-05-13 00:00:00-04:00,13.322372436523438,13.428526798567448,13.269295255501431,13.322372436523438,140900,WHR,13.163145065307615,0,1.0019962790016432,1.0,1.0031978334893192,3.0,1.1173779492500986,31.0,1.276726313318405,118.0,1.2190489444370876,441.0
1991-05-14 00:00:00-04:00,13.2162222631516,13.26929946099558,12.950836273931689,13.163145065307615,119600,WHR,12.424108505249023,0,0.9939881344132764,1.0,0.9896254988921186,3.0,1.0992734940435533,31.0,1.2606950582737535,117.0,1.2044769186331072,441.0
1991-05-15 00:00:00-04:00,12.959630423578725,13.227391382743573,12.424108505249023,12.424108505249023,308200,WHR,12.424108505249023,0,0.9711170033149237,0.0,0.9460868240094115,2.0,1.0341700817962065,31.0,1.1895695821697625,116.0,1.1369177502998726,441.0
1991-05-16 00:00:00-04:00,12.531212888914965,12.584765080747934,12.424108505249023,12.424108505249023,530400,WHR,12.79898166656494,1,1.0,0.0,0.9615733142170436,1.0,1.0305076979311574,31.0,1.189201943147874,116.0,1.1369879265650416,440.0
1991-05-17 00:00:00-04:00,12.424116094740864,12.79898166656494,12.424116094740864,12.79898166656494,162400,WHR,12.906085014343262,1,1.0148623011202182,1.0,0.9978512083335915,2.0,1.0570799529375234,32.0,1.2245535681254711,116.0,1.1713410553501569,440.0
1991-05-20 00:00:00-04:00,12.798980574390203,12.906085014343262,12.798980574390203,12.906085014343262,146600,WHR,13.01318645477295,1,1.0041666240009355,2.0,1.0127752972174648,2.0,1.061554734244738,32.0,1.2341918566945678,117.0,1.1811736146001302,441.0
1991-05-21 00:00:00-04:00,12.852529831874516,13.17384307767138,12.852529831874516,13.01318645477295,161600,WHR,12.852534294128418,0,1.0041321161575587,2.0,1.023588884583922,3.0,1.0661614033408435,32.0,1.2439155544202944,117.0,1.1909948350469624,442.0
1991-05-22 00:00:00-04:00,12.852534294128418,12.906086520353954,12.745429841677348,12.852534294128418,162400,WHR,13.120293617248535,1,0.9937889934634296,1.0,1.0041843264477721,3.0,1.0491859611278698,31.0,1.2280989374866904,117.0,1.1763229910129147,442.0
1991-05-23 00:00:00-04:00,12.906084741864886,13.173845836094449,12.906084741864886,13.120293617248535,171300,WHR,13.066731452941896,0,1.010309209456658,1.0,1.01407283700395,4.0,1.067252549139516,31.0,1.2531356678648888,117.0,1.2008421657625334,442.0
1991-05-24 00:00:00-04:00,13.173835809113548,13.227387987199377,13.013179274856066,13.066731452941896,61300,WHR,13.388053894042969,1,0.9979546296624733,1.0,1.0057702151726766,3.0,1.0596789831377693,30.0,1.2475483824436302,116.0,1.195953303223348,442.0
1991-05-28 00:00:00-04:00,13.066740600585938,13.44160610961914,13.066740600585938,13.388053894042969,144000,WHR,13.977136611938477,1,1.0121460989717574,1.0,1.0229133776428945,3.0,1.0823800094605245,30.0,1.2776371703119516,116.0,1.2253354867919672,443.0
1991-05-29 00:00:00-04:00,13.33450964127464,13.977136611938477,13.28095739371932,13.977136611938477,228300,WHR,14.084228515625,1,1.021526717227375,2.0,1.0524199427931125,3.0,1.1255509610502843,31.0,1.3329655314508932,116.0,1.2791588064829191,443.0
1991-05-30 00:00:00-04:00,13.977124116266635,14.298437314341731,13.977124116266635,14.084228515625,516200,WHR,14.298444747924805,1,1.0038163468954449,2.0,1.0411715684306038,4.0,1.1298002889698173,31.0,1.3423344906683161,116.0,1.2888594722004643,443.0
1991-05-31 00:00:00-04:00,14.137788065363852,14.351996975445124,14.084235837843536,14.298444747924805,336800,WHR,14.137788772583008,0,1.0075474297403448,2.0,1.0389107646204163,4.0,1.143059078748119,31.0,1.361757345427126,117.0,1.308329814584483,444.0
1991-06-03 00:00:00-04:00,14.191341002782186,14.298445463180542,14.030684312184652,14.137788772583008,145200,WHR,14.244890213012695,1,0.9943503074967388,1.0,1.011494366748836,4.0,1.126363402557071,31.0,1.3454007910128378,117.0,1.293522695415865,443.0
1991-06-04 00:00:00-04:00,14.244890213012695,14.35199465070452,14.191337994166783,14.244890213012695,247100,WHR,14.351987838745115,1,1.0037734789053578,1.0,1.0068129099179126,4.0,1.1310396197003318,31.0,1.3543963639054344,118.0,1.303168889585136,444.0
1991-06-05 00:00:00-04:00,14.24488345188881,14.459092225601424,14.137779065032502,14.351987838745115,223000,WHR,13.923576354980469,0,1.0037450810378175,2.0,1.0090357584386704,4.0,1.13536453943888,32.0,1.3633467352910331,118.0,1.3128269186199526,444.0
1991-06-06 00:00:00-04:00,14.405546305729793,14.405546305729793,13.923576354980469,13.923576354980469,255000,WHR,13.816475868225098,0,0.9848487025465008,1.0,0.9811320653281271,3.0,1.0978375092389405,32.0,1.3217489323779719,117.0,1.273531908079657,444.0
1991-06-07 00:00:00-04:00,13.923580332319869,13.97713256436725,13.816475868225098,13.816475868225098,122500,WHR,13.87001895904541,1,0.9961391389643536,0.0,0.9802434160045171,2.0,1.0860364481706872,31.0,1.3108437911298347,116.0,1.263637127043029,444.0
1991-06-10 00:00:00-04:00,13.81646676229234,13.92357115579848,13.762914565539267,13.87001895904541,150200,WHR,14.030680656433104,1,1.0019339064462423,1.0,0.9877953044801059,3.0,1.0866697414124027,32.0,1.3150291375780363,117.0,1.2684287884267087,445.0
1991-06-11 00:00:00-04:00,13.816471791449391,14.13778508892496,13.816471791449391,14.030680656433104,113000,WHR,13.87001895904541,0,1.005758339382234,2.0,1.0022954324330888,3.0,1.0955104564742006,32.0,1.329276972950421,118.0,1.2829961085502566,446.0
1991-06-12 00:00:00-04:00,14.030675549304624,14.030675549304624,13.709362368786197,13.87001895904541,195900,WHR,13.816475868225098,0,0.9942416606177659,1.0,0.9976884733019291,2.0,1.0794381243836302,32.0,1.313163726807816,118.0,1.2682101162163413,445.0
1991-06-13 00:00:00-04:00,13.870028100272483,13.870028100272483,13.762923636177714,13.816475868225098,41800,WHR,14.030680656433104,1,0.9980660935537577,0.0,0.9953706919474282,2.0,1.0716332102624115,32.0,1.3070816664065803,118.0,1.263215707781587,445.0
1991-06-14 00:00:00-04:00,13.87002400769532,14.030680656433104,13.709367358957538,14.030680656433104,188900,WHR,14.459098815917969,1,1.007692160167891,1.0,1.0076923948371082,3.0,1.0839823179608719,33.0,1.3262631138095664,118.0,1.2826640932855728,446.0
1991-06-17 00:00:00-04:00,13.97712885538737,14.512651033754702,13.97712885538737,14.459098815917969,329600,WHR,14.191340446472168,0,1.0150376088344466,2.0,1.0297483222971635,3.0,1.1124874748861644,33.0,1.3654772852650632,118.0,1.3216540773315613,446.0
1991-06-18 00:00:00-04:00,14.351997130771853,14.512653815071538,14.137788218372274,14.191340446472168,178300,WHR,13.977136611938477,0,0.9906543014229701,1.0,1.008371571047174,2.0,1.0879339811452473,32.0,1.3391733634679215,117.0,1.2970443036151593,445.0
1991-06-19 00:00:00-04:00,14.137793354604437,14.137793354604437,13.977136611938477,13.977136611938477,82200,WHR,14.137788772583008,1,0.99239561890089,0.0,0.9916416945585607,2.0,1.0682284066180339,31.0,1.3178876300146545,117.0,1.2773535550504593,445.0
1991-06-20 00:00:00-04:00,13.977132081985474,14.137788772583008,13.923579851786297,14.137788772583008,164700,WHR,14.084228515625,0,1.0057141236708733,1.0,0.9984871832886881,3.0,1.0778566851604061,31.0,1.331794812900315,118.0,1.2919019292017484,446.0
1991-06-21 00:00:00-04:00,14.084228515625,14.137780715304183,14.03067631594582,14.084228515625,122500,WHR,13.87001895904541,0,0.9981021818387027,1.0,0.9939526740340102,2.0,1.0710749712968364,31.0,1.325414911026917,118.0,1.2868756782181527,446.0
1991-06-24 00:00:00-04:00,13.977123352551551,14.030675549304624,13.87001895904541,13.87001895904541,88300,WHR,13.87001895904541,0,0.9923371374323817,0.0,0.987042245101793,1.0,1.0529206042794101,30.0,1.3039746593891066,118.0,1.267229833008024,445.0
1991-06-25 00:00:00-04:00,13.87001895904541,13.92357115579848,13.709362368786197,13.87001895904541,83100,WHR,13.87001895904541,0,1.0,0.0,0.9915770112908763,1.0,1.0505699954646859,30.0,1.302695395736102,118.0,1.2671352579919306,445.0
1991-06-26 00:00:00-04:00,13.87001895904541,13.92357115579848,13.709362368786197,13.87001895904541,105800,WHR,14.084228515625,1,1.0,0.0,0.9930980229947634,1.0,1.048510256585123,29.0,1.3015436387888972,117.0,1.267009113295788,445.0
1991-06-27 00:00:00-04:00,13.87001971690827,14.084228515625,13.709363117870724,14.084228515625,197800,WHR,13.762922286987305,0,1.0076628625676183,1.0,1.0092095493833888,1.0,1.062050546344266,30.0,1.3202445373663163,118.0,1.2864076228158723,446.0
1991-06-28 00:00:00-04:00,14.030683420975386,14.084235647773,13.602265606594456,13.762922286987305,115000,WHR,13.816475868225098,1,0.9884617916240266,1.0,0.9907483144474383,1.0,1.0359352308866636,29.0,1.2889646920771844,117.0,1.2569111922483371,446.0
1991-07-01 00:00:00-04:00,13.870028100272483,13.923580332319869,13.762923636177714,13.816475868225098,94600,WHR,13.602261543273926,0,1.0019417965880328,1.0,0.9953707740116364,2.0,1.0375958279518027,30.0,1.2928405842927093,117.0,1.2616459409280165,447.0
1991-07-02 00:00:00-04:00,13.655813754074217,13.709365964874507,13.548709332473637,13.602261543273926,114400,WHR,13.441607475280762,0,0.9921873016347815,1.0,0.9837334967780136,2.0,1.0198640677481812,29.0,1.2718265849966424,116.0,1.241945399588909,447.0
1991-07-03 00:00:00-04:00,13.495159696297817,13.548711917314872,13.334503033246651,13.441607475280762,50200,WHR,13.495153427124023,1,0.9940595013279002,0.0,0.9781762048238969,2.0,1.0062004571787835,29.0,1.2560202022960734,115.0,1.2271723058283968,446.0
1991-07-05 00:00:00-04:00,13.38804903484526,13.655810015542166,13.38804903484526,13.495153427124023,77400,WHR,13.602261543273926,1,1.0019878392965385,1.0,0.9905656434837747,2.0,1.0085887646305776,29.0,1.260355838013282,115.0,1.2319599941798935,446.0
1991-07-08 00:00:00-04:00,13.495157121673344,13.602261543273926,13.227396067671888,13.602261543273926,52900,WHR,13.441607475280762,0,1.0039527060521054,2.0,1.00078795798014,3.0,1.0148309189385145,30.0,1.2695630344568214,116.0,1.2416239991030817,447.0
1991-07-09 00:00:00-04:00,13.548711917314872,13.602264138331924,13.388055254263708,13.441607475280762,58900,WHR,13.280945777893066,0,0.9940595013279002,1.0,0.9944534174299428,2.0,1.0011107430309791,30.0,1.2538580028802468,116.0,1.2268394773189562,447.0
1991-07-10 00:00:00-04:00,13.49515458076231,13.655811182914242,13.280945777893066,13.280945777893066,124800,WHR,13.388053894042969,1,0.9939877864264856,0.0,0.9872609762634237,2.0,0.9875040630037827,30.0,1.2381497002261324,116.0,1.2120950456133137,446.0
1991-07-11 00:00:00-04:00,13.227397247314451,13.602262756347656,13.227397247314451,13.388053894042969,187900,WHR,13.388053894042969,0,1.0040162029872688,1.0,0.9960160611938358,3.0,0.9943406857678749,30.0,1.2473113028897205,117.0,1.221792424326882,446.0
1991-07-12 00:00:00-04:00,13.388053894042969,13.495158325195312,13.12029281616211,13.388053894042969,62500,WHR,13.227398872375488,0,1.0,1.0,0.9976057987262923,2.0,0.9935418586423993,29.0,1.2465598379940415,116.0,1.2217145139065702,446.0
1991-07-15 00:00:00-04:00,13.33450331668622,13.33450331668622,13.120294428064756,13.227398872375488,59100,WHR,13.602261543273926,1,0.9939638441217808,0.0,0.991171881682805,1.0,0.980768884281073,29.0,1.2309802272200643,115.0,1.2070248719044365,445.0
1991-07-16 00:00:00-04:00,13.28094827847218,13.602261543273926,13.227396067671888,13.602261543273926,73200,WHR,13.762922286987305,1,1.0139719498901962,1.0,1.0168134098357724,2.0,1.0068945923521113,30.0,1.2650034283017686,116.0,1.2411541430427677,446.0
1991-07-17 00:00:00-04:00,13.495161152999223,13.870026740582537,13.495161152999223,13.762922286987305,130200,WHR,13.923576354980469,1,1.0058709908440562,2.0,1.0214628031758015,3.0,1.0167699196754438,31.0,1.2788021854809606,117.0,1.2557168562568897,447.0
1991-07-18 00:00:00-04:00,13.923576354980469,13.977128571730391,13.655815271230844,13.923576354980469,131100,WHR,13.495153427124023,0,1.0058026141214418,2.0,1.0252365611609713,3.0,1.0280791476456075,31.0,1.2924003688586203,118.0,1.2702528229583685,448.0
1991-07-19 00:00:00-04:00,13.81646660396031,13.81646660396031,13.441601230984642,13.495153427124023,95600,WHR,13.87001895904541,1,0.9843748076128579,1.0,0.9921256430797267,3.0,0.9962337324139504,31.0,1.2515706753410143,117.0,1.2311128914289993,447.0
1991-07-22 00:00:00-04:00,13.38804918826777,13.92357115579848,13.38804918826777,13.87001895904541,104000,WHR,13.977136611938477,1,1.0136986358657418,1.0,1.0101401652861153,4.0,1.0226168245016227,32.0,1.28511601055403,117.0,1.2652529418330858,447.0
1991-07-23 00:00:00-04:00,13.977136611938477,14.030688859493797,13.923584364383156,13.977136611938477,76300,WHR,14.084228515625,1,1.0038466281635128,2.0,1.0124133017635848,4.0,1.0285464834246065,33.0,1.2938355225424738,117.0,1.274943425431016,448.0
1991-07-24 00:00:00-04:00,13.977124116266635,14.137780715304183,13.923571916587452,14.084228515625,115400,WHR,14.084228515625,0,1.0038163468954449,2.0,1.0154437916488384,4.0,1.0342488613841496,34.0,1.3024108702717576,118.0,1.2846604137945068,448.0
1991-07-25 00:00:00-04:00,14.03067631594582,14.137780715304183,13.762915317549906,14.084228515625,157700,WHR,14.191340446472168,1,1.0,1.0,1.0130969143453634,3.0,1.032615228294292,33.0,1.3011002837954901,117.0,1.284651506900947,447.0
1991-07-26 00:00:00-04:00,14.137788218372274,14.191340446472168,14.084235990272376,14.191340446472168,118100,WHR,13.87001895904541,0,1.0037881441392302,1.0,1.0106791300732656,4.0,1.0390954435220308,33.0,1.3095019104447654,118.0,1.2943997862681698,448.0
1991-07-29 00:00:00-04:00,14.191332139563835,14.191332139563835,13.762914565539267,13.87001895904541,51000,WHR,14.887516975402832,1,0.9885493256836453,1.0,0.9877952508082133,3.0,1.015218457601324,32.0,1.2783784322659848,118.0,1.2651078274799035,448.0
1991-07-30 00:00:00-04:00,15.20883029141872,15.20883029141872,14.566203659386945,14.887516975402832,1465400,WHR,15.208833694458008,1,1.035381961051071,1.0,1.0466869510643877,3.0,1.0883210893912127,32.0,1.3698875706378393,119.0,1.3578066385014278,449.0
1991-07-31 00:00:00-04:00,14.833968075228409,15.315938157095037,14.833968075228409,15.208833694458008,974400,WHR,15.637246131896973,1,1.0106762684479533,2.0,1.0526318916054134,3.0,1.1101918991570192,32.0,1.3971067493743514,119.0,1.3869717602654528,449.0
1991-08-01 00:00:00-04:00,15.101724004092285,15.690798344677445,15.101724004092285,15.637246131896973,585500,WHR,15.744356155395508,1,1.0138887158384686,2.0,1.0595064307630355,4.0,1.1378924781968505,33.0,1.433642583036703,120.0,1.42581724701447,450.0
1991-08-02 00:00:00-04:00,15.63725169175336,15.79790838721658,15.63725169175336,15.744356155395508,276700,WHR,15.690801620483398,0,1.003413147057246,2.0,1.0447763725416674,4.0,1.1422578786128614,33.0,1.4405251503463314,121.0,1.4353445051301785,451.0
1991-08-05 00:00:00-04:00,15.637249396522703,15.744353844444094,15.637249396522703,15.690801620483398,184600,WHR,15.637246131896973,0,0.9982963490975953,1.0,1.016655102597091,4.0,1.1353396362068569,32.0,1.4327109030866294,121.0,1.4302368515474209,450.0
1991-08-06 00:00:00-04:00,15.637246131896973,15.690798344677445,15.423037280775096,15.637246131896973,160200,WHR,15.369491577148438,0,0.9982904939047038,0.0,1.0034362440402151,3.0,1.1282426660270102,32.0,1.4250357940575715,120.0,1.4251908428378595,449.0
1991-08-07 00:00:00-04:00,15.74435722537157,15.74435722537157,15.1017303998462,15.369491577148438,175300,WHR,15.4230318069458,1,0.9913646331561535,0.0,0.9842251886281783,2.0,1.1062007837988983,31.0,1.3979925484948592,120.0,1.4006554769494577,449.0
1991-08-08 00:00:00-04:00,15.315927419397566,15.530136194494036,15.26237522562345,15.4230318069458,202700,WHR,15.4230318069458,0,1.0017387412239498,1.0,0.9903709117414228,2.0,1.1070531923061855,32.0,1.400583957065403,120.0,1.40543061096492,449.0
1991-08-09 00:00:00-04:00,15.315927419397566,15.63724058204227,15.26237522562345,15.4230318069458,173600,WHR,15.637246131896973,1,1.0,1.0,0.9944748000811361,1.0,1.1030956459277614,32.0,1.398208995561675,120.0,1.4053089289134735,449.0
1991-08-12 00:00:00-04:00,15.423037280775096,15.690798344677445,15.423037280775096,15.637246131896973,88700,WHR,15.369491577148438,0,1.0068967291719977,1.0,1.0089841628379006,2.0,1.1141494002855636,33.0,1.4150408911024854,121.0,1.4246526784490543,450.0
1991-08-13 00:00:00-04:00,15.583700518990227,15.583700518990227,15.369491577148438,15.369491577148438,327900,WHR,15.262380599975586,0,0.9913646331561535,1.0,0.9951460258396078,2.0,1.0917394630492125,32.0,1.388205690961155,121.0,1.4001149448526526,450.0
1991-08-14 00:00:00-04:00,15.262380599975586,15.369485025238571,15.1552761747126,15.262380599975586,153700,WHR,15.4230318069458,1,0.9965032833594533,0.0,0.9895833880825482,2.0,1.0811152085305589,31.0,1.3758034166611195,121.0,1.3902458585589137,449.0
1991-08-15 00:00:00-04:00,15.315927419397566,15.530136194494036,15.26237522562345,15.4230318069458,157600,WHR,15.208833694458008,0,1.0052354260337064,1.0,0.999999703194844,2.0,1.0893956152162978,31.0,1.387382605192913,122.0,1.4047462242770272,450.0
1991-08-16 00:00:00-04:00,15.10172923182098,15.26238592577652,15.10172923182098,15.208833694458008,142500,WHR,14.994629859924316,0,0.9930073435299598,1.0,0.9888582005628567,2.0,1.071294181419296,31.0,1.365243699073355,122.0,1.3850746467227777,450.0
1991-08-19 00:00:00-04:00,14.673316362925938,14.994629859924316,14.566211863926478,14.994629859924316,222800,WHR,15.101729393005373,1,0.9929079711620487,0.0,0.9831465283048118,1.0,1.0538868770909653,30.0,1.3434479165195754,121.0,1.3654053149468006,450.0
1991-08-20 00:00:00-04:00,14.88752046544501,15.15528162489546,14.83396823355492,15.101729393005373,345300,WHR,15.58369255065918,1,1.0035585544477654,1.0,0.9936576582455809,2.0,1.0588901025324962,31.0,1.350143991525068,122.0,1.3749757980575519,451.0
1991-08-21 00:00:00-04:00,15.74434917489278,15.74434917489278,15.476588134503448,15.58369255065918,255200,WHR,15.744356155395508,1,1.015706584010435,2.0,1.0210523533550129,3.0,1.0898874773771134,31.0,1.3898624655271785,123.0,1.4185955836181112,452.0
1991-08-22 00:00:00-04:00,15.583699459932287,15.79790838721658,15.583699459932287,15.744356155395508,356900,WHR,15.797898292541504,1,1.005128426805123,2.0,1.0272536966787877,3.0,1.0988603535308759,31.0,1.4008827847008805,123.0,1.4329236253769246,453.0
1991-08-23 00:00:00-04:00,15.797898292541504,16.11921147815252,15.690793897337832,15.797898292541504,223900,WHR,15.808696746826172,1,1.0016974733760509,2.0,1.022884387905039,4.0,1.1004037293285867,31.0,1.402522227078118,123.0,1.4375513253246384,453.0
1991-08-26 00:00:00-04:00,15.700787554015072,15.862651343231722,15.700787554015072,15.808696746826172,149000,WHR,15.862656593322754,1,1.0003416519328077,2.0,1.0129056561088075,5.0,1.09922864247691,31.0,1.4006457103281604,123.0,1.4382991638458948,453.0
1991-08-27 00:00:00-04:00,15.862656593322754,16.02452043611176,15.862656593322754,15.862656593322754,303300,WHR,16.024505615234375,1,1.0017037429981932,2.0,1.0065482272317767,5.0,1.1007802637449464,32.0,1.4023349702082204,124.0,1.4430019946988104,453.0
1991-08-28 00:00:00-04:00,15.862641922151198,16.402187565761785,15.862641922151198,16.024505615234375,195300,WHR,15.916597366333008,0,1.0050756796999698,2.0,1.0111614806923772,5.0,1.1097275822792054,32.0,1.4134272301212725,125.0,1.457470849356521,454.0
1991-08-29 00:00:00-04:00,15.970551933676507,16.132415635707016,15.754733664302504,15.916597366333008,138400,WHR,15.970555305480955,1,0.9966216492597755,1.0,1.0021739257839333,4.0,1.100267789705014,31.0,1.400859338519288,124.0,1.4474059516953799,454.0
1991-08-30 00:00:00-04:00,15.916600726746225,15.970555305480955,15.754736990542026,15.970555305480955,74700,WHR,15.862656593322754,0,1.0016921529401914,1.0,1.0033897297261283,4.0,1.1014002446613984,32.0,1.4027390633277015,124.0,1.4520363343229823,455.0
1991-09-03 00:00:00-04:00,15.97056582184876,15.97056582184876,15.646838136270745,15.862656593322754,136900,WHR,15.53891944885254,0,0.9966104987300305,1.0,0.9959354493134259,3.0,1.0913922317650164,32.0,1.3902994738571723,124.0,1.441959954060167,455.0
1991-09-04 00:00:00-04:00,15.8626469373703,15.916601518789928,15.32310112317403,15.53891944885254,110600,WHR,15.161235809326172,0,0.9896904173206019,0.0,0.979591841151729,2.0,1.067076158178437,31.0,1.3591893598645064,124.0,1.4122357294290906,455.0
1991-09-05 00:00:00-04:00,15.59287241599738,15.59287241599738,14.945417505990568,15.161235809326172,206200,WHR,15.431008338928224,1,0.9876976635345924,0.0,0.966299723744313,1.0,1.0397947365543276,30.0,1.3235255444120326,124.0,1.377715256295878,454.0
1991-09-06 00:00:00-04:00,15.26914461509331,15.431008338928224,14.999371742035123,15.431008338928224,77500,WHR,15.53891944885254,1,1.0088183308257708,1.0,0.9896191844528791,2.0,1.0564114700570708,31.0,1.344285402471438,125.0,1.401979291567072,455.0
1991-09-09 00:00:00-04:00,15.377055704593658,15.53891944885254,15.377055704593658,15.53891944885254,85700,WHR,15.431008338928224,0,1.0034843836467353,2.0,1.00208760332388,2.0,1.0617124957268655,32.0,1.3508615463152402,125.0,1.4115117114314222,456.0
1991-09-10 00:00:00-04:00,15.48496291353986,15.538917488151498,15.377053764316583,15.431008338928224,94000,WHR,15.484967231750488,1,0.9965156163532647,1.0,1.0006997347091249,2.0,1.052660737049826,31.0,1.3386408737901085,125.0,1.4014474574447018,456.0
1991-09-11 00:00:00-04:00,15.431012642092822,15.538921821408156,15.377058052435157,15.484967231750488,113000,WHR,15.431008338928224,0,1.0017453401300214,1.0,1.004902154642553,3.0,1.055111018873378,31.0,1.3404112323790303,126.0,1.4060900914324843,456.0
1991-09-12 00:00:00-04:00,15.48496291353986,15.48496291353986,15.323099189704948,15.431008338928224,234100,WHR,15.700785636901855,1,0.9982546598699787,1.0,0.9979064088413135,3.0,1.0499562488082907,31.0,1.3329251393011572,125.0,1.4009403638439337,456.0
1991-09-13 00:00:00-04:00,15.592876457266792,15.754740226719388,15.431012687814196,15.700785636901855,391800,WHR,15.970555305480955,1,1.0086656521684256,1.0,1.0118221205341393,3.0,1.0662282989195706,32.0,1.3531775134937376,126.0,1.4251257087287772,457.0
1991-09-16 00:00:00-04:00,15.700782411807293,15.970555305480955,15.64682783307256,15.970555305480955,185800,WHR,15.53891944885254,0,1.0085177848664466,2.0,1.0235130871996445,3.0,1.0823030607958826,32.0,1.3732598602168833,126.0,1.4492825351225496,457.0
1991-09-17 00:00:00-04:00,15.8626469373703,16.132419844468433,15.53891944885254,15.53891944885254,118700,WHR,15.59287452697754,1,0.9863013947394013,1.0,0.9944751118195202,3.0,1.0513243103736793,32.0,1.3332030533918702,126.0,1.4098416406609018,457.0
1991-09-18 00:00:00-04:00,15.484965360700878,15.646829110115869,15.484965360700878,15.59287452697754,220800,WHR,15.59287452697754,0,1.0017331181803044,1.0,0.9965517533519,3.0,1.0529292134243051,33.0,1.3347975380006678,127.0,1.414446290622243,458.0
1991-09-19 00:00:00-04:00,15.538919943839208,15.80869285953086,15.538919943839208,15.59287452697754,84600,WHR,16.13242530822754,1,1.0,1.0,0.9944941481925237,3.0,1.0508915684433375,33.0,1.3316586192731612,127.0,1.4140969941512203,458.0
1991-09-20 00:00:00-04:00,15.808697710069127,16.13242530822754,15.700788510682989,16.13242530822754,233100,WHR,16.456153869628906,1,1.0170069560903336,1.0,1.0232720047493744,3.0,1.084498925766713,34.0,1.3743493063170806,127.0,1.4626378940609503,458.0
1991-09-23 00:00:00-04:00,16.13242625252145,16.510108472480148,16.024517046818968,16.456153869628906,166700,WHR,16.833820343017578,1,1.0099338040985026,2.0,1.0374152081053154,3.0,1.1033293727439946,34.0,1.3982123228725314,128.0,1.4915097986923334,459.0
1991-09-24 00:00:00-04:00,16.402183923965847,16.887774895399044,16.348229371584377,16.833820343017578,326300,WHR,17.26546859741211,1,1.0113447511546945,2.0,1.044176093896427,4.0,1.124790848573964,35.0,1.426237115387624,129.0,1.5251854469465138,460.0
1991-09-25 00:00:00-04:00,16.72592270374298,17.48128695487976,16.618013525009157,17.26546859741211,339800,WHR,17.04965591430664,0,1.0126585705393625,2.0,1.049180406152178,4.0,1.149218426640789,35.0,1.4583998888695973,130.0,1.5636451528915025,461.0
1991-09-26 00:00:00-04:00,17.15756512895415,17.211519736277907,16.94174669965913,17.04965591430664,293000,WHR,16.833820343017578,0,0.9937108582242863,1.0,1.0180415596997159,4.0,1.1305299690245558,35.0,1.4358974628839738,130.0,1.5435094110950358,460.0
1991-09-27 00:00:00-04:00,17.049638552543446,17.211502209687843,16.67195668587318,16.833820343017578,144300,WHR,16.510099411010742,0,0.9936300641159153,0.0,0.9968045854296215,3.0,1.1120494176341469,35.0,1.4136779573627958,129.0,1.5233473002522706,460.0
1991-09-30 00:00:00-04:00,16.671963130726535,16.72591770396513,16.240326544817755,16.510099411010742,105400,WHR,16.510099411010742,0,0.9902914554019184,0.0,0.9770114605214906,2.0,1.0870558165752462,34.0,1.3827484642468002,128.0,1.4934122267351695,460.0
1991-10-01 00:00:00-04:00,16.510099411010742,16.510099411010742,16.402190264533548,16.510099411010742,100700,WHR,16.40220069885254,0,1.0,0.0,0.9807691209510182,1.0,1.0835981005039041,33.0,1.37914414387285,127.0,1.4927475391700238,460.0
1991-10-02 00:00:00-04:00,16.510109913976567,16.510109913976567,16.240336876166495,16.40220069885254,157600,WHR,16.186378479003906,0,0.9967216295488911,0.0,0.9844564111253913,0.0,1.0730413831982768,33.0,1.3665707829975005,127.0,1.4820215406351953,460.0
1991-10-03 00:00:00-04:00,16.402196858723958,16.45615145365397,16.07846928914388,16.186378479003906,233600,WHR,16.186378479003906,0,0.9933773663874466,0.0,0.981675663088727,0.0,1.0555781846722403,33.0,1.3451674295196479,127.0,1.4615809077950397,460.0
1991-10-04 00:00:00-04:00,16.186378479003906,16.402196858723958,16.186378479003906,16.186378479003906,266800,WHR,16.186378479003906,0,1.0,0.0,0.9894460244221772,0.0,1.0523773808439398,32.0,1.3413940017852464,127.0,1.46070851559036,459.0
1991-10-07 00:00:00-04:00,16.07846928914388,16.24033307393392,15.91660550435384,16.186378479003906,138800,WHR,16.07847023010254,0,1.0,0.0,0.9933775175528233,0.0,1.0491959297705742,32.0,1.337572924141368,127.0,1.4597768666525062,459.0
1991-10-08 00:00:00-04:00,16.186379426277725,16.240334024365318,15.970561033927352,16.07847023010254,120300,WHR,16.07847023010254,0,0.9966555476557709,0.0,0.9920106519932901,0.0,1.0390011317592098,32.0,1.3249515700653607,126.0,1.4491648504609949,458.0
1991-10-09 00:00:00-04:00,16.07847023010254,16.132424828190132,15.916606435839762,16.07847023010254,184700,WHR,16.186378479003906,1,1.0,0.0,0.9959893398792536,0.0,1.0362375862037358,31.0,1.3213129185604393,125.0,1.4482079943748305,458.0
1991-10-10 00:00:00-04:00,16.07846928914388,16.186378479003906,15.646832529703776,16.186378479003906,197700,WHR,16.24033546447754,1,1.003344452344229,1.0,1.002673773413831,1.0,1.0404836090087655,31.0,1.3264457008904078,126.0,1.4569572739563637,458.0
1991-10-11 00:00:00-04:00,16.18638086160552,16.24033546447754,16.078471655861485,16.24033546447754,63600,WHR,16.40220069885254,1,1.0016639671095775,2.0,1.0053441161813588,2.0,1.0413672879914657,31.0,1.3270500409517112,127.0,1.4607806687907132,459.0
1991-10-14 00:00:00-04:00,16.294291483728507,16.456155306414555,16.240336876166495,16.40220069885254,161700,WHR,16.07847023010254,0,1.0049587211473119,2.0,1.0126583634935464,3.0,1.0484890360209873,32.0,1.3363501592550593,128.0,1.474306800203631,459.0
1991-10-15 00:00:00-04:00,16.3482432205405,16.51010701480328,16.07847023010254,16.07847023010254,81900,WHR,16.779876708984375,1,0.9900331348001371,1.0,0.9926715109536731,3.0,1.0253823992231221,31.0,1.3063075866788687,127.0,1.4442508039075321,458.0
1991-10-16 00:00:00-04:00,16.186376246608724,16.941740471450462,16.186376246608724,16.779876708984375,486300,WHR,16.94173240661621,1,1.0213463714465645,1.0,1.027080378515273,4.0,1.066935219792184,31.0,1.359316307454864,127.0,1.5061804501572411,458.0
1991-10-17 00:00:00-04:00,16.72591415939817,16.99568696842072,16.61800503578915,16.94173240661621,245200,WHR,16.456153869628906,0,1.004799761988729,2.0,1.0274863492631374,4.0,1.073974474775041,31.0,1.3684784888578991,127.0,1.5196098747697981,458.0
1991-10-18 00:00:00-04:00,16.941745295290087,16.941745295290087,16.456153869628906,16.456153869628906,73200,WHR,16.348243713378906,0,0.9854608003341612,1.0,0.9954310220003426,3.0,1.0405848258748254,31.0,1.3257593752907986,126.0,1.4750536148507203,458.0
1991-10-21 00:00:00-04:00,16.45615291280715,16.45615291280715,16.348243713378906,16.348243713378906,104800,WHR,16.510099411010742,1,0.9967104972442506,0.0,0.9895494966627365,2.0,1.031416691312177,30.0,1.313590627877472,126.0,1.464425464894865,457.0
1991-10-22 00:00:00-04:00,16.402190264533548,16.72591770396513,16.294281118056354,16.510099411010742,163800,WHR,17.319421768188477,1,1.0049258630302542,1.0,0.9941518325302445,3.0,1.038744608515296,31.0,1.3229481499491689,127.0,1.4779630413257965,457.0
1991-10-23 00:00:00-04:00,16.833830503659826,17.48128552303136,16.833830503659826,17.319421768188477,603500,WHR,16.72592544555664,0,1.0239235534221915,2.0,1.0361523677035527,3.0,1.086892032836673,31.0,1.3836124967668177,128.0,1.5493317015108268,457.0
1991-10-24 00:00:00-04:00,17.42733522230579,17.697108213363155,16.72592544555664,16.72592544555664,313100,WHR,16.564058303833008,0,0.9825674762866796,1.0,1.003236366653315,2.0,1.047983861555737,30.0,1.332322634290076,128.0,1.4952583190282853,457.0
1991-10-25 00:00:00-04:00,16.61801289114191,16.83383124037752,16.510103716524107,16.564058303833008,350200,WHR,16.564058303833008,0,0.9951376623388529,0.0,0.9922430263983759,2.0,1.0368383757627064,29.0,1.3156796333775473,128.0,1.4798627831500109,456.0
1991-10-28 00:00:00-05:00,16.456149129215202,16.564058303833008,16.294285367288495,16.564058303833008,124500,WHR,16.24033546447754,0,1.0,0.0,0.9896840947025739,2.0,1.0359524670670426,28.0,1.3119300457799608,128.0,1.478963135501222,455.0
1991-10-29 00:00:00-05:00,16.618017684581666,16.618017684581666,16.18638086160552,16.24033546447754,164800,WHR,16.024505615234375,0,0.9901317231575183,0.0,0.9734801437838929,1.0,1.0151246508670133,28.0,1.2827238464097874,128.0,1.4491959146973896,455.0
1991-10-30 00:00:00-05:00,16.13241474395649,16.18636930831755,15.970551050873317,16.024505615234375,136200,WHR,15.916597366333008,0,0.9933106799221497,0.0,0.9756894519189822,0.0,1.0012299746327327,28.0,1.2622632212925837,128.0,1.4291194791575554,454.0
1991-10-31 00:00:00-05:00,16.02450650102001,16.078461068363513,15.862642798989508,15.916597366333008,240500,WHR,15.53891944885254,0,0.9966216492597755,0.0,0.9787654941549566,0.0,0.9939214731048159,28.0,1.2504332708178407,128.0,1.4187163085949293,453.0
1991-11-01 00:00:00-05:00,15.970556100209553,15.970556100209553,15.53891944885254,15.53891944885254,186300,WHR,15.431008338928224,0,0.9879932693619539,0.0,0.967741946979385,0.0,0.9702201294909413,27.0,1.2177123068462663,127.0,1.3843668190992329,452.0
1991-11-04 00:00:00-05:00,15.538917488151498,15.538917488151498,15.377053764316583,15.431008338928224,72600,WHR,14.999375343322754,0,0.9965156163532647,0.0,0.9747783944336842,0.0,0.96347437066292,27.0,1.2064197014316749,126.0,1.3740526052909177,452.0
1991-11-05 00:00:00-05:00,15.431012043850028,15.431012043850028,14.891466168190936,14.999375343322754,235200,WHR,15.21519947052002,1,0.985815722860661,0.0,0.962604104619302,0.0,0.9371463269891187,26.0,1.1699930391001365,126.0,1.334978189868087,452.0
1991-11-06 00:00:00-05:00,15.053335646365552,15.323108686622998,14.891471822211082,15.21519947052002,102300,WHR,15.916597366333008,1,1.0071430469740843,1.0,0.986704435918781,1.0,0.950783567285356,27.0,1.1841176902578192,126.0,1.3535292989380354,452.0
1991-11-07 00:00:00-05:00,15.215187990867486,15.970551933676507,15.107278856180482,15.916597366333008,156500,WHR,16.186378479003906,1,1.0225299522378577,2.0,1.0321900318509072,2.0,0.9939360401672611,28.0,1.2357913511130758,126.0,1.415155101272536,452.0
1991-11-08 00:00:00-05:00,15.970560099283851,16.29428766886393,15.862650909423827,16.186378479003906,183200,WHR,15.862656593322754,0,1.0084036169721657,2.0,1.0409439536620748,3.0,1.0099805289531787,28.0,1.2539669038389247,126.0,1.438266432114615,453.0
1991-11-11 00:00:00-05:00,16.132429664637765,16.132429664637765,15.862656593322754,15.862656593322754,105700,WHR,16.13242530822754,1,0.9898991690404846,1.0,1.0144931275310103,3.0,0.989108735967057,28.0,1.2264057058966937,125.0,1.408651187113705,453.0
1991-11-12 00:00:00-05:00,15.808697710069127,16.240334507613674,15.808697710069127,16.13242530822754,182100,WHR,16.24033546447754,1,1.0084315681933513,1.0,1.017006858261199,4.0,1.004741989031486,29.0,1.2446247287298706,126.0,1.4315634073043748,454.0
1991-11-13 00:00:00-05:00,16.132426258733503,16.24033546447754,16.132426258733503,16.24033546447754,290400,WHR,15.970555305480955,0,1.0033333627924925,2.0,1.0107455984183267,4.0,1.0102687041391023,29.0,1.2502442323255407,127.0,1.4401113754789792,454.0
1991-11-14 00:00:00-05:00,16.24032819915462,16.24032819915462,15.916600726746225,15.970555305480955,169900,WHR,15.64682388305664,0,0.9916245669539758,1.0,0.9932882343234655,3.0,0.9930880645725374,28.0,1.226888722785048,127.0,1.4152306042459262,453.0
1991-11-15 00:00:00-05:00,16.07846040396855,16.132414969082536,15.64682388305664,15.64682388305664,104000,WHR,15.431008338928224,0,0.989760965939211,0.0,0.9797292366814462,2.0,0.9730560118919234,27.0,1.1995953606022514,127.0,1.3856284890544848,453.0
1991-11-18 00:00:00-05:00,15.64682663737477,15.700781211986408,15.1072808912584,15.431008338928224,194600,WHR,14.89145851135254,0,0.9930556435665502,0.0,0.9714672142869923,2.0,0.9599997811896671,26.0,1.1807655083960007,126.0,1.3656138545530054,453.0
1991-11-19 00:00:00-05:00,15.377049549766207,15.377049549766207,14.89145851135254,14.89145851135254,234200,WHR,15.053327560424805,1,0.9822062686970771,0.0,0.9523806561337256,1.0,0.9273150332094278,25.0,1.1374716065821149,126.0,1.3170575615201758,453.0
1991-11-20 00:00:00-05:00,14.837509244146313,15.107282139494428,14.78355466507669,15.053327560424805,243500,WHR,15.21519947052002,1,1.0054055837528533,1.0,0.9775754691434603,1.0,0.9381829246132437,25.0,1.147774551614366,126.0,1.3305671068039984,453.0
1991-11-21 00:00:00-05:00,14.891471822211082,15.269154078571509,14.891471822211082,15.21519947052002,167900,WHR,15.21519947052002,0,1.0053478621516576,2.0,0.9978774259753544,2.0,0.9490692600296792,25.0,1.1581482662410856,126.0,1.3440413232201922,454.0
1991-11-22 00:00:00-05:00,15.21519947052002,15.269154078571509,14.999381038314064,15.21519947052002,96200,WHR,15.161235809326172,0,1.0,1.0,1.003559128732432,2.0,0.9497618052964368,25.0,1.1562638017397247,125.0,1.343170233714806,454.0
1991-11-25 00:00:00-05:00,15.107281233492271,15.377054112661776,15.053326657658369,15.161235809326172,219600,WHR,14.83750343322754,0,0.9982235025045993,0.0,1.00357123387038,2.0,0.9471908136334133,24.0,1.1502367944920062,125.0,1.3376005652177492,453.0
1991-11-26 00:00:00-05:00,15.269139896739611,15.269139896739611,14.459821527654476,14.83750343322754,215800,WHR,14.739619255065918,0,0.9892084672798712,0.0,0.9828443789545459,2.0,0.9279563219484874,24.0,1.1239434916369209,124.0,1.3083049390885588,452.0
1991-11-27 00:00:00-05:00,14.848398732963084,14.848398732963084,14.685229516117335,14.739619255065918,113000,WHR,14.63083267211914,0,0.9966905442698669,0.0,0.9804352072131804,1.0,0.9226031917364145,24.0,1.1147926912297434,124.0,1.2989511880556772,452.0
1991-11-29 00:00:00-05:00,14.739612097190658,14.902781234797937,14.63083267211914,14.63083267211914,26900,WHR,15.120338439941406,1,0.9962960534888439,0.0,0.9808240401592677,0.0,0.9163008833186569,24.0,1.1049008234200872,123.0,1.28871249604667,451.0
1991-12-02 00:00:00-05:00,14.41327225390098,15.120338439941406,14.304492840663992,15.120338439941406,104600,WHR,14.957165718078612,0,1.0164533277019079,1.0,1.0149304552714256,1.0,0.9472648639754976,24.0,1.1400568854476698,123.0,1.33107722007617,452.0
1991-12-03 00:00:00-05:00,15.0115554115989,15.229114185680045,14.902776024558328,14.957165718078612,99300,WHR,15.120338439941406,1,0.9945749248007572,1.0,1.006735760607852,1.0,0.9376118913081078,23.0,1.1260769919472833,122.0,1.3160101512947888,451.0
1991-12-04 00:00:00-05:00,15.065948733322912,15.229117853178394,14.902779613467429,15.120338439941406,82700,WHR,14.739619255065918,0,1.0054250751992426,1.0,1.0138584056553963,2.0,0.9481483629033621,24.0,1.1367593119285369,122.0,1.3296166896413626,452.0
1991-12-05 00:00:00-05:00,15.065957688757416,15.065957688757416,14.522060299271589,14.739619255065918,166400,WHR,14.250104904174805,0,0.9872498417859733,1.0,0.9883301843584013,2.0,0.9249952196006249,23.0,1.1067576824153955,121.0,1.295445435179683,452.0
1991-12-06 00:00:00-05:00,14.739612324547222,14.848391751296647,14.250104904174805,14.250104904174805,285500,WHR,13.488645553588867,0,0.9831142114977636,0.0,0.9604105867774266,2.0,0.8953813224025499,23.0,1.0687613100249256,121.0,1.2518535842358802,451.0
1991-12-09 00:00:00-05:00,14.141321951343167,14.195711651156026,13.434255853776008,13.488645553588867,254600,WHR,14.086934089660645,1,0.972548895028802,0.0,0.9295350489195975,1.0,0.8495042705019435,22.0,1.0107747642111935,120.0,1.1844965409137727,451.0
1991-12-10 00:00:00-05:00,13.48864731365189,14.195713503480418,13.48864731365189,14.086934089660645,320200,WHR,14.63083267211914,1,1.0216963176771603,1.0,0.9825492001606431,2.0,0.888941581722792,22.0,1.0544382421934722,121.0,1.2364708354425948,452.0
1991-12-11 00:00:00-05:00,13.978156121690034,14.63083267211914,13.978156121690034,14.63083267211914,205400,WHR,14.576449394226074,0,1.01893944563901,2.0,1.0275018699460556,2.0,0.9241463656806301,23.0,1.0936575267352142,122.0,1.283554211695895,453.0
1991-12-12 00:00:00-05:00,14.739618603862931,14.739618603862931,14.413280184589215,14.576449394226074,113800,WHR,14.304490089416504,0,0.9981380233268698,1.0,1.0260341140954454,2.0,0.9216975275668744,22.0,1.0880928129243743,122.0,1.278151034249958,452.0
1991-12-13 00:00:00-05:00,14.685217962518845,14.685217962518845,14.086931304786594,14.304490089416504,303100,WHR,14.14132308959961,0,0.9905834328913157,0.0,1.006120619731362,2.0,0.9057307938820447,22.0,1.0662939649743768,122.0,1.2537243060151189,451.0
1991-12-16 00:00:00-05:00,14.250102497981144,14.522051018934985,14.08693338540884,14.14132308959961,319800,WHR,13.923765182495115,0,0.9942639361796393,0.0,0.9855950172225615,2.0,0.8972847781721958,21.0,1.0529523507435619,121.0,1.23889876657302,450.0
1991-12-17 00:00:00-05:00,14.141324013471603,14.195713721215723,13.923765182495115,13.923765182495115,345500,WHR,14.358878135681152,1,0.9922480946792241,0.0,0.9726443084583962,1.0,0.8858528165860827,20.0,1.0356460259212574,121.0,1.2193706487695315,449.0
1991-12-18 00:00:00-05:00,13.97815030632597,14.46765751549692,13.923760616418088,14.358878135681152,202700,WHR,14.576449394226074,1,1.0153844514563604,1.0,1.0068646719446301,1.0,0.9159391454668314,20.0,1.0667157510325604,122.0,1.2569401178325807,450.0
1991-12-19 00:00:00-05:00,14.250110974952356,14.576449394226074,14.250110974952356,14.576449394226074,105100,WHR,15.66423797607422,1,1.007519225704981,2.0,1.0221210737184598,2.0,0.9324836234166951,20.0,1.0814147317614042,123.0,1.2754390514245553,450.0
1991-12-20 00:00:00-05:00,15.011561393737791,15.66423797607422,14.95717167854309,15.66423797607422,387000,WHR,15.337899208068848,0,1.03597102699843,2.0,1.0778443962531006,3.0,1.0035539408171947,21.0,1.1600833766345637,124.0,1.3698144218566186,451.0
1991-12-23 00:00:00-05:00,15.501068348580215,15.555458062084009,15.229119781061266,15.337899208068848,354800,WHR,16.044946670532227,1,0.9894736686678399,1.0,1.0382916199440528,3.0,0.9842186376340284,21.0,1.1339346521219373,124.0,1.3405535559924633,450.0
1991-12-24 00:00:00-05:00,15.337881224034197,16.099336320262843,15.337881224034197,16.044946670532227,412200,WHR,16.53447151184082,1,1.0225297433253333,1.0,1.0558329472673122,4.0,1.0301016599650328,22.0,1.1840236973184906,124.0,1.4015027096249117,451.0
1991-12-26 00:00:00-05:00,16.04496413155606,16.64325092968188,16.04496413155606,16.53447151184082,102000,WHR,16.806411743164062,1,1.0150255857415358,2.0,1.0577593147660471,4.0,1.061501963047347,23.0,1.2177494814765373,124.0,1.4433335677460202,451.0
1991-12-27 00:00:00-05:00,16.534463333080502,16.915191107197487,16.534463333080502,16.806411743164062,78100,WHR,17.295930862426758,1,1.0081563595434269,2.0,1.0453313068754206,4.0,1.0784938932045822,24.0,1.2351935480498115,125.0,1.4660827750452092,452.0
1991-12-30 00:00:00-05:00,16.969592544267762,17.350320582119924,16.86081310488143,17.295930862426758,125200,WHR,16.915205001831055,0,1.0143544132707893,2.0,1.0543771373389845,4.0,1.1085915450784942,25.0,1.2682429344300101,126.0,1.5077713375225084,452.0
1991-12-31 00:00:00-05:00,17.29593308868899,17.29593308868899,16.752035821749082,16.915205001831055,206900,WHR,16.860820770263672,0,0.9888712885153437,1.0,1.0117116597487785,4.0,1.0833452603895535,25.0,1.2376892977228373,125.0,1.4736283044087009,452.0
1992-01-02 00:00:00-05:00,16.697651537003058,16.915210514683878,16.425702814902028,16.860820770263672,117700,WHR,16.860820770263672,0,0.9983898569969616,0.0,0.9987118542824727,3.0,1.0790853338578659,25.0,1.2310749483599566,125.0,1.4679483838416716,452.0
1992-01-03 00:00:00-05:00,16.806431025843466,17.24154898120511,16.64326179258285,16.860820770263672,264700,WHR,17.02397346496582,1,1.0,0.0,0.9948655952339687,2.0,1.0781855861766767,25.0,1.2284699189664081,124.0,1.466989813102904,452.0
1992-01-06 00:00:00-05:00,16.752025007059018,17.241532231291263,16.69763531547766,17.02397346496582,367500,WHR,16.915205001831055,0,1.0048149235780963,1.0,1.0019199940370624,2.0,1.0875226978455372,26.0,1.2376415168719042,125.0,1.480215350014876,452.0
1992-01-07 00:00:00-05:00,16.915205001831055,16.969594728525045,16.69764609505509,16.915205001831055,107500,WHR,16.588863372802734,0,0.9967951945789973,1.0,1.0,1.0,1.0797365150843325,25.0,1.2271049881684473,124.0,1.4698156178972042,451.0
1992-01-08 00:00:00-05:00,16.534473656826332,16.806422236708343,16.371304508897126,16.588863372802734,271600,WHR,16.6976375579834,1,0.9902596417432279,0.0,0.9845059771889755,1.0,1.0585128919450604,24.0,1.2008126601572855,124.0,1.4406054861010988,450.0
1992-01-09 00:00:00-05:00,16.53446846132558,16.752027256869336,16.48007876243964,16.6976375579834,152400,WHR,16.09935760498047,0,1.0032678167467,1.0,0.9928845608184979,2.0,1.0651189751137815,24.0,1.2060430749079079,124.0,1.4491800876470535,451.0
1992-01-10 00:00:00-05:00,16.697644543003392,16.806423986280286,16.09935760498047,16.09935760498047,235900,WHR,15.936185836791992,0,0.9817580863725425,1.0,0.9660576331028317,2.0,1.0269327282911191,24.0,1.1604051339723767,124.0,1.396488821732103,451.0
1992-01-13 00:00:00-05:00,16.099354975052663,16.208134400559775,15.664237273024211,15.936185836791992,104000,WHR,16.42569351196289,1,0.9949065397162669,0.0,0.9689153004280106,1.0,1.0174370447724437,23.0,1.1461862104357567,124.0,1.3815852161316822,451.0
1992-01-14 00:00:00-05:00,15.99057580303672,16.42569351196289,15.99057580303672,16.42569351196289,286600,WHR,17.51348304748535,1,1.0151260583446224,1.0,1.0046573726092678,2.0,1.0492655493943497,23.0,1.1787938729062244,124.0,1.423202098058072,451.0
1992-01-15 00:00:00-05:00,16.316909671570205,17.51348304748535,16.26251997266497,17.51348304748535,310400,WHR,18.873226165771484,1,1.0320511469574718,2.0,1.0592103312732695,3.0,1.1174950731292623,24.0,1.253841148719519,124.0,1.5164789407783072,451.0
1992-01-16 00:00:00-05:00,18.27493945734645,18.98200556730331,18.16616005581463,18.873226165771484,902500,WHR,18.818832397460938,0,1.0373692248539677,2.0,1.112179317141421,3.0,1.20103211624588,25.0,1.347428736812767,125.0,1.6329901339887574,451.0
1992-01-17 00:00:00-05:00,18.71005301944093,18.818832397460938,18.002987062310897,18.818832397460938,684700,WHR,18.655670166015625,0,0.9985568904861141,1.0,1.0745338957836008,3.0,1.1946453729219504,24.0,1.3398173792674413,125.0,1.627036301355144,451.0
1992-01-20 00:00:00-05:00,18.655670166015625,18.655670166015625,18.27494220344388,18.655670166015625,290700,WHR,18.220552444458008,0,0.9956460467708961,0.0,1.0331326622816073,3.0,1.1826156499147853,23.0,1.324606853771297,124.0,1.6117240603648537,450.0
1992-01-21 00:00:00-05:00,18.601280405984,18.601280405984,17.94860390051087,18.220552444458008,137700,WHR,18.166156768798828,0,0.9882005885973246,0.0,0.9893681229157415,2.0,1.1532117180832249,23.0,1.2904950030364337,123.0,1.5730413667958585,449.0
1992-01-22 00:00:00-05:00,18.220546459723376,18.32932584157247,18.11176707787428,18.166156768798828,182900,WHR,18.60127258300781,1,0.9985050674590995,0.0,0.9794719832162999,1.0,1.1478290917840326,23.0,1.2834513510644685,123.0,1.5672721314690017,448.0
1992-01-23 00:00:00-05:00,18.057375723855536,18.60127258300781,17.894206666109852,18.60127258300781,214300,WHR,18.38371086120605,0,1.0118342734828045,1.0,1.0058821538169123,1.0,1.1728058084185926,24.0,1.3107999112552846,123.0,1.6036540029828907,449.0
1992-01-24 00:00:00-05:00,18.49249021541437,18.546879892518536,18.38371086120605,18.38371086120605,112700,WHR,18.002988815307617,0,0.9941175660621853,1.0,0.9988176503800855,1.0,1.1564838199190384,24.0,1.2923454577460045,122.0,1.5838102768400344,448.0
1992-01-27 00:00:00-05:00,18.438106369756134,18.6556651469804,18.002988815307617,18.002988815307617,311300,WHR,18.38371086120605,1,0.9895367799420353,0.0,0.9851191011084911,1.0,1.1301888929553556,24.0,1.2627094726732997,121.0,1.550003643546849,447.0
1992-01-28 00:00:00-05:00,18.27493150699773,18.60126956962269,18.220541829893577,18.38371086120605,201400,WHR,18.438108444213867,1,1.0104632200579646,1.0,1.0041590932991578,2.0,1.1511183819302864,25.0,1.2865454161081349,121.0,1.5816919883959235,448.0
1992-01-29 00:00:00-05:00,18.49249814463928,18.873226047617145,18.32932904336305,18.438108444213867,208100,WHR,18.220552444458008,0,1.0014773192643365,2.0,1.0041471682882388,3.0,1.1510419555112825,26.0,1.2875827516396885,121.0,1.585266095486036,449.0
1992-01-30 00:00:00-05:00,18.49250098840514,18.601280405984,17.94860390051087,18.220552444458008,166400,WHR,18.220552444458008,0,0.9940653587861119,1.0,0.9964310125979541,2.0,1.1341687069268758,26.0,1.2696121073420847,121.0,1.5654863741393878,449.0
1992-01-31 00:00:00-05:00,18.111773026879156,18.274942153247437,18.057383318089727,18.220552444458008,177400,WHR,18.111764907836918,0,1.0,0.0,0.9982123579113675,2.0,1.1303911742435615,26.0,1.266790642701808,121.0,1.5644130902433762,449.0
1992-02-03 00:00:00-05:00,18.166154592244837,18.22054427665275,17.948595854613156,18.111764907836918,171500,WHR,18.438108444213867,1,0.9970057638887652,0.0,0.9910712192730311,2.0,1.12028678839168,25.0,1.2565094798858578,120.0,1.5540217049861766,449.0
1992-02-04 00:00:00-05:00,18.166159942086814,18.49249814463928,18.057380541236,18.438108444213867,141100,WHR,18.49250221252441,1,1.008928718664319,1.0,1.008328372988244,2.0,1.1375155800419712,25.0,1.2762610757024244,121.0,1.5809350396152713,449.0
1992-02-05 00:00:00-05:00,18.274943362965303,18.60128163730397,18.274943362965303,18.49250221252441,206300,WHR,17.894216537475586,0,1.0014728640372648,2.0,1.0107017201824604,2.0,1.1381724737854853,25.0,1.277141400083642,121.0,1.5844960071535021,450.0
1992-02-06 00:00:00-05:00,18.492503412588757,18.492503412588757,17.83982682155621,17.894216537475586,183200,WHR,17.62226676940918,0,0.9835575810185185,1.0,0.9815037881285253,2.0,1.0990589159041082,25.0,1.2332823844018435,120.0,1.5322469810885568,449.0
1992-02-07 00:00:00-05:00,18.002994755168018,18.16616389192181,17.62226676940918,17.62226676940918,137800,WHR,18.927621841430664,1,0.9923429984405666,0.0,0.9729731021910502,2.0,1.0807076373205866,24.0,1.2121566379536144,119.0,1.5080136865753864,449.0
1992-02-10 00:00:00-05:00,17.948606918598042,18.98201155936581,17.839827482727753,18.927621841430664,387100,WHR,19.145174026489254,1,1.0357143378990858,1.0,1.0357144027573448,3.0,1.1575806646056472,24.0,1.2990435345172262,119.0,1.6185352174128524,449.0
1992-02-11 00:00:00-05:00,18.87322553179481,19.4715122201226,18.76444613391703,19.145174026489254,378500,WHR,19.471515655517575,1,1.0057141110890124,2.0,1.0395744814035344,3.0,1.1671091282501358,25.0,1.310747561836263,120.0,1.6359259537095396,449.0
1992-02-12 00:00:00-05:00,19.145177404307788,19.471515655517575,19.145177404307788,19.471515655517575,211600,WHR,19.417125701904297,0,1.0084507924349708,2.0,1.0461717896897391,3.0,1.1824084617294015,26.0,1.3296674599796583,121.0,1.6625469153502543,449.0
1992-02-13 00:00:00-05:00,19.308346286207357,19.47151540975277,19.308346286207357,19.417125701904297,78700,WHR,19.253950119018555,0,0.9986013922905306,1.0,1.0264519616921468,3.0,1.1743678948434144,26.0,1.3225773033087793,121.0,1.6566846664529016,448.0
1992-02-14 00:00:00-05:00,19.4171191878238,19.52589856702729,19.090781050213312,19.253950119018555,79500,WHR,19.308347702026367,1,0.9957804229796613,0.0,1.0005650161812254,3.0,1.1594004413081442,26.0,1.3081155693292645,121.0,1.6416182834540027,447.0
1992-02-18 00:00:00-05:00,19.253957990189672,19.525906549373143,19.253957990189672,19.308347702026367,159300,WHR,19.63467788696289,1,1.0014106416391537,1.0,0.999437092311273,3.0,1.15773213181066,26.0,1.3083966732537453,122.0,1.6450898106195553,448.0
1992-02-19 00:00:00-05:00,19.253950060899896,19.68906757640046,19.253950060899896,19.63467788696289,225500,WHR,20.50491714477539,1,1.0083796823693327,2.0,1.0112042586972658,3.0,1.1721222190877463,26.0,1.3270137230984063,122.0,1.6716292061779707,449.0
1992-02-20 00:00:00-05:00,19.743461335685588,20.50491714477539,19.68907163503632,20.50491714477539,157500,WHR,20.23297119140625,0,1.0216803198219715,2.0,1.0449002368152915,3.0,1.2176639656211448,27.0,1.3819558533122198,122.0,1.7442501515517599,450.0
1992-02-21 00:00:00-05:00,20.39614031391759,20.504919728925152,20.23297119140625,20.23297119140625,210800,WHR,20.450529098510746,1,0.9933244955868856,1.0,1.0225400007811782,3.0,1.1955136490494476,27.0,1.3599460273971582,121.0,1.7196968165928699,450.0
1992-02-24 00:00:00-05:00,20.12419086821536,20.450529098510746,20.12419086821536,20.450529098510746,142500,WHR,19.7502384185791,0,1.0053475710190654,1.0,1.0211841795625616,4.0,1.2017258582655241,28.0,1.3709049159211022,121.0,1.7366469676799459,451.0
1992-02-25 00:00:00-05:00,20.35204623742777,20.35204623742777,19.695528616865587,19.7502384185791,350800,WHR,20.352048873901367,1,0.9825801664201078,1.0,0.9818824575106043,3.0,1.1549075142729295,28.0,1.320800805089199,120.0,1.6758124891427406,450.0
1992-02-26 00:00:00-05:00,19.695531168291645,20.352048873901367,19.531401741889216,20.352048873901367,152000,WHR,19.586116790771484,0,1.015006886039518,1.0,1.0046355649671774,3.0,1.1834997256379947,29.0,1.3576843194777415,120.0,1.7254100432995703,450.0
1992-02-27 00:00:00-05:00,20.2973444954643,20.2973444954643,19.31256767358194,19.586116790771484,292800,WHR,19.257858276367188,0,0.9808220515293374,1.0,0.975677253166035,2.0,1.1340513327460013,28.0,1.3036162146113146,120.0,1.6591878615990951,449.0
1992-02-28 00:00:00-05:00,19.148438627069645,19.312568101015955,18.929599328474563,19.257858276367188,177600,WHR,19.039024353027344,0,0.9915493068400716,0.0,0.9687364146195508,2.0,1.1104363510926853,28.0,1.2790238360219415,119.0,1.6301548287886753,449.0
1992-03-02 00:00:00-05:00,19.20315387331206,19.20315387331206,18.874894832742623,19.039024353027344,121900,WHR,19.531404495239254,1,0.9942858554452711,0.0,0.9715246539442982,1.0,1.0936992462407447,27.0,1.2620393000385195,118.0,1.6104636421924097,448.0
1992-03-03 00:00:00-05:00,19.14843577964633,19.531404495239254,18.984306330106502,19.531404495239254,161900,WHR,19.1484317779541,0,1.01276574196644,1.0,0.9988806967012888,2.0,1.116860217520331,28.0,1.291950726366096,119.0,1.6508159071176651,449.0
1992-03-04 00:00:00-05:00,19.531400413513182,19.531400413513182,18.98430236271449,19.1484317779541,198600,WHR,19.31256484985352,1,0.9900989054198616,1.0,0.9915011111915254,1.0,1.0898728788343488,28.0,1.2641190971687928,118.0,1.617223029426626,449.0
1992-03-05 00:00:00-05:00,19.20314521897616,19.42198448073087,19.14843540353748,19.31256484985352,101500,WHR,18.656044006347656,0,1.0042675199888282,1.0,1.0028408197274523,2.0,1.093175415652162,29.0,1.2723535179247938,119.0,1.629856184429326,449.0
1992-03-06 00:00:00-05:00,19.31256168399039,19.31256168399039,18.656044006347656,18.656044006347656,56700,WHR,19.039024353027344,1,0.9827088517782596,1.0,0.9748425842620301,2.0,1.0514810358243587,28.0,1.226758474644062,119.0,1.5733516619717363,449.0
1992-03-09 00:00:00-05:00,18.656055472363,19.039024353027344,18.656055472363,19.039024353027344,208300,WHR,19.586116790771484,1,1.0101599589375578,1.0,0.994854627048366,3.0,1.0686412505157665,28.0,1.249452738600987,119.0,1.6044410844065653,450.0
1992-03-10 00:00:00-05:00,19.039018556392392,19.64082661420939,19.039018556392392,19.586116790771484,203400,WHR,19.36727523803711,0,1.0141641537491695,2.0,1.02285724155502,3.0,1.0942209752058285,29.0,1.282586062659711,120.0,1.6491558047122716,451.0
1992-03-11 00:00:00-05:00,19.58611450626352,19.64082432332012,19.36727523803711,19.36727523803711,332800,WHR,19.36727523803711,0,0.9943819641541736,1.0,1.0091219424758862,3.0,1.076918260928472,29.0,1.2656179293240968,119.0,1.6293941330567154,450.0
1992-03-12 00:00:00-05:00,19.312565420980505,19.47669487215031,19.312565420980505,19.36727523803711,140000,WHR,19.64083671569824,1,1.0,0.0,1.0085469382556158,2.0,1.0717277171582333,29.0,1.2629739737575343,119.0,1.6280995680857775,449.0
1992-03-13 00:00:00-05:00,19.58612686412248,19.695546567274004,19.47670716097096,19.64083671569824,240900,WHR,19.31256484985352,0,1.0070129381802835,1.0,1.0124087493498581,3.0,1.081165072037752,30.0,1.2779993008172097,120.0,1.6497412090782528,450.0
1992-03-16 00:00:00-05:00,19.47669429616955,19.586113927046902,19.31256484985352,19.31256484985352,100800,WHR,19.80496406555176,1,0.991572703470009,1.0,0.9926882406414465,2.0,1.0582851249252798,29.0,1.2539219837789108,120.0,1.6208885595452471,449.0
1992-03-17 00:00:00-05:00,19.36728530167216,19.969093602006605,19.31257545618721,19.80496406555176,226200,WHR,19.969087600708008,1,1.0125876871405424,1.0,1.0157129797912394,2.0,1.0801097752374575,29.0,1.2830424708652775,120.0,1.6608237784109179,450.0
1992-03-18 00:00:00-05:00,19.914377771664974,20.40676623305229,19.914377771664974,19.969087600708008,210200,WHR,20.023792266845703,1,1.0041263971931598,2.0,1.0178471316552908,3.0,1.084815840197725,29.0,1.2907948709837793,120.0,1.6732026963135402,450.0
1992-03-19 00:00:00-05:00,20.07850208178244,20.07850208178244,19.914372636972228,20.023792266845703,157000,WHR,20.297344207763672,1,1.001367860137076,2.0,1.0138501122559502,4.0,1.0831920351068147,30.0,1.2915082546579575,120.0,1.6764257143386618,450.0
1992-03-20 00:00:00-05:00,19.91437544912662,20.297344207763672,19.91437544912662,20.297344207763672,242500,WHR,20.352048873901367,1,1.0067843311184999,2.0,1.0209135402979053,4.0,1.0937963804050523,30.0,1.3064253886166928,120.0,1.6978921420808613,451.0
1992-03-23 00:00:00-05:00,20.297339065100555,20.5161783003038,20.242629256299747,20.352048873901367,250000,WHR,20.352048873901367,0,1.001345768337249,2.0,1.0130716124580237,5.0,1.0929967450650109,30.0,1.3071698044397624,121.0,1.7010032706262974,452.0
1992-03-24 00:00:00-05:00,20.352048873901367,20.5161783003038,20.078499829897314,20.352048873901367,176700,WHR,19.80496406555176,0,1.0,1.0,1.0075838179073884,4.0,1.0895389715999106,29.0,1.3045291959317438,120.0,1.699534182702629,452.0
1992-03-25 00:00:00-05:00,20.242642829431357,20.35206252040125,19.80496406555176,19.80496406555176,71700,WHR,20.133211135864254,1,0.9863763569971086,0.0,0.9820948684931767,3.0,1.0578827516853633,28.0,1.2669596994078378,120.0,1.6524907376957025,452.0
1992-03-26 00:00:00-05:00,19.91437188438747,20.133211135864254,19.91437188438747,20.133211135864254,104900,WHR,19.64083671569824,0,1.0082188800228624,1.0,0.997289850255369,3.0,1.072343993893097,29.0,1.285386382303538,120.0,1.6784613043091825,452.0
1992-03-27 00:00:00-05:00,19.96909582515281,20.078515528304333,19.53141701254672,19.64083671569824,82900,WHR,19.586116790771484,0,0.9876207113240381,1.0,0.9792694293847463,2.0,1.0435436304280998,29.0,1.2515415394749125,120.0,1.6360357175853437,452.0
1992-03-30 00:00:00-05:00,19.531406967333574,19.80495608452312,19.476697143895667,19.586116790771484,134700,WHR,19.586116790771484,0,0.9986050427057066,0.0,0.984057087766323,1.0,1.0381309569415846,29.0,1.2457456162675855,119.0,1.6301138265771173,452.0
1992-03-31 00:00:00-05:00,19.531406967333574,19.80495608452312,19.531406967333574,19.586116790771484,186100,WHR,19.586116790771484,0,1.0,0.0,0.9916896081598185,1.0,1.0357865864053135,28.0,1.2433445000176444,119.0,1.628726915626004,452.0
1992-04-01 00:00:00-05:00,19.586116790771484,19.586116790771484,19.476697143895667,19.586116790771484,35600,WHR,19.039024353027344,0,1.0,0.0,0.9938922194032855,1.0,1.0333539380447143,28.0,1.241052787163192,118.0,1.62731706593279,452.0
1992-04-02 00:00:00-05:00,19.586122753976404,19.586122753976404,18.98431451293244,19.039024353027344,119500,WHR,19.093725204467773,1,0.9858358462508304,0.0,0.9769793632012569,0.0,1.0023301003175389,28.0,1.2042855432178852,118.0,1.580565448236312,452.0
1992-04-03 00:00:00-05:00,19.148435018807223,19.203144833146677,18.820176132770527,19.093725204467773,78600,WHR,19.093725204467773,0,1.0014344848476755,1.0,0.9853188382782199,1.0,1.00310095594897,28.0,1.2056450300638457,118.0,1.5838014596432994,453.0
1992-04-06 00:00:00-04:00,19.039015390128323,19.148435018807223,18.60133687541273,19.093725204467773,105100,WHR,18.43720817565918,0,1.0,1.0,0.9903517138647466,1.0,1.0004778530934453,28.0,1.2035517887325586,118.0,1.5825169140670878,452.0
1992-04-07 00:00:00-04:00,18.984306341109008,18.984306341109008,18.3824983591142,18.43720817565918,133800,WHR,18.382497787475582,0,0.9825073087802227,0.0,0.967834485124021,1.0,0.9639720446115576,28.0,1.1602999358566004,118.0,1.5269543531751657,451.0
1992-04-08 00:00:00-04:00,18.49191741716294,18.76546649138133,17.835399639038812,18.382497787475582,292900,WHR,19.203155517578125,1,0.9985141003505466,0.0,0.9773122973068236,1.0,0.9594755032415946,27.0,1.154984439055475,118.0,1.5212917605013438,450.0
1992-04-09 00:00:00-04:00,18.4919275354456,19.25786536235755,18.4919275354456,19.203155517578125,121600,WHR,20.023792266845703,1,1.0218343345914969,1.0,1.019164204661131,2.0,1.000838670936819,27.0,1.2045095892333237,118.0,1.5879071101576963,451.0
1992-04-10 00:00:00-04:00,19.421984302541595,20.023792266845703,19.36727448760486,20.023792266845703,289600,WHR,19.969087600708008,0,1.0209202294753463,2.0,1.0523288054666309,2.0,1.0425670136895144,27.0,1.2536920973569061,118.0,1.6543635661428349,451.0
1992-04-13 00:00:00-04:00,20.023797429751045,20.297346574966223,19.914377771664974,19.969087600708008,169600,WHR,20.40676689147949,1,0.998632139862924,1.0,1.0398861332683194,2.0,1.0386819661671727,27.0,1.2479408710354658,118.0,1.6485128811471785,450.0
1992-04-14 00:00:00-04:00,19.91437841420519,20.68031604552077,19.91437841420519,20.40676689147949,308200,WHR,21.39154624938965,1,1.0108401245317586,1.0,1.0413177730808867,3.0,1.0598387547806,28.0,1.2727014671218941,119.0,1.6832000090650638,451.0
1992-04-15 00:00:00-04:00,20.51618885811028,21.39154624938965,20.40676918420036,21.39154624938965,268600,WHR,20.89914894104004,0,1.0235602655684033,2.0,1.0590466972457573,4.0,1.1079428386268357,29.0,1.3310517138429254,120.0,1.7627721166748695,452.0
1992-04-16 00:00:00-04:00,21.39153726687606,21.39153726687606,20.78972931307648,20.89914894104004,137800,WHR,19.969087600708008,0,0.9883568405264467,1.0,1.0175810375295642,3.0,1.0798921961932777,29.0,1.2980167794279174,119.0,1.720625544752275,452.0
1992-04-20 00:00:00-04:00,20.680315378267476,20.735025207310507,19.969087600708008,19.969087600708008,113800,WHR,18.984298706054688,0,0.977242440118943,0.0,0.9728145179039244,2.0,1.030620428273359,28.0,1.2382073583881803,119.0,1.6426751003343043,452.0
1992-04-21 00:00:00-04:00,20.078494596893574,20.187914185977466,18.984298706054688,18.984298706054688,169700,WHR,19.91437721252441,1,0.9747187860152134,0.0,0.9337993242056565,2.0,0.9792887795089517,28.0,1.1753545289788347,119.0,1.560465414535478,452.0
1992-04-22 00:00:00-04:00,18.98431014490652,20.352055832579897,18.98431014490652,19.91437721252441,209300,WHR,20.297344207763672,1,1.0239102870343586,1.0,0.9843159665802388,2.0,1.025580756755684,29.0,1.2306534495183648,120.0,1.6355526962959892,452.0
1992-04-23 00:00:00-04:00,20.023795094451494,20.406763853088545,20.023795094451494,20.297344207763672,120300,WHR,20.24262809753418,0,1.0095237652533333,2.0,1.0142155092946505,2.0,1.0435892550386032,29.0,1.2518657199533685,121.0,1.6656045812937135,452.0
1992-04-24 00:00:00-04:00,20.406757514541216,20.461467320210225,20.13320848619616,20.24262809753418,53400,WHR,19.91437721252441,0,0.9986503170298826,1.0,1.018161611348555,2.0,1.0391691296230405,28.0,1.246200253979431,120.0,1.6597081347277962,452.0
1992-04-27 00:00:00-04:00,20.133216522552157,20.133216522552157,19.91437721252441,19.91437721252441,70300,WHR,18.765457153320312,0,0.9918258126452584,0.0,1.0022028581943967,2.0,1.0208387188455104,28.0,1.2239412786358856,119.0,1.6314509362383804,452.0
1992-04-28 00:00:00-04:00,19.2578452418914,19.2578452418914,18.601327790463284,18.765457153320312,297500,WHR,18.656044006347656,0,0.9702966654836912,0.0,0.9464675260423486,2.0,0.9614958584597884,28.0,1.1518622463893526,118.0,1.5362021752601076,452.0
1992-04-29 00:00:00-04:00,18.765463619288116,18.82017342575834,18.656044006347656,18.656044006347656,294200,WHR,19.203155517578125,1,0.9970761956740907,0.0,0.9530463274245761,1.0,0.9554457144268141,28.0,1.14379742012035,117.0,1.5261416424245917,452.0
1992-04-30 00:00:00-04:00,19.03902598323985,19.25786536235755,19.03902598323985,19.203155517578125,168900,WHR,19.1484317779541,0,1.0144512170914948,1.0,0.9920864719236322,1.0,0.9828235401567128,28.0,1.1758438612795996,117.0,1.569705095098777,452.0
1992-05-01 00:00:00-04:00,19.25785138811384,19.25785138811384,19.039012167794365,19.1484317779541,109500,WHR,18.656044006347656,0,0.9985731036579444,1.0,1.0005715818855085,1.0,0.9794747347090251,27.0,1.1707463196833237,117.0,1.564010465387819,452.0
1992-05-04 00:00:00-04:00,19.148432264579707,19.148432264579707,18.656044006347656,18.656044006347656,387900,WHR,18.820180892944336,1,0.986975410678465,0.0,0.9878330722748363,1.0,0.9536688774597054,27.0,1.1391407419854833,116.0,1.5226720190120333,451.0
1992-05-05 00:00:00-04:00,18.71076123659001,18.984310377475826,18.71076123659001,18.820180892944336,298000,WHR,18.929601669311523,1,1.004379760422448,1.0,0.9959469082672194,2.0,0.9610784382410972,28.0,1.147666522423565,116.0,1.5349187489544673,452.0
1992-05-06 00:00:00-04:00,18.820182006483133,18.929601669311523,18.820182006483133,18.929601669311523,77600,WHR,18.874889373779297,0,1.0028985803080253,2.0,0.9988454146950972,3.0,0.9666645319025103,28.0,1.1527474973941003,117.0,1.5426564275394303,453.0
1992-05-07 00:00:00-04:00,18.92959919805112,18.92959919805112,18.765469725235647,18.874889373779297,137500,WHR,18.5466365814209,0,0.9985527567222142,1.0,0.9994207206910048,2.0,0.9640923583028345,27.0,1.1478632031638907,116.0,1.537035248930567,452.0
1992-05-08 00:00:00-04:00,18.98431532080546,18.98431532080546,18.49192673899783,18.5466365814209,232900,WHR,18.43720817565918,0,0.9912282360491828,0.0,0.9883384792678486,2.0,0.9480723138800254,26.0,1.1264256023944266,116.0,1.5091987162795326,452.0
1992-05-11 00:00:00-04:00,18.43720817565918,18.546627808749143,18.327788542569213,18.43720817565918,132200,WHR,18.491920471191406,1,0.9970411836173206,0.0,0.9848039915055725,2.0,0.9432660178394285,26.0,1.1181460874049893,116.0,1.4992096680607088,452.0
1992-05-12 00:00:00-04:00,18.437210647312146,18.491920471191406,18.38250082343288,18.491920471191406,174800,WHR,18.5466365814209,1,1.0014815485102677,1.0,0.9912022763636293,2.0,0.9466802780542031,27.0,1.1198158564604934,117.0,1.5025714960424257,452.0
1992-05-13 00:00:00-04:00,18.43721689657476,18.874895635959323,18.43721689657476,18.5466365814209,143100,WHR,18.27307510375977,0,1.0014772743482359,2.0,0.9982334439005001,2.0,0.9500989180424506,27.0,1.121567806054711,117.0,1.5059625424607723,452.0
1992-05-14 00:00:00-04:00,18.49191432655928,18.49191432655928,18.054235880960245,18.27307510375977,216900,WHR,17.78068733215332,0,0.9925702438954396,1.0,0.9899225679767008,2.0,0.9371745214964609,26.0,1.1035920515840856,116.0,1.4827503800613402,451.0
1992-05-15 00:00:00-04:00,18.16365598238432,18.273075596736028,17.67126771780161,17.78068733215332,137400,WHR,17.507143020629883,0,0.986342957340952,0.0,0.9713088107145826,2.0,0.9140498283817426,25.0,1.0726192109406247,115.0,1.4418880731761692,450.0
1992-05-18 00:00:00-04:00,17.89011177420616,17.89011177420616,17.23359391093254,17.507143020629883,182400,WHR,18.06903839111328,1,0.9922481969339364,0.0,0.9661836028475748,2.0,0.9020945531077644,25.0,1.0549328074961355,115.0,1.418865855537899,449.0
1992-05-19 00:00:00-04:00,17.46306454263082,18.289392517834173,17.46306454263082,18.06903839111328,277500,WHR,18.28940200805664,1,1.0157941450764563,1.0,1.0018697928629248,2.0,0.9329555387554355,25.0,1.0874939401765014,115.0,1.4634612050009879,450.0
1992-05-20 00:00:00-04:00,18.45466768885233,18.45466768885233,18.28940200805664,18.28940200805664,117900,WHR,18.399568557739254,1,1.0060608654970908,2.0,1.0169892715525493,2.0,0.945522168807828,26.0,1.0993743716302264,116.0,1.4803346011134166,450.0
1992-05-21 00:00:00-04:00,18.454657086355244,18.454657086355244,18.124125914659327,18.399568557739254,233600,WHR,18.179218292236328,0,1.0030027157476398,2.0,1.0216778864405984,3.0,0.9528204843218568,26.0,1.1046653882221438,116.0,1.4882761905403983,450.0
1992-05-22 00:00:00-04:00,18.399572453354345,18.399572453354345,18.06904121167732,18.179218292236328,106800,WHR,17.958858489990234,0,0.9939760094721929,1.0,1.0049944644432691,3.0,0.9425541743321502,26.0,1.090335801935435,115.0,1.4695223309075192,449.0
1992-05-26 00:00:00-04:00,18.069035535941094,18.069035535941094,17.793592921063944,17.958858489990234,161500,WHR,18.12413024902344,1,0.9939022819732767,0.0,0.987878539760814,3.0,0.9321753558607246,26.0,1.0761189598335548,114.0,1.4508338664783087,448.0
1992-05-27 00:00:00-04:00,18.069041707233094,18.289395874394472,18.013953165442746,18.12413024902344,140200,WHR,18.179218292236328,1,1.004580323437967,1.0,0.9963658925517923,3.0,0.941499153200262,27.0,1.0850273383358289,114.0,1.4632722956744664,449.0
1992-05-28 00:00:00-04:00,18.23430683251583,18.23430683251583,18.06904121167732,18.179218292236328,36000,WHR,18.12413024902344,0,1.0015174369700437,2.0,1.0006065277095944,3.0,0.9454676919744593,27.0,1.0872730183252852,115.0,1.4668208106540228,449.0
1992-05-29 00:00:00-04:00,18.12413024902344,18.344484416184816,18.069041707233094,18.12413024902344,149000,WHR,18.12413024902344,0,0.9984825630299564,1.0,1.0006083512905004,2.0,0.9434403140137261,27.0,1.0829732310895055,114.0,1.461498313041017,448.0
1992-06-01 00:00:00-04:00,18.069041707233094,18.17921879081378,17.958864623652403,18.12413024902344,219900,WHR,18.179218292236328,1,1.0,0.0,1.0012173588185769,2.0,0.9444140556373533,26.0,1.0819977138198853,113.0,1.460605049705973,448.0
1992-06-02 00:00:00-04:00,18.124129751956826,18.289395372795337,18.06904121167732,18.179218292236328,167900,WHR,18.12413024902344,0,1.0015174369700437,1.0,1.0018214771594087,3.0,0.9476770297946762,27.0,1.084184644291339,114.0,1.4641375844435613,449.0
1992-06-03 00:00:00-04:00,18.069041707233094,18.12413024902344,17.90377608186206,18.12413024902344,610300,WHR,18.013961791992188,0,0.9984825630299564,1.0,0.9987856818937275,2.0,0.945556916879171,26.0,1.0797896618178193,114.0,1.4588486250056225,448.0
1992-06-04 00:00:00-04:00,18.013961791992188,18.12413892833465,17.848696087478498,18.013961791992188,90200,WHR,17.793611526489258,0,0.9969514589506769,0.0,0.9945259344496222,1.0,0.9410957965878638,25.0,1.072167294243587,113.0,1.449153241444223,447.0
1992-06-05 00:00:00-04:00,17.958877268221357,18.013965848798723,17.352902881870328,17.793611526489258,459500,WHR,17.407987594604492,0,0.9938462664436073,0.0,0.9859589544560667,1.0,0.9308595984235781,25.0,1.0581044243587443,112.0,1.4306247506613572,447.0
1992-06-08 00:00:00-04:00,17.73851900462863,17.73851900462863,17.29781045792978,17.407987594604492,443500,WHR,16.912189483642578,0,0.9890452723310036,0.0,0.9723078453878227,1.0,0.9122443656520994,25.0,1.034302724326091,112.0,1.3988636923516988,447.0
1992-06-09 00:00:00-04:00,17.40798656948226,17.40798656948226,16.746923788362682,16.912189483642578,489000,WHR,16.08585548400879,0,0.9855537426327511,0.0,0.9581772852823989,0.0,0.8883798485719757,24.0,1.0041059229306053,112.0,1.3583373345503642,447.0
1992-06-10 00:00:00-04:00,16.857095130502362,16.857095130502362,16.08585548400879,16.08585548400879,621800,WHR,16.140939712524414,1,0.9749580922007998,0.0,0.9329070115835886,0.0,0.8473671284784471,24.0,0.9545791367829685,111.0,1.2914031966811361,447.0
1992-06-11 00:00:00-04:00,16.196028243966477,16.196028243966477,15.645142929545848,16.140939712524414,848500,WHR,16.08585548400879,0,1.001709267961015,1.0,0.9568904425986114,1.0,0.8530128813766593,24.0,0.9574657473788823,111.0,1.2952577900928306,447.0
1992-06-12 00:00:00-04:00,16.306209668721237,16.306209668721237,15.975678391652565,16.08585548400879,312600,WHR,15.424793243408203,0,0.998290732038985,1.0,0.973333233310405,1.0,0.853019415723512,23.0,0.9537694595757246,111.0,1.29027302918831,447.0
1992-06-15 00:00:00-04:00,15.75532452719552,15.75532452719552,15.31461614881243,15.424793243408203,597600,WHR,15.424793243408203,0,0.9790209891799084,0.0,0.9562841510669553,1.0,0.8213021739800164,22.0,0.9142595708065459,111.0,1.2367963595524631,446.0
1992-06-16 00:00:00-04:00,15.534970338003976,15.590058885301865,15.204439054216657,15.424793243408203,718600,WHR,15.369709014892578,0,1.0,0.0,0.9742519789327297,1.0,0.824868932503747,21.0,0.9139806844756678,110.0,1.2363261784966024,446.0
1992-06-17 00:00:00-04:00,15.424797577669972,15.479886140447364,15.314620452115186,15.369709014892578,670500,WHR,15.590052604675291,1,0.9982112317304698,0.0,0.9796351148978913,1.0,0.8255893661040127,20.0,0.9104393315037265,110.0,1.2314623531510063,445.0
1992-06-18 00:00:00-04:00,15.259521454046132,15.645141129780152,15.259521454046132,15.590052604675291,271400,WHR,15.86550235748291,1,1.007117095812632,1.0,1.0007068398366723,1.0,0.8410106009475538,21.0,0.9231153767252522,111.0,1.2486400146894254,446.0
1992-06-19 00:00:00-04:00,15.755325257778168,16.085856556892395,15.700236707925797,15.86550235748291,356100,WHR,15.975672721862791,1,1.008756792024143,2.0,1.0212766592233884,2.0,0.858912033107087,22.0,0.9389814717585536,112.0,1.2701836328711398,447.0
1992-06-22 00:00:00-04:00,15.865495668608569,16.08584977511702,15.810407141981454,15.975672721862791,111300,WHR,16.47147560119629,1,1.003459996815612,2.0,1.0211264716636166,3.0,0.8681329481213904,22.0,0.945030696286989,113.0,1.2784571337052317,448.0
1992-06-23 00:00:00-04:00,15.975678676745565,16.52656414835748,15.975678676745565,16.47147560119629,153500,WHR,16.361297607421875,0,1.0152803221533384,2.0,1.0389160064183804,4.0,0.8976519895207823,23.0,0.9738095280945668,113.0,1.3175234448509143,448.0
1992-06-24 00:00:00-04:00,16.526563239820074,16.526563239820074,16.25112051915641,16.361297607421875,201100,WHR,16.30621337890625,0,0.9966442678151386,1.0,1.0192176707778802,4.0,0.8942669490049016,23.0,0.9667016859300609,113.0,1.3080766942412612,448.0
1992-06-25 00:00:00-04:00,16.36130193761877,16.416390496331292,16.30621337890625,16.30621337890625,227500,WHR,16.30621337890625,0,0.9983137916892818,0.0,1.0068029652734876,3.0,0.8939271079292872,23.0,0.9628804738353981,112.0,1.3030572516489474,447.0
1992-06-26 00:00:00-04:00,16.416390496331292,16.416390496331292,16.30621337890625,16.30621337890625,98100,WHR,16.47147560119629,1,1.0,0.0,1.0013533901394014,2.0,0.8966140874011456,23.0,0.9622659010882457,112.0,1.3024423435533845,447.0
1992-06-29 00:00:00-04:00,16.306209959712714,16.52656414835748,16.306209959712714,16.47147560119629,88000,WHR,16.416391372680664,0,1.0050419119661047,1.0,1.0053798867605492,2.0,0.9078373336301477,24.0,0.9713237043988059,113.0,1.315004592572869,448.0
1992-06-30 00:00:00-04:00,16.36130281102737,16.526568495987245,16.36130281102737,16.416391372680664,196500,WHR,16.58165168762207,1,0.9983250896581594,1.0,1.0026919281764157,1.0,0.9070320689310762,23.0,0.9674087800182148,112.0,1.3099775319803921,448.0
1992-07-01 00:00:00-04:00,16.471474599996675,16.58165168762207,16.416386056183978,16.58165168762207,104700,WHR,16.691835403442383,1,1.005008185322972,1.0,1.0100669278070549,2.0,0.9182872124142609,24.0,0.9764617137627456,112.0,1.322522213644458,448.0
1992-07-02 00:00:00-04:00,16.691835403442383,16.80201253481824,16.471481140690667,16.691835403442383,86400,WHR,16.85708999633789,1,1.0033114568220265,2.0,1.0120242369709698,3.0,0.9258807225422059,25.0,0.9821982519868687,113.0,1.330677421882341,448.0
1992-07-06 00:00:00-04:00,16.746912937538298,17.077444113937077,16.746912937538298,16.85708999633789,222000,WHR,16.416391372680664,0,1.0049257790205284,2.0,1.015261740143852,4.0,0.936367723278419,26.0,0.9910881103946519,114.0,1.3431397292247322,449.0
1992-07-07 00:00:00-04:00,17.077454112520154,17.077454112520154,16.416391372680664,16.416391372680664,74900,WHR,16.8020076751709,1,0.986755259578351,1.0,0.9893759971734862,3.0,0.9142467743936532,25.0,0.9644909774711499,113.0,1.3073446791949626,449.0
1992-07-08 00:00:00-04:00,16.416387826888286,16.857096224925556,16.196033627869653,16.8020076751709,369200,WHR,16.8020076751709,0,1.0116085155679764,1.0,1.0079312580820172,4.0,0.9385287550665152,25.0,0.9863552373951722,114.0,1.3373214899109205,449.0
1992-07-09 00:00:00-04:00,16.8020076751709,16.857096224925556,16.581653476152265,16.8020076751709,166700,WHR,16.85708999633789,1,1.0,1.0,1.0052735404466815,3.0,0.9413041458973014,25.0,0.9855280009568784,114.0,1.3366100537806078,448.0
1992-07-10 00:00:00-04:00,16.802001466938094,16.912178525737687,16.746912937538298,16.85708999633789,177900,WHR,16.8020076751709,0,1.0016364764648347,1.0,1.00657868256831,3.0,0.9475305457484361,25.0,0.9880043827620743,114.0,1.3402629340138394,449.0
1992-07-13 00:00:00-04:00,16.8020076751709,16.857096224925556,16.8020076751709,16.8020076751709,137700,WHR,16.8020076751709,0,0.9983635235351654,1.0,1.003949999270608,2.0,0.9485126176434149,24.0,0.9840748300385378,113.0,1.3351685611329156,448.0
1992-07-14 00:00:00-04:00,16.8020076751709,16.8020076751709,16.636742025906923,16.8020076751709,272500,WHR,16.8020076751709,0,1.0,0.0,0.9993447660491023,2.0,0.9521831759342528,24.0,0.9834116702783233,112.0,1.334489469751697,447.0
1992-07-15 00:00:00-04:00,16.912184774680217,16.912184774680217,16.74691912541624,16.8020076751709,369700,WHR,16.85708999633789,1,1.0,0.0,0.9993447660491023,1.0,0.9550400340708737,24.0,0.9826509088519219,112.0,1.3337860467913711,447.0
1992-07-16 00:00:00-04:00,16.802001466938094,16.967267055137484,16.691824408138498,16.85708999633789,156700,WHR,16.58165168762207,0,1.0016364764648347,1.0,1.0019644147014868,2.0,0.9601057688608471,25.0,0.985183919013164,112.0,1.33743274522424,448.0
1992-07-17 00:00:00-04:00,16.746917319060163,16.80200586287286,16.526563143809373,16.58165168762207,205200,WHR,16.526567459106445,0,0.9917628985169635,1.0,0.988830474095701,1.0,0.9474152782792715,24.0,0.9684967115834239,111.0,1.3148901615524604,448.0
1992-07-20 00:00:00-04:00,16.471478900909425,16.526567459106445,16.30621322631836,16.526567459106445,188800,WHR,16.47147560119629,0,0.9983362370452031,0.0,0.9887938881455258,1.0,0.9476708697739132,23.0,0.9647288865489317,110.0,1.3098315623879635,448.0
1992-07-21 00:00:00-04:00,16.4163870540351,16.52656414835748,16.361298506873908,16.47147560119629,139300,WHR,16.361297607421875,0,0.9983304507540196,0.0,0.9894110139295297,1.0,0.9479282126727375,23.0,0.9609772661870342,110.0,1.3047980370726522,447.0
1992-07-22 00:00:00-04:00,16.416386151554608,16.47147469568734,16.361297607421875,16.361297607421875,41000,WHR,16.636741638183594,1,0.9966442678151386,0.0,0.988023945888464,1.0,0.944807385616298,23.0,0.9540661351978003,109.0,1.29540011007191,447.0
1992-07-23 00:00:00-04:00,16.636741638183594,16.6918301866544,16.52656454124198,16.636741638183594,184100,WHR,16.58165168762207,0,1.0083472847799102,1.0,1.0073382274867844,1.0,0.9626856250553298,24.0,0.9695022756502472,110.0,1.3164989140360341,448.0
1992-07-24 00:00:00-04:00,16.526563143809373,16.746917319060163,16.526563143809373,16.58165168762207,76000,WHR,16.691835403442383,1,0.9983415829290356,1.0,1.0040025855469221,1.0,0.9614212430098559,24.0,0.9659104822645481,109.0,1.3114242699318723,448.0
1992-07-27 00:00:00-04:00,16.471481140690667,16.85710110050617,16.471481140690667,16.691835403442383,164600,WHR,17.18762969970703,1,1.0033114568220265,1.0,1.0086554157158028,2.0,0.9701642178447183,24.0,0.9719930061606957,109.0,1.3193832056134485,449.0
1992-07-28 00:00:00-04:00,16.80200980259822,17.18762969970703,16.63674413240873,17.18762969970703,107100,WHR,17.463069915771484,1,1.0146340650525372,2.0,1.0297030617117395,3.0,1.0008819211294349,25.0,1.0005026157591095,109.0,1.3577576966619573,449.0
1992-07-29 00:00:00-04:00,17.297804269880903,17.628335561662066,17.297804269880903,17.463069915771484,212800,WHR,17.738508224487305,1,1.007949052086135,2.0,1.0325732142261022,4.0,1.0181003380416418,26.0,1.0161295176105476,109.0,1.3786646408145684,449.0
1992-07-30 00:00:00-04:00,17.51815408505268,17.738508224487305,17.463065550194024,17.738508224487305,142200,WHR,17.62833595275879,0,1.007824601147663,2.0,1.0353694941986786,4.0,1.0352465183174078,26.0,1.0316648451307744,110.0,1.3995308755669353,449.0
1992-07-31 00:00:00-04:00,17.848690152168274,17.848690152168274,17.518158853054047,17.62833595275879,107800,WHR,17.62833595275879,0,0.9968848712885896,1.0,1.016518404132344,4.0,1.0301205512693226,25.0,1.0247825845187568,110.0,1.389967869788797,449.0
1992-08-03 00:00:00-04:00,17.62833595275879,17.68342450261116,17.573247402906418,17.62833595275879,63200,WHR,17.29780387878418,0,1.0,0.0,1.0056568548316283,3.0,1.0313726887179029,25.0,1.024244599226685,110.0,1.3891034869070287,448.0
1992-08-04 00:00:00-04:00,17.51815806832283,17.51815806832283,17.242715331399516,17.29780387878418,55600,WHR,17.407987594604492,1,0.9905362552068782,0.0,0.985561856145801,2.0,1.0132683106330478,25.0,1.004602249394826,109.0,1.3622257906944257,448.0
1992-08-05 00:00:00-04:00,17.46307616294185,17.46307616294185,17.352899026267135,17.407987594604492,97400,WHR,17.62833595275879,1,1.0031747933455082,1.0,0.9924626418808624,2.0,1.020748310827472,26.0,1.0105353962338532,110.0,1.3700446134182365,449.0
1992-08-06 00:00:00-04:00,17.463070303201675,17.62833595275879,17.463070303201675,17.62833595275879,177200,WHR,17.683420181274414,1,1.0062891404075665,2.0,1.0062892499706846,2.0,1.0345419443832649,26.0,1.0228537422958655,110.0,1.3864902138911523,450.0
1992-08-07 00:00:00-04:00,17.628331644884152,17.79359725405494,17.628331644884152,17.683420181274414,176200,WHR,17.683420181274414,0,1.0015599402166955,2.0,1.0087992420734953,3.0,1.0386515849075297,26.0,1.025499168414001,111.0,1.3899082857278324,451.0
1992-08-10 00:00:00-04:00,17.683420181274414,17.683420181274414,17.573243108493887,17.683420181274414,148600,WHR,17.352895736694336,0,1.0,1.0,1.0081656238891366,3.0,1.0392514739771321,26.0,1.024923566265667,111.0,1.3889899024333248,451.0
1992-08-11 00:00:00-04:00,17.628338526165674,17.628338526165674,17.297807178800067,17.352895736694336,98000,WHR,17.07745933532715,0,0.9905662328952067,0.0,0.9887007123254181,3.0,1.0202541183727332,26.0,1.0053167138546792,110.0,1.3621786507121199,450.0
1992-08-12 00:00:00-04:00,17.352902227832423,17.352902227832423,17.022370756826092,17.07745933532715,116900,WHR,16.8020076751709,0,0.9920001870212773,0.0,0.9766860472181382,2.0,1.0044829220091236,26.0,0.9889314434795582,110.0,1.339756407930116,449.0
1992-08-13 00:00:00-04:00,17.077450423944192,17.13253897369885,16.8020076751709,16.8020076751709,116700,WHR,16.967267990112305,1,0.9918696578056881,0.0,0.9701017487354284,1.0,0.989510135509452,25.0,0.9725732600883145,110.0,1.3173881946022048,449.0
1992-08-14 00:00:00-04:00,16.857090925241447,16.967267990112305,16.746913860370586,16.967267990112305,118600,WHR,17.07745933532715,1,1.004893806920215,1.0,0.9878123686009955,1.0,1.0005411370568538,25.0,0.9817152017055656,110.0,1.3295633441542958,450.0
1992-08-17 00:00:00-04:00,16.857105021322926,17.1325479138282,16.857105021322926,17.07745933532715,38800,WHR,17.13254165649414,1,1.0032366640555381,2.0,1.0012923354198653,2.0,1.0083492372141303,25.0,0.9877493236811148,110.0,1.3374199676799592,450.0
1992-08-18 00:00:00-04:00,16.96727598135111,17.13254165649414,16.912187422970103,17.13254165649414,74700,WHR,17.022350311279297,0,1.0016101233431756,2.0,1.0071243304009807,3.0,1.0126446594854002,26.0,0.9906170963357676,110.0,1.3409583603889128,450.0
1992-08-19 00:00:00-04:00,17.187615848282007,17.187615848282007,16.96726179894506,17.022350311279297,179500,WHR,16.8020076751709,0,0.9967737756184732,1.0,1.001295558590351,3.0,1.007060710218975,26.0,0.9839670909934353,109.0,1.3315557880221458,450.0
1992-08-20 00:00:00-04:00,17.02236187418953,17.077450423944192,16.8020076751709,16.8020076751709,211000,WHR,16.746917724609375,0,0.9934856816440784,0.0,0.9883344751401275,3.0,0.9953225398924459,25.0,0.9710073003917711,108.0,1.3135655585268573,450.0
1992-08-21 00:00:00-04:00,16.802006269756117,16.857094814902858,16.52656354402241,16.746917724609375,247700,WHR,16.196035385131836,0,0.9983579220524934,0.0,0.9876542543290291,2.0,0.9934639793699079,24.0,0.9676257966897122,107.0,1.3085183750984963,449.0
1992-08-24 00:00:00-04:00,16.63674383098576,16.63674383098576,15.92059260647313,16.196035385131836,155400,WHR,16.08585548400879,0,0.9832776880189699,0.0,0.9652004654211637,1.0,0.9626194825955439,24.0,0.9357590837845161,106.0,1.264819242104836,448.0
1992-08-25 00:00:00-04:00,16.306209668721237,16.306209668721237,15.86550129929634,16.08585548400879,311700,WHR,15.985946655273438,0,0.9965869440061712,0.0,0.970744761362742,0.0,0.9580051913420364,24.0,0.9293568609601403,106.0,1.2555700547235045,448.0
1992-08-26 00:00:00-04:00,16.041453414493137,16.152466932932537,15.930439896053738,15.985946655273438,139400,WHR,15.541890144348145,0,0.9968848389528763,0.0,0.9769359043259198,0.0,0.9541322227566961,23.0,0.9235813646311921,105.0,1.2471413674558929,448.0
1992-08-27 00:00:00-04:00,16.041450898987904,16.041450898987904,15.430876643317086,15.541890144348145,376300,WHR,15.652910232543944,1,0.985915414566894,0.0,0.9646559925909585,0.0,0.9300173520535602,23.0,0.8979927528535285,105.0,1.211932597236277,447.0
1992-08-28 00:00:00-04:00,15.541896684795407,15.819430554166754,15.43088313704687,15.652910232543944,394600,WHR,15.874927520751951,1,1.0035589292720088,1.0,0.9849226407500532,1.0,0.9388715178725641,24.0,0.9043835413881898,106.0,1.219996308390246,448.0
1992-08-31 00:00:00-04:00,15.874927520751951,16.09695447908415,15.763914041585856,15.874927520751951,162600,WHR,15.930438995361328,1,1.0070419446441359,2.0,1.002945451859785,2.0,0.9540181246999755,25.0,0.9170598494667667,107.0,1.236696186695913,448.0
1992-09-01 00:00:00-04:00,15.819425483198533,15.930438995361328,15.819425483198533,15.930438995361328,239200,WHR,16.263479232788086,1,1.0017453493133384,2.0,1.0084328928036281,3.0,0.9587730350733172,26.0,0.9201604357118239,107.0,1.2404095161001802,449.0
1992-09-02 00:00:00-04:00,15.874931947363114,16.263479232788086,15.874931947363114,16.263479232788086,239200,WHR,16.596519470214844,1,1.0103448183929211,2.0,1.0259103654516173,4.0,0.979454393561181,27.0,0.9392399879210439,107.0,1.265704108411553,449.0
1992-09-03 00:00:00-04:00,16.318985699809915,16.707532978376815,16.318985699809915,16.596519470214844,225600,WHR,16.763046264648438,1,1.0101351263107725,2.0,1.0331720506252353,5.0,0.9989994035180836,28.0,0.958215564445058,108.0,1.2909350134632613,450.0
1992-09-04 00:00:00-04:00,16.59652593751617,16.763046264648438,16.485512386094655,16.763046264648438,127200,WHR,16.763046264648438,0,1.0049918753666376,2.0,1.0293118801654804,5.0,1.0083938525521556,28.0,0.9675445599134622,108.0,1.3031867682877105,450.0
1992-09-08 00:00:00-04:00,16.652032713226923,16.818553040359195,16.541019161805412,16.763046264648438,188500,WHR,17.04057502746582,1,1.0,1.0,1.0182065630249006,4.0,1.007709669269976,28.0,0.9672470975333819,108.0,1.302486243737697,450.0
1992-09-09 00:00:00-04:00,16.87405475032446,17.2626020636543,16.87405475032446,17.04057502746582,183400,WHR,17.31810760498047,1,1.0082100305295434,1.0,1.0212906610942944,4.0,1.0227376099358456,29.0,0.9829568678130015,108.0,1.3233053988350432,451.0
1992-09-10 00:00:00-04:00,17.096080584403797,17.429121115268806,16.98506707411546,17.31810760498047,106200,WHR,17.595638275146484,1,1.008077509271341,2.0,1.024966987096176,4.0,1.0374297382636473,30.0,0.9986553600230699,108.0,1.344067505526512,452.0
1992-09-11 00:00:00-04:00,17.207091057714226,17.595638275146484,17.207091057714226,17.595638275146484,202300,WHR,17.81766700744629,1,1.007949037353909,2.0,1.0292204709642272,4.0,1.0517177121389203,31.0,1.0141781411136117,109.0,1.3647655890398847,453.0
1992-09-14 00:00:00-04:00,17.651146755040248,17.81766700744629,17.651146755040248,17.81766700744629,397300,WHR,17.70664405822754,0,1.0062696416086567,2.0,1.0295059784946996,4.0,1.0626305863341838,31.0,1.026448945343201,109.0,1.381107071111044,454.0
1992-09-15 00:00:00-04:00,17.70664405822754,17.817657500598873,17.54012389467054,17.70664405822754,136300,WHR,17.429119110107422,0,0.9968747332210468,1.0,1.0120553819153615,4.0,1.054080232129303,30.0,1.0195564705895492,109.0,1.3716400296420372,454.0
1992-09-16 00:00:00-04:00,17.651146105140636,17.70665285389894,17.373612361349117,17.429119110107422,207200,WHR,17.484630584716797,1,0.9921013542016862,0.0,0.9917878263788521,3.0,1.0360650394902602,29.0,1.0032768246882646,108.0,1.3493588592915953,453.0
1992-09-17 00:00:00-04:00,17.484630584716797,17.59564411223881,17.484630584716797,17.484630584716797,77100,WHR,17.70664405822754,1,1.0015899602619196,1.0,0.993064631854066,3.0,1.038322648670189,29.0,1.0062339597147385,108.0,1.3528563660306772,454.0
1992-09-18 00:00:00-04:00,17.42911045229921,17.762150779413204,17.37360373111354,17.70664405822754,292300,WHR,17.484630584716797,0,1.0063087647652245,2.0,1.0044077006464667,3.0,1.0501086154096686,30.0,1.0188060509161156,108.0,1.3692015539924174,455.0
1992-09-21 00:00:00-04:00,17.651150875999814,17.651150875999814,17.484630584716797,17.484630584716797,120800,WHR,17.484630584716797,0,0.9936912352347756,1.0,0.9955755826132346,2.0,1.0357354954016238,30.0,1.0059810827518585,107.0,1.351245637264272,454.0
1992-09-22 00:00:00-04:00,17.540137348477803,17.59564411223881,17.42912382095579,17.484630584716797,167400,WHR,17.20709991455078,0,1.0,0.0,0.9980990677603568,2.0,1.0345318900606433,30.0,1.0058803887380012,107.0,1.3504782130582424,453.0
1992-09-23 00:00:00-04:00,17.540140558058216,17.59564733197612,17.20709991455078,17.20709991455078,319200,WHR,17.04057502746582,0,0.99200009148659,0.0,0.9847525214217946,2.0,1.0173729079685307,29.0,0.989829189948743,107.0,1.3283163660290078,453.0
1992-09-24 00:00:00-04:00,17.2626020636543,17.2626020636543,17.04057502746582,17.04057502746582,494200,WHR,16.874055862426758,0,0.9951376294196059,0.0,0.9802043929968167,1.0,1.00690776205963,29.0,0.9801302991904273,107.0,1.3147552648138692,453.0
1992-09-25 00:00:00-04:00,16.98506938783746,16.98506938783746,16.707535574310704,16.874055862426758,133700,WHR,16.874055862426758,0,0.9950900493188416,0.0,0.980012860552643,0.0,0.9967813013984057,28.0,0.9704712798634889,107.0,1.3012066826901612,453.0
1992-09-28 00:00:00-04:00,16.874055862426758,16.874055862426758,16.707535574310704,16.874055862426758,201600,WHR,16.707529067993164,0,1.0,0.0,0.9870129560062189,0.0,0.9966025093244621,27.0,0.9703659461354663,107.0,1.300501750136089,453.0
1992-09-29 00:00:00-04:00,16.8740492912622,16.8740492912622,16.707529067993164,16.707529067993164,208400,WHR,16.707529067993164,0,0.9950411276067335,0.0,0.9862381964060744,0.0,0.9869125259951865,26.0,0.9606744285729355,107.0,1.2869819005643657,453.0
1992-09-30 00:00:00-04:00,16.76303580908284,16.76303580908284,16.59651558581381,16.707529067993164,196600,WHR,16.152467727661133,0,1.0,0.0,0.992089430829669,0.0,0.9866297335360431,26.0,0.9605592925013546,107.0,1.2862971806581351,453.0
1992-10-01 00:00:00-04:00,16.70753534716839,16.70753534716839,16.09696096571041,16.152467727661133,309300,WHR,16.152467727661133,0,0.983108295968993,0.0,0.969353904931915,0.0,0.9544618716312521,25.0,0.9286546147443656,107.0,1.242978198618363,452.0
1992-10-02 00:00:00-04:00,16.152467727661133,16.207974489611857,15.81942715595678,16.152467727661133,298600,WHR,15.763921737670898,0,1.0,0.0,0.9778227266062827,0.0,0.9550728288597014,25.0,0.9286388117569488,107.0,1.242393425559016,452.0
1992-10-05 00:00:00-04:00,15.985948804398657,15.985948804398657,15.59740143762508,15.763921737670898,227400,WHR,16.096956253051758,1,0.987826129568563,0.0,0.9673026678962559,0.0,0.9331038730094301,24.0,0.9063660614014,107.0,1.2119827163630543,451.0
1992-10-06 00:00:00-04:00,15.819422524550864,16.152462998751936,15.763915778850686,16.096956253051758,330100,WHR,15.874927520751951,0,1.0104527726912558,1.0,0.995195434778625,1.0,0.9534801786364392,25.0,0.9255333246147437,107.0,1.237024711406868,451.0
1992-10-07 00:00:00-04:00,16.1524612186672,16.1524612186672,15.874927520751951,15.874927520751951,150300,WHR,16.263479232788086,1,0.9930555004556307,1.0,0.9916779460685725,1.0,0.9411900369483994,25.0,0.9128439625788551,106.0,1.2194463324582476,450.0
1992-10-08 00:00:00-04:00,15.930438702423825,16.318985987848798,15.874931947363114,16.263479232788086,136900,WHR,15.81942081451416,0,1.0120899494183337,1.0,1.014542959524496,2.0,0.9647397987626236,26.0,0.9352163982177528,106.0,1.2487417477644447,450.0
1992-10-09 00:00:00-04:00,16.207967992414506,16.207967992414506,15.81942081451416,15.81942081451416,148500,WHR,16.096956253051758,1,0.9861590312091733,1.0,0.9909594940038875,2.0,0.9393622109817147,25.0,0.9097354348792753,106.0,1.2141603699845678,449.0
1992-10-12 00:00:00-04:00,15.930436015951225,16.152462998751936,15.930436015951225,16.096956253051758,63000,WHR,16.263479232788086,1,1.008695706218474,1.0,1.0041551336351893,3.0,0.9563010806532711,26.0,0.9258412481781727,106.0,1.2349414375476615,450.0
1992-10-13 00:00:00-04:00,16.096958967605957,16.263479232788086,16.096958967605957,16.263479232788086,196800,WHR,16.041454315185547,0,1.0051458819152541,2.0,1.0124396752625981,3.0,0.9664457686389843,27.0,0.9355650624884541,106.0,1.2471347790992329,451.0
1992-10-14 00:00:00-04:00,16.15246783985811,16.263481364530676,16.041454315185547,16.041454315185547,65500,WHR,16.096956253051758,1,0.9931272133009398,1.0,0.9965519165432017,3.0,0.9536582531582234,27.0,0.9228810284459765,106.0,1.2295474831785094,451.0
1992-10-15 00:00:00-04:00,16.04144950735158,16.152462998751936,15.874929270251044,16.096956253051758,130700,WHR,16.318986892700195,1,1.0017269658606285,1.0,1.0020731821434832,3.0,0.9572085306207019,28.0,0.9261276662960768,107.0,1.2332241731992757,452.0
1992-10-16 00:00:00-04:00,16.096959860146452,16.318986892700195,15.930439585731143,16.318986892700195,119900,WHR,16.207965850830078,0,1.0068494271059805,2.0,1.0096154708483138,4.0,0.970717325017385,28.0,0.9389433481227978,107.0,1.2496329224769582,452.0
1992-10-19 00:00:00-04:00,16.207965850830078,16.207965850830078,16.152459118464222,16.207965850830078,159300,WHR,16.318986892700195,1,0.9965867985622416,1.0,1.0013714110582224,3.0,0.9644706671831561,28.0,0.9327941529934308,106.0,1.2405587433415857,451.0
1992-10-20 00:00:00-04:00,16.207973376423322,16.37449365083863,16.207973376423322,16.318986892700195,141500,WHR,16.374494552612305,1,1.0034132014377584,1.0,1.0075395339654096,3.0,0.9714362978128821,28.0,0.9392715809269601,107.0,1.248465043205604,452.0
1992-10-21 00:00:00-04:00,16.31898779141701,16.374494552612305,16.207974269026415,16.374494552612305,100200,WHR,16.485502243041992,1,1.0016978204051152,2.0,1.006826120687722,4.0,0.9755275519197865,28.0,0.9425075678585818,108.0,1.252113569787735,453.0
1992-10-22 00:00:00-04:00,16.485502243041992,16.70752920927825,16.263475276805735,16.485502243041992,169700,WHR,17.262603759765625,1,1.0033782014989232,2.0,1.0088313629931498,4.0,0.9830952019638812,28.0,0.9489142766108905,109.0,1.260003643830286,453.0
1992-10-23 00:00:00-04:00,16.707536114757083,17.31811052426648,16.707536114757083,17.262603759765625,268200,WHR,17.31810760498047,1,1.0230265223375494,2.0,1.0443252909864724,4.0,1.0299239703320433,28.0,0.9934108348598938,110.0,1.3186795742859874,454.0
1992-10-26 00:00:00-05:00,17.20709409469213,17.373614360124638,17.20709409469213,17.31810760498047,135800,WHR,17.31810760498047,0,1.001605052152612,2.0,1.0337971976856781,5.0,1.0335542811514804,29.0,0.9963082416341957,111.0,1.322179150681273,455.0
1992-10-27 00:00:00-05:00,17.31810760498047,17.373614360124638,17.2626008498363,17.31810760498047,110700,WHR,17.31810760498047,0,1.0,1.0,1.02161099400671,4.0,1.0338733103332467,29.0,0.9959870211485456,111.0,1.3213962841471676,455.0
1992-10-28 00:00:00-05:00,17.31810760498047,17.31810760498047,17.20709409469213,17.31810760498047,127300,WHR,17.262603759765625,0,1.0,0.0,1.010362707561555,3.0,1.0338524245898155,29.0,0.9955795366641356,111.0,1.3206143441400555,455.0
1992-10-29 00:00:00-05:00,17.31811052426648,17.373617288767335,17.15159023076392,17.262603759765625,87500,WHR,17.484630584716797,1,0.9983949478473879,0.0,0.9980745555046319,2.0,1.0306880593294163,28.0,0.9919709481428206,111.0,1.3155801311654887,455.0
1992-10-30 00:00:00-05:00,17.262603529672774,17.59564411223881,17.262603529672774,17.484630584716797,117000,WHR,17.595638275146484,1,1.006389769693611,1.0,1.0083227543749107,2.0,1.044093791173846,28.0,1.004155782943589,112.0,1.3316623728806127,456.0
1992-11-02 00:00:00-05:00,17.37361129375662,17.595638275146484,17.37361129375662,17.595638275146484,85000,WHR,17.31810760498047,0,1.0031643910961212,2.0,1.0114867098641,2.0,1.0508144137994047,28.0,1.0099787414693933,112.0,1.3392678362650887,456.0
1992-11-03 00:00:00-05:00,17.54013462555714,17.54013462555714,17.2626008498363,17.31810760498047,93600,WHR,17.20709991455078,0,0.992050962646091,1.0,0.9955328365198683,2.0,1.0346164321244764,28.0,0.9937288875133683,111.0,1.3173658738023877,455.0
1992-11-04 00:00:00-05:00,17.429127010222405,17.429127010222405,17.20709991455078,17.20709991455078,115100,WHR,17.54014015197754,1,0.9967847350268093,0.0,0.990415575375069,2.0,1.0281338759799201,28.0,0.9871279004368029,110.0,1.3081557528028132,455.0
1992-11-05 00:00:00-05:00,17.207099516180495,17.54014015197754,17.207099516180495,17.54014015197754,135500,WHR,17.373613357543945,0,1.0095846529620514,1.0,1.0063696173210939,3.0,1.0475505504870357,29.0,1.0058463959801909,111.0,1.3326468064464003,456.0
1992-11-06 00:00:00-05:00,17.54013361336705,17.65114711724912,17.262599853661875,17.373613357543945,168400,WHR,17.373613357543945,0,0.995230338256579,1.0,0.9980865940923399,2.0,1.0370150360026968,29.0,0.9960132792646692,110.0,1.3191873179491391,456.0
1992-11-09 00:00:00-05:00,17.31810660560291,17.42912010948498,17.31810660560291,17.373613357543945,72400,WHR,17.262603759765625,0,1.0,0.0,1.0006392207755057,1.0,1.0365960027447876,28.0,0.9957545034621905,109.0,1.3183571134532142,456.0
1992-11-10 00:00:00-05:00,17.373617288767335,17.373617288767335,17.20709699526477,17.262603759765625,107700,WHR,17.928686141967773,1,0.9967949849314566,0.0,0.9948816650933148,1.0,1.0297830252130367,27.0,0.9890990968978476,109.0,1.3091300496224298,455.0
1992-11-11 00:00:00-05:00,17.318111691312524,18.09520644669193,17.318111691312524,17.928686141967773,306200,WHR,17.81766700744629,0,1.018927478477262,1.0,1.024746309797159,2.0,1.0686715802137379,27.0,1.0267268065887372,110.0,1.3587721433513655,455.0
1992-11-12 00:00:00-05:00,17.81766700744629,17.928680509050317,17.81766700744629,17.81766700744629,912300,WHR,17.70664405822754,0,0.9968942528470682,1.0,1.0151801429591278,1.0,1.0612156136018247,27.0,1.019811503686868,110.0,1.3495100057420715,454.0
1992-11-13 00:00:00-05:00,17.87316422178454,17.87316422178454,17.59563061585621,17.70664405822754,114100,WHR,17.70664405822754,0,0.9968747332210468,0.0,1.0050404123772592,1.0,1.0536569333113381,27.0,1.0128042250819886,110.0,1.3402655671917632,454.0
1992-11-16 00:00:00-05:00,17.59563061585621,17.70664405822754,17.59563061585621,17.70664405822754,58800,WHR,17.65114974975586,0,1.0,0.0,1.0012550604824697,1.0,1.052654985306552,27.0,1.0121897557198438,109.0,1.3394457417762122,453.0
1992-11-17 00:00:00-05:00,17.65114974975586,17.762163270194577,17.54013622931714,17.65114974975586,119300,WHR,17.8731746673584,1,0.998430492898594,0.0,0.9937502834903469,1.0,1.0478451137880955,27.0,1.0084557482225778,108.0,1.3344322557646922,453.0
1992-11-18 00:00:00-05:00,17.651147652857052,17.8731746673584,17.595640899231714,17.8731746673584,398900,WHR,18.650264739990234,1,1.0062499406039536,1.0,1.0068795208457904,1.0,1.0591524481571617,28.0,1.020520712089502,109.0,1.3503650366961917,454.0
1992-11-19 00:00:00-05:00,17.984183856419154,18.650264739990234,17.984183856419154,18.650264739990234,396700,WHR,19.371850967407227,1,1.0212764757438337,2.0,1.0408922115121126,2.0,1.1023016610676968,29.0,1.064043023626641,110.0,1.4081052944190426,455.0
1992-11-20 00:00:00-05:00,18.92779707703686,19.538371176296117,18.761276868147974,19.371850967407227,472400,WHR,19.31635856628418,0,1.0189780661594432,2.0,1.0614354101508527,3.0,1.1406467744900397,30.0,1.104068804393939,111.0,1.4614934509485886,456.0
1992-11-23 00:00:00-05:00,19.3718653437735,19.3718653437735,19.260851788794856,19.31635856628418,223200,WHR,19.482873916625977,1,0.9985656508328533,1.0,1.0400482668308124,3.0,1.1333048712166403,29.0,1.0997586377974784,111.0,1.4562416366738196,455.0
1992-11-24 00:00:00-05:00,19.316353626740284,19.538380679921207,19.316353626740284,19.482873916625977,159100,WHR,19.549898147583008,1,1.0042917176368151,1.0,1.02872232356619,4.0,1.1390558433143922,29.0,1.1080146918341283,112.0,1.4676984630670395,456.0
1992-11-25 00:00:00-05:00,19.43818444388253,19.605754999433245,19.382327592032297,19.549898147583008,83400,WHR,19.66161727905273,1,1.0017171271065959,2.0,1.0143014068241072,4.0,1.1389574708222403,29.0,1.1107072284668091,112.0,1.4716146446014031,457.0
1992-11-27 00:00:00-05:00,19.549903544512663,19.77333101359281,19.549903544512663,19.66161727905273,43900,WHR,19.885032653808597,1,1.0028491408774738,2.0,1.0095036231214154,4.0,1.1416990391890827,29.0,1.1158614519818113,113.0,1.4789010802916953,457.0
1992-11-30 00:00:00-05:00,19.66160532061973,19.94088948710581,19.549891654025306,19.885032653808597,79200,WHR,19.885032653808597,0,1.0056494134177019,2.0,1.015622560000926,4.0,1.1510089995478845,29.0,1.1273216438501306,113.0,1.4945248069732517,458.0
1992-12-01 00:00:00-05:00,19.829175820511377,20.05260315370024,19.829175820511377,19.885032653808597,160800,WHR,19.66161727905273,0,1.0,1.0,1.0097569079275401,4.0,1.1475527521263769,28.0,1.1260078016692716,113.0,1.4933564569716542,457.0
1992-12-02 00:00:00-05:00,19.88504474813288,19.940901615402915,19.605760411782697,19.66161727905273,178100,WHR,19.43819236755371,0,0.9943505865822981,0.0,0.9966027904124032,3.0,1.1315050546906318,28.0,1.1119937051107909,113.0,1.4754493869479115,457.0
1992-12-03 00:00:00-05:00,19.66161986603134,19.717476740650746,19.382335492934303,19.43819236755371,157100,WHR,19.717472076416016,1,0.9942857800710951,0.0,0.9863949041557792,2.0,1.1160805707519985,27.0,1.0978798729049901,113.0,1.4575775246264917,457.0
1992-12-04 00:00:00-05:00,19.438187769384623,19.77332893782229,19.438187769384623,19.717472076416016,77200,WHR,19.885032653808597,1,1.0071325493470284,1.0,1.0000001354275252,2.0,1.129522483500984,27.0,1.1122389069229817,113.0,1.477374046783052,457.0
1992-12-07 00:00:00-05:00,19.829175820511377,19.885032653808597,19.773318987214164,19.885032653808597,66200,WHR,20.10846328735352,1,1.0042310600941537,2.0,1.0084982126371953,2.0,1.1366367760184621,27.0,1.1203625715879686,113.0,1.488767705716149,457.0
1992-12-08 00:00:00-05:00,19.82917907502916,20.164320129818385,19.71746539009942,20.10846328735352,177400,WHR,19.77332305908203,0,1.005586674240072,2.0,1.017523784485006,3.0,1.1469051800834245,27.0,1.1315403655611411,114.0,1.5042981391975616,458.0
1992-12-09 00:00:00-05:00,20.052607283080363,20.052607283080363,19.77332305908203,19.77332305908203,176400,WHR,19.885032653808597,1,0.9915966595538056,1.0,0.9994352330546249,3.0,1.1255788476864204,27.0,1.111313417696573,114.0,1.478077200766891,458.0
1992-12-10 00:00:00-05:00,19.773318987214164,19.885032653808597,19.773318987214164,19.885032653808597,115200,WHR,19.885032653808597,0,1.002816798445586,1.0,1.0005619394042138,4.0,1.1293065198174657,28.0,1.1161505682509145,115.0,1.4852718841460901,458.0
1992-12-11 00:00:00-05:00,19.829175820511377,19.885032653808597,19.717462153916948,19.885032653808597,115600,WHR,19.549898147583008,0,1.0,1.0,0.9988775915622112,3.0,1.126746493180788,27.0,1.1146586776523033,115.0,1.484123305793548,457.0
1992-12-14 00:00:00-05:00,19.829182406834192,19.88503925868443,19.549898147583008,19.549898147583008,38900,WHR,19.49403953552246,0,0.9915015824951375,0.0,0.9853605499235178,2.0,1.1058317862732223,26.0,1.0945986190905062,114.0,1.4580246983886138,456.0
1992-12-15 00:00:00-05:00,19.605753229135768,19.661610075942423,19.214755301489188,19.49403953552246,120600,WHR,19.49403953552246,0,0.9985693396881761,0.0,0.9886686411230179,1.0,1.1005872629722375,26.0,1.0902703339733195,113.0,1.4527785306189496,456.0
1992-12-16 00:00:00-05:00,19.43818268871581,19.605753229135768,19.43818268871581,19.49403953552246,78700,WHR,19.82917594909668,1,1.0,0.0,0.9914773519327359,1.0,1.0985102279147938,26.0,1.0893370133209703,112.0,1.4517207879331446,455.0
1992-12-17 00:00:00-05:00,19.54989178079954,19.885032782756102,19.494034947140115,19.82917594909668,100300,WHR,19.996749877929688,1,1.0085226095944597,1.0,1.0090959190014714,1.0,1.114650573781159,27.0,1.1069533396029803,113.0,1.4755672295101785,456.0
1992-12-18 00:00:00-05:00,20.05260672116413,20.05260672116413,19.88503619146081,19.996749877929688,199200,WHR,20.220191955566406,1,1.0042076593413252,2.0,1.0164678941546506,2.0,1.1209657513869398,28.0,1.1153238716957226,113.0,1.4868996728101165,457.0
1992-12-21 00:00:00-05:00,19.996764420145784,20.220191955566406,19.996764420145784,20.220191955566406,174600,WHR,20.49946403503418,1,1.0055559191586918,2.0,1.0208691844822935,3.0,1.1299587862276548,29.0,1.1268598077641458,113.0,1.5023516758962487,457.0
1992-12-22 00:00:00-05:00,20.164322933643977,20.55532088526588,20.164322933643977,20.49946403503418,150800,WHR,20.443607330322266,0,1.006858409597867,2.0,1.024567254341613,4.0,1.1417101338294966,30.0,1.141483759181389,113.0,1.5218931889770455,458.0
1992-12-23 00:00:00-05:00,20.499464180951563,20.83460528472734,20.443607330322266,20.443607330322266,122200,WHR,20.443607330322266,0,0.9986357470788286,1.0,1.0121681094187402,4.0,1.1346642089461265,30.0,1.1375759077265137,112.0,1.5165604318403785,457.0
1992-12-24 00:00:00-05:00,20.331893629063675,20.499464180951563,20.276036778434374,20.443607330322266,52600,WHR,20.331899642944336,0,1.0,0.0,1.0060471872875838,3.0,1.1307563078910305,30.0,1.136683218292123,112.0,1.5153655033746607,457.0
1992-12-28 00:00:00-05:00,20.443613377246223,20.443613377246223,20.22018590864244,20.331899642944336,48600,WHR,20.05261611938477,0,0.9972604218642538,0.0,0.9972603938750505,2.0,1.120261490623009,30.0,1.1296001395603692,112.0,1.5059165867554647,456.0
1992-12-29 00:00:00-05:00,20.38775733586473,20.49947107469139,20.05261611938477,20.05261611938477,69000,WHR,20.10846328735352,1,0.9930843909283646,0.0,0.9851813288709486,1.0,1.1009302883761685,30.0,1.113294018258772,112.0,1.4841108183076497,456.0
1992-12-30 00:00:00-05:00,20.05260644488864,20.164320129818385,19.940892759958903,20.10846328735352,90900,WHR,19.940889358520508,0,1.0013905793567734,1.0,0.9917352961866139,1.0,1.0996249583157292,31.0,1.1156303851638005,112.0,1.4871589199079327,456.0
1992-12-31 00:00:00-05:00,20.108459857331603,20.220173523205663,19.940889358520508,19.940889358520508,52100,WHR,19.717472076416016,0,0.9958158142950589,1.0,0.9883717456514937,1.0,1.0866542416883596,30.0,1.1055909080979656,112.0,1.4736935503272193,456.0
1993-01-04 00:00:00-05:00,20.05261324485368,20.05261324485368,19.66161521500974,19.717472076416016,82000,WHR,19.49403953552246,0,0.9943664520161523,0.0,0.9843838325580949,1.0,1.0707425938832005,30.0,1.0924459062022973,112.0,1.4561373736806114,456.0
1993-01-05 00:00:00-05:00,19.71746692274908,19.71746692274908,19.32646899510249,19.49403953552246,259100,WHR,19.82917594909668,1,0.994301863618399,0.0,0.9814397532682967,1.0,1.0555230275560457,29.0,1.079397689429249,111.0,1.4386289531467775,456.0
1993-01-06 00:00:00-05:00,19.494034947140115,19.94088961641553,19.43817811348069,19.82917594909668,120900,WHR,19.43819236755371,0,1.0085226095944597,1.0,1.0005635232204733,2.0,1.0697982030234752,30.0,1.0970481509341756,112.0,1.4622911198310231,457.0
1993-01-07 00:00:00-05:00,19.940904239128376,19.940904239128376,19.382335492934303,19.43819236755371,205700,WHR,19.549898147583008,1,0.9900430408681811,1.0,0.9875146278207972,1.0,1.0455631033539685,29.0,1.0745842085722745,112.0,1.432492634623987,456.0
1993-01-08 00:00:00-05:00,19.549898147583008,19.66161185128348,19.49404129573277,19.549898147583008,188700,WHR,19.605756759643555,1,1.0028651256974468,1.0,0.9971509658312805,2.0,1.0484825914729967,29.0,1.0800134115843347,112.0,1.4397379246386421,457.0
1993-01-11 00:00:00-05:00,19.605756759643555,19.661613616508635,19.549899902778478,19.605756759643555,172500,WHR,19.66161727905273,1,1.0014265784135878,2.0,1.0011409762064951,3.0,1.0481390236934933,30.0,1.0825987308071954,112.0,1.4428316895309947,458.0
1993-01-12 00:00:00-05:00,19.66161727905273,19.71747414632277,19.605760411782697,19.66161727905273,146700,WHR,19.66161727905273,0,1.001422568245947,2.0,1.0022780925860384,4.0,1.0477973991711569,30.0,1.0854942375745444,112.0,1.4459050060917098,459.0
1993-01-13 00:00:00-05:00,19.66161727905273,19.66161727905273,19.605760411782697,19.66161727905273,199900,WHR,19.77332305908203,1,1.0,1.0,1.0039932211526201,3.0,1.044695804548632,29.0,1.0852922467173134,112.0,1.4448945752512459,458.0
1993-01-14 00:00:00-05:00,19.717466214282364,19.77332305908203,19.661609369482697,19.77332305908203,273400,WHR,19.940889358520508,1,1.0028326600489688,1.0,1.0062533224973782,4.0,1.0473243862776191,30.0,1.0911889668943482,113.0,1.4520614889389525,459.0
1993-01-15 00:00:00-05:00,19.940889358520508,19.99674619145754,19.88503252558348,19.940889358520508,253700,WHR,20.10846328735352,1,1.0042193030967475,2.0,1.0107584001437968,4.0,1.0528335392611359,30.0,1.1000183691659717,114.0,1.4633149095691298,459.0
1993-01-18 00:00:00-05:00,19.996749602423773,20.10846328735352,19.996749602423773,20.10846328735352,136600,WHR,20.10846328735352,0,1.0041841857049412,2.0,1.014084354765628,4.0,1.0582040662303869,30.0,1.1087872048090335,115.0,1.4745293870218212,460.0
1993-01-19 00:00:00-05:00,20.10846328735352,20.164320129818385,19.996749602423773,20.10846328735352,198000,WHR,20.27604484558105,1,1.0,1.0,1.0095344300223803,3.0,1.0548521392797747,29.0,1.108418735449639,114.0,1.4734536562617888,459.0
1993-01-20 00:00:00-05:00,20.220187972728212,20.387758591286733,20.164331099875373,20.27604484558105,176700,WHR,20.27604484558105,0,1.004149649605138,1.0,1.0117061506479645,4.0,1.0608481808503816,29.0,1.1171900333314024,115.0,1.4846371677152872,459.0
1993-01-21 00:00:00-05:00,20.33190171843389,20.387758591286733,20.27604484558105,20.27604484558105,145700,WHR,20.49946403503418,1,1.0,1.0,1.006655935176979,3.0,1.058118937976221,28.0,1.1166306320209225,115.0,1.483542706449164,459.0
1993-01-22 00:00:00-05:00,20.49946403503418,20.49946403503418,20.44360718480248,20.49946403503418,155000,WHR,20.834617614746094,1,1.0054792495688347,1.0,1.0121344753137034,3.0,1.0668262877064245,29.0,1.1284087269726282,115.0,1.4987708997155933,459.0
1993-01-25 00:00:00-05:00,20.55533319631786,20.834617614746094,20.55533319631786,20.834617614746094,69700,WHR,20.94632148742676,1,1.0081084075497706,2.0,1.0213585102135383,3.0,1.0809711858136002,30.0,1.1462526689307944,115.0,1.5220968589476438,460.0
1993-01-26 00:00:00-05:00,20.834607772827148,21.002178344726563,20.834607772827148,20.94632148742676,354000,WHR,21.05803680419922,1,1.0026735606015822,2.0,1.0184680401741728,4.0,1.0833159722659507,31.0,1.1517073978628714,116.0,1.5290679363208552,460.0
1993-01-27 00:00:00-05:00,20.94632308110002,21.11389366574882,20.94632308110002,21.05803680419922,270400,WHR,20.66703414916992,0,1.0026596125096556,2.0,1.0161724418883493,4.0,1.0857494180091503,31.0,1.1571278057181944,117.0,1.5360165019470489,461.0
1993-01-28 00:00:00-05:00,20.94631839442897,20.94631839442897,20.61117730011811,20.66703414916992,170300,WHR,20.61118507385254,0,0.99062907153672,1.0,0.9935551147611439,4.0,1.0627843208848347,30.0,1.1350049527199926,117.0,1.5063512652956563,461.0
1993-01-29 00:00:00-05:00,20.555328203733698,20.72289881409022,20.44361446349601,20.61118507385254,230300,WHR,20.77874755859375,1,0.9986470086072358,0.0,0.9898069693597402,3.0,1.0569292595207518,30.0,1.131397703977494,116.0,1.50115741660744,460.0
1993-02-01 00:00:00-05:00,20.72289071031796,20.77874755859375,20.61117701376638,20.77874755859375,160200,WHR,20.77874755859375,0,1.004048387472123,1.0,0.9983895334779228,3.0,1.0622791219704655,31.0,1.1400233328282086,116.0,1.5122122805270615,461.0
1993-02-02 00:00:00-05:00,20.72289071031796,20.834604406869538,20.72289071031796,20.77874755859375,118100,WHR,21.05803680419922,1,1.0,1.0,0.9999998714894757,2.0,1.05935585684502,30.0,1.1393021116338238,116.0,1.5110755728126093,460.0
1993-02-03 00:00:00-05:00,20.77875249645122,21.16975052729842,20.77875249645122,21.05803680419922,246300,WHR,21.616594314575195,1,1.006675686237823,1.0,1.0134409708110925,2.0,1.070244157679738,31.0,1.1537461979293246,117.0,1.5301994046849359,461.0
1993-02-04 00:00:00-05:00,21.4490238160126,21.616594314575195,21.3931669831584,21.616594314575195,354500,WHR,21.89588165283203,1,1.0130887484140487,2.0,1.0309000185380282,3.0,1.0946976280956229,32.0,1.183651407434363,117.0,1.569496491963432,462.0
1993-02-05 00:00:00-05:00,22.063452175685335,22.063452175685335,21.784167970929825,21.89588165283203,306600,WHR,21.78417205810547,0,1.0064185577135631,2.0,1.0315788493729006,4.0,1.104521819966775,33.0,1.1982223328504,117.0,1.5884535029018112,462.0
1993-02-08 00:00:00-05:00,21.728315206674427,21.951742612398583,21.728315206674427,21.78417205810547,173700,WHR,23.068870544433597,1,0.997442549053034,1.0,1.016684128029644,3.0,1.0953362297880795,32.0,1.191506003683587,116.0,1.5790391337117273,462.0
1993-02-09 00:00:00-05:00,22.56615907978492,23.068870544433597,22.51030225037951,23.068870544433597,1207100,WHR,22.95718002319336,0,1.0286423932867246,1.0,1.0541089834613566,4.0,1.1548504648676896,33.0,1.2607665287980467,117.0,1.6706335670950156,462.0
1993-02-10 00:00:00-05:00,22.95718002319336,23.06889379459576,22.84546625179096,22.95718002319336,356500,WHR,22.733741760253903,0,0.9975733194601147,1.0,1.0311095721411174,3.0,1.1442464308657985,33.0,1.2536474836297082,117.0,1.6610291334389948,462.0
1993-02-11 00:00:00-05:00,22.90131233833932,22.95716919770112,22.6220280415303,22.733741760253903,322000,WHR,22.175172805786133,0,0.9951097886797196,0.0,1.010929068348483,2.0,1.1283974188764134,33.0,1.2405177733045492,116.0,1.6433849800026883,462.0
1993-02-12 00:00:00-05:00,22.34274338114472,22.510313956503303,22.007602230427548,22.175172805786133,182400,WHR,21.56074523925781,0,0.9875621809196394,0.0,0.9836472030503057,1.0,1.0965687127356472,33.0,1.2093675934637593,115.0,1.6016328062558065,462.0
1993-02-16 00:00:00-05:00,22.06345691582082,22.17517062172371,21.56074523925781,21.56074523925781,253200,WHR,21.22559928894043,0,0.9859514194741373,0.0,0.9582918836542144,1.0,1.0629545702889158,32.0,1.175587782487958,114.0,1.555995619577981,461.0
1993-02-17 00:00:00-05:00,21.728310851046917,21.728310851046917,21.22559928894043,21.22559928894043,139400,WHR,21.44903564453125,1,0.9921669879955156,0.0,0.9591112251224047,0.0,1.0442220583307182,31.0,1.1570636410585537,114.0,1.5306512142201327,460.0
1993-02-18 00:00:00-05:00,21.393178780873612,21.50489250818888,21.00218073527018,21.44903564453125,592900,WHR,21.44903564453125,0,1.0052358117635722,1.0,0.9825999469724119,1.0,1.0534201634651186,31.0,1.168989230537106,114.0,1.5455384412459077,461.0
1993-02-19 00:00:00-05:00,21.33732191721598,21.50489250818888,21.28146505355835,21.44903564453125,220900,WHR,21.616594314575195,1,1.0,1.0,0.9943036089027013,1.0,1.0515844205948675,31.0,1.1685564636977208,114.0,1.5443148421053867,461.0
1993-02-22 00:00:00-05:00,21.504880648866795,21.840021645991992,21.504880648866795,21.616594314575195,216200,WHR,21.684009552001957,1,1.0038907748523138,1.0,1.0072875496705882,2.0,1.0579547923663288,31.0,1.1773607130125567,114.0,1.5551289903217351,462.0
1993-02-23 00:00:00-05:00,21.684009552001957,21.79636193310041,21.684009552001957,21.684009552001957,181600,WHR,22.02106475830078,1,1.0015569121768946,2.0,1.0092695372677936,3.0,1.0594100073382926,31.0,1.1804929775721875,115.0,1.5587140736784777,463.0
1993-02-24 00:00:00-05:00,21.5716552734375,22.02106475830078,21.45930290222168,22.02106475830078,167900,WHR,21.964893341064453,0,1.0077120382842908,2.0,1.0174236592978596,4.0,1.0738143615210824,31.0,1.198121565703408,116.0,1.581638562414968,463.0
1993-02-25 00:00:00-05:00,22.24577433008062,22.24577433008062,21.79636474765475,21.964893341064453,107900,WHR,22.245777130126957,1,0.9987229693369544,1.0,1.0100139155784962,3.0,1.0692678462241925,30.0,1.194304904070191,116.0,1.5763007954097168,463.0
1993-02-26 00:00:00-05:00,22.13342472037884,22.35812953987507,22.07724851550478,22.245777130126957,192900,WHR,22.30195426940918,1,1.0063533030842755,1.0,1.0154890014087752,4.0,1.0808712043986974,31.0,1.2088638349074534,116.0,1.5950971898934834,464.0
1993-03-01 00:00:00-05:00,22.245778062181447,22.35813047663691,22.245778062181447,22.30195426940918,166000,WHR,22.358125686645508,1,1.0012610549969063,2.0,1.0117229111773223,4.0,1.0812887845920325,32.0,1.2110864139409063,117.0,1.5977678147649064,464.0
1993-03-02 00:00:00-05:00,22.18959710106778,22.470478077030663,22.1334209058752,22.358125686645508,133300,WHR,23.256940841674805,1,1.0012577545157018,2.0,1.0081053163948732,4.0,1.0814604928369596,33.0,1.2133340740689325,117.0,1.6004158725282576,465.0
1993-03-03 00:00:00-05:00,22.470474243164062,23.256940841674805,22.470474243164062,23.256940841674805,566400,WHR,23.20076942443848,0,1.0197043482216839,2.0,1.0370739189615807,4.0,1.1217353440885363,33.0,1.2608518591245403,118.0,1.6632063095213065,466.0
1993-03-04 00:00:00-05:00,23.20076942443848,23.48165041020649,23.144593227284872,23.20076942443848,392300,WHR,23.481653213500977,1,0.998790912920276,1.0,1.0232903730145717,4.0,1.1160513163485164,32.0,1.2566724355784378,117.0,1.6576375410335493,466.0
1993-03-05 00:00:00-05:00,23.313124601920823,23.537829417361028,23.313124601920823,23.481653213500977,284300,WHR,23.931058883666992,1,1.0060169068610896,1.0,1.0245099151237387,4.0,1.1265164145963045,32.0,1.2708139612892984,117.0,1.676098988867446,467.0
1993-03-08 00:00:00-05:00,23.7063541054166,24.155763661917387,23.650177910854,23.931058883666992,375600,WHR,23.98724174499512,1,1.00947859024063,2.0,1.0294828286673272,4.0,1.1442723177556313,33.0,1.2938572689997045,118.0,1.7064878422289496,468.0
1993-03-09 00:00:00-05:00,23.931065534819485,24.099594165346385,23.81871311446822,23.98724174499512,236500,WHR,23.65017318725586,0,1.0011724719072055,2.0,1.0176360581420454,4.0,1.1432213667884494,33.0,1.2956003760809833,119.0,1.7088509019282436,468.0
1993-03-10 00:00:00-05:00,23.81870173728381,23.87487792062646,23.53782082057056,23.65017318725586,98200,WHR,23.70636749267578,1,0.99292428948509,1.0,0.9999997419251858,3.0,1.123795836686711,33.0,1.276289073912559,118.0,1.6832673187766947,467.0
1993-03-11 00:00:00-05:00,23.65019126638982,23.818719945247704,23.65019126638982,23.70636749267578,157800,WHR,23.762531280517575,1,1.0011866218396255,1.0,0.9981082545454049,4.0,1.1227701714389229,34.0,1.2781093922244897,119.0,1.685723642110177,467.0
1993-03-12 00:00:00-05:00,23.59400268987561,23.762531280517575,23.537826492994952,23.762531280517575,60700,WHR,23.874874114990234,1,1.0011831702292093,2.0,0.9981122215516373,4.0,1.1216509152159733,35.0,1.2800449292532656,119.0,1.688178288923454,467.0
1993-03-15 00:00:00-05:00,23.650169417437382,23.874874114990234,23.593993243049173,23.874874114990234,233400,WHR,24.04341697692871,1,1.0023582903716088,2.0,1.0033045791668342,4.0,1.1230831402873573,36.0,1.2850151791828393,119.0,1.6946083657806157,467.0
1993-03-16 00:00:00-05:00,23.81871214536863,24.099593184818733,23.81871214536863,24.04341697692871,309100,WHR,24.211936950683597,1,1.0035172970090935,2.0,1.0099105171857377,4.0,1.1272869139621375,36.0,1.2929677229372563,119.0,1.7049857713360292,468.0
1993-03-17 00:00:00-05:00,23.98723219940115,24.324289326324816,23.931056011580537,24.211936950683597,395700,WHR,24.211936950683597,0,1.0034922544347658,2.0,1.0122121120488747,5.0,1.131461188223026,36.0,1.3009346631274887,119.0,1.7152921309900289,469.0
1993-03-18 00:00:00-05:00,24.324289326324816,24.324289326324816,24.09958457504237,24.211936950683597,82900,WHR,23.53783416748047,0,1.0,1.0,1.0079513000677107,4.0,1.1279543704632997,35.0,1.2998563224073658,118.0,1.7136277166933718,469.0
1993-03-19 00:00:00-05:00,24.21194874984268,24.21194874984268,23.481657952283616,23.53783416748047,375700,WHR,23.313129425048828,0,0.985882596556642,0.0,0.9817248219994879,3.0,1.0939693295887905,34.0,1.2628021148167565,118.0,1.6643759615790852,469.0
1993-03-22 00:00:00-05:00,23.313129425048828,23.42548185601292,23.256953209566785,23.313129425048828,242000,WHR,23.256940841674805,0,0.9952038394687901,0.0,0.9769305429601796,2.0,1.0811226133719891,34.0,1.2498058138877568,118.0,1.6469835828032164,469.0
1993-03-23 00:00:00-05:00,23.313117027282715,23.369293212890625,23.032236099243164,23.256940841674805,130000,WHR,22.751359939575195,0,0.998793461486053,0.0,0.9810424330188006,1.0,1.0761768596929344,34.0,1.2459589691059927,117.0,1.6415292436816702,468.0
1993-03-24 00:00:00-05:00,23.0884171238652,23.36929811077353,22.751359939575195,22.751359939575195,559900,WHR,22.976055145263672,1,0.9890110937914566,0.0,0.9716890098581884,0.0,1.0508211591130918,34.0,1.218061239129309,117.0,1.6044514366034552,468.0
1993-03-25 00:00:00-05:00,22.75135044946647,23.088407493162272,22.75135044946647,22.976055145263672,246500,WHR,23.14460182189941,1,1.0049137963576467,1.0,0.9917551589904529,1.0,1.0588164118027827,35.0,1.2291986096965728,118.0,1.6189009527219649,468.0
1993-03-26 00:00:00-05:00,23.088425603885096,23.200778039913736,22.97607316785646,23.14460182189941,130100,WHR,23.256940841674805,1,1.0036544725881884,2.0,1.002433444707328,2.0,1.0641022159735676,35.0,1.2372735199440792,119.0,1.629353415176207,469.0
1993-03-29 00:00:00-05:00,23.256940841674805,23.313117027282715,23.144588470458984,23.256940841674805,207500,WHR,23.594018936157227,1,1.002421019072359,2.0,1.0077895620632047,3.0,1.0665570288176744,36.0,1.2423038439205625,120.0,1.6358268375328442,469.0
1993-03-30 00:00:00-05:00,23.31313775834583,23.594018936157227,23.200785287221272,23.594018936157227,423800,WHR,24.099590301513672,1,1.0071946892033985,2.0,1.019418079802258,4.0,1.0788188458798247,37.0,1.2590839684171258,121.0,1.6580205411572102,470.0
1993-03-31 00:00:00-05:00,23.481652088654343,24.1557665026827,23.481652088654343,24.099590301513672,464600,WHR,24.26812744140625,1,1.0106004006288776,2.0,1.029270599898216,5.0,1.0980817190349594,38.0,1.2846908047406598,121.0,1.6919317998962964,471.0
1993-04-01 00:00:00-05:00,24.155774999547887,24.380479883264613,24.155774999547887,24.26812744140625,547500,WHR,23.762531280517575,0,1.0034844964318634,2.0,1.0251544049887356,5.0,1.102046043281993,38.0,1.2922493219635505,122.0,1.7021482102886183,471.0
1993-04-02 00:00:00-05:00,24.15576465868217,24.15576465868217,23.70635508363692,23.762531280517575,167700,WHR,23.81871032714844,1,0.9894734701887838,1.0,0.9985833695893678,4.0,1.0755660749634952,38.0,1.2638933246030049,122.0,1.665171553025619,470.0
1993-04-05 00:00:00-04:00,23.65018171634314,23.874886530750203,23.594005512741376,23.81871032714844,131000,WHR,23.931058883666992,1,1.0011806973658672,1.0,0.9962404596452086,4.0,1.0746481930266794,38.0,1.2654178518696,123.0,1.667609233972191,470.0
1993-04-06 00:00:00-04:00,23.931058883666992,24.155763661917387,23.931058883666992,23.931058883666992,149900,WHR,23.98724174499512,1,1.0023528607232117,2.0,0.9981254272461083,4.0,1.0762167520947388,38.0,1.2701104962129526,123.0,1.6739755876173164,470.0
1993-04-07 00:00:00-04:00,23.931065534819485,24.099594165346385,23.931065534819485,23.98724174499512,627500,WHR,24.324298858642575,1,1.0011724719072055,2.0,1.0014072165526366,4.0,1.075257218729881,38.0,1.2720220251190943,123.0,1.6763929773623636,471.0
1993-04-08 00:00:00-04:00,24.268122648807378,24.492827488148183,24.268122648807378,24.324298858642575,225400,WHR,24.66135025024414,1,1.0069767411561716,2.0,1.0150024668030577,4.0,1.0865811010728101,39.0,1.2887053418008807,124.0,1.698377781504787,472.0
1993-04-12 00:00:00-04:00,24.43664546436492,24.66135025024414,24.43664546436492,24.66135025024414,124500,WHR,24.77370262145996,1,1.0068806149909815,2.0,1.0214051876022163,5.0,1.0976428641622333,39.0,1.305385399807113,124.0,1.7203163114074438,472.0
1993-04-13 00:00:00-04:00,24.661350228618875,24.88605501430105,24.60517403219833,24.77370262145996,215200,WHR,25.279285430908203,1,1.002272726834285,2.0,1.01800544887098,5.0,1.098704623415224,39.0,1.3103941074346006,124.0,1.7265583915710996,472.0
1993-04-14 00:00:00-04:00,24.77369972229004,25.279285430908203,24.77369972229004,25.279285430908203,206200,WHR,24.998395919799805,0,1.0101009515939243,2.0,1.02739706700945,5.0,1.1168583273504946,39.0,1.3358986550176026,125.0,1.7601191757654686,472.0
1993-04-15 00:00:00-04:00,25.16692443161868,25.16692443161868,24.998395919799805,24.998395919799805,152700,WHR,24.77370262145996,0,0.9944132365780937,1.0,1.0076988822952602,4.0,1.1004859109209018,39.0,1.3196519529643247,125.0,1.7389425384536163,472.0
1993-04-16 00:00:00-04:00,24.942231210721594,24.99840740714214,24.661350228618875,24.77370262145996,166700,WHR,24.436641693115234,0,0.995485557070623,0.0,0.9950362163763491,3.0,1.0870073328656553,38.0,1.306193720617633,125.0,1.7217259579261057,472.0
1993-04-19 00:00:00-04:00,24.60517025651603,24.66134644431629,24.38046550531497,24.436641693115234,114200,WHR,24.60518264770508,1,0.9931506082097277,0.0,0.9832730491533914,2.0,1.068965510384302,38.0,1.287194523449731,124.0,1.6967728440209855,472.0
1993-04-20 00:00:00-04:00,24.380477783342474,24.82988751206768,24.21194913507052,24.60518264770508,235800,WHR,24.548999786376957,0,1.0034366779143158,1.0,0.9913992466713333,2.0,1.0731259674931777,38.0,1.2948970565742555,124.0,1.7068909256806233,473.0
1993-04-21 00:00:00-04:00,24.82988079079774,24.82988079079774,24.548999786376957,24.548999786376957,333400,WHR,24.77370262145996,1,0.9988570075109383,1.0,0.994991009265945,1.0,1.067792607005416,37.0,1.2907702044304592,124.0,1.701416206522513,473.0
1993-04-22 00:00:00-04:00,24.49282163935724,24.829878817880505,24.380469246516157,24.77370262145996,372800,WHR,25.56016540527344,1,1.0045557689281701,1.0,1.0059306012512783,2.0,1.0745848018868158,37.0,1.3012550478806721,125.0,1.7154148598670915,473.0
1993-04-23 00:00:00-04:00,25.72869396838513,25.841046343792925,25.44781302986564,25.56016540527344,329000,WHR,25.953407287597656,1,1.0156249224358394,2.0,1.0312781480838529,3.0,1.1051016136822966,37.0,1.3406506294086977,126.0,1.7681541691125235,474.0
1993-04-26 00:00:00-04:00,25.6725262563466,25.953407287597656,25.61635005009639,25.953407287597656,153300,WHR,25.22311210632324,0,1.0076337528493464,2.0,1.034482847753975,4.0,1.1178453397565722,38.0,1.3591955317142272,127.0,1.7935794197421913,474.0
1993-04-27 00:00:00-04:00,25.784874068602157,25.841050264830045,25.16693591009535,25.22311210632324,299700,WHR,24.49283790588379,0,0.985729877882997,1.0,1.000445610008342,3.0,1.08280578910229,38.0,1.3192858160061103,126.0,1.741491574201996,473.0
1993-04-28 00:00:00-04:00,25.0546002431747,25.0546002431747,24.4366616721547,24.49283790588379,185400,WHR,24.380468368530277,0,0.9853110681730884,0.0,0.9719131332714086,3.0,1.0486690579551758,37.0,1.2796582378017705,126.0,1.6895869465460207,473.0
1993-04-29 00:00:00-04:00,24.380468368530277,24.54899695172288,24.324292174132736,24.380468368530277,188100,WHR,24.49283790588379,1,0.9977007993540978,0.0,0.970482847747483,2.0,1.0411819268844704,37.0,1.2722653199208849,126.0,1.6803625158206508,473.0
1993-04-30 00:00:00-04:00,24.49283790588379,24.605190373341973,24.4366616721547,24.49283790588379,124800,WHR,24.717533111572266,1,1.0022992006459024,1.0,0.9833111482832453,2.0,1.0434298048741402,37.0,1.2766175674092155,126.0,1.6866240708380773,473.0
1993-05-03 00:00:00-04:00,24.492828265103427,24.717533111572266,24.380475841869007,24.717533111572266,178500,WHR,24.49283790588379,0,1.0045660132415741,2.0,1.0022778645120742,2.0,1.0506887971261873,37.0,1.2867763744131866,126.0,1.7005534418077979,474.0
1993-05-04 00:00:00-04:00,24.661366607071063,24.717542840800157,24.49283790588379,24.49283790588379,123800,WHR,23.762531280517575,0,0.995433986758426,1.0,0.9990836281472537,2.0,1.039225471862432,36.0,1.2735889822498458,126.0,1.683627993961052,473.0
1993-05-05 00:00:00-04:00,24.49282183996611,24.548998036846765,23.762531280517575,23.762531280517575,224500,WHR,23.874874114990234,1,0.984865795502565,0.0,0.9751034340309603,2.0,1.006830152293808,36.0,1.2342751562693344,126.0,1.6321106400961982,472.0
1993-05-06 00:00:00-04:00,24.043402638154877,24.043402638154877,23.76252176621381,23.874874114990234,391400,WHR,24.436641693115234,1,1.0023582903716088,1.0,0.9837956668100446,3.0,1.0110147246887984,36.0,1.2387110118628084,127.0,1.638482639698236,473.0
1993-05-07 00:00:00-04:00,23.874879815112585,24.436641693115234,23.81870362731232,24.436641693115234,152600,WHR,25.16694641113281,1,1.0116280263355089,2.0,1.007410600417862,3.0,1.0337241755819389,37.0,1.266295188694972,127.0,1.6755804805815644,474.0
1993-05-10 00:00:00-04:00,24.549007994788035,25.16694641113281,24.549007994788035,25.16694641113281,281100,WHR,24.88605117797852,0,1.0147228203831293,2.0,1.0336874359631336,3.0,1.0627944627769117,38.0,1.3023520865035256,127.0,1.7240623939247457,475.0
1993-05-11 00:00:00-04:00,25.05457974126054,25.05457974126054,24.82987499021784,24.88605117797852,258700,WHR,24.88605117797852,0,0.9943880437399538,1.0,1.0188591414640047,3.0,1.0489309640658049,38.0,1.2860557622629665,127.0,1.7033022068054333,474.0
1993-05-12 00:00:00-04:00,24.77369880245717,24.88605117797852,24.548994051414475,24.88605117797852,130000,WHR,24.548999786376957,0,1.0,0.0,1.0095714881206694,3.0,1.046486380689516,38.0,1.2841696283788333,127.0,1.701775979654237,474.0
1993-05-13 00:00:00-04:00,24.77370458991358,24.77370458991358,24.38047118372448,24.548999786376957,104100,WHR,24.17841339111328,0,0.9931819349828407,0.0,0.9904805788713295,2.0,1.0299141031139394,38.0,1.2649385256825518,127.0,1.6772858492069065,473.0
1993-05-14 00:00:00-04:00,24.51736311154945,24.63034635169484,24.0089385308952,24.17841339111328,164700,WHR,24.29140281677246,1,0.9923947041080591,0.0,0.9775655020335504,1.0,1.0124345669304027,37.0,1.2442765024832785,126.0,1.6506124438287244,472.0
1993-05-17 00:00:00-04:00,24.23491118231485,24.46087772014529,24.17841954785724,24.29140281677246,76700,WHR,24.12192726135254,0,1.0023311296493176,1.0,0.9891367840205175,1.0,1.0151521079788401,38.0,1.2485486066829539,126.0,1.6569668232845014,472.0
1993-05-18 00:00:00-04:00,24.234910527213675,24.234910527213675,24.06543562842197,24.12192726135254,96700,WHR,25.13875961303711,1,0.9964994030539432,1.0,0.988386500412397,1.0,1.0063136178444745,37.0,1.2383808273241907,125.0,1.6440559468793647,472.0
1993-05-19 00:00:00-04:00,24.178402504224454,25.13875961303711,24.06541931495238,25.13875961303711,106000,WHR,25.25174903869629,1,1.020641863039332,1.0,1.0279220565706806,2.0,1.0462205203825354,37.0,1.2887415334882193,126.0,1.7118469836815993,472.0
1993-05-20 00:00:00-04:00,25.138765821520916,25.308240647283977,25.082274212933225,25.25174903869629,153900,WHR,25.36473655700684,1,1.0022422759500225,2.0,1.026641999280407,3.0,1.048573146086633,37.0,1.2926008864948793,127.0,1.7180230355406065,472.0
1993-05-21 00:00:00-04:00,25.25175332067273,25.36473655700684,25.195261702505675,25.36473655700684,112800,WHR,25.308256149291992,0,1.0022322276424531,2.0,1.021383087403837,4.0,1.050792452463434,38.0,1.296462491720038,127.0,1.7241690414480477,473.0
1993-05-24 00:00:00-04:00,25.364747792482376,25.59071436524391,25.082289576530457,25.308256149291992,186700,WHR,25.36473655700684,1,0.9988853942761541,1.0,1.0108307503679006,3.0,1.0462403427561322,37.0,1.2916929261745593,126.0,1.7188013617258475,473.0
1993-05-25 00:00:00-04:00,25.195261702505675,25.42122817517389,25.195261702505675,25.36473655700684,117000,WHR,25.082290649414062,0,1.001114605723846,1.0,1.0031278207821015,4.0,1.046367138876193,37.0,1.2926647841233558,127.0,1.7210611990907503,474.0
1993-05-26 00:00:00-04:00,25.25176558623443,25.308257231841218,24.912815712593694,25.082290649414062,160100,WHR,24.856313705444336,0,0.9944011387145361,1.0,0.9924008683876626,3.0,1.0327810556541623,36.0,1.2764598965522886,127.0,1.7003280171389101,474.0
1993-05-27 00:00:00-04:00,25.195263437791304,25.195263437791304,24.68683883927085,24.856313705444336,177900,WHR,24.404386520385746,0,0.9954749046976972,0.0,0.9865469565412244,2.0,1.0223541710160289,35.0,1.26324271448789,126.0,1.6834776659965265,474.0
1993-05-28 00:00:00-04:00,24.856319604096587,24.856319604096587,24.404386520385746,24.404386520385746,201100,WHR,24.12192726135254,0,0.9908258067184027,0.0,0.9760506545336154,1.0,1.0029386361147146,35.0,1.2386935246124868,126.0,1.6514245790307753,473.0
1993-06-01 00:00:00-04:00,24.404385426005376,24.517368691866515,24.12192726135254,24.12192726135254,209000,WHR,24.234901428222656,1,0.9941792558094635,0.0,0.9739963872562817,1.0,0.9908959461749646,34.0,1.2228403093936278,126.0,1.6309109271012159,473.0
1993-06-02 00:00:00-04:00,24.17840981650185,24.34788465166425,24.00893498133946,24.234901428222656,158500,WHR,25.02578353881836,1,1.002336260874247,1.0,0.9875687476223202,1.0,0.995329718771469,34.0,1.2269648463978489,127.0,1.6371381827900127,473.0
1993-06-03 00:00:00-04:00,24.347884210453078,25.082275149515464,24.23490098905886,25.02578353881836,173500,WHR,25.02578353881836,0,1.01605503681333,2.0,1.0202669447695805,2.0,1.0270811875878143,34.0,1.265054041207021,128.0,1.6890029554716166,474.0
1993-06-04 00:00:00-04:00,24.96929192812125,25.082275149515464,24.912800317424143,25.02578353881836,124700,WHR,24.74333000183105,0,1.0,1.0,1.0188590744656392,2.0,1.0261156757609777,34.0,1.2629820312759712,128.0,1.687522756337891,473.0
1993-06-07 00:00:00-04:00,25.138771348892284,25.19526296990103,24.68683838082231,24.74333000183105,114500,WHR,24.34788703918457,0,0.9943247223650745,0.0,1.0045872214667275,2.0,1.0138159979783745,33.0,1.246548820663865,128.0,1.6670030262404052,473.0
1993-06-08 00:00:00-04:00,24.630345125486016,24.630345125486016,24.34788703918457,24.34788703918457,83000,WHR,24.404386520385746,1,0.9919447309217025,0.0,0.9867216641024626,2.0,0.997214773684253,32.0,1.2246014346280243,127.0,1.6389521086479253,473.0
1993-06-09 00:00:00-04:00,24.404386520385746,24.517369791313453,24.347894884921885,24.404386520385746,141200,WHR,24.17841339111328,0,1.0011589096687388,1.0,0.9876546097395822,2.0,0.99916766658949,32.0,1.2253923706490153,128.0,1.6413499061349817,473.0
1993-06-10 00:00:00-04:00,24.34788825133137,24.40437987140406,24.17841339111328,24.17841339111328,49500,WHR,24.29140281677246,1,0.9953487009870962,1.0,0.9852670213926363,1.0,0.989824664388187,31.0,1.2119150904183162,128.0,1.624802588625906,472.0
1993-06-11 00:00:00-04:00,24.29140281677246,24.347894451230072,24.121927913399627,24.29140281677246,142500,WHR,24.29140281677246,0,1.0023311296493176,1.0,0.9958315587616022,2.0,0.9943963503009107,31.0,1.215417889299032,129.0,1.6310299179706738,473.0
1993-06-14 00:00:00-04:00,24.40438608568768,24.573860989060517,24.23491118231485,24.29140281677246,128500,WHR,24.065427780151367,0,1.0,1.0,0.9995352079907748,2.0,0.9943424399358599,31.0,1.2132515265459447,129.0,1.6296450194219623,473.0
1993-06-15 00:00:00-04:00,24.17841100916616,24.17841100916616,24.065427780151367,24.065427780151367,115600,WHR,23.78296661376953,0,0.9953269262308628,0.0,0.9925440343149281,2.0,0.9847379470923294,31.0,1.1999332726356933,128.0,1.6131610315316354,472.0
1993-06-16 00:00:00-04:00,24.121916256721114,24.121916256721114,23.444016970817945,23.78296661376953,251000,WHR,24.12192726135254,1,0.9940967472376101,0.0,0.9859482150577031,1.0,0.9728681343699142,31.0,1.1839797721468905,127.0,1.592950899628488,472.0
1993-06-17 00:00:00-04:00,23.952452362560837,24.12192726135254,23.895960729630264,24.12192726135254,219000,WHR,24.404386520385746,1,1.007075699791061,1.0,1.0004687478393568,2.0,0.9861521347624711,32.0,1.1989093068913224,127.0,1.6143305037301217,472.0
1993-06-18 00:00:00-04:00,24.12192834306646,24.630353062241166,24.065436707602608,24.404386520385746,195100,WHR,24.17841339111328,0,1.0058207441905367,2.0,1.0112361424292702,2.0,0.9965771669362568,33.0,1.2110381499744098,127.0,1.6319037525372584,472.0
1993-06-21 00:00:00-04:00,24.40437987140406,24.51736311154945,24.121921771040583,24.17841339111328,128300,WHR,24.065427780151367,0,0.9953487009870962,1.0,1.0028115853358988,2.0,0.9865420198443032,32.0,1.1979656718880698,127.0,1.6155179159542588,471.0
1993-06-22 00:00:00-04:00,24.34788585268836,24.51736069621055,24.065427780151367,24.065427780151367,194500,WHR,24.008934020996094,0,0.9976580303678387,0.0,0.9981254515596225,2.0,0.981317411251109,31.0,1.1905367998476803,127.0,1.6066923578634487,471.0
1993-06-23 00:00:00-04:00,24.06542563045726,24.23490045884076,24.008934020996094,24.008934020996094,163000,WHR,24.008934020996094,0,0.9988248672049158,0.0,0.9939193210078223,2.0,0.9785136749109685,30.0,1.1859343577477945,127.0,1.6016712406157476,470.0
1993-06-24 00:00:00-04:00,23.952442411534925,24.008934020996094,23.89595080207376,24.008934020996094,199700,WHR,24.34788703918457,1,1.0,0.0,0.9948500394838843,1.0,0.978237968724847,29.0,1.1841708107192488,126.0,1.6004658679476909,469.0
1993-06-25 00:00:00-04:00,24.121920570143416,24.40437865644486,24.065428952883124,24.34788703918457,172000,WHR,25.082290649414062,1,1.007009414820024,1.0,1.0093677367190306,1.0,0.9918812798561403,29.0,1.199012477205636,127.0,1.6217877589494845,470.0
1993-06-28 00:00:00-04:00,24.291407610919027,25.082290649414062,24.291407610919027,25.082290649414062,249700,WHR,25.590700149536133,1,1.0148573936928995,2.0,1.032078580454566,2.0,1.0212347989973212,29.0,1.233113411193402,127.0,1.6693200203047664,470.0
1993-06-29 00:00:00-04:00,25.13876725506309,25.590700149536133,25.02578403144483,25.590700149536133,373900,WHR,25.70368194580078,1,1.0100331457075276,2.0,1.0399447737572196,3.0,1.0406438829145157,30.0,1.2559103960158338,127.0,1.7016876857941001,471.0
1993-06-30 00:00:00-04:00,25.70368194580078,25.81666516314496,25.5906987284566,25.70368194580078,191500,WHR,25.36473655700684,0,1.0022026154063939,2.0,1.030344022352099,4.0,1.0439046521424453,30.0,1.2592682751015336,127.0,1.707675762768588,472.0
1993-07-01 00:00:00-04:00,25.590703029675048,25.590703029675048,25.308244938839785,25.36473655700684,119300,WHR,25.47772026062012,1,0.9933629158934048,1.0,1.0058243361284693,4.0,1.0291403374260282,29.0,1.2404874541784079,127.0,1.6837261761328544,471.0
1993-07-02 00:00:00-04:00,25.421228641416967,25.534211879823264,25.251753783807523,25.47772026062012,101700,WHR,25.47772026062012,0,1.002222231392526,1.0,1.0013321246679303,4.0,1.032683655528227,29.0,1.243901911759007,127.0,1.6897618585329126,472.0
1993-07-06 00:00:00-04:00,25.47772026062012,25.64719511822956,25.421228641416967,25.47772026062012,155200,WHR,25.25174903869629,0,1.0,1.0,0.9982293723228238,3.0,1.0318796250145377,28.0,1.241797931552214,127.0,1.6883001492869645,472.0
1993-07-07 00:00:00-04:00,25.36473225587166,25.36473225587166,25.138765821520916,25.25174903869629,38000,WHR,25.647197723388672,1,0.9955455630613729,0.0,0.992010544009647,2.0,1.0223200803315846,27.0,1.2287729112938228,126.0,1.6718938569341304,472.0
1993-07-08 00:00:00-04:00,25.251756348798978,25.647197723388672,25.195264723857598,25.647197723388672,185100,WHR,25.816665649414062,1,1.0077692901297313,1.0,1.0079930182343306,2.0,1.037718244219147,27.0,1.2458708357325476,127.0,1.6965741361185998,473.0
1993-07-09 00:00:00-04:00,25.70368242994179,25.92964886888633,25.59069921046952,25.816665649414062,106500,WHR,25.873165130615234,1,1.00329294994427,2.0,1.0110618286752526,3.0,1.044196731066751,27.0,1.2519102414613605,128.0,1.7062561601308837,474.0
1993-07-12 00:00:00-04:00,25.81667350369249,26.0991316383062,25.81667350369249,25.873165130615234,83800,WHR,25.70368194580078,0,1.0010930482910965,2.0,1.0101457279822175,3.0,1.0458652066365626,28.0,1.2524463207666579,129.0,1.708454944268354,475.0
1993-07-13 00:00:00-04:00,25.873156771817047,25.873156771817047,25.53420711978451,25.70368194580078,168900,WHR,25.873165130615234,1,0.9967139677118427,1.0,1.0017612121709316,3.0,1.038363650050416,28.0,1.2421144377823234,128.0,1.6957821205746029,474.0
1993-07-14 00:00:00-04:00,25.760181876769757,26.04264001138345,25.70369024984701,25.873165130615234,363000,WHR,25.816665649414062,0,1.0032860322881574,1.0,1.0035058295409194,4.0,1.0442003924333512,29.0,1.2480630530170316,129.0,1.7054836214759355,474.0
1993-07-15 00:00:00-04:00,25.8731572591502,25.92964886888633,25.70368242994179,25.816665649414062,160900,WHR,26.099130630493164,1,0.9989069517089036,1.0,0.9999998817911852,3.0,1.041071800235329,28.0,1.2431093306214573,129.0,1.7002472621114333,474.0
1993-07-16 00:00:00-04:00,26.04263900575184,26.15562225523449,25.98614738101051,26.099130630493164,134000,WHR,27.341951370239254,1,1.0054408292142178,1.0,1.0087337193555392,3.0,1.051367014400181,29.0,1.2543843661407836,130.0,1.7172865900638123,475.0
1993-07-19 00:00:00-04:00,26.55106847936457,27.398443005301736,26.55106847936457,27.341951370239254,515300,WHR,27.624399185180664,1,1.0232559052552315,2.0,1.0449052648262682,3.0,1.0995363752550318,29.0,1.3113489085655967,131.0,1.7973040596267207,475.0
1993-07-20 00:00:00-04:00,27.34194111580254,27.68089079905629,27.34194111580254,27.624399185180664,458600,WHR,28.019847869873047,1,1.005138558628822,2.0,1.0404253802012662,4.0,1.1093599756882255,29.0,1.3221085072659944,131.0,1.8140579417129474,476.0
1993-07-21 00:00:00-04:00,27.567914839713804,28.132831127412857,27.5114232109439,28.019847869873047,394500,WHR,27.79388427734375,0,1.0071067308054529,2.0,1.038526077064483,4.0,1.1236865182686409,29.0,1.338104653336663,132.0,1.8381558324341378,476.0
1993-07-22 00:00:00-04:00,27.56791773850356,27.8503759120538,27.511426103793507,27.79388427734375,375200,WHR,27.963350296020508,1,0.9959514695786105,1.0,1.0152704563584962,4.0,1.1127127051124186,29.0,1.3245046962151878,131.0,1.821548508235238,475.0
1993-07-23 00:00:00-04:00,27.793875445741595,28.019841912780144,27.73738382898196,27.963350296020508,184400,WHR,28.24580383300781,1,1.0030393548025374,1.0,1.0077359948377211,4.0,1.1169107892366097,30.0,1.3298489474685498,131.0,1.8308081118677764,476.0
1993-07-26 00:00:00-04:00,27.850362579345703,28.41527865600586,27.850362579345703,28.24580383300781,137800,WHR,28.019847869873047,0,1.0050250451436953,2.0,1.0113266340866338,4.0,1.1252969760763443,31.0,1.3405318879773187,131.0,1.8474288092325177,476.0
1993-07-27 00:00:00-04:00,28.18932275618276,28.245814384952663,28.019847869873047,28.019847869873047,268400,WHR,27.737384796142575,0,0.9959841225277553,1.0,1.0004034854331543,3.0,1.1136868721837718,30.0,1.3272176805356704,130.0,1.8308061152412392,476.0
1993-07-28 00:00:00-04:00,28.01984288978965,28.01984288978965,27.680893177413164,27.737384796142575,129300,WHR,28.019847869873047,1,0.9949340550055197,0.0,0.9923200843598902,2.0,1.1002589608011004,29.0,1.3113265956636582,130.0,1.8105617784046164,476.0
1993-07-29 00:00:00-04:00,27.68089809725361,28.132831127412857,27.68089809725361,28.019847869873047,149100,WHR,28.35879898071289,1,1.00506594499448,1.0,1.0008072556899523,3.0,1.1088777819921223,30.0,1.3220824416069068,131.0,1.8270807494009418,477.0
1993-07-30 00:00:00-04:00,28.01984919209879,28.35879898071289,27.96335756066311,28.35879898071289,191300,WHR,28.810731887817383,1,1.0060120476416918,2.0,1.010060511601345,3.0,1.1188996224047458,31.0,1.3352878926393938,132.0,1.847191985075142,478.0
1993-08-02 00:00:00-04:00,28.35879883859672,28.810731887817383,28.302307207444137,28.810731887817383,259200,WHR,28.75423622131348,0,1.0079051358343971,2.0,1.022044148516298,3.0,1.133053082614119,31.0,1.3536602329809098,132.0,1.8745742057434907,478.0
1993-08-03 00:00:00-04:00,28.81072784453806,29.093185960660986,28.52826972841514,28.75423622131348,534700,WHR,28.471769332885746,0,0.9990185755614979,1.0,1.0147527286955187,3.0,1.1276400289327484,30.0,1.3481867718039333,131.0,1.8688526059254884,478.0
1993-08-04 00:00:00-04:00,28.69773575616261,28.810718967801048,28.415277727066524,28.471769332885746,326600,WHR,28.35879898071289,0,0.9950640117951234,0.0,0.9996030089835123,3.0,1.1141560282430916,29.0,1.332247321330479,130.0,1.8484889238812547,478.0
1993-08-05 00:00:00-04:00,28.41529061214857,28.47178224358425,28.18932408640584,28.35879898071289,166400,WHR,28.58477020263672,1,0.9980121551565442,0.0,0.9932727752389174,2.0,1.1072274917273472,29.0,1.324315134797185,130.0,1.8391823293081744,477.0
1993-08-06 00:00:00-04:00,28.47178692120337,28.58477020263672,28.189328717620004,28.58477020263672,203600,WHR,29.545129776000977,1,1.0039683361117782,1.0,0.9996051511322427,2.0,1.1133704885685596,30.0,1.332072910964098,131.0,1.8518625645216038,477.0
1993-08-09 00:00:00-04:00,28.58477182917112,29.601621419932144,28.528280185239947,29.545129776000977,365900,WHR,29.827571868896484,1,1.0165209225152148,2.0,1.0279090743012793,2.0,1.147056032038098,31.0,1.3736340832411569,132.0,1.9119359694203897,477.0
1993-08-10 00:00:00-04:00,29.488622188568115,29.99704670906067,29.432130575180054,29.827571868896484,352800,WHR,29.375633239746094,0,1.0047571036026752,2.0,1.0300426691217641,3.0,1.1538039454713382,32.0,1.383414439487121,133.0,1.9280191924002072,478.0
1993-08-11 00:00:00-04:00,29.88405766120324,29.88405766120324,29.26265003497784,29.375633239746094,190700,WHR,29.31913948059082,0,0.9923663148249989,1.0,1.0081422652708532,3.0,1.1326093310661394,31.0,1.3593241587838378,132.0,1.8967300060324597,477.0
1993-08-12 00:00:00-04:00,29.37563107881932,29.37563107881932,29.206156284133822,29.31913948059082,285100,WHR,29.262651443481445,0,0.9990374993114898,0.0,0.9996144132325856,3.0,1.126668378441256,31.0,1.3536427825786805,131.0,1.8910273841824712,476.0
1993-08-13 00:00:00-04:00,29.31914304858469,29.31914304858469,29.2061598383782,29.262651443481445,119400,WHR,29.093185424804688,0,0.9990357406931688,0.0,0.9930980267224584,2.0,1.1215354737798695,30.0,1.3480150129352095,130.0,1.8853443594206927,476.0
1993-08-16 00:00:00-04:00,29.20616866917286,29.20616866917286,29.093185424804688,29.093185424804688,62900,WHR,29.093185424804688,0,0.9970959885459401,0.0,0.9903848596198439,1.0,1.1123110267607592,29.0,1.3372340743744409,130.0,1.8724228990503495,476.0
1993-08-17 00:00:00-04:00,29.0366938026206,29.093185424804688,28.980202180436518,29.093185424804688,184300,WHR,29.20616912841797,1,1.0,0.0,0.99536163756154,0.0,1.1096746494009184,28.0,1.3342190087175168,130.0,1.8704420823125971,475.0
1993-08-18 00:00:00-04:00,29.093185882273215,29.488627243779845,29.093185882273215,29.20616912841797,269100,WHR,29.093185424804688,0,1.0019379923582197,1.0,1.0003871553282073,1.0,1.11123055530972,29.0,1.3363461974276634,131.0,1.8756960594003502,476.0
1993-08-19 00:00:00-04:00,29.14967704698877,29.20616866917286,29.0366938026206,29.093185424804688,113000,WHR,29.149688720703125,1,0.9980620076417804,1.0,0.9980620729479006,1.0,1.1043208043158852,28.0,1.3280417585452162,131.0,1.8664496743241694,476.0
1993-08-20 00:00:00-04:00,29.149688720703125,29.20618036551069,29.09319707589556,29.149688720703125,177600,WHR,29.488622665405277,1,1.0009701323419802,1.0,1.000776112600501,2.0,1.103625736966048,29.0,1.3274545770668094,132.0,1.8680719767416398,477.0
1993-08-23 00:00:00-04:00,29.149672979596016,29.488622665405277,29.03668975099293,29.488622665405277,143100,WHR,30.674955368041992,1,1.0057800768250371,2.0,1.0096709835606525,3.0,1.1132040559317586,30.0,1.3395944952510637,133.0,1.8877482315833731,477.0
1993-08-24 00:00:00-04:00,29.601614388313084,30.674955368041992,29.545122757801035,30.674955368041992,296900,WHR,30.870161056518555,1,1.0197184532804413,2.0,1.0390356561776544,4.0,1.153437843556029,31.0,1.389665285138151,134.0,1.9614155058943425,478.0
1993-08-25 00:00:00-04:00,30.529681338983423,30.870161056518555,30.416188099805048,30.870161056518555,207700,WHR,30.35944175720215,0,1.0031717494387364,2.0,1.033991875466219,4.0,1.1558895704417342,32.0,1.3946628301328314,134.0,1.9715801198005227,479.0
1993-08-26 00:00:00-04:00,30.813414718057505,30.813414718057505,30.245948516988307,30.35944175720215,242400,WHR,30.07570457458496,0,0.9916589480276367,1.0,1.008332106473991,4.0,1.1324381393550829,31.0,1.368008551930959,133.0,1.9367393559497794,479.0
1993-08-27 00:00:00-04:00,30.245944411799595,30.416184249014226,29.96221134977521,30.07570457458496,233900,WHR,29.905467987060547,0,0.9953050964572919,0.0,0.9928014090432361,3.0,1.1183434658662776,30.0,1.3517767982127737,132.0,1.9164339300499855,479.0
1993-08-30 00:00:00-04:00,30.132454461345635,30.189201079916906,29.848721368489272,29.905467987060547,131600,WHR,29.962217330932617,1,0.9971618329510072,0.0,0.9844725979421354,2.0,1.108660611285885,30.0,1.3408368400543345,131.0,1.9034197364812206,479.0
1993-08-31 00:00:00-04:00,29.90547070719979,30.018963954665445,29.678484212268483,29.962217330932617,170700,WHR,29.905467987060547,0,1.0009479127774965,1.0,0.9909910756726126,2.0,1.1071941838475792,31.0,1.3401687940391218,131.0,1.9048228428995408,480.0
1993-09-01 00:00:00-04:00,29.962214605631814,30.075707842774364,29.791974749918,29.905467987060547,114300,WHR,29.39474105834961,0,0.9990520872225034,1.0,0.995466564076789,1.0,1.101327476058852,31.0,1.3344925882865701,130.0,1.8990103100869695,480.0
1993-09-02 00:00:00-04:00,29.90546049758734,29.90546049758734,29.39474105834961,29.39474105834961,94000,WHR,28.600282669067383,0,0.9913874345987577,0.0,0.9847906800533309,1.0,1.0792133328206708,30.0,1.308751233156893,130.0,1.8644831405228435,479.0
1993-09-03 00:00:00-04:00,29.451481558027723,29.451481558027723,28.543536076470023,28.600282669067383,282800,WHR,28.770538330078125,1,0.9863012662428372,0.0,0.9677416086273681,1.0,1.04721166398631,30.0,1.2707631866057345,129.0,1.8121308348540919,479.0
1993-09-07 00:00:00-04:00,28.71379170615292,28.82728495400333,28.600298458302515,28.770538330078125,279500,WHR,28.770538330078125,0,1.0029676350807892,1.0,0.9810373447027507,2.0,1.0505739835597303,30.0,1.2757313222612243,129.0,1.8209193376079909,480.0
1993-09-08 00:00:00-04:00,28.770538330078125,28.99752482577894,28.600298458302515,28.770538330078125,127700,WHR,28.770538330078125,0,1.0,1.0,0.9890754978648849,1.0,1.0477179324013646,30.0,1.2732077592909268,128.0,1.8189304420381434,479.0
1993-09-09 00:00:00-04:00,28.65704508222772,28.82728495400333,28.600298458302515,28.770538330078125,139300,WHR,28.99751663208008,1,1.0,0.0,0.9968542884007648,1.0,1.044734467769324,30.0,1.2707440053328822,127.0,1.816934467303183,479.0
1993-09-10 00:00:00-04:00,28.770530200517808,29.39474288731405,28.770530200517808,28.99751663208008,199200,WHR,29.7352237701416,1,1.003929131803912,1.0,1.0074919967837235,2.0,1.0496640143764073,31.0,1.2782194554466286,128.0,1.8292352352545405,480.0
1993-09-13 00:00:00-04:00,29.05426444716126,29.848716990638323,29.05426444716126,29.7352237701416,213100,WHR,28.71379280090332,0,1.0125604072449106,2.0,1.0250389851326875,3.0,1.0727349801518928,31.0,1.3078998958919696,129.0,1.8736215484099326,480.0
1993-09-14 00:00:00-04:00,29.564992192234445,29.621738818323188,28.71379280090332,28.71379280090332,259200,WHR,27.57884788513184,0,0.9825244113731711,1.0,0.9902153993703159,2.0,1.0332084280471943,30.0,1.2604821143068408,128.0,1.8073113841113742,479.0
1993-09-15 00:00:00-04:00,28.60028669569228,28.60028669569228,27.408608083371764,27.57884788513184,656600,WHR,25.98994445800781,0,0.9798384850676755,0.0,0.9589579452842021,2.0,0.9903500860460958,30.0,1.2085651126103023,127.0,1.734136011616135,478.0
1993-09-16 00:00:00-04:00,27.578849359370736,27.578849359370736,25.649464836287184,25.98994445800781,1419200,WHR,26.841140747070312,1,0.9703390097550423,0.0,0.9215290734297162,2.0,0.9322191844939565,30.0,1.1372404125844615,127.0,1.6327592273581477,477.0
1993-09-17 00:00:00-04:00,26.443914562652783,27.12487373593998,26.38716796487885,26.841140747070312,1614400,WHR,26.89790153503418,1,1.0161116563431993,1.0,0.9664894057080594,2.0,0.9611229898306397,31.0,1.172565905273807,128.0,1.6846147614197344,478.0
1993-09-20 00:00:00-04:00,26.954648162745222,27.181634673589397,26.89790153503418,26.89790153503418,359800,WHR,26.55741310119629,0,1.0010562299876113,2.0,0.9887362048229542,2.0,0.9614977256787378,32.0,1.173059080936599,129.0,1.6865256435907474,479.0
1993-09-21 00:00:00-04:00,27.124879193102192,27.124879193102192,26.273680055243336,26.55741310119629,471700,WHR,26.841140747070312,1,0.993630410069514,1.0,0.9919457645746692,2.0,0.9480785370936651,31.0,1.156290208434699,129.0,1.6635846873530304,479.0
1993-09-22 00:00:00-04:00,26.55740775820065,26.95463394261818,26.55740775820065,26.841140747070312,638600,WHR,27.124879837036133,1,1.0053133956900826,1.0,1.0080987235414065,3.0,0.9572056799439739,31.0,1.1666184404001976,130.0,1.679748095192631,479.0
1993-09-23 00:00:00-04:00,26.95464000542293,27.52210611080026,26.95464000542293,27.124879837036133,323300,WHR,27.522106170654297,1,1.0052577360141575,2.0,1.0101437367958568,4.0,0.9664430877496554,31.0,1.1768534834687392,131.0,1.695877596063801,479.0
1993-09-24 00:00:00-04:00,27.068133285365157,27.692346002637724,27.068133285365157,27.522106170654297,630400,WHR,27.465362548828125,0,1.0072689522815086,2.0,1.0197644986283736,4.0,0.9795382945256623,31.0,1.191850844952859,132.0,1.7190114205931566,480.0
1993-09-27 00:00:00-04:00,27.465362548828125,27.86258886668308,27.35186931515528,27.465362548828125,805100,WHR,26.784385681152344,0,0.998968062666866,1.0,1.0134004741104237,3.0,0.9763022079950924,31.0,1.1871812598198954,132.0,1.7137842966612842,479.0
1993-09-28 00:00:00-04:00,27.52209121898069,27.52209121898069,26.784385681152344,26.784385681152344,500000,WHR,27.011388778686523,1,0.9874473727548205,0.0,0.9866216663611123,3.0,0.9513592746047549,30.0,1.1556219429403003,132.0,1.6696634054999862,479.0
1993-09-29 00:00:00-04:00,27.011388778686523,27.0681353937678,26.897895548523977,27.011388778686523,417500,WHR,26.72765350341797,0,1.0042197198537155,1.0,0.9937370989751484,3.0,0.9585519577388764,31.0,1.163236112595033,133.0,1.6821713213972684,479.0
1993-09-30 00:00:00-04:00,27.01138655547124,27.124879776292545,26.61416028259666,26.72765350341797,526700,WHR,27.06815528869629,1,0.9947201278024442,1.0,0.9861809698593195,2.0,0.9476558263928024,31.0,1.1488474409989167,133.0,1.6628979818483827,479.0
1993-10-01 00:00:00-04:00,26.78442200474769,27.18164860227573,26.78442200474769,27.06815528869629,124500,WHR,27.181621551513672,1,1.0063295225580517,1.0,1.0021015627224303,2.0,0.9589234598194607,31.0,1.1612928200568866,133.0,1.6824265279394497,480.0
1993-10-04 00:00:00-04:00,27.06812835088105,27.465354553095235,27.06812835088105,27.181621551513672,144600,WHR,27.124879837036133,0,1.0020915526187617,2.0,1.0084208352525008,3.0,0.9621677134582722,31.0,1.1639024407778207,134.0,1.6878385244287542,480.0
1993-10-05 00:00:00-04:00,27.2383730581116,27.2383730581116,27.0681332264984,27.124879837036133,237200,WHR,27.06815528869629,0,0.9989551579824382,1.0,1.0037797812491518,3.0,0.9594506654497961,30.0,1.1593160951608574,133.0,1.6826508022493676,480.0
1993-10-06 00:00:00-04:00,27.46538188622433,27.52212854301405,27.01140863190657,27.06815528869629,161500,WHR,26.89790153503418,0,0.9989532871113744,0.0,1.0012599717958337,2.0,0.9566746838244082,30.0,1.1546711638181943,133.0,1.6774492474555711,480.0
1993-10-07 00:00:00-04:00,27.181634673589397,27.181634673589397,26.89790153503418,26.89790153503418,210700,WHR,26.72765350341797,0,0.9968451696550998,0.0,0.9937106447587959,2.0,0.9500838812853143,29.0,1.1452977283854537,132.0,1.6652471489781833,480.0
1993-10-08 00:00:00-04:00,27.01138655547124,27.01138655547124,26.330427230543396,26.72765350341797,342500,WHR,26.841140747070312,1,0.9968252443915194,0.0,0.9899115402761252,1.0,0.9435643741605234,29.0,1.136023999955587,131.0,1.6530666131933547,480.0
1993-10-11 00:00:00-04:00,26.72764755152245,26.897887344844246,26.670900953748514,26.841140747070312,171500,WHR,27.63558387756348,1,1.002118532724886,1.0,0.9966283374188344,1.0,0.9471572908150019,29.0,1.138756748612854,132.0,1.6583890221413886,481.0
1993-10-12 00:00:00-04:00,26.84113177430703,27.63558387756348,26.784385195503,27.63558387756348,856500,WHR,27.57884788513184,0,1.0145831662231384,2.0,1.0222495728234358,2.0,0.9750228393250836,29.0,1.1701702710628357,132.0,1.7056365867036227,482.0
1993-10-13 00:00:00-04:00,27.8058342874786,27.919327488651984,27.57884788513184,27.57884788513184,209700,WHR,27.749082565307617,1,0.9989724426998455,1.0,1.0163111253380095,2.0,0.9730471758511493,28.0,1.1655450947260442,131.0,1.700342490243223,481.0
1993-10-14 00:00:00-04:00,27.80582915542072,27.91932233564693,27.692335975194517,27.749082565307617,275300,WHR,28.373300552368164,1,1.0030768307939562,1.0,1.016209381289225,3.0,0.9792093696033858,28.0,1.1704560228923682,132.0,1.709051936686374,481.0
1993-10-15 00:00:00-04:00,27.749087940216064,28.373300552368164,27.69234133911133,28.373300552368164,373300,WHR,28.71379280090332,1,1.0111224426402512,2.0,1.0266941793837545,4.0,1.0008956890092995,29.0,1.1943564451973419,132.0,1.745634335201289,481.0
1993-10-18 00:00:00-04:00,28.48680629654835,28.71379280090332,28.259819792193387,28.71379280090332,191000,WHR,29.28126335144043,1,1.0059644348404304,2.0,1.0251220353948711,4.0,1.0124601758977092,29.0,1.2061832156504135,132.0,1.764659189859509,482.0
1993-10-19 00:00:00-04:00,28.600303738616237,29.28126335144043,28.600303738616237,29.28126335144043,502500,WHR,29.054277420043945,0,1.0097848090541797,2.0,1.0332403177007279,4.0,1.0318415334167272,29.0,1.2273820743115817,132.0,1.7975362009034979,482.0
1993-10-20 00:00:00-04:00,29.22451732680201,29.338010597974066,28.99753078445792,29.054277420043945,161400,WHR,28.99751663208008,0,0.9961089598485827,1.0,1.0146653994147572,4.0,1.0232211383152223,29.0,1.2154644331283482,131.0,1.7816594649494224,481.0
1993-10-21 00:00:00-04:00,29.054263239970645,29.054263239970645,28.543543768955537,28.99751663208008,127900,WHR,29.054277420043945,1,0.9990222388663321,0.0,1.0039290389920716,3.0,1.0204673760786327,29.0,1.2107236510787711,130.0,1.776272253328493,480.0
1993-10-22 00:00:00-04:00,28.99753078445792,29.11102405562997,28.884037513285875,29.054277420043945,188200,WHR,29.33799934387207,1,1.000977761133668,1.0,1.0011733849246753,3.0,1.0218449025571832,29.0,1.2107204738530137,131.0,1.777853077050887,480.0
1993-10-25 00:00:00-04:00,29.167759502418267,29.621732412961745,29.167759502418267,29.33799934387207,215500,WHR,29.22452163696289,0,1.0048588946955301,2.0,1.006619731273158,3.0,1.031231556685479,29.0,1.2200989505740312,132.0,1.7932671241398404,481.0
1993-10-26 00:00:00-04:00,29.28126828091816,29.28126828091816,29.111028349052354,29.22452163696289,110300,WHR,28.884033203125,0,0.9980622810458191,1.0,1.0031167715989155,2.0,1.026993856214348,28.0,1.2129660290803193,132.0,1.7844078563744092,481.0
1993-10-27 00:00:00-04:00,29.224512965833743,29.224512965833743,28.770539948888757,28.884033203125,233900,WHR,29.054277420043945,1,0.9941404766514174,0.0,0.9925897287939686,2.0,1.0149514204248353,28.0,1.1965694838669811,131.0,1.7617635285970425,480.0
1993-10-28 00:00:00-04:00,28.884037513285875,29.22451732680201,28.884037513285875,29.054277420043945,286900,WHR,28.99751663208008,0,1.002938370399272,1.0,0.9980507594289854,3.0,1.0205854378065098,29.0,1.201341061515458,131.0,1.7702728734835005,480.0
1993-10-29 00:00:00-04:00,29.054263239970645,29.281249671532915,28.940770024189508,28.99751663208008,282000,WHR,29.11103057861328,1,0.9990222388663321,1.0,0.9964895472568883,2.0,1.0182108643291106,29.0,1.1966824892366144,131.0,1.7649642571175457,479.0
1993-11-01 00:00:00-05:00,29.16777722691467,29.281270523517453,29.05428393031189,29.11103057861328,228700,WHR,28.827289581298828,0,1.0019534810622888,1.0,1.001953402131066,2.0,1.0218820399824124,29.0,1.1990109447522599,132.0,1.7699969292885476,480.0
1993-11-02 00:00:00-05:00,28.99752948040099,28.99752948040099,28.827289581298828,28.827289581298828,113600,WHR,28.48680877685547,0,0.995102705833871,1.0,0.9949079975839099,2.0,1.012347060598004,28.0,1.1851205578481372,131.0,1.7509368239393763,479.0
1993-11-03 00:00:00-05:00,28.71379530097384,28.770541932003432,28.43006214582588,28.48680877685547,274200,WHR,27.86260223388672,0,0.9940593882797265,0.0,0.9858601701756111,2.0,1.0011758340627106,27.0,1.1689867050064977,131.0,1.7284985161647248,479.0
1993-11-04 00:00:00-05:00,28.37332203043454,28.43006867449541,27.86260223388672,27.86260223388672,244100,WHR,28.08957862854004,1,0.9889225720061252,0.0,0.9722774207797757,1.0,0.9801065762770865,27.0,1.1414065527489519,131.0,1.688991840943075,478.0
1993-11-05 00:00:00-05:00,27.91933875806404,28.25981849901604,27.91933875806404,28.08957862854004,318800,WHR,27.86260223388672,0,1.0040566139005627,1.0,0.986448566423854,2.0,0.9888035811767244,28.0,1.1486668772875743,132.0,1.7010652270930868,479.0
1993-11-08 00:00:00-05:00,28.089588810130195,28.089588810130195,27.80585558982585,27.86260223388672,101700,WHR,27.63558387756348,0,0.9959433860994372,1.0,0.9871332482315461,1.0,0.9816199113234306,28.0,1.1375367386985258,131.0,1.6856641790692257,479.0
1993-11-09 00:00:00-05:00,27.74907703517154,27.80582361397557,27.57883729875945,27.63558387756348,225600,WHR,27.57884788513184,0,0.9959094454750765,0.0,0.9874282416128738,1.0,0.974455898488897,28.0,1.126462248018941,131.0,1.670328778390203,478.0
1993-11-10 00:00:00-05:00,27.635594485718528,27.635594485718528,27.351861482785072,27.57884788513184,241100,WHR,28.08957862854004,1,0.9989724426998455,0.0,0.9918364249233473,1.0,0.9733215418966676,28.0,1.1223430747421477,131.0,1.6653206615294303,477.0
1993-11-11 00:00:00-05:00,27.57885901711204,28.25981849901604,27.57885901711204,28.08957862854004,190500,WHR,28.31655502319336,1,1.0091745137305572,1.0,1.0085576223097137,2.0,0.9919979439159268,28.0,1.1411988505221233,132.0,1.6945043155714632,477.0
1993-11-12 00:00:00-05:00,28.032822006928896,28.48679483295204,28.032822006928896,28.31655502319336,205600,WHR,28.03282928466797,0,1.0040239665433326,2.0,1.0150527658860258,2.0,1.000471065968228,29.0,1.1484297687494434,133.0,1.7065017348065623,478.0
1993-11-15 00:00:00-05:00,28.20306913862344,28.43005561056407,28.03282928466797,28.03282928466797,159400,WHR,28.08957862854004,1,0.9949648830770665,1.0,1.0036572811233386,2.0,0.9910983836287117,28.0,1.1350519888455082,132.0,1.687752057684906,478.0
1993-11-16 00:00:00-05:00,27.91933875806404,28.08957862854004,27.91933875806404,28.08957862854004,174500,WHR,27.91933822631836,0,1.0010111708670775,1.0,1.0024303050250487,3.0,0.9939241279665313,28.0,1.1356136548802778,132.0,1.6895068420224202,479.0
1993-11-17 00:00:00-05:00,28.20307133837444,28.31656458319687,27.805844981495927,27.91933822631836,163000,WHR,27.805843353271484,0,0.9969604767993846,1.0,0.9939394694962072,3.0,0.9895083601019017,27.0,1.1271731012787591,131.0,1.6776207815373767,479.0
1993-11-18 00:00:00-05:00,27.862589972359796,27.862589972359796,27.692350115094865,27.805843353271484,277600,WHR,28.43006134033203,1,0.9979633108438637,0.0,0.9919028667884152,2.0,0.9872729500788632,26.0,1.1210541035193358,131.0,1.66921099796448,478.0
1993-11-19 00:00:00-05:00,27.805848416692005,28.43006134033203,27.749101787270185,28.43006134033203,214100,WHR,27.06815528869629,0,1.0110999901301765,1.0,1.013349638074264,2.0,1.0105902370040243,27.0,1.1445693308304281,131.0,1.7049917337324254,479.0
1993-11-22 00:00:00-05:00,28.373328394859843,28.373328394859843,27.01140863190657,27.06815528869629,173300,WHR,27.011388778686523,0,0.9754603636953012,1.0,0.9714872190383252,2.0,0.9638966631662886,27.0,1.0884224198602777,130.0,1.6218265269867804,479.0
1993-11-23 00:00:00-05:00,27.351868469174168,27.408615084255445,26.95464216360525,27.011388778686523,332100,WHR,26.922407150268555,0,0.9989503145599927,0.0,0.9770112634950281,1.0,0.9635302020485631,27.0,1.0848573492477234,129.0,1.6169371659650984,479.0
1993-11-24 00:00:00-05:00,27.09352414486772,27.321680137666608,26.75129015566939,26.922407150268555,515700,WHR,26.69425773620605,0,0.9983501693718132,0.0,0.9808666483276298,1.0,0.9620948429643786,26.0,1.0800625003713624,128.0,1.610162869373153,478.0
1993-11-26 00:00:00-05:00,26.922413785233456,26.922413785233456,26.580179711692352,26.69425773620605,59600,WHR,26.922407150268555,1,0.9957448040726595,0.0,0.9804961848479256,1.0,0.9557697259097506,26.0,1.0697408087118796,128.0,1.595111453368472,477.0
1993-11-29 00:00:00-05:00,26.808329153869117,27.264641139466885,26.808329153869117,26.922407150268555,275900,WHR,27.0935115814209,1,1.0042551959273405,1.0,0.9999511185527408,1.0,0.9653626958707043,27.0,1.077629405832902,129.0,1.6073211673010357,477.0
1993-11-30 00:00:00-05:00,26.86535569441946,27.0935115814209,26.8083167226691,27.0935115814209,119300,WHR,28.3484001159668,1,1.003167666776201,2.0,1.0061167647952813,2.0,0.9723736253685833,28.0,1.0831506409928553,130.0,1.6161482088506587,477.0
1993-12-01 00:00:00-05:00,28.291361081528237,28.462478184843928,27.835048806019717,28.3484001159668,446800,WHR,28.519495010375977,1,1.0226342940949678,2.0,1.0423663418773836,3.0,1.0176679626901428,28.0,1.1317568163523284,130.0,1.6893661801306976,478.0
1993-12-02 00:00:00-05:00,28.405417030334476,28.519495010375977,28.120222080230715,28.519495010375977,712000,WHR,28.29134750366211,0,1.0030086377213199,2.0,1.0364840370233233,4.0,1.023963831537933,29.0,1.1370196699817774,130.0,1.697926564121583,478.0
1993-12-03 00:00:00-05:00,28.51950353191745,28.576542538981283,28.120230482470603,28.29134750366211,622400,WHR,28.120227813720703,0,0.9959840851390738,1.0,1.0163935585509167,4.0,1.0160637784054727,29.0,1.1264538881344628,129.0,1.6827621001373356,477.0
1993-12-06 00:00:00-05:00,28.348383820322898,28.40542282197345,28.063188812070152,28.120227813720703,159100,WHR,28.063180923461918,0,0.9969665855105331,0.0,1.0016253629449587,3.0,1.0104487425033681,28.0,1.1181541143663258,129.0,1.6710318974943676,477.0
1993-12-07 00:00:00-05:00,28.063180923461918,28.1772588946955,27.94910295222833,28.063180923461918,151900,WHR,28.00615882873535,0,0.9989846310229121,0.0,0.9927357613576204,2.0,1.0094096528992287,27.0,1.114436123572024,128.0,1.666131333634758,476.0
1993-12-08 00:00:00-05:00,27.94911980871756,28.177275888788724,27.778002748664186,28.00615882873535,138400,WHR,28.29134750366211,1,0.9989830075585235,0.0,0.9931233112320066,1.0,1.0077861347398367,27.0,1.1107388112836454,128.0,1.6612714739388057,475.0
1993-12-09 00:00:00-05:00,27.9491134612791,28.29134750366211,27.9491134612791,28.29134750366211,196200,WHR,28.462465286254883,1,1.005065742579128,1.0,1.004862285599141,1.0,1.017613649807989,28.0,1.1204956818265344,129.0,1.6766831674341656,475.0
1993-12-10 00:00:00-05:00,28.348387269075506,28.576543303434264,28.348387269075506,28.462465286254883,136100,WHR,28.00615882873535,0,1.0030150887522957,2.0,1.0097127376396346,2.0,1.022253375470147,29.0,1.12567354731566,130.0,1.6852958255331056,476.0
1993-12-13 00:00:00-05:00,28.291353928824304,28.405431968859887,27.94911980871756,28.00615882873535,90200,WHR,27.26463508605957,0,0.9919192920905895,1.0,0.9943298932629864,2.0,1.0051637675039824,28.0,1.1061373774742185,130.0,1.6568305700400552,475.0
1993-12-14 00:00:00-05:00,27.378713057130952,27.777985955880776,27.207596100523883,27.26463508605957,357200,WHR,27.32168960571289,1,0.9865838051138018,0.0,0.973523031963545,2.0,0.9783352585370003,27.0,1.0755865126600863,129.0,1.6115982702111569,475.0
1993-12-15 00:00:00-05:00,27.37872862367889,27.54984567757688,27.32168960571289,27.32168960571289,327200,WHR,28.23430824279785,1,1.0010452163609747,1.0,0.9803521991301356,3.0,0.9799346390036222,28.0,1.076592902985654,129.0,1.6136054167686742,475.0
1993-12-16 00:00:00-05:00,27.321684137980142,28.29134724934896,27.264645131429035,28.23430824279785,407300,WHR,28.69062042236328,1,1.0164270046876571,2.0,1.0135134913079404,3.0,1.0118244681890902,28.0,1.111150465130369,129.0,1.6660207732864312,475.0
1993-12-17 00:00:00-05:00,28.29134737473596,28.804698435971087,28.29134737473596,28.69062042236328,456500,WHR,29.08988571166992,1,1.0080160342799815,2.0,1.0282093099670588,3.0,1.0272165560057496,28.0,1.1276544154393628,129.0,1.691356065927025,476.0
1993-12-20 00:00:00-05:00,28.69061277052936,29.146924703261437,28.69061277052936,29.08988571166992,223800,WHR,29.546199798583984,1,1.0069100344739186,2.0,1.0344825761858192,4.0,1.0405380881295994,28.0,1.1417950366634264,130.0,1.7132639414736677,476.0
1993-12-21 00:00:00-05:00,29.032848836832525,29.546199798583984,29.032848836832525,29.546199798583984,313800,WHR,29.603240966796875,1,1.0077821376195766,2.0,1.033931995150503,5.0,1.0555509021024132,29.0,1.1580506286416787,131.0,1.7384402776814276,477.0
1993-12-22 00:00:00-05:00,29.4321239669888,29.77435796660495,29.4321239669888,29.603240966796875,137000,WHR,30.173620223999023,1,1.0009643568472464,2.0,1.019646363279848,5.0,1.0558166254131487,30.0,1.1586022522692507,132.0,1.7400972905523162,477.0
1993-12-23 00:00:00-05:00,29.660269407333637,30.57289308140544,29.660269407333637,30.173620223999023,293500,WHR,30.45882606506348,1,1.0095418067432749,2.0,1.0255910449365497,5.0,1.0741404536580585,30.0,1.1790574164457288,133.0,1.7718836861507294,477.0
1993-12-27 00:00:00-05:00,30.17363106445427,30.51586506518532,30.116592064332423,30.45882606506348,105900,WHR,30.173620223999023,0,1.0047038484923527,2.0,1.0229886263568637,5.0,1.0818983516204765,31.0,1.1882796628674206,133.0,1.7867638213347898,478.0
1993-12-28 00:00:00-05:00,30.344737162887487,30.45881512214646,30.05954226474005,30.173620223999023,63400,WHR,30.23067283630371,1,0.9952961515076475,1.0,1.006085764091733,4.0,1.0698010706540217,30.0,1.1752763164727655,133.0,1.768226509757252,477.0
1993-12-29 00:00:00-05:00,30.05955582024916,30.287711841655227,29.77436079349158,30.23067283630371,91300,WHR,30.173620223999023,0,1.0009445125406522,1.0,1.003408018669937,4.0,1.069896200942374,30.0,1.1755729815915261,134.0,1.7697523753941315,478.0
1993-12-30 00:00:00-05:00,30.173620223999023,30.230659203628512,29.94546430548107,30.173620223999023,109100,WHR,30.34475326538086,1,0.9990554874593478,1.0,0.9977365409728882,3.0,1.0659601273129526,30.0,1.1714084731226284,134.0,1.7645716658059853,478.0
1993-12-31 00:00:00-05:00,30.17363623568886,30.51587029507285,30.17363623568886,30.34475326538086,48000,WHR,29.88842391967773,0,1.0028277865301827,1.0,1.0022610010394684,3.0,1.0699416682559484,31.0,1.176131677118648,134.0,1.7727197650975823,478.0
1994-01-03 00:00:00-05:00,30.230657781353436,30.287696758299383,29.660268011893933,29.88842391967773,207100,WHR,29.774364471435547,0,0.9924239535912057,1.0,0.9909226114159699,2.0,1.0520029139970493,31.0,1.1565709857559268,134.0,1.7442592580086334,478.0
1994-01-04 00:00:00-05:00,29.546208421846,29.88844249623032,29.48916940944861,29.774364471435547,107500,WHR,29.6602725982666,0,0.998088264874674,0.0,0.9897613617803496,2.0,1.0461185744868575,31.0,1.1503367909829914,133.0,1.7358025941119906,478.0
1994-01-05 00:00:00-05:00,29.6602725982666,29.7743505697984,29.48915564096891,29.6602725982666,199600,WHR,29.432130813598636,0,0.9980803807544892,0.0,0.9897219918323389,1.0,1.0403924589146665,30.0,1.1441510184563295,132.0,1.7274083907343805,477.0
1994-01-06 00:00:00-05:00,29.660286866417227,29.717325879621875,29.432130813598636,29.432130813598636,171300,WHR,29.774364471435547,1,0.9961392366616425,0.0,0.986993348659672,1.0,1.031306765090834,29.0,1.1336413273729522,131.0,1.7124432826713973,476.0
1994-01-07 00:00:00-05:00,29.48916940944861,29.88844249623032,29.43213039705123,29.774364471435547,144300,WHR,29.831398010253903,1,1.0057803397446399,1.0,1.0023043634637359,1.0,1.0419626976159637,30.0,1.1450391517424792,132.0,1.7306215433003294,477.0
1994-01-10 00:00:00-05:00,30.11659301991217,30.11659301991217,29.717320006390604,29.831398010253903,172500,WHR,29.774364471435547,0,1.0009568460572227,2.0,1.0046100088992669,2.0,1.0426922318309473,30.0,1.1454602213251306,132.0,1.7321567522633583,478.0
1994-01-11 00:00:00-05:00,29.831403483832933,29.945481508627704,29.71732545903816,29.774364471435547,202800,WHR,30.57290267944336,1,0.9990431539427773,1.0,1.002689332438842,2.0,1.0398500361710783,29.0,1.141546140970358,131.0,1.7270679638356716,478.0
1994-01-12 00:00:00-05:00,29.831395711471785,30.686980674515908,29.774356713935507,30.57290267944336,295600,WHR,30.45882606506348,0,1.013232383929024,1.0,1.0232911551633246,3.0,1.0665842665733307,29.0,1.1702839179652076,131.0,1.7714946153101794,478.0
1994-01-13 00:00:00-05:00,30.57290406530716,30.57290406530716,30.17363106445427,30.45882606506348,178000,WHR,30.686973571777344,1,0.9981308637863197,1.0,1.012514137392663,3.0,1.0618774703205562,28.0,1.1640724362008972,131.0,1.7630248981922312,477.0
1994-01-14 00:00:00-05:00,30.45881763444071,30.801051540445663,30.40177865010655,30.686973571777344,158900,WHR,30.23067283630371,0,1.0037312048917324,1.0,1.013946211960707,3.0,1.0688173571359256,29.0,1.1709281816233215,131.0,1.7743116889610944,478.0
1994-01-17 00:00:00-05:00,30.57290686841281,30.57290686841281,30.173633830952195,30.23067283630371,59200,WHR,30.11660385131836,0,0.9925095475222907,1.0,0.9962406974418223,2.0,1.0521713633085805,29.0,1.1517670841892602,131.0,1.7461135755106172,477.0
1994-01-18 00:00:00-05:00,30.51587700843811,30.57291603088379,30.05956482887268,30.11660385131836,188700,WHR,30.05956077575684,0,0.9981097906774515,0.0,0.9902479189820863,2.0,1.0475556804241715,28.0,1.1457419095542338,130.0,1.737727048830046,477.0
1994-01-19 00:00:00-05:00,30.34475584953062,30.34475584953062,29.94548274624732,30.05956077575684,214200,WHR,30.05956077575684,0,0.9990520652834054,0.0,0.991720149213862,1.0,1.0451343474233552,27.0,1.1419686967148093,129.0,1.732650533205976,477.0
1994-01-20 00:00:00-05:00,30.05956077575684,30.116599790511597,29.94548274624732,30.05956077575684,210900,WHR,29.94546890258789,0,1.0,0.0,0.9943397363758503,1.0,1.0446288637964474,27.0,1.1403894226096645,128.0,1.730904110205658,476.0
1994-01-21 00:00:00-05:00,30.11658586774553,30.28770283290318,29.94546890258789,29.94546890258789,181400,WHR,30.002504348754883,1,0.998098628168663,0.0,0.9954490118247172,0.0,1.0400245573967675,27.0,1.13453093196932,127.0,1.7225994784334244,476.0
1994-01-24 00:00:00-05:00,29.945465367103257,30.17362129370976,29.945465367103257,30.002504348754883,123700,WHR,29.603240966796875,0,1.0009514157539214,1.0,0.9988602164420352,1.0,1.0414338164647299,27.0,1.135085939913772,128.0,1.7241449925494143,476.0
1994-01-25 00:00:00-05:00,29.77435796660495,29.83139696654097,29.603240966796875,29.603240966796875,160000,WHR,30.002504348754883,1,0.9933015956793374,1.0,0.9889481711445166,1.0,1.0272147963601075,27.0,1.1184586083153605,128.0,1.6995258086713372,476.0
1994-01-26 00:00:00-05:00,29.66027045884513,30.11658231205813,29.66027045884513,30.002504348754883,124500,WHR,30.91513061523437,1,1.0066984043206626,1.0,1.0026684957570422,2.0,1.040532540368288,27.0,1.1319655204488686,128.0,1.7207140832586632,477.0
1994-01-27 00:00:00-05:00,30.17362379235975,31.02920858798432,30.11658480598478,30.91513061523437,272300,WHR,30.57290267944336,0,1.0149813148034879,2.0,1.027293382759059,3.0,1.0708914304227104,28.0,1.1646164635114984,129.0,1.7711852015338279,477.0
1994-01-28 00:00:00-05:00,31.257370649878656,31.257370649878656,30.51586368190708,30.57290267944336,411800,WHR,30.91513061523437,1,0.9944342351274937,1.0,1.011702673312701,3.0,1.0577628218666912,28.0,1.1500753311329104,128.0,1.7497972335405465,476.0
1994-01-31 00:00:00-05:00,30.62993568335952,31.314403519859173,30.572896696984547,30.91513061523437,238300,WHR,31.656635284423828,1,1.0055657648725063,1.0,1.016885482987717,3.0,1.0677238420249424,29.0,1.1613242146820948,128.0,1.7675217607277527,477.0
1994-02-01 00:00:00-05:00,30.91512851199588,31.941830196896117,30.91512851199588,31.656635284423828,315700,WHR,32.4552001953125,1,1.0118504673558126,2.0,1.0273971814126988,4.0,1.091093068587709,29.0,1.187437221814334,128.0,1.807926066308865,478.0
1994-02-02 00:00:00-05:00,31.713692985226277,32.4552001953125,31.54257593674484,32.4552001953125,389700,WHR,33.02557373046875,1,1.0124558110825117,2.0,1.0368079839592363,4.0,1.115673451201801,30.0,1.2154452904690491,129.0,1.8514548684638743,478.0
1994-02-03 00:00:00-05:00,32.512222843466645,33.538924617470855,32.45518385602197,33.02557373046875,1024500,WHR,31.941829681396484,0,1.008710549692078,2.0,1.040992327868594,4.0,1.1317854456944332,31.0,1.234963781996363,129.0,1.8818274811543259,478.0
1994-02-04 00:00:00-05:00,32.56925847870963,32.740375423431395,31.029205976213728,31.941829681396484,604600,WHR,31.31440734863281,0,0.9833186491662319,1.0,0.9982173053918543,4.0,1.0919245064575585,31.0,1.192835033518632,129.0,1.8180663839694957,478.0
1994-02-07 00:00:00-05:00,31.599602315378103,31.77071929542528,31.25736835528376,31.31440734863281,286000,WHR,31.428485870361328,1,0.9900812574028736,0.0,0.9761735605701837,3.0,1.068512994584509,30.0,1.1679076272440492,129.0,1.7804649529526309,477.0
1994-02-08 00:00:00-05:00,31.7136808419617,31.770719836281778,31.257368887401103,31.428485870361328,291100,WHR,31.200328826904297,0,1.0018181903300243,1.0,0.9811253513754826,3.0,1.0705110447625634,30.0,1.1705464357514879,130.0,1.7850623913138266,477.0
1994-02-09 00:00:00-05:00,31.42848479638806,31.42848479638806,31.08625084216241,31.200328826904297,359800,WHR,30.858104705810547,0,0.9963569956646969,1.0,0.9816942302324815,2.0,1.060832037147522,30.0,1.1603823608703914,130.0,1.770260494023007,476.0
1994-02-10 00:00:00-05:00,31.25737777963804,31.25737777963804,30.686987674170197,30.858104705810547,288300,WHR,31.029205322265625,1,0.9944854534410164,0.0,0.9843525359584074,1.0,1.0475527222957868,29.0,1.1460123668268285,130.0,1.7490981927910216,475.0
1994-02-11 00:00:00-05:00,30.915127361522003,31.08624430263744,30.744010420406568,31.029205322265625,110700,WHR,32.16999435424805,1,1.002764712448763,1.0,0.9956073726147483,2.0,1.0515109775887392,30.0,1.1507290543623057,130.0,1.7570434203891045,475.0
1994-02-14 00:00:00-05:00,31.029214412608045,32.16999435424805,30.97217541552605,32.16999435424805,168400,WHR,31.998889923095703,0,1.018050687948923,2.0,1.0265744835350432,3.0,1.0874892835378451,31.0,1.191141273073594,131.0,1.8196889204050968,476.0
1994-02-15 00:00:00-05:00,32.05592894256646,32.112967962037224,31.941850903624943,31.998889923095703,225800,WHR,31.998889923095703,0,0.9973335295902479,1.0,1.0174105749549764,2.0,1.0795345647049484,30.0,1.1829868263495396,130.0,1.8080954143033479,475.0
1994-02-16 00:00:00-05:00,32.112967962037224,32.112967962037224,31.71369482574191,31.998889923095703,125600,WHR,31.71368408203125,0,1.0,0.0,1.0122701866658017,2.0,1.0765498956517277,30.0,1.1811851069890091,129.0,1.8061792767928682,475.0
1994-02-17 00:00:00-05:00,31.9418400826214,32.05591808291648,31.65664508188371,31.71368408203125,185500,WHR,31.31440734863281,0,0.9955235548787983,0.0,0.9978463170009071,2.0,1.0641487924363318,30.0,1.1689842258186325,128.0,1.7882298608364453,474.0
1994-02-18 00:00:00-05:00,31.599602315378103,31.713680302076217,31.02921238188752,31.31440734863281,230700,WHR,30.91513061523437,0,0.9936650987784125,0.0,0.9835182347384602,1.0,1.0481765611991327,30.0,1.152677679343729,128.0,1.763936795980576,473.0
1994-02-22 00:00:00-05:00,31.257364533484203,31.314403519859173,30.801052642484432,30.91513061523437,209900,WHR,31.398727416992188,1,0.993583806879134,0.0,0.9786923675574928,0.0,1.032380727482306,30.0,1.1365296296623197,127.0,1.739716846170613,473.0
1994-02-23 00:00:00-05:00,30.883054886421142,31.62791520835709,30.883054886421142,31.398727416992188,207400,WHR,30.940349578857425,0,1.0077606621870165,1.0,0.9977933109904565,1.0,1.0459241854884505,30.0,1.1527659979374392,127.0,1.7651405212137055,473.0
1994-02-24 00:00:00-05:00,31.456022071838376,31.57061595916748,30.88305263519287,30.940349578857425,311100,WHR,31.112245559692383,1,0.9926470223778694,1.0,0.9898865632438725,1.0,1.0284586621596397,29.0,1.1345073454186652,126.0,1.737666014722247,472.0
1994-02-25 00:00:00-05:00,31.169542512840987,31.39873032543541,30.99765165339517,31.112245559692383,157600,WHR,31.054929733276367,0,1.0027701658641537,1.0,0.9992315515179699,2.0,1.0325914169697639,29.0,1.1394974925913244,126.0,1.7455812225423926,473.0
1994-02-28 00:00:00-05:00,30.997632814949288,31.2268204882576,30.997632814949288,31.054929733276367,145000,WHR,30.940349578857425,0,0.9990780371450704,1.0,0.9990558941444918,2.0,1.029245646977913,28.0,1.1360910405438107,126.0,1.7406537592844806,472.0
1994-03-01 00:00:00-05:00,31.05494346618652,31.05494346618652,30.711161804199214,30.940349578857425,180000,WHR,30.71116065979004,0,0.9981517922704719,0.0,0.9952082968399483,2.0,1.0239498479514297,28.0,1.130665253920274,125.0,1.7325257764780415,472.0
1994-03-02 00:00:00-05:00,30.71116065979004,30.82575454284896,30.596566776731123,30.71116065979004,187500,WHR,31.22684097290039,1,0.9962825092494861,0.0,0.9922251272071804,1.0,1.0149145961114046,28.0,1.1211787455012057,124.0,1.7179952876185014,472.0
1994-03-03 00:00:00-05:00,30.71116836967818,31.341434884727548,30.71116836967818,31.22684097290039,163500,WHR,31.627891540527344,1,1.0083257499356935,1.0,1.0070216689544644,2.0,1.0301612795379367,29.0,1.1388008650586694,124.0,1.7450506151088823,473.0
1994-03-04 00:00:00-05:00,31.22681320577428,31.742485350456796,31.05492249088011,31.627891540527344,267500,WHR,31.85709571838379,1,1.006380594612208,2.0,1.0165740922113964,2.0,1.0413181772942781,30.0,1.1520859034625737,125.0,1.765581702338903,474.0
1994-03-07 00:00:00-05:00,31.7425018488932,31.971689587874376,31.28412637093084,31.85709571838379,159300,WHR,31.685211181640625,0,1.0036103681791992,2.0,1.0186881410312945,3.0,1.0468162557484064,30.0,1.1590584547112956,125.0,1.7764284198603364,475.0
1994-03-08 00:00:00-05:00,32.08628980419304,32.08628980419304,31.627914235561708,31.685211181640625,146000,WHR,31.57060813903809,0,0.997294959136224,1.0,1.0083882052900266,3.0,1.039333772171012,29.0,1.1514771111386197,124.0,1.7649370601504955,474.0
1994-03-09 00:00:00-05:00,31.57060813903809,31.685201997981963,31.513311209566147,31.57060813903809,132800,WHR,31.398727416992188,0,0.9981882608772871,0.0,0.999274491586882,3.0,1.0335605050311534,29.0,1.146030254820246,123.0,1.7566838018715125,473.0
1994-03-10 00:00:00-05:00,31.570618260515865,31.570618260515865,31.16953962562728,31.398727416992188,193000,WHR,31.112245559692383,0,0.9972704059757315,0.0,0.9927538871358641,2.0,1.025619969573043,29.0,1.1385748850350588,122.0,1.7452711996682277,473.0
1994-03-11 00:00:00-05:00,31.570621184881222,31.570621184881222,30.94035470024657,31.112245559692383,245200,WHR,31.169538497924805,1,0.9954170948929774,0.0,0.9869140379465892,1.0,1.0141693746318712,28.0,1.127058492518963,121.0,1.7275469312774931,473.0
1994-03-14 00:00:00-05:00,31.169538497924805,31.169538497924805,31.054944606388315,31.169538497924805,193800,WHR,31.169538497924805,0,1.0009198987970451,1.0,0.9930631849225269,1.0,1.0144192978246942,28.0,1.1279967464776384,122.0,1.728927574313586,473.0
1994-03-15 00:00:00-05:00,31.169538497924805,31.226835443693048,31.11224155215656,31.169538497924805,119100,WHR,30.940349578857425,0,1.0,1.0,0.9963370207690881,1.0,1.0130571256963308,27.0,1.1267519815785099,122.0,1.727106453273183,473.0
1994-03-16 00:00:00-05:00,31.169537353515626,31.169537353515626,30.82575569152832,30.940349578857425,179500,WHR,31.627891540527344,1,0.9963099447420668,0.0,0.9930120748118028,1.0,1.0046011459961688,26.0,1.1172348349491545,122.0,1.7126248784186615,473.0
1994-03-17 00:00:00-05:00,30.940328680950664,31.627891540527344,30.940328680950664,31.627891540527344,238500,WHR,31.169538497924805,0,1.0109886733168356,1.0,1.0135873603141645,2.0,1.0257693866265682,26.0,1.140682331361082,123.0,1.7488024208091173,473.0
1994-03-18 00:00:00-05:00,31.627914064070755,31.627914064070755,31.054944606388315,31.169538497924805,216000,WHR,31.284130096435547,1,0.9927010859788071,1.0,0.9985317225852187,2.0,1.0100487285525181,25.0,1.1227879561976692,123.0,1.7216008809712005,473.0
1994-03-21 00:00:00-05:00,31.054942330161293,31.284130096435547,30.99764538859273,31.284130096435547,128600,WHR,31.22684097290039,0,1.00183482573706,1.0,1.0014674444288216,2.0,1.0131544113234776,25.0,1.1255683608648859,123.0,1.7260586374150995,474.0
1994-03-22 00:00:00-05:00,31.22684097290039,31.7425135761226,31.05495010515965,31.22684097290039,147300,WHR,30.82574844360352,0,0.9990835348970725,1.0,0.9992669008767099,2.0,1.0108800167630208,24.0,1.1222018612484956,122.0,1.7210583851251005,473.0
1994-03-23 00:00:00-05:00,31.28412388514409,31.28412388514409,30.82574844360352,30.82574844360352,182400,WHR,30.48197364807129,0,0.9935362483166547,0.0,0.9871558698776918,2.0,0.9975448060648809,24.0,1.1065837947544446,121.0,1.6971778584673345,473.0
1994-03-24 00:00:00-05:00,30.7684583628088,30.825755305756303,30.19548893333377,30.48197364807129,159800,WHR,29.67981338500977,0,0.9943926346665078,0.0,0.9833641342250229,1.0,0.9862863112591975,23.0,1.09316175676738,120.0,1.676531320170337,473.0
1994-03-25 00:00:00-05:00,30.48197050352354,30.53926744056024,29.622516447973062,29.67981338500977,83900,WHR,30.02358627319336,1,0.9866666150953854,0.0,0.96677857175475,1.0,0.9605871104329884,23.0,1.0635428827733553,119.0,1.630840417385273,472.0
1994-03-28 00:00:00-05:00,29.7943985917186,30.138180113930737,29.7943985917186,30.02358627319336,94000,WHR,28.41928482055664,0,1.0057580119415588,1.0,0.986074226698159,1.0,0.9718816909067941,23.0,1.0749747863090253,119.0,1.648098493459824,473.0
1994-03-29 00:00:00-05:00,29.851708450625026,29.909005395827755,28.41928482055664,28.41928482055664,155800,WHR,28.53387260437012,1,0.9725492361581072,1.0,0.9509204141514902,1.0,0.9206792247223913,23.0,1.016855657023473,119.0,1.5586287060007784,473.0
1994-03-30 00:00:00-05:00,28.53387260437012,28.70576340319162,28.0182002079056,28.53387260437012,236000,WHR,27.90361213684082,0,1.0020119654290376,1.0,0.9696261224905458,2.0,0.9250110051149605,24.0,1.0202671427276393,119.0,1.5634917493897884,474.0
1994-03-31 00:00:00-05:00,28.47658158523591,28.76306630943345,27.216048798766717,27.90361213684082,343300,WHR,27.27334213256836,0,0.9888325911330156,1.0,0.9651210387828596,2.0,0.9054385960900212,24.0,0.9971647635955802,118.0,1.5276223209845403,474.0
1994-04-04 00:00:00-04:00,27.38793600707495,27.445232944328243,26.58577888552882,27.27334213256836,459300,WHR,27.6744327545166,1,0.9885772962169118,0.0,0.9592906312855164,2.0,0.8860215252757357,24.0,0.9741838034825053,117.0,1.491812627538012,474.0
1994-04-05 00:00:00-04:00,27.96091756563996,28.41929326343734,27.502541867842584,27.6744327545166,382800,WHR,27.445236206054688,0,1.0072994879733068,1.0,0.989754405467173,2.0,0.9000750292412181,24.0,0.9880375353089721,117.0,1.5124095651422704,474.0
1994-04-06 00:00:00-04:00,27.73172092636841,27.73172092636841,27.3306423179292,27.445236206054688,373100,WHR,28.247394561767575,1,0.9958418373552667,1.0,0.9884440749531618,2.0,0.893776761625598,23.0,0.9794653199076195,116.0,1.4985574598448226,474.0
1994-04-07 00:00:00-04:00,27.617128151667288,28.304691508140333,27.33064341980352,28.247394561767575,143400,WHR,27.78900909423828,0,1.0144033123351097,1.0,1.0194375409347356,2.0,0.9206627407979585,24.0,1.0075930978474865,116.0,1.5409264079437768,475.0
1994-04-08 00:00:00-04:00,28.190087576010797,28.190087576010797,27.67441524230328,27.78900909423828,180700,WHR,27.6744327545166,0,0.9918198628458883,1.0,1.0037248638447276,2.0,0.9070944111325066,23.0,0.990887522423389,115.0,1.5145668902533187,474.0
1994-04-11 00:00:00-04:00,27.789026678965943,27.84632364119062,27.445244905617912,27.6744327545166,332100,WHR,27.617130279541016,0,0.99793420069324,0.0,0.9966985526899467,2.0,0.904724875435872,23.0,0.9864255104190098,115.0,1.5069855134198107,474.0
1994-04-12 00:00:00-04:00,27.903615033478165,28.018208935053025,27.617130279541016,27.617130279541016,112200,WHR,27.502525329589844,0,0.9989636307633356,0.0,0.99504550241643,1.0,0.9043642356008035,22.0,0.9839841142494518,115.0,1.5025382800170546,474.0
1994-04-13 00:00:00-04:00,27.502525329589844,27.73171304066976,27.158743762969973,27.502525329589844,141000,WHR,27.10145378112793,0,0.9979207970607823,0.0,0.9905073780800436,1.0,0.901954294020135,22.0,0.9794728247660446,115.0,1.4949892320187683,474.0
1994-04-14 00:00:00-04:00,27.273344608492376,27.445235435856823,27.044156838673118,27.10145378112793,202600,WHR,26.700374603271484,0,0.9926549025365224,0.0,0.9841864442032109,0.0,0.8902682257287002,22.0,0.9648459864592331,114.0,1.4719232779736737,474.0
1994-04-15 00:00:00-04:00,27.04415625052391,27.101453191732645,26.471186838436537,26.700374603271484,204500,WHR,26.356586456298828,0,0.9925452500426036,0.0,0.9773489295628327,0.0,0.878709045037733,22.0,0.950275928277786,114.0,1.4489080866063235,474.0
1994-04-18 00:00:00-04:00,26.64307109169338,26.70036801877229,26.012804893825365,26.356586456298828,512800,WHR,25.210655212402344,0,0.9935203950601945,0.0,0.9741633055770764,0.0,0.8691603155607689,22.0,0.9378290526527443,113.0,1.4290688155491604,473.0
1994-04-19 00:00:00-04:00,26.242000198364256,26.242000198364256,24.98146743774414,25.210655212402344,1196600,WHR,24.523090362548828,0,0.9777779224404006,0.0,0.9486848991235417,0.0,0.8335401237612136,22.0,0.8970987628027645,112.0,1.365894206774031,472.0
1994-04-20 00:00:00-04:00,25.210653643741782,25.210653643741782,24.064714841753524,24.523090362548828,1118600,WHR,24.63768768310547,1,0.9861750841022556,0.0,0.9439788469171649,0.0,0.8132627523521195,21.0,0.8728100707203055,111.0,1.3276802565515664,472.0
1994-04-21 00:00:00-04:00,24.63768768310547,24.98146937170694,24.52309378690498,24.63768768310547,438700,WHR,24.866872787475582,1,1.0023310721496357,1.0,0.9667267572129087,1.0,0.8193118067280146,22.0,0.8769618345815063,112.0,1.3329036804244143,473.0
1994-04-22 00:00:00-04:00,24.752278903662333,25.153357497008717,24.752278903662333,24.866872787475582,678800,WHR,25.55443572998047,1,1.0046295755823609,2.0,0.989963536419805,2.0,0.8292937020757303,22.0,0.8850723896993176,113.0,1.3442974382386588,474.0
1994-04-25 00:00:00-04:00,24.924169377895748,25.55443572998047,24.523090790205472,25.55443572998047,238600,WHR,25.78363037109375,1,1.013636356586558,2.0,1.0238750814510453,3.0,0.8547703380708905,22.0,0.9093924310302861,114.0,1.3803917675509891,474.0
1994-04-26 00:00:00-04:00,25.78363037109375,26.07011515299479,25.382551676432293,25.78363037109375,210100,WHR,25.95551872253418,1,1.0044644190660015,2.0,1.0283365740502173,4.0,0.864745487951518,23.0,0.9173801031338749,114.0,1.3916605792630026,475.0
1994-04-28 00:00:00-04:00,25.89822177171181,26.24200347664604,25.84092482088944,25.95551872253418,152300,WHR,26.814971923828125,1,1.0033222106364637,2.0,1.0234975701858156,5.0,0.8729304009194677,23.0,0.9233331989884636,114.0,1.3998231222727835,475.0
1994-04-29 00:00:00-04:00,26.471190232496998,26.814971923828125,26.07011159261068,26.814971923828125,413300,WHR,26.471176147460938,0,1.0162866251718885,2.0,1.0395379965208658,5.0,0.9042894932872454,23.0,0.9535920153303368,115.0,1.4449744891614573,475.0
1994-05-02 00:00:00-04:00,26.70036381973333,26.929551492005714,26.471176147460938,26.471176147460938,200900,WHR,26.241992950439453,0,0.9935481210631468,1.0,1.0136020177330032,4.0,0.8957081443098954,22.0,0.9410034085790863,115.0,1.4253036012921638,474.0
1994-05-03 00:00:00-04:00,26.700368373154557,26.700368373154557,26.241992950439453,26.241992950439453,147400,WHR,26.413881301879883,1,0.9956522591803229,0.0,0.9995632928575824,3.0,0.891363257746826,21.0,0.9325424698490125,114.0,1.4118556511611182,473.0
1994-05-04 00:00:00-04:00,26.18469361162496,26.413881301879883,25.898208998806304,26.413881301879883,145100,WHR,26.12740898132324,0,1.0032643718081058,1.0,1.0013030224968085,3.0,0.9000183786364219,22.0,0.9383870019847651,114.0,1.4199730458144157,474.0
1994-05-05 00:00:00-04:00,26.47119067844592,26.47119067844592,25.955518132761902,26.12740898132324,97300,WHR,25.78363037109375,0,0.9945476725255027,1.0,0.9891542926764919,2.0,0.892887360918078,22.0,0.9280830345217448,113.0,1.4034817525790804,473.0
1994-05-06 00:00:00-04:00,26.01281819661458,26.07011515299479,25.55444254557292,25.78363037109375,214600,WHR,25.15335464477539,0,0.9933775433025791,0.0,0.9838219719110873,1.0,0.883981084681156,21.0,0.9157547361650631,113.0,1.3839618700077034,473.0
1994-05-09 00:00:00-04:00,25.7263239988705,25.7263239988705,25.09605770936588,25.15335464477539,48900,WHR,24.981460571289062,0,0.9876263637095521,0.0,0.9695229197488986,1.0,0.8653624294049763,21.0,0.8933353688590852,113.0,1.3491731478009132,472.0
1994-05-10 00:00:00-04:00,25.210648282952263,25.267945210868064,24.924163643373262,24.981460571289062,155400,WHR,24.58038902282715,0,0.9965713631785512,0.0,0.9723459417859847,1.0,0.8623544809980846,21.0,0.887175950467596,113.0,1.3390116221464978,472.0
1994-05-11 00:00:00-04:00,24.98146763159123,25.09606151980954,24.523092078717998,24.58038902282715,165300,WHR,25.096067428588867,1,0.9919076557524292,0.0,0.9705882574453272,0.0,0.8516694398815547,20.0,0.8728827032100418,113.0,1.3166245313383225,471.0
1994-05-12 00:00:00-04:00,24.637691767792724,25.26795830138742,24.637691767792724,25.096067428588867,297200,WHR,25.29427146911621,1,1.0103807405479104,1.0,0.999087822086961,1.0,0.8731034597580004,20.0,0.8910932866042632,113.0,1.3433096142916856,471.0
1994-05-13 00:00:00-04:00,25.351889399569774,25.524743190930483,25.29427146911621,25.29427146911621,294400,WHR,25.35188865661621,1,1.0039333738344112,2.0,1.0109172957068187,2.0,0.8834335136238449,21.0,0.8979814542517807,114.0,1.3529690750889989,471.0
1994-05-16 00:00:00-04:00,25.52474244291132,25.52474244291132,25.236652799086137,25.35188865661621,138700,WHR,26.50421714782715,1,1.0011376417749531,2.0,1.0116146750190698,3.0,0.8888851790462311,22.0,0.8999997047780668,114.0,1.3550999273836353,471.0
1994-05-17 00:00:00-04:00,25.35185988053032,26.50421714782715,25.35185988053032,26.50421714782715,220600,WHR,26.043296813964844,0,1.0222216549687808,2.0,1.0448978488772191,4.0,0.9321256002099301,23.0,0.9407404017261558,114.0,1.4156292399546868,471.0
1994-05-18 00:00:00-04:00,26.5042401204067,26.5042401204067,25.81282516074392,26.043296813964844,101400,WHR,25.985685348510746,0,0.9912285035178363,1.0,1.0150186798331722,4.0,0.9187541496530318,23.0,0.9242914547569495,113.0,1.3899967568838911,471.0
1994-05-19 00:00:00-04:00,26.043303276112763,26.043303276112763,25.697595710500647,25.985685348510746,210100,WHR,25.409502029418945,0,0.9988927043532355,0.0,1.005798660945439,3.0,0.9193864347122341,23.0,0.922158107609186,113.0,1.3858931161829233,471.0
1994-05-20 00:00:00-04:00,26.100917050627626,26.100917050627626,25.351884110984887,25.409502029418945,103400,WHR,25.00617408752441,0,0.9887891581199055,0.0,0.9826204650224978,2.0,0.9021870335406571,22.0,0.9017052696463812,112.0,1.3541895979406133,471.0
1994-05-23 00:00:00-04:00,25.351881563388805,25.351881563388805,24.833320349592217,25.00617408752441,274000,WHR,25.29427146911621,1,0.9919999497585039,0.0,0.9696158266084717,1.0,0.8909953671246406,22.0,0.8874019864144997,112.0,1.3317694978855652,470.0
1994-05-24 00:00:00-04:00,25.58236112138405,25.755214912744755,25.236653538662644,25.29427146911621,379800,WHR,24.89094352722168,0,1.0057275314046152,1.0,0.9900768512351762,1.0,0.9043852251041171,22.0,0.8975699891219806,113.0,1.3461689886515544,470.0
1994-05-25 00:00:00-04:00,25.35188692587393,25.35188692587393,24.833325602390147,24.89094352722168,251000,WHR,25.00617408752441,1,0.991963211835917,1.0,0.983158887101058,1.0,0.8932454645858042,22.0,0.8831968575557643,113.0,1.3238190176129256,469.0
1994-05-26 00:00:00-04:00,24.890938262236283,25.06379200016848,24.77570243694815,25.00617408752441,175200,WHR,24.54523277282715,0,1.0023093630616586,1.0,0.9954127201183911,2.0,0.9005770583161771,23.0,0.8871742023328306,114.0,1.3290336718589166,470.0
1994-05-27 00:00:00-04:00,24.890940276669784,25.006176111284,24.54523277282715,24.54523277282715,174500,WHR,24.71808815002441,1,0.9906977148802997,1.0,0.9838336790127746,2.0,0.8872603949241542,23.0,0.8707824820324293,113.0,1.3036715975012725,470.0
1994-05-31 00:00:00-04:00,24.775706071120045,24.83332399221567,24.60285230783316,24.71808815002441,304000,WHR,25.236652374267575,1,1.0035088048056677,1.0,0.9930555520434287,3.0,0.8970262787042685,23.0,0.876953101971297,113.0,1.3119716370403367,471.0
1994-06-01 00:00:00-04:00,24.83332687970166,25.6399778688335,24.660473096316267,25.236652374267575,298200,WHR,25.35188865661621,1,1.0103806809684257,2.0,1.014358623231295,3.0,0.9193992067752459,23.0,0.8953240310471713,114.0,1.3385389497935798,472.0
1994-06-02 00:00:00-04:00,25.1790348703211,25.467124514146285,25.121416941556063,25.35188865661621,185800,WHR,25.29427146911621,0,1.0022779127446724,2.0,1.015228553180133,4.0,0.9272599438247072,23.0,0.8993346175390464,115.0,1.3436903850014081,472.0
1994-06-03 00:00:00-04:00,25.236653538662644,25.29427146911621,25.17903560820908,25.29427146911621,186700,WHR,25.75520896911621,1,0.9988623582250469,1.0,1.0105894116460774,3.0,0.9287709344126919,23.0,0.8971702219489522,115.0,1.3396908470326294,471.0
1994-06-06 00:00:00-04:00,25.524737300488773,25.87044480342993,25.467119383331912,25.75520896911621,148200,WHR,25.87044715881348,1,1.0090292299949597,1.0,1.0191517072956309,4.0,0.9490735764905885,24.0,0.9133443112963391,115.0,1.363123934824058,471.0
1994-06-07 00:00:00-04:00,25.755211314008072,26.2737726156324,25.755211314008072,25.87044715881348,243500,WHR,25.467113494873047,0,1.0022321883795862,2.0,1.0144599585108174,4.0,0.9565678784047575,25.0,0.9172108021596874,116.0,1.3682057171732676,472.0
1994-06-08 00:00:00-04:00,25.697585110211264,25.697585110211264,25.12140607186572,25.467113494873047,95400,WHR,25.467113494873047,0,0.9921434976885395,1.0,0.9968422917354641,3.0,0.9449417932474657,25.0,0.9027604895371266,115.0,1.345892466847342,472.0
1994-06-09 00:00:00-04:00,25.467113494873047,25.75520301404582,25.12140607186572,25.467113494873047,73200,WHR,25.812822341918945,1,1.0,0.0,0.9959439166126218,2.0,0.9482858445644459,24.0,0.9026100183237384,115.0,1.3448935102352246,472.0
1994-06-10 00:00:00-04:00,25.5823507138661,26.0432939699718,25.409496992826465,25.812822341918945,130600,WHR,25.58237075805664,0,1.0067416006163927,1.0,1.0053859287885587,3.0,0.9643644424225757,25.0,0.9146361144326599,116.0,1.3621031586108718,473.0
1994-06-13 00:00:00-04:00,25.75522461453,25.75522461453,25.23666304510993,25.58237075805664,52000,WHR,26.21615028381348,1,0.9955160868174184,1.0,0.9977534028354834,2.0,0.9589540818290567,25.0,0.9062393071010985,116.0,1.3489230112125838,473.0
1994-06-14 00:00:00-04:00,25.582353243985025,26.27376819652516,25.582353243985025,26.21615028381348,162900,WHR,26.792325973510746,1,1.0122354753187748,1.0,1.0197220412820556,2.0,0.9860450806431208,25.0,0.9284150424829497,116.0,1.3812705749650893,473.0
1994-06-15 00:00:00-04:00,26.389000636275096,26.792325973510746,26.27376482563634,26.792325973510746,203000,WHR,26.38900756835937,0,1.0108695010756445,2.0,1.0314993636408378,3.0,1.010488990574092,26.0,0.9484988033890845,116.0,1.4104736096363963,474.0
1994-06-16 00:00:00-04:00,26.792333011543903,26.96518677290871,26.38900756835937,26.38900756835937,202600,WHR,25.812822341918945,0,0.9924161660061827,1.0,1.0088105920241441,3.0,0.9983495537306547,25.0,0.9339282182959343,116.0,1.3881428184954243,473.0
1994-06-17 00:00:00-04:00,26.389001412051066,26.389001412051066,25.5823507138661,25.812822341918945,303600,WHR,25.75520896911621,0,0.9889623557750611,0.0,0.9867839296763767,2.0,0.9798963939429464,25.0,0.9133106366323959,116.0,1.3568095528161854,472.0
1994-06-20 00:00:00-04:00,25.75520896911621,26.273770223527947,25.75520896911621,25.75520896911621,164200,WHR,25.35188865661621,0,0.9988827695892589,0.0,0.9832820854493487,2.0,0.9808559791350386,25.0,0.9110469945635887,116.0,1.3527722368502988,471.0
1994-06-21 00:00:00-04:00,25.812832086736503,25.812832086736503,25.236652799086137,25.35188865661621,211500,WHR,25.467113494873047,1,0.9921083307165358,0.0,0.9743137738008354,1.0,0.9686501489773914,25.0,0.8966098471545824,116.0,1.3306389336460995,470.0
1994-06-22 00:00:00-04:00,25.467113494873047,25.58234930254216,25.294259783369384,25.467113494873047,137300,WHR,25.87044715881348,1,1.0022673573541125,1.0,0.9888141183329817,1.0,0.9756700758746973,26.0,0.9005423712678161,116.0,1.3357479789152322,470.0
1994-06-23 00:00:00-04:00,25.81282923641077,26.043300926021587,25.69759339160537,25.87044715881348,196000,WHR,25.35188865661621,0,1.0078565023114605,2.0,1.008535604842899,2.0,0.9937574767509691,26.0,0.9147026782940917,116.0,1.3559109577947033,471.0
1994-06-24 00:00:00-04:00,25.75521415797147,25.75521415797147,25.29427072785117,25.35188865661621,240800,WHR,25.29427146911621,0,0.9898763206725715,1.0,0.9918847286736692,2.0,0.9757543462288637,26.0,0.8963982552764519,115.0,1.3277980121544,471.0
1994-06-27 00:00:00-04:00,25.29427146911621,25.524743190930483,25.12141767775551,25.29427146911621,259400,WHR,24.77570533752441,0,0.9988623582250469,0.0,0.9932128012401099,2.0,0.9755640897704906,25.0,0.8944128029297866,114.0,1.3238390948672853,471.0
1994-06-28 00:00:00-04:00,25.236648692641147,25.409502450809924,24.77570533752441,24.77570533752441,297800,WHR,24.60285377502441,0,0.9896431721229991,0.0,0.9772727005985062,2.0,0.9574889050824179,25.0,0.8761491483926095,114.0,1.295806216662961,471.0
1994-06-29 00:00:00-04:00,24.71808962408776,24.833325473151103,24.31476415236605,24.60285377502441,300100,WHR,24.199520111083984,0,0.9964994611911211,0.0,0.9771166947515219,1.0,0.9524471144173903,25.0,0.870144240038374,113.0,1.2859027829829124,470.0
1994-06-30 00:00:00-04:00,24.60284544626872,24.60284544626872,24.141902206057598,24.199520111083984,179000,WHR,24.14191055297852,0,0.9917353679375986,0.0,0.9740256908728514,0.0,0.9389380694941166,24.0,0.8560340851803702,113.0,1.2640076138426466,469.0
1994-07-01 00:00:00-04:00,24.314764327820843,24.372382252768286,23.73858507834641,24.14191055297852,485500,WHR,23.738588333129883,0,0.9988082777585586,0.0,0.9812647049415583,0.0,0.9387080411858019,24.0,0.8541303347607303,113.0,1.260184181107615,469.0
1994-07-05 00:00:00-04:00,24.141913863061703,24.141913863061703,23.680970400282483,23.738588333129883,150800,WHR,23.85382080078125,1,0.9915764825089228,0.0,0.9772297972927613,0.0,0.9257306109011689,23.0,0.8400878797152117,112.0,1.2383310730539614,469.0
1994-07-06 00:00:00-04:00,23.85382080078125,23.969056650060388,23.73858495150212,23.85382080078125,217000,WHR,23.91144180297852,1,1.0024212362800786,1.0,0.9894837867912468,1.0,0.9326096211718232,24.0,0.8444004755502792,112.0,1.2435185434590692,470.0
1994-07-07 00:00:00-04:00,23.91144180297852,23.969059735033888,23.738588006812407,23.91144180297852,229400,WHR,24.25714874267578,1,1.0012063369707662,2.0,0.9975962959725128,2.0,0.9371603569080155,25.0,0.8466753817730999,112.0,1.2456973880891051,470.0
1994-07-08 00:00:00-04:00,23.853823229139604,24.314766673180948,23.6809694376241,24.25714874267578,102600,WHR,24.02667617797852,0,1.007177020041091,2.0,1.0115329434302558,3.0,0.9528008393634559,26.0,0.8590924593845308,113.0,1.2628556326239782,470.0
1994-07-11 00:00:00-04:00,24.66047339130649,24.718091319790847,23.969058249494157,24.02667617797852,168900,WHR,24.60285377502441,1,0.9952267127743919,1.0,1.0028859816326996,3.0,0.9459004394068634,26.0,0.851152676585515,112.0,1.250039359422206,469.0
1994-07-12 00:00:00-04:00,24.199528303302703,24.60285377502441,23.68096698251765,24.60285377502441,174900,WHR,24.66046524047852,1,1.0118483069361914,1.0,1.0195796897276659,4.0,0.9701743856240747,27.0,0.8717138856137729,113.0,1.279131590847587,470.0
1994-07-13 00:00:00-04:00,24.833318968799627,24.833318968799627,24.545229421597774,24.66046524047852,119800,WHR,24.71808815002441,1,1.0011694596832985,2.0,1.0151799928513638,4.0,0.9737516879142797,28.0,0.8739333325993365,113.0,1.2812409606244748,470.0
1994-07-14 00:00:00-04:00,25.00617775550256,25.121413597693813,24.71808815002441,24.71808815002441,123900,WHR,25.063798904418945,1,1.0011669622860393,2.0,1.010838802178908,4.0,0.9770805972164827,29.0,0.8763013456323319,113.0,1.283327123143512,471.0
1994-07-15 00:00:00-04:00,24.775709261839417,25.063798904418945,24.660473404807608,25.063798904418945,93900,WHR,25.063798904418945,0,1.0069445088334328,2.0,1.0182585350376228,4.0,0.9908420529767227,30.0,0.8888801858393083,113.0,1.3003093867544164,472.0
1994-07-18 00:00:00-04:00,25.063798904418945,25.12141683293485,24.6028554762917,25.063798904418945,118400,WHR,24.89094352722168,0,1.0,1.0,1.0097494097868194,4.0,0.9904891793113889,30.0,0.8892530866472244,112.0,1.2993201564279317,472.0
1994-07-19 00:00:00-04:00,24.660471827895552,25.00617937688474,24.314764278906363,24.89094352722168,303700,WHR,24.430009841918945,0,0.996539760415464,0.0,1.00046321748649,3.0,0.9834941040649782,29.0,0.8834842285313641,112.0,1.2894069675664117,471.0
1994-07-20 00:00:00-04:00,24.890953423841943,24.890953423841943,24.314773946438194,24.430009841918945,127700,WHR,23.85382080078125,0,0.9906544043896943,0.0,0.9837590021818895,2.0,0.965559415609876,28.0,0.8675589673146675,111.0,1.2646030216995845,471.0
1994-07-21 00:00:00-04:00,24.4876179718165,24.4876179718165,23.85382080078125,23.85382080078125,270900,WHR,23.62333297729492,0,0.9880666253387912,0.0,0.9672896156811298,1.0,0.9438437390211339,27.0,0.8476261421277652,110.0,1.233903861008301,471.0
1994-07-22 00:00:00-04:00,23.96904028915777,24.084276059778723,23.50809720667397,23.62333297729492,418500,WHR,23.39287757873535,0,0.9951452897837197,0.0,0.9692665141510737,0.0,0.9360573804641178,26.0,0.839960841434287,110.0,1.2211291045539407,471.0
1994-07-25 00:00:00-04:00,23.623349279018456,23.623349279018456,23.2776417285938,23.39287757873535,299300,WHR,23.56572723388672,1,0.9950983842416451,0.0,0.9731544188640076,0.0,0.9284971227964313,25.0,0.8322809421099054,110.0,1.208397796037366,470.0
1994-07-26 00:00:00-04:00,23.50810931888944,23.623345148884,23.33525557389761,23.56572723388672,214900,WHR,23.277637481689453,0,1.0036808941799078,1.0,0.9912747607922838,1.0,0.9373726144177589,25.0,0.8389624577188923,110.0,1.2164857277257755,471.0
1994-07-27 00:00:00-04:00,23.450491225365365,23.508109139924,23.220019567130816,23.277637481689453,180400,WHR,23.162412643432617,0,0.9938499346930671,1.0,0.9887420743249521,1.0,0.9278777440510503,25.0,0.8293062534620493,109.0,1.2008501767170923,470.0
1994-07-28 00:00:00-04:00,23.335266469129877,23.335266469129877,23.10479470153353,23.162412643432617,401400,WHR,23.45049285888672,1,0.9975188476768136,0.0,0.9896607063387572,1.0,0.9251775825272609,25.0,0.8258659284312752,108.0,1.1941411025917426,470.0
1994-07-29 00:00:00-04:00,23.220021184597904,23.73858245174773,23.162403266025706,23.45049285888672,532500,WHR,23.56572723388672,1,1.006180267296141,1.0,1.0034515998225737,2.0,0.9385359119712372,25.0,0.8367705117949238,109.0,1.208192264721504,471.0
1994-08-01 00:00:00-04:00,23.56572723388672,23.68096306388128,23.392873488894885,23.56572723388672,288800,WHR,23.45049285888672,0,1.0024509493696563,2.0,1.0068930520347998,3.0,0.9447621647580238,26.0,0.8414715843800067,110.0,1.2132927589224052,472.0
1994-08-02 00:00:00-04:00,23.853818288892143,23.853818288892143,23.39287494031452,23.45049285888672,238800,WHR,23.50810432434082,1,0.9975490506303438,1.0,1.0029570677397366,2.0,0.9416102776297453,26.0,0.8379443034010898,110.0,1.206510344612682,472.0
1994-08-03 00:00:00-04:00,23.450486421585083,23.62334012985229,23.450486421585083,23.50810432434082,87900,WHR,23.45049285888672,0,1.0012268566122047,1.0,1.003442899431273,3.0,0.944963992896334,27.0,0.8406128590051538,110.0,1.2086108848966677,473.0
1994-08-04 00:00:00-04:00,23.623346614603328,23.623346614603328,23.33525702174231,23.45049285888672,228400,WHR,23.10478401184082,0,0.9987731433877952,1.0,0.9985280359042225,3.0,0.9436160127278287,27.0,0.8392844001197327,109.0,1.2047764807890382,473.0
1994-08-05 00:00:00-04:00,22.70145860515033,23.22001984232382,22.643840689908835,23.10478401184082,427400,WHR,23.047157287597656,0,0.9925742285239577,0.0,0.9867126193502057,2.0,0.9306261107395833,27.0,0.8277082158096877,108.0,1.1861969827797492,472.0
1994-08-08 00:00:00-04:00,23.10477518081665,23.162393074035645,22.98953939437866,23.047157287597656,105600,WHR,22.470996856689453,0,0.9987513694414439,0.0,0.988630463472126,1.0,0.9295835888183877,26.0,0.8263932029582329,108.0,1.1823923507481884,472.0
1994-08-09 00:00:00-04:00,22.81670450063852,22.8743224412967,22.355760975373094,22.470996856689453,380200,WHR,23.10478401184082,1,0.987342183756357,0.0,0.972084199725892,1.0,0.9080681664287168,25.0,0.806526210387299,108.0,1.1520256321382545,472.0
1994-08-10 00:00:00-04:00,22.874312350874828,23.27763775756532,22.874312350874828,23.10478401184082,991100,WHR,23.22002410888672,1,1.0139062270151689,1.0,1.0030014793358972,1.0,0.9350951536385469,25.0,0.8300078044336047,109.0,1.1836697160697862,472.0
1994-08-11 00:00:00-04:00,23.047170331401208,23.45049581220073,23.047170331401208,23.22002410888672,709300,WHR,23.39287757873535,1,1.0024876540609855,2.0,1.0100252010579014,2.0,0.9418456072139241,25.0,0.8348522136724754,110.0,1.18874031335287,472.0
1994-08-12 00:00:00-04:00,23.22002380352302,23.450495503806128,23.22002380352302,23.39287757873535,236000,WHR,23.22002410888672,0,1.0037082752540705,2.0,1.015000090703296,3.0,0.9505600299050986,26.0,0.8417570515383458,111.0,1.1967755723402436,472.0
1994-08-15 00:00:00-04:00,23.335259960543723,23.39287788637223,23.162406183058216,23.22002410888672,352100,WHR,23.277637481689453,1,0.9962917247459294,1.0,1.0059910027533823,3.0,0.9453067832073457,26.0,0.8362577101930084,110.0,1.1871077964909067,472.0
1994-08-16 00:00:00-04:00,23.33525539624809,23.392873310806728,23.220019567130816,23.277637481689453,422900,WHR,23.39287757873535,1,1.001239059574867,1.0,1.0014872400456443,4.0,0.9490250370513822,27.0,0.8390355515331828,111.0,1.189221069331768,473.0
1994-08-17 00:00:00-04:00,23.39287757873535,23.450495503806128,23.2776417285938,23.39287757873535,255100,WHR,23.277637481689453,0,1.0024692270247435,2.0,1.0039565100683097,4.0,0.954770002394592,28.0,0.8438897838529462,111.0,1.1942758539308642,473.0
1994-08-18 00:00:00-04:00,23.392873310806728,23.392873310806728,23.16240165257218,23.277637481689453,359400,WHR,23.047157287597656,0,0.9975307729752565,1.0,0.9985169418513635,3.0,0.9513716205974238,27.0,0.8404858120726251,110.0,1.1875972026735668,472.0
1994-08-19 00:00:00-04:00,23.162393074035645,23.22001096725464,23.047157287597656,23.047157287597656,446600,WHR,22.931922912597656,0,0.9950246904440772,0.0,0.9915712714715609,2.0,0.9431362780001666,27.0,0.8330816414046247,109.0,1.1750440732955933,472.0
1994-08-22 00:00:00-04:00,22.98954080936298,22.98954080936298,22.816687119067016,22.931922912597656,250800,WHR,23.162412643432617,1,0.9974937651101705,0.0,0.9890653977556849,2.0,0.9397501275241413,26.0,0.8298687814884094,108.0,1.1683865174941308,472.0
1994-08-23 00:00:00-04:00,22.98955881773536,23.162412643432617,22.874322933937187,23.162412643432617,426300,WHR,23.59369468688965,1,1.0050003916545187,1.0,1.0000004776111853,2.0,0.9500929264924334,27.0,0.8390839812134979,109.0,1.179308289317499,473.0
1994-08-24 00:00:00-04:00,23.245876091996927,23.651664452705106,23.187906326181476,23.59369468688965,347800,WHR,23.767593383789062,1,1.0092240793359917,2.0,1.0168571743859822,2.0,0.9685280660838342,27.0,0.8555112072066283,110.0,1.2004046965059898,474.0
1994-08-25 00:00:00-04:00,23.767593383789062,23.82556312374952,23.41977494402629,23.767593383789062,255600,WHR,24.11542320251465,1,1.0036717476230776,2.0,1.0200440365999186,3.0,0.9766482762491383,27.0,0.8625847108002042,111.0,1.2083775339468832,474.0
1994-08-26 00:00:00-04:00,23.8835441332597,24.463241806397072,23.825574365945965,24.11542320251465,449800,WHR,24.984968185424805,1,1.0072641584328477,2.0,1.0255681076627312,4.0,0.9917810033239622,27.0,0.8759518036680957,111.0,1.2251407956063902,475.0
1994-08-29 00:00:00-04:00,24.52121007525451,24.984968185424805,24.46324031148322,24.984968185424805,344400,WHR,25.68060302734375,1,1.0177095326194028,2.0,1.0443117162431728,5.0,1.0277601691325076,28.0,0.9081858246772189,112.0,1.2683011429210747,476.0
1994-08-30 00:00:00-04:00,25.15887520060313,25.68060302734375,25.1009054420764,25.68060302734375,597200,WHR,25.448732376098636,0,1.013729931889994,2.0,1.051257701455484,5.0,1.0564292409315015,28.0,0.933976026958988,113.0,1.3025323194919471,476.0
1994-08-31 00:00:00-04:00,25.62264170896491,25.62264170896491,25.10091371036608,25.448732376098636,460200,WHR,25.21685028076172,0,0.9954650173053198,1.0,1.0261807408477552,4.0,1.0471935030618238,27.0,0.9259676718522739,113.0,1.2897072226694677,476.0
1994-09-01 00:00:00-04:00,25.390759593042837,25.564668905323952,25.21685028076172,25.21685028076172,534300,WHR,25.15888023376465,0,0.99542328177873,0.0,1.0050832342065286,3.0,1.037829882004218,27.0,0.918005303941767,112.0,1.2769243793705058,475.0
1994-09-02 00:00:00-04:00,25.21685000388853,25.390759314260176,25.15888023376465,25.15888023376465,174600,WHR,25.33279228210449,1,0.9988492465239714,0.0,0.994500492157337,2.0,1.0356630235210864,27.0,0.9163768792197768,112.0,1.2729552821569854,475.0
1994-09-06 00:00:00-04:00,25.274822505715235,25.33279228210449,25.158882952936725,25.33279228210449,225700,WHR,25.39077377319336,1,1.0034443709165146,1.0,0.9986289835541333,2.0,1.0431656532913216,27.0,0.9231737624131379,113.0,1.280694238664209,476.0
1994-09-07 00:00:00-04:00,25.274834166923068,25.39077377319336,25.15889456065278,25.39077377319336,235800,WHR,25.5067081451416,1,1.0011430878307266,2.0,1.00320700309143,2.0,1.0456907450400654,28.0,0.9257734363070879,113.0,1.2825438508577092,477.0
1994-09-08 00:00:00-04:00,25.390768562663684,25.5067081451416,25.332798771424727,25.5067081451416,224200,WHR,25.15888023376465,0,1.0022778017217877,2.0,1.0073261612893512,3.0,1.0509771566198987,28.0,0.9305744103115867,113.0,1.2873211514406622,477.0
1994-09-09 00:00:00-04:00,25.390759314260176,25.390759314260176,25.042940693516886,25.15888023376465,223400,WHR,24.63713836669922,0,0.9931348293288198,1.0,0.9940446842882795,3.0,1.0378094250121108,27.0,0.9183608547876264,113.0,1.2687096720840738,477.0
1994-09-12 00:00:00-04:00,25.04292652803309,25.04292652803309,24.5211988920324,24.63713836669922,235500,WHR,24.927001953125,1,0.9895224180219788,0.0,0.9774602513152171,3.0,1.0175129660446842,27.0,0.8997024353717161,113.0,1.2413859819344504,477.0
1994-09-13 00:00:00-04:00,24.63715309320494,25.04294149709302,24.52121354923692,24.927001953125,290200,WHR,24.927001953125,0,1.0058482520740877,1.0,0.9921550010793891,3.0,1.0301124220976308,28.0,0.9104290733595042,114.0,1.2549428182974385,478.0
1994-09-14 00:00:00-04:00,24.81106240915697,24.98497172510901,24.75309263717297,24.927001953125,239500,WHR,25.21685028076172,1,1.0,1.0,0.9958314596145714,2.0,1.0307003643354085,28.0,0.9106837429386253,113.0,1.253889572773521,478.0
1994-09-15 00:00:00-04:00,24.927001426959865,25.21685028076172,24.86903165619949,25.21685028076172,199200,WHR,24.984968185424805,0,1.0057803362670417,1.0,1.0097494122272526,2.0,1.0427822727837068,29.0,0.9214994469976773,113.0,1.2673940925248113,478.0
1994-09-16 00:00:00-04:00,25.158877476738667,25.158877476738667,24.86902865788223,24.984968185424805,307500,WHR,24.927001953125,0,0.9953810020747934,1.0,1.0018596092883976,2.0,1.0335367893152398,28.0,0.9132356836700287,113.0,1.2546970166749176,477.0
1994-09-19 00:00:00-04:00,25.04294149709302,25.216850813045056,24.81106240915697,24.927001953125,309200,WHR,24.28933525085449,0,0.9988386306503451,0.0,0.9972171011351887,2.0,1.0318100769911094,27.0,0.9113719910571696,112.0,1.2507673880091184,476.0
1994-09-20 00:00:00-04:00,24.86903298953837,24.86903298953837,24.28933525085449,24.28933525085449,393600,WHR,23.65166282653809,0,0.9870435969335208,0.0,0.9766900342207161,1.0,1.006152520863824,27.0,0.8884262729630249,111.0,1.2178126542231738,476.0
1994-09-21 00:00:00-04:00,24.40526973032484,24.40526973032484,23.593693064708333,23.65166282653809,544300,WHR,23.59369468688965,0,0.98669880791203,0.0,0.9609042702525598,1.0,0.9808501422140925,27.0,0.8655924155128174,110.0,1.184944198574431,476.0
1994-09-22 00:00:00-04:00,23.76760398433601,23.76760398433601,23.47775515525874,23.59369468688965,243400,WHR,23.18790054321289,0,0.9987730405123517,0.0,0.971360353712093,0.0,0.9792461890099331,27.0,0.8639605951646194,110.0,1.1811009474840701,476.0
1994-09-23 00:00:00-04:00,23.59368880271912,23.59368880271912,23.12993079185486,23.18790054321289,344400,WHR,23.59369468688965,1,0.9913257737005162,0.0,0.9689920175954263,0.0,0.9633467851646802,27.0,0.8495486426760626,110.0,1.159879961965909,476.0
1994-09-26 00:00:00-04:00,23.88354351596692,23.999483047597824,23.419785389443287,23.59369468688965,244300,WHR,23.941516876220703,1,1.0086742262994837,1.0,0.9970602985790677,1.0,0.9806169534447774,28.0,0.8648491314824356,110.0,1.1792359422242833,476.0
1994-09-27 00:00:00-04:00,23.593698229108536,23.9994866507394,23.41978890555245,23.941516876220703,257700,WHR,24.521211624145508,1,1.0073171482337733,2.0,1.014742199902722,2.0,0.9952115226496193,29.0,0.8779575397123621,111.0,1.1956512789375586,476.0
1994-09-28 00:00:00-04:00,24.347302321846605,24.811060461310348,24.28933255441364,24.521211624145508,490900,WHR,24.231359481811523,0,1.0119616613810842,2.0,1.0317073589205754,3.0,1.0187561524735451,30.0,0.8995515496670183,111.0,1.223568783087629,477.0
1994-09-29 00:00:00-04:00,24.463238519914984,24.52120827944085,23.999480443708062,24.231359481811523,259000,WHR,23.825563430786133,0,0.9940546285917099,1.0,1.01407076445665,3.0,1.0064508740446396,29.0,0.8893034260171111,110.0,1.2080949083817882,477.0
1994-09-30 00:00:00-04:00,23.99947265290866,24.05744239361617,23.767593690078627,23.825563430786133,289800,WHR,23.825563430786133,0,0.9915559293764309,0.0,0.9917950088152273,3.0,0.989654946700106,28.0,0.874834223929148,110.0,1.1868920607796016,477.0
1994-10-03 00:00:00-04:00,23.825563430786133,23.88353317149364,23.70962394937112,23.825563430786133,142800,WHR,23.24587821960449,0,1.0,0.0,0.989884120516134,2.0,0.989950727245002,27.0,0.8752510621278093,110.0,1.1859254999631168,476.0
1994-10-04 00:00:00-04:00,23.883545701937784,23.9994852441802,23.187908448483284,23.24587821960449,262900,WHR,23.303863525390625,1,0.9876849913481067,0.0,0.9714149836706306,1.0,0.966387368986365,27.0,0.8544143767607125,110.0,1.1561811809245148,475.0
1994-10-05 00:00:00-04:00,23.18792390586132,23.36183333515528,23.07198428633201,23.303863525390625,280300,WHR,23.47774887084961,1,1.001245663318688,1.0,0.9838480581485111,1.0,0.9696706969926121,27.0,0.8569770357970043,111.0,1.15818564146427,475.0
1994-10-06 00:00:00-04:00,23.303839619954427,23.5936883714464,23.245869869656037,23.47774887084961,168700,WHR,23.65166282653809,1,1.0037169592186386,2.0,0.9975367392192165,2.0,0.9777079703901899,27.0,0.8637988586645662,111.0,1.165947783477129,475.0
1994-10-07 00:00:00-04:00,23.535723302878583,23.94151163568684,23.535723302878583,23.65166282653809,206500,WHR,23.59369468688965,0,1.0036901363591204,2.0,1.0064133362436414,3.0,0.9856800190692937,27.0,0.8707080461768509,111.0,1.173680461352417,476.0
1994-10-10 00:00:00-04:00,23.70963421852056,23.825573750151463,23.59369468688965,23.59369468688965,187700,WHR,24.34730339050293,1,0.9987730405123517,1.0,1.0059316825358329,3.0,0.9842692482466774,26.0,0.8690840263344195,111.0,1.169894606033281,476.0
1994-10-11 00:00:00-04:00,23.651666150774272,24.40527316048032,23.651666150774272,24.34730339050293,484100,WHR,25.15888023376465,1,1.0157195038450537,1.0,1.0284034998366398,4.0,1.0162141471172261,27.0,0.8972932763592064,111.0,1.2062773396742867,477.0
1994-10-12 00:00:00-04:00,24.405273222154182,25.15888023376465,24.289333681906424,25.15888023376465,442500,WHR,25.042945861816406,0,1.016393443886147,2.0,1.0462874825251216,4.0,1.0498922685328136,28.0,0.9276426234195765,111.0,1.2454044040257628,478.0
1994-10-13 00:00:00-04:00,25.73858324686686,25.73858324686686,25.042945861816406,25.042945861816406,436300,WHR,24.34730339050293,0,0.9976906343660187,1.0,1.0280820782108473,3.0,1.0446089521518414,28.0,0.9238681424052027,110.0,1.2385972432636483,478.0
1994-10-14 00:00:00-04:00,24.753091780344644,24.753091780344644,24.28933362052554,24.34730339050293,273800,WHR,24.231359481811523,0,0.9859153885261915,0.0,0.9938475808136342,2.0,1.0152435201089713,28.0,0.898859393997261,109.0,1.203193027393063,478.0
1994-10-17 00:00:00-04:00,24.52120827944085,24.52120827944085,24.231359481811523,24.231359481811523,460100,WHR,24.34730339050293,1,0.9976132750093152,0.0,0.9839922822330504,2.0,1.0099820647686193,28.0,0.8952165360019488,109.0,1.1964719615988424,478.0
1994-10-18 00:00:00-04:00,24.231363850548156,24.463242930457703,24.17339408057077,24.34730339050293,220500,WHR,24.695127487182617,1,1.0023867249906848,1.0,0.9887005575326642,2.0,1.0141423008995796,29.0,0.9001185924143342,110.0,1.2011955985912677,479.0
1994-10-19 00:00:00-04:00,24.289339007346285,24.81106705285014,24.05745987601124,24.695127487182617,129800,WHR,24.63713836669922,0,1.0070923094645774,2.0,1.0066164283082888,2.0,1.0278244087810828,29.0,0.9135665445314678,110.0,1.2173209934139984,480.0
1994-10-20 00:00:00-04:00,24.695108104032627,24.811047578699448,24.579168629365807,24.63713836669922,295400,WHR,24.521211624145508,0,0.9988245194199035,1.0,1.0075860717167215,2.0,1.0244447653242008,29.0,0.9120557425740256,109.0,1.213441510874889,479.0
1994-10-21 00:00:00-04:00,24.637151159011445,24.69512092644441,24.40527208927957,24.521211624145508,195800,WHR,24.173398971557617,0,0.9976417690468597,0.0,1.0014205238092553,2.0,1.0186651240543474,29.0,0.9083968468254353,109.0,1.2067458013052188,478.0
1994-10-24 00:00:00-04:00,24.579187443502228,24.81106657032772,24.173398971557617,24.173398971557617,355800,WHR,23.999486923217773,0,0.9928572659616138,0.0,0.9876837991129394,2.0,1.003713843242697,28.0,0.8961375350763765,109.0,1.188663860531301,478.0
1994-10-25 00:00:00-04:00,23.651668272156645,24.173396248748336,23.651668272156645,23.999486923217773,144400,WHR,23.767593383789062,0,0.9963898353791857,0.0,0.9833730293959898,1.0,0.9961937386648788,27.0,0.8903577691226915,108.0,1.1791775042574157,477.0
1994-10-26 00:00:00-04:00,24.05744208359137,24.115411823551828,23.767593383789062,23.767593383789062,91300,WHR,23.767593383789062,0,0.9951453273271406,0.0,0.9813304359414234,0.0,0.986351697934989,27.0,0.8824396046593432,108.0,1.1668995998705014,476.0
1994-10-27 00:00:00-04:00,23.7096236438286,23.999472343630902,23.7096236438286,23.767593383789062,101000,WHR,23.941516876220703,1,1.0,0.0,0.9884277996345858,0.0,0.9861746999811757,26.0,0.8831404307320734,107.0,1.1660582789077352,475.0
1994-10-28 00:00:00-04:00,23.767607552664614,23.9994866507394,23.767607552664614,23.941516876220703,377200,WHR,24.11542320251465,1,1.0036454985532905,1.0,1.00048470573742,1.0,0.9930540004051092,27.0,0.8902494359108363,108.0,1.1737497635854683,475.0
1994-10-31 00:00:00-05:00,23.94151390057344,24.11542320251465,23.825574365945965,24.11542320251465,183000,WHR,23.941516876220703,0,1.0036187557095608,2.0,1.0082405631296287,2.0,0.9995689841981937,28.0,0.8972994409824071,109.0,1.181416330236821,476.0
1994-11-01 00:00:00-05:00,23.9994866507394,24.115426199776785,23.709637778145925,23.941516876220703,297700,WHR,24.231359481811523,1,0.9963812442904392,1.0,1.0014551606824025,2.0,0.9917479318987086,28.0,0.8913488256776314,109.0,1.1720517733463323,476.0
1994-11-02 00:00:00-05:00,23.999480443708062,24.52120827944085,23.82557116513047,24.231359481811523,216100,WHR,24.579200744628903,1,1.0060167178608277,1.0,1.009661771785197,3.0,1.002535876221209,29.0,0.9026583807569433,109.0,1.1853642656872254,477.0
1994-11-03 00:00:00-05:00,24.231381866167176,24.579200744628903,23.88356298770545,24.579200744628903,132900,WHR,24.4052791595459,0,1.007126352600824,2.0,1.017275089148473,4.0,1.0158944268894607,29.0,0.9160642286141085,110.0,1.2014687395703536,478.0
1994-11-04 00:00:00-05:00,24.57918851222675,24.69512808068065,24.4052791595459,24.4052791595459,132000,WHR,23.941516876220703,0,0.9964494553086357,1.0,1.0062142249590893,3.0,1.0078830841302167,28.0,0.9100204302020516,110.0,1.192076718678146,477.0
1994-11-07 00:00:00-05:00,24.46324484688895,24.46324484688895,23.709637778145925,23.941516876220703,87400,WHR,23.941516876220703,0,0.9904075901331267,0.0,0.9885111337433022,2.0,0.9883575163025151,27.0,0.893212310276717,110.0,1.168578440273084,477.0
1994-11-08 00:00:00-05:00,23.941516876220703,24.34730529785156,23.941516876220703,23.941516876220703,93100,WHR,24.05746459960937,1,1.0,0.0,0.9885111337433022,2.0,0.9878671262280476,27.0,0.8937655735780801,109.0,1.1677368218808566,476.0
1994-11-09 00:00:00-05:00,24.17340418804123,24.28934377647308,23.94152501117752,24.05746459960937,96400,WHR,23.941516876220703,0,1.0024156288284378,1.0,0.994726852405732,2.0,0.9921192670877776,27.0,0.8986655817016672,109.0,1.1725676802616007,476.0
1994-11-10 00:00:00-05:00,23.941516876220703,24.05745642525809,23.883547101702007,23.941516876220703,78900,WHR,23.65166282653809,0,0.9975843711715621,1.0,0.9951806214474753,1.0,0.9869654551239964,26.0,0.894881421141264,109.0,1.1661161402771718,475.0
1994-11-11 00:00:00-05:00,23.82557211202733,23.82557211202733,23.593693064708333,23.65166282653809,153500,WHR,23.999486923217773,1,0.9939097565766171,0.0,0.989330505487045,1.0,0.9747660115799875,26.0,0.88463428312236,108.0,1.1512132992967086,475.0
1994-11-14 00:00:00-05:00,23.709638047333502,23.999486923217773,23.59369849697979,23.999486923217773,158100,WHR,24.579200744628903,1,1.007299385188108,1.0,1.0033931007785493,2.0,0.9884544399973934,27.0,0.8981705504353843,109.0,1.167333964534737,475.0
1994-11-15 00:00:00-05:00,24.115442240013262,24.92701962309064,24.115442240013262,24.579200744628903,734400,WHR,24.28933525085449,0,1.0119335010730401,2.0,1.0221798766509849,3.0,1.011187403045854,28.0,0.9203106237615276,110.0,1.1946608069159979,476.0
1994-11-16 00:00:00-05:00,24.46324457245965,24.63715389406482,24.231365476986102,24.28933525085449,337400,WHR,23.883560180664062,0,0.9940684637288663,1.0,1.0081808384057833,2.0,0.9984908209928388,27.0,0.9100216472925736,109.0,1.1797327465368763,475.0
1994-11-17 00:00:00-05:00,24.28934882451029,24.28934882451029,23.883560180664062,23.883560180664062,95200,WHR,23.47774887084961,0,0.9915766933551405,0.0,0.9918154613274341,2.0,0.9816151924638896,26.0,0.8952461822762071,109.0,1.1592348056562694,474.0
1994-11-18 00:00:00-05:00,23.76759762234158,23.825567372639973,23.47774887084961,23.47774887084961,254800,WHR,23.18790054321289,0,0.9914315858674205,0.0,0.9763735889618808,2.0,0.9651279529074989,25.0,0.8805013436536592,109.0,1.1387940959585274,473.0
1994-11-21 00:00:00-05:00,23.535719051361085,23.535719051361085,23.12993079185486,23.18790054321289,272600,WHR,22.49227523803711,0,0.9937888290150019,0.0,0.9708733165497754,1.0,0.9538189430468375,24.0,0.8701184395296656,109.0,1.1240398591106526,472.0
1994-11-22 00:00:00-05:00,23.1879126165331,23.1879126165331,22.260396111871778,22.49227523803711,419100,WHR,22.84009552001953,1,0.9847718338802603,0.0,0.9584981687679136,0.0,0.9267886653247619,23.0,0.8445479924511473,109.0,1.0896908744595617,471.0
1994-11-23 00:00:00-05:00,22.66618616326811,23.12994444793856,22.608216377684307,22.84009552001953,479000,WHR,23.09908103942871,1,1.0076726691361184,1.0,0.9854929252123789,1.0,0.9429599529039271,23.0,0.8581342260761892,109.0,1.1058746430741926,472.0
1994-11-25 00:00:00-05:00,22.92408800125122,23.09908103942871,22.86575698852539,23.09908103942871,59800,WHR,22.865753173828125,0,1.0056375742624388,2.0,1.0034605909393288,2.0,0.9551965755632542,24.0,0.8683859697414097,109.0,1.1177376276965107,472.0
1994-11-28 00:00:00-05:00,23.099077185805964,23.099077185805964,22.865753173828125,22.865753173828125,230700,WHR,22.924076080322266,1,0.9949237744550966,1.0,0.9986344106101566,2.0,0.9470826030231192,24.0,0.860323551237599,108.0,1.1057794558506187,472.0
1994-11-29 00:00:00-05:00,22.924076080322266,23.04073804510762,22.80741411553691,22.924076080322266,269500,WHR,23.274078369140625,1,1.0012737087568164,1.0,1.0034940892476523,3.0,0.9509653797112627,25.0,0.863244896829652,108.0,1.1079113496728776,473.0
1994-11-30 00:00:00-05:00,23.040754275214404,23.332409392622186,22.982423251732847,23.274078369140625,76700,WHR,22.74909782409668,0,1.0075761097599956,2.0,1.0118893129926083,4.0,0.9668608152879237,25.0,0.8770876714928352,109.0,1.1241038935791272,474.0
1994-12-01 00:00:00-05:00,23.27407700465276,23.332408024714542,22.690766804034894,22.74909782409668,315900,WHR,21.699148178100582,0,0.9885931265838822,1.0,0.9898479141576909,3.0,0.9467835605820873,24.0,0.8579983653264731,109.0,1.098050752795831,474.0
1994-12-02 00:00:00-05:00,21.932472352058657,22.224127569506244,21.465824004142515,21.699148178100582,1084700,WHR,22.2241153717041,1,0.9763781534608993,0.0,0.9558072631452659,2.0,0.9054776620574415,23.0,0.819185266000908,109.0,1.0468003382581943,473.0
1994-12-05 00:00:00-05:00,22.16578436022981,22.399108406126967,22.107453348755524,22.2241153717041,461600,WHR,21.99078941345215,0,1.011951916847168,1.0,0.9844960488389872,3.0,0.929280594007783,24.0,0.8397370066261954,110.0,1.0715109737247173,474.0
1994-12-06 00:00:00-05:00,22.165782432657338,22.165782432657338,21.87412740064869,21.99078941345215,273500,WHR,21.932462692260746,0,0.9947229116655186,1.0,0.9822821941888461,2.0,0.9212232472580791,24.0,0.8317128088110489,109.0,1.0596632161303385,474.0
1994-12-07 00:00:00-05:00,21.932462692260746,22.10745574565644,21.81580065666361,21.932462692260746,239000,WHR,21.349157333374023,0,0.9986720764425407,0.0,0.9915611479610577,1.0,0.9207048306183743,23.0,0.8303271029017134,108.0,1.0562463226358274,474.0
1994-12-08 00:00:00-05:00,21.93246764302905,22.049129704960052,21.29082630240852,21.349157333374023,390200,WHR,21.174152374267575,0,0.9865230238946407,0.0,0.9775642545628095,1.0,0.8984672854917889,23.0,0.8090597248997191,108.0,1.0275812538580271,474.0
1994-12-09 00:00:00-05:00,21.05749037771514,21.349145369096235,20.9408283811627,21.174152374267575,298200,WHR,21.174152374267575,0,0.9958844934622997,0.0,0.9742348590599775,1.0,0.8936362753593807,22.0,0.8031691507812653,108.0,1.0185827314517568,474.0
1994-12-12 00:00:00-05:00,21.46580736564868,21.46580736564868,21.05749037771514,21.174152374267575,204600,WHR,21.64080238342285,1,1.0,0.0,0.9837396329368954,0.0,0.8960381368446055,22.0,0.803919000853306,107.0,1.0180261989580421,473.0
1994-12-13 00:00:00-05:00,21.057492346133824,21.64080238342285,20.82416833121821,21.64080238342285,521000,WHR,21.64080238342285,0,1.0108992292949102,1.0,1.0087002743828741,1.0,0.9179130956052963,23.0,0.8224598648309566,107.0,1.0398732627308869,473.0
1994-12-14 00:00:00-05:00,21.81579539460956,22.04911940952517,21.465809372236144,21.64080238342285,328000,WHR,22.69076919555664,1,1.0,1.0,1.0114503248573965,1.0,0.9196349554321226,23.0,0.8233422529609428,106.0,1.0392772015976905,473.0
1994-12-15 00:00:00-05:00,21.932465854831097,22.865762274185613,21.87413482862144,22.69076919555664,440300,WHR,22.632444381713867,0,1.0236844031180625,1.0,1.0473886180176546,2.0,0.9649104136583224,24.0,0.8641306339748759,106.0,1.0890079193271542,474.0
1994-12-16 00:00:00-05:00,22.632444381713867,22.74910646615569,22.39912021283022,22.632444381713867,386600,WHR,22.924076080322266,1,0.998713135957508,1.0,1.0308187548858023,2.0,0.9630863158204869,24.0,0.8628181611915798,105.0,1.0855324773317911,473.0
1994-12-19 00:00:00-05:00,22.515759203573523,23.04073804510762,22.515759203573523,22.924076080322266,265400,WHR,23.09908103942871,1,1.0064015358427434,1.0,1.0277191484155468,3.0,0.9756787809104502,25.0,0.8748270852861292,105.0,1.0988151884946835,474.0
1994-12-20 00:00:00-05:00,22.86575698852539,23.09908103942871,22.86575698852539,23.09908103942871,202100,WHR,23.44906997680664,1,1.0038025413739238,2.0,1.022199264290942,3.0,0.9834722796889275,25.0,0.8824585910112858,105.0,1.1064877179476467,474.0
1994-12-21 00:00:00-05:00,23.04075283790702,23.62406303633505,23.04075283790702,23.44906997680664,466600,WHR,23.624053955078125,1,1.007518857994077,2.0,1.0213415201494462,4.0,0.9987224926146904,25.0,0.8967899086048715,105.0,1.1225025190713813,475.0
1994-12-22 00:00:00-05:00,23.507391960238238,23.74071594991802,23.449060962818287,23.624053955078125,444600,WHR,23.974027633666992,1,1.0037172799180418,2.0,1.020665088404679,4.0,1.0068164491971654,25.0,0.9043881574346883,106.0,1.1301174535079155,475.0
1994-12-23 00:00:00-05:00,23.68237279627445,24.32401343853804,23.68237279627445,23.974027633666992,384000,WHR,24.090707778930664,1,1.00735268453911,2.0,1.0239157948285458,5.0,1.0219185143356013,26.0,0.9186661854817476,106.0,1.1460425482671275,476.0
1994-12-27 00:00:00-05:00,23.974045755788143,24.324031825215705,23.974045755788143,24.090707778930664,193400,WHR,23.857385635375977,0,1.0024275624168544,2.0,1.0187470895605466,5.0,1.0266987331964563,27.0,0.9239987870890798,107.0,1.1507971336194085,476.0
1994-12-28 00:00:00-05:00,24.09070970026963,24.09070970026963,23.799054619152564,23.857385635375977,280200,WHR,23.7407169342041,0,0.995133859827572,1.0,1.002451217248814,4.0,1.016732019358301,27.0,0.9159613679360976,106.0,1.1388359161649553,476.0
1994-12-29 00:00:00-05:00,23.79904793404244,23.91570993371912,23.507392934850746,23.7407169342041,209000,WHR,23.44906997680664,0,0.9975488791595983,0.0,0.9951100472418867,3.0,1.011404455725573,27.0,0.9123434454173062,106.0,1.1324427595913542,476.0
1994-12-30 00:00:00-05:00,23.62406303633505,23.91571813554906,23.44906997680664,23.44906997680664,141700,WHR,23.50739860534668,1,0.9938197017514099,0.0,0.9843293747288985,2.0,0.9988766963049682,26.0,0.9020126409764746,106.0,1.1177479294919848,475.0
1995-01-03 00:00:00-05:00,23.50739860534668,23.740722660982875,23.390736577528585,23.50739860534668,159000,WHR,23.21573638916016,0,1.001242185162157,1.0,0.990658828451334,2.0,1.0013402839488335,26.0,0.905113257183258,107.0,1.1197607687694593,475.0
1995-01-04 00:00:00-05:00,23.390729377018147,23.390729377018147,23.15740539320749,23.21573638916016,365800,WHR,23.274078369140625,1,0.9937576488345483,1.0,0.9856362301295224,1.0,0.9892225519685273,25.0,0.8947399198697449,107.0,1.1051260042043884,475.0
1995-01-05 00:00:00-05:00,23.274078369140625,23.332409392622186,22.982423251732847,23.274078369140625,410500,WHR,23.44906997680664,1,1.0012549411152483,1.0,0.9930315783573166,2.0,0.9919336537512587,26.0,0.8978881984098288,107.0,1.107154911848504,476.0
1995-01-06 00:00:00-05:00,23.33240793712104,23.44906997680664,23.274076917278236,23.44906997680664,192900,WHR,23.50739860534668,1,1.0037452871619512,2.0,1.0029941016202977,3.0,1.000029798461266,26.0,0.9055310318958847,107.0,1.11471989999177,476.0
1995-01-09 00:00:00-05:00,23.390736577528585,23.50739860534668,23.157412521892383,23.50739860534668,180800,WHR,23.44906997680664,0,1.001242185162157,2.0,1.0049875392653558,4.0,1.003695513205151,26.0,0.9086631300731463,108.0,1.116746056780665,476.0
1995-01-10 00:00:00-05:00,23.507400996649444,23.91571813554906,23.44906997680664,23.44906997680664,157800,WHR,23.21573638916016,0,0.9987578148378431,1.0,1.0029941016202977,3.0,1.0023419405377656,26.0,0.9074079562373171,107.0,1.1132315810214435,476.0
1995-01-11 00:00:00-05:00,23.565722364876137,23.624053360828803,23.21573638916016,23.21573638916016,266000,WHR,23.274078369140625,1,0.9949997952243375,0.0,0.993013654107846,3.0,0.99316863169912,26.0,0.8993869943860072,107.0,1.1014340058570973,475.0
1995-01-12 00:00:00-05:00,22.982423251732847,23.390740416103736,22.982423251732847,23.274078369140625,70000,WHR,23.3907413482666,1,1.0012549411152483,1.0,0.9955091331121363,3.0,0.9963445462113364,27.0,0.9026841122906427,107.0,1.1034970492660663,475.0
1995-01-13 00:00:00-05:00,23.33241032246045,23.449072374072752,23.21574827084815,23.3907413482666,128000,WHR,23.3323917388916,0,1.0025000199257699,2.0,1.0009986736047343,3.0,1.0020226690022358,27.0,0.908172584338017,108.0,1.1083202613007421,475.0
1995-01-16 00:00:00-05:00,23.39072271823883,23.507384676933288,23.3323917388916,23.3323917388916,228200,WHR,23.624053955078125,1,0.99875116231469,1.0,0.9999994931700247,2.0,1.0004965040385119,26.0,0.906862581394657,108.0,1.104880511350511,474.0
1995-01-17 00:00:00-05:00,23.449060962818287,23.799046947337963,23.3323989679784,23.624053955078125,196200,WHR,23.3907413482666,0,1.0062113350334771,1.0,1.0109834038453358,3.0,1.01373699028275,27.0,0.9191182426275357,109.0,1.1180105038662729,474.0
1995-01-18 00:00:00-05:00,23.507403399878903,23.79905852890966,23.3907413482666,23.3907413482666,369700,WHR,23.565732955932617,1,0.9950374641576941,1.0,0.9995017603754947,3.0,1.004537427703347,27.0,0.9109864228140873,109.0,1.1062881474556292,474.0
1995-01-19 00:00:00-05:00,23.332408867260018,23.565732955932617,23.332408867260018,23.565732955932617,254300,WHR,23.565732955932617,0,1.0037266768908664,1.0,1.0044755928945561,3.0,1.0124929874596298,28.0,0.9187148106014207,110.0,1.113861982733237,475.0
1995-01-20 00:00:00-05:00,23.565732955932617,23.91571908894152,23.565732955932617,23.565732955932617,183400,WHR,23.3323917388916,0,1.0,1.0,1.0029793653294465,2.0,1.0128075668156047,28.0,0.9196379019997808,109.0,1.1131658196759744,474.0
1995-01-23 00:00:00-05:00,23.39072271823883,23.507384676933288,23.215729780197144,23.3323917388916,250400,WHR,23.3323917388916,0,0.995024508579833,0.0,0.993048147564625,2.0,1.0030917315650403,28.0,0.9114240678245701,109.0,1.1014645631733269,474.0
1995-01-24 00:00:00-05:00,23.3323917388916,23.44905369758606,23.215729780197144,23.3323917388916,190600,WHR,23.565732955932617,1,1.0,0.0,0.9955197070924772,1.0,1.0034046252280473,28.0,0.9123749522730794,108.0,1.1007891202035462,473.0
1995-01-25 00:00:00-05:00,23.274077845091867,23.68239500026892,23.274077845091867,23.565732955932617,175500,WHR,23.3907413482666,0,1.004975491420167,1.0,1.0039764361913028,2.0,1.0137124505991078,28.0,0.9225599020407758,108.0,1.1111097381750645,473.0
1995-01-26 00:00:00-05:00,23.56573442568505,23.915720580521963,23.33241032246045,23.3907413482666,185000,WHR,23.565732955932617,1,0.9962733231091337,1.0,0.9980093012448475,1.0,1.00670798393413,27.0,0.9167403058177398,108.0,1.1021886697363987,472.0
1995-01-27 00:00:00-05:00,23.50740193376447,23.74072602243707,23.44907091159632,23.565732955932617,122700,WHR,23.21573638916016,0,1.0037266768908664,1.0,1.0054756422850992,2.0,1.0145128682892381,28.0,0.9246640185379033,108.0,1.1097671883621387,472.0
1995-01-30 00:00:00-05:00,23.565722364876137,23.624053360828803,23.15740539320749,23.21573638916016,240700,WHR,23.274078369140625,1,0.9925184785413508,1.0,0.9915294217011109,2.0,1.0001742386478112,27.0,0.9121393812851547,107.0,1.0926141186716163,472.0
1995-01-31 00:00:00-05:00,23.09908529869596,23.390740416103736,23.040754275214404,23.274078369140625,291500,WHR,23.565732955932617,1,1.0012549411152483,1.0,0.9945165448672579,3.0,1.0036282281666156,27.0,0.9157529549522223,107.0,1.0946797430320008,473.0
1995-02-01 00:00:00-05:00,23.39073988942817,23.68239500026892,23.274077845091867,23.565732955932617,334900,WHR,23.68238639831543,1,1.0062266388044965,2.0,1.0069791355379007,3.0,1.0168185320692869,28.0,0.9286110935302543,107.0,1.1076945009905503,474.0
1995-02-02 00:00:00-05:00,23.799048400277574,23.799048400277574,23.56572439635329,23.68238639831543,288100,WHR,23.974027633666992,1,1.002468954192826,2.0,1.0094478284506545,4.0,1.022042373769463,29.0,0.9344243271610307,108.0,1.1124550786170517,475.0
1995-02-03 00:00:00-05:00,23.857365698709973,24.0323586011455,23.799034731231465,23.974027633666992,355400,WHR,24.382362365722656,1,1.006119663874748,2.0,1.0183343849690663,4.0,1.034604315054783,30.0,0.9470286081768837,109.0,1.1254002915781314,476.0
1995-02-06 00:00:00-05:00,24.20736933438972,24.557355397055595,24.090707313501092,24.382362365722656,205800,WHR,24.499027252197266,1,1.008444276590143,2.0,1.0255153107379469,5.0,1.0519802573459922,30.0,0.9642322882068929,109.0,1.1437917385303806,476.0
1995-02-07 00:00:00-05:00,24.324034200395857,24.674020303998677,24.324034200395857,24.499027252197266,231000,WHR,24.615692138671875,1,1.0023866933282077,2.0,1.0199128162478703,5.0,1.0565901948147671,31.0,0.9698740650555852,110.0,1.1484908259584174,476.0
1995-02-08 00:00:00-05:00,24.499030090621297,24.90734725879832,24.499030090621297,24.615692138671875,419200,WHR,24.907346725463867,1,1.002375354841105,2.0,1.0158886451625335,5.0,1.0608865671059664,32.0,0.9754568700912021,111.0,1.15318015486619,476.0
1995-02-09 00:00:00-05:00,24.44069854325377,24.907346725463867,24.44069854325377,24.907346725463867,328800,WHR,24.732364654541016,0,1.0058892708016594,2.0,1.017636090371624,5.0,1.0727567290264097,32.0,0.9879730985577954,111.0,1.1660568832154903,476.0
1995-02-10 00:00:00-05:00,24.96568884939518,25.082350946822256,24.38237836225977,24.732364654541016,172900,WHR,24.732364654541016,0,0.9964749579306914,1.0,1.0042637957570162,4.0,1.0651031664520352,31.0,0.9821913381390276,110.0,1.15711173196203,475.0
1995-02-13 00:00:00-05:00,24.615702557113934,24.732364654541016,24.499040459686857,24.732364654541016,287300,WHR,24.732364654541016,0,1.0,0.0,1.0014173810785765,3.0,1.0647645867380116,31.0,0.9833263879793059,110.0,1.1563738310792995,474.0
1995-02-14 00:00:00-05:00,25.1406819955358,25.1406819955358,24.615702557113934,24.732364654541016,197800,WHR,24.848995208740234,1,1.0,0.0,0.9995286979271605,2.0,1.0641164993888947,31.0,0.9844640642502089,110.0,1.1556340045473878,474.0
1995-02-15 00:00:00-05:00,24.732333259403426,24.90732618340864,24.732333259403426,24.848995208740234,229100,WHR,24.732364654541016,0,1.00235230648213,1.0,1.002352013429578,2.0,1.0680843082061344,32.0,0.9901887707517057,111.0,1.1603435780288835,474.0
1995-02-16 00:00:00-05:00,24.79069570325456,24.79069570325456,24.732364654541016,24.732364654541016,86900,WHR,25.02401161193848,1,0.99764769351787,1.0,0.9990577475271882,1.0,1.061896265270352,32.0,0.9865762963097178,111.0,1.1541966469292482,473.0
1995-02-17 00:00:00-05:00,24.790687494344645,25.082342641336936,24.732356464946182,25.02401161193848,130500,WHR,25.02401161193848,0,1.0058614991541084,1.0,1.0084626132223107,2.0,1.0724752792924768,33.0,0.9991493096828087,112.0,1.1670743496320655,474.0
1995-02-21 00:00:00-05:00,25.02401161193848,25.140673670735392,24.61569440614927,25.02401161193848,245600,WHR,25.25731468200684,1,1.0,1.0,1.0060976170869533,2.0,1.0708048604151792,32.0,1.0001675893128301,111.0,1.166348319352275,473.0
1995-02-22 00:00:00-05:00,25.082321739637276,25.31564566279669,24.965659778057564,25.25731468200684,210200,WHR,25.432315826416016,1,1.0046399545768636,1.0,1.0112091653144406,3.0,1.0791271405352292,32.0,1.0104103438097496,112.0,1.1764718904161107,474.0
1995-02-23 00:00:00-05:00,25.373984826814144,25.54897782561976,25.2573228276104,25.432315826416016,404800,WHR,25.490657806396484,1,1.0034524052089924,2.0,1.0134817924392419,3.0,1.084621845130194,33.0,1.018336766361791,112.0,1.1838502016363746,475.0
1995-02-24 00:00:00-05:00,25.43232678166789,25.490657806396484,25.199002682753505,25.490657806396484,221200,WHR,25.532915115356445,1,1.0011456907524912,2.0,1.009704459153053,4.0,1.0851303747252599,33.0,1.0215832730486565,113.0,1.1857917660940802,475.0
1995-02-27 00:00:00-05:00,25.474218758769418,25.76770054170455,25.35682604559537,25.532915115356445,190100,WHR,25.532915115356445,0,1.0008281918834803,2.0,1.0073171919894233,4.0,1.085190093864972,33.0,1.0241646067284802,114.0,1.1869748591438185,476.0
1995-02-28 00:00:00-05:00,25.474218758769418,25.59161147194347,25.474218758769418,25.532915115356445,108200,WHR,25.591609954833984,1,1.0,1.0,1.0032885642095264,4.0,1.08305436972821,33.0,1.0250162206090376,114.0,1.1861961538567214,475.0
1995-03-01 00:00:00-05:00,25.53291360172657,25.650306307941403,25.53291360172657,25.591609954833984,147100,WHR,25.474214553833008,0,1.0011480759849984,1.0,1.0029599837820578,4.0,1.082565041230745,34.0,1.0283030333854497,114.0,1.1881373333965628,476.0
1995-03-02 00:00:00-05:00,25.474214553833008,25.53291090073124,25.29812551313831,25.474214553833008,225100,WHR,25.23942756652832,0,0.9977010965331412,1.0,0.9980313804725861,3.0,1.0751354623563607,33.0,1.0245993185506546,113.0,1.181903742228342,476.0
1995-03-03 00:00:00-05:00,25.356820252884265,25.356820252884265,25.180731223350342,25.23942756652832,199400,WHR,25.063344955444336,0,0.9953703386803209,0.0,0.9907832731573473,2.0,1.0627976726532595,33.0,1.0162379085536652,112.0,1.1702367173985107,476.0
1995-03-06 00:00:00-05:00,25.122041313653806,25.18073767186328,24.94595223902539,25.063344955444336,108500,WHR,24.41768264770508,0,0.9964995446124352,0.0,0.987511674668217,1.0,1.0530691813197104,33.0,1.0102255292425537,112.0,1.1613289134332911,475.0
1995-03-07 00:00:00-05:00,24.945949820371776,25.004646172890297,24.300289942668037,24.41768264770508,303900,WHR,24.41768264770508,0,0.9869513157059383,0.0,0.9706019889508191,1.0,1.0237410195537935,33.0,0.9853372275151914,112.0,1.1307274547367558,474.0
1995-03-08 00:00:00-05:00,24.535075352742123,24.593771705260643,24.300289942668037,24.41768264770508,359700,WHR,24.2415828704834,0,1.0,0.0,0.9797456746087926,0.0,1.0214259754801507,33.0,0.986448793905991,112.0,1.1300551745330016,473.0
1995-03-09 00:00:00-05:00,24.41767185017214,24.41767185017214,24.182886543920485,24.2415828704834,210000,WHR,24.94594383239746,1,0.9963809610493226,0.0,0.9823973800285738,0.0,1.0118954528202608,33.0,0.9804230820486857,112.0,1.1212807690019237,472.0
1995-03-10 00:00:00-05:00,24.241587771247417,25.004640170826637,24.182891432818245,24.94594383239746,158100,WHR,24.76986312866211,0,1.0143199101302405,1.0,1.0133522825047425,1.0,1.03890812446549,33.0,1.009926974609312,112.0,1.153175477498603,473.0
1995-03-13 00:00:00-05:00,24.88725584491169,25.004648561161275,24.76986312866211,24.76986312866211,67400,WHR,24.88726043701172,1,0.996458255140598,1.0,1.0086044206375617,1.0,1.0293393786782872,33.0,1.003838746724671,112.0,1.1443852845536941,472.0
1995-03-14 00:00:00-05:00,24.8285640680565,25.063349543877365,24.769867699101283,24.88726043701172,124900,WHR,24.828548431396484,0,1.002364158451392,1.0,1.0095241526022096,2.0,1.0326469953162676,33.0,1.0095871146315931,113.0,1.149130324161177,473.0
1995-03-15 00:00:00-05:00,24.887244763385603,25.063333759352957,24.652459435429133,24.828548431396484,213500,WHR,25.12202835083008,1,0.9988190475635097,1.0,1.003796646823783,2.0,1.0286486335754568,33.0,1.0083178558072428,112.0,1.1457573197779811,472.0
1995-03-16 00:00:00-05:00,24.71115405537257,25.180724678752576,24.71115405537257,25.12202835083008,121900,WHR,25.356836318969727,1,1.0058754060180948,1.0,1.008482269473571,3.0,1.0392303005730046,33.0,1.0212396887684354,113.0,1.158604321325505,473.0
1995-03-17 00:00:00-05:00,25.23944355823376,25.356836318969727,25.18074717786577,25.356836318969727,269700,WHR,25.180740356445312,0,1.0046516095335267,2.0,1.0145612905590113,3.0,1.0473134011271847,33.0,1.031779340601653,113.0,1.1687304199672721,473.0
1995-03-20 00:00:00-05:00,25.23943672091255,25.29813308537979,24.94595489857636,25.180740356445312,99900,WHR,24.6524715423584,0,0.9965155439950076,1.0,1.0042136482039226,3.0,1.0388018028283392,32.0,1.025623216389832,113.0,1.1599090126237093,473.0
1995-03-21 00:00:00-05:00,25.18073878969465,25.356827872140062,24.593775181543258,24.6524715423584,290700,WHR,24.88726043701172,1,0.9893992621796149,0.0,0.9849907471038442,2.0,1.0162900733651108,31.0,1.0051174916266168,113.0,1.1349301423063483,472.0
1995-03-22 00:00:00-05:00,24.59377859223564,24.88726043701172,24.241600378504337,24.88726043701172,268900,WHR,24.711162567138672,0,1.0047394058318906,1.0,0.9939054404056276,3.0,1.0253258156802059,31.0,1.015616847704625,114.0,1.1450679522487475,473.0
1995-03-23 00:00:00-05:00,24.88725161156009,24.88725161156009,24.476377174576783,24.711162567138672,207900,WHR,24.94594383239746,1,0.996449526835595,1.0,0.990122017088916,2.0,1.0176372433681216,30.0,1.0092490801695417,114.0,1.1363119502034118,472.0
1995-03-24 00:00:00-05:00,24.71115847868078,25.47421087826,24.65246214025161,24.94594383239746,245200,WHR,24.94594383239746,0,1.0047280496646294,1.0,1.0028312211108805,2.0,1.026538870683458,31.0,1.0196838254613276,114.0,1.146436548112192,473.0
1995-03-27 00:00:00-05:00,24.94594383239746,25.0633365092558,24.82855115553912,24.94594383239746,131200,WHR,25.356836318969727,1,1.0,1.0,1.0047279184518725,2.0,1.0256910391107523,31.0,1.0202632344654967,114.0,1.1457574291423305,473.0
1995-03-28 00:00:00-05:00,25.0633544171298,25.356836318969727,24.945961656393827,25.356836318969727,192400,WHR,25.70900535583496,1,1.0081683852330992,1.0,1.0155152492761497,3.0,1.041224278375047,32.0,1.0376076075924947,114.0,1.1639124483011076,474.0
1995-03-29 00:00:00-05:00,25.47421991879537,26.061183511394344,25.41552355953548,25.70900535583496,394900,WHR,25.70900535583496,0,1.006896371925247,2.0,1.0228866096358276,3.0,1.0540970989812355,32.0,1.0523964829282333,115.0,1.1793609608989624,474.0
1995-03-30 00:00:00-05:00,25.59161263731517,25.76770171509486,25.59161263731517,25.70900535583496,168300,WHR,25.70900535583496,0,1.0,1.0,1.0148286137497466,3.0,1.0523042053256388,32.0,1.0526661171454177,115.0,1.178659657352843,473.0
1995-03-31 00:00:00-05:00,25.59161263731517,25.76770171509486,25.35682720027558,25.70900535583496,139300,WHR,25.767709732055664,1,1.0,0.0,1.0087517252117961,2.0,1.0505591418442894,31.0,1.053005080565811,114.0,1.1779477281550745,473.0
1995-04-03 00:00:00-04:00,25.709013354533894,25.94379886462097,25.709013354533894,25.767709732055664,144000,WHR,25.767709732055664,0,1.001140406417163,1.0,1.0045768373659696,3.0,1.0512978726785196,31.0,1.0556996750262866,115.0,1.1799072705750715,474.0
1995-04-04 00:00:00-04:00,25.650316977012128,25.82640610957743,25.298138711881528,25.767709732055664,274900,WHR,25.826400756835938,1,1.0,1.0,1.0013687998982332,2.0,1.0496845332911087,30.0,1.0561288535212274,114.0,1.1791722415562982,474.0
1995-04-05 00:00:00-04:00,25.76770439147949,25.826400756835938,25.591615295410158,25.826400756835938,213700,WHR,25.70900535583496,0,1.0011375527986457,1.0,1.0027346895007712,2.0,1.0503800133107624,31.0,1.0588751003608519,115.0,1.1811907618149424,474.0
1995-04-06 00:00:00-04:00,25.82639807435476,26.00248715213445,25.650308996575063,25.70900535583496,139200,WHR,25.88509750366211,1,0.9977220437393213,1.0,0.9981767008720082,2.0,1.0438413024884403,31.0,1.054401785314822,115.0,1.1751558504042217,474.0
1995-04-07 00:00:00-04:00,25.650312038776285,25.88509750366211,25.532919306333373,25.88509750366211,107600,WHR,25.88509750366211,0,1.003413028584036,1.0,1.0036412785597548,3.0,1.0491373212897876,31.0,1.0619255799786445,116.0,1.1825001428967488,475.0
1995-04-10 00:00:00-04:00,25.82640113744065,26.00249023610502,25.82640113744065,25.88509750366211,297000,WHR,25.826400756835938,0,1.0,1.0,1.0027285010660605,2.0,1.0473725398468787,30.0,1.0622075081962745,116.0,1.1817732118921136,475.0
1995-04-11 00:00:00-04:00,25.76770439147949,25.88509712219238,25.591615295410158,25.826400756835938,152200,WHR,25.826400756835938,0,0.9988649188516936,0.0,1.000000014770534,2.0,1.0432429079531316,30.0,1.0600207101599717,116.0,1.1783693472201389,475.0
1995-04-12 00:00:00-04:00,25.709008026123048,25.943793487548827,25.709008026123048,25.826400756835938,397900,WHR,25.23942756652832,0,1.0,0.0,1.000000014770534,1.0,1.0416983720846598,29.0,1.060172829895759,116.0,1.177668948532658,474.0
1995-04-13 00:00:00-04:00,25.532909282418185,25.532909282418185,24.945945850638456,25.23942756652832,559300,WHR,25.474214553833008,1,0.988505558225929,0.0,0.9808391123331722,1.0,1.0167594283672645,29.0,1.0362676915485347,116.0,1.1502671067649306,473.0
1995-04-17 00:00:00-04:00,25.239429166240075,25.53291090073124,25.12203647244361,25.474214553833008,225400,WHR,25.474214553833008,0,1.0046296613196792,1.0,0.9931348320595619,1.0,1.0249044361868,29.0,1.0458621878348948,117.0,1.1603387652387436,473.0
1995-04-18 00:00:00-04:00,25.474214553833008,25.708999941425937,25.41551820693477,25.474214553833008,123600,WHR,25.767709732055664,1,1.0,1.0,0.9963267912934937,1.0,1.0235945087328375,29.0,1.0456988534916845,117.0,1.159724882417453,472.0
1995-04-19 00:00:00-04:00,25.59162059949036,26.0611916196645,25.415531466925064,25.767709732055664,95400,WHR,26.35465812683105,1,1.0057276377168272,1.0,1.0082686275743735,2.0,1.0337017317765473,30.0,1.057550402398959,117.0,1.172458918777757,472.0
1995-04-20 00:00:00-04:00,25.826391037429097,26.41335447009794,25.826391037429097,26.35465812683105,186900,WHR,26.4720516204834,1,1.011260969500934,2.0,1.0269897906708234,3.0,1.0551157833437275,31.0,1.081375637051958,117.0,1.198440584516019,473.0
1995-04-21 00:00:00-04:00,26.64814065565291,26.882926035878928,26.4720516204834,26.4720516204834,394600,WHR,26.530738830566406,1,1.0022222374668774,2.0,1.0217488618330632,4.0,1.057764389338899,31.0,1.0860289264939458,117.0,1.2030565992492823,473.0
1995-04-24 00:00:00-04:00,26.530738830566406,26.530738830566406,26.17856088148809,26.530738830566406,176500,WHR,26.35465812683105,0,1.001107247554017,2.0,1.0157299475794987,4.0,1.0578972076886746,32.0,1.0883031700183012,117.0,1.2050091025409642,473.0
1995-04-25 00:00:00-04:00,26.53074715663171,26.53074715663171,25.943783723962863,26.35465812683105,196100,WHR,26.00248336791992,0,0.9966705231715061,1.0,1.0022320855424134,4.0,1.048931957989099,31.0,1.0810094611969552,116.0,1.1963006338950317,473.0
1995-04-26 00:00:00-04:00,26.354661472225835,26.354661472225835,25.767697965049315,26.00248336791992,97400,WHR,25.88509750366211,0,0.9932736060667781,0.0,0.9870768057502695,3.0,1.0330055966786185,31.0,1.0667062340834677,115.0,1.1796356085747504,472.0
1995-04-27 00:00:00-04:00,25.7677047712192,25.88509750366211,25.70900840499774,25.88509750366211,135000,WHR,25.70900535583496,0,0.9977376886282608,0.0,0.9861362983513751,2.0,1.0265674485893699,30.0,1.061992818393064,115.0,1.1736328908087306,472.0
1995-04-28 00:00:00-04:00,25.76770171509486,26.00248715213445,25.59161263731517,25.70900535583496,115700,WHR,25.767709732055664,1,0.9965869714159642,0.0,0.985155372731451,1.0,1.0181415213317806,29.0,1.0548605188229068,115.0,1.1649471627672496,472.0
1995-05-01 00:00:00-04:00,25.650316977012128,25.767709732055664,25.650316977012128,25.767709732055664,123200,WHR,25.356836318969727,0,1.001140406417163,1.0,0.9932129777623736,1.0,1.019063722366079,29.0,1.057381342194063,115.0,1.1669016719871939,473.0
1995-05-02 00:00:00-04:00,25.70901460117764,25.70901460117764,25.29813993860174,25.356836318969727,264600,WHR,25.23942756652832,0,0.9919632848636766,1.0,0.9849523489320786,1.0,1.0019012730286807,28.0,1.0406527219452677,115.0,1.1476424448538436,472.0
1995-05-03 00:00:00-04:00,25.356820252884265,25.47421293924021,25.180731223350342,25.23942756652832,312100,WHR,25.180740356445312,0,0.997679497586875,0.0,0.9862381594590084,1.0,0.9966996649704687,27.0,1.0359267755892494,115.0,1.141691265879222,471.0
1995-05-04 00:00:00-04:00,25.29813308537979,25.29813308537979,25.122043991978074,25.180740356445312,199400,WHR,24.6524715423584,0,0.9988360369966902,0.0,0.9893911348547051,1.0,0.9939361617081366,26.0,1.0335133716576534,115.0,1.1384100107836792,470.0
1995-05-05 00:00:00-04:00,25.18073878969465,25.18073878969465,24.593775181543258,24.6524715423584,354600,WHR,25.356836318969727,1,0.9893992621796149,0.0,0.9767441104763385,1.0,0.9730607494043749,25.0,1.0118858638175197,115.0,1.1139329642470461,470.0
1995-05-08 00:00:00-04:00,25.122050797497785,25.356836318969727,24.593783374185914,25.356836318969727,396500,WHR,23.47854232788086,0,1.014084673568458,1.0,1.0079330530873494,1.0,1.0005669532063042,25.0,1.040664570987558,116.0,1.1451268457660015,470.0
1995-05-09 00:00:00-04:00,25.76770020484924,25.943789272308347,23.41984597206116,23.47854232788086,2692100,WHR,24.6524715423584,1,0.9615382527353457,1.0,0.9474182012427996,1.0,0.9272150634814793,25.0,0.9638338380122637,115.0,1.0598038692487541,470.0
1995-05-10 00:00:00-04:00,23.654633408501034,24.711167903173536,23.41984796524048,24.6524715423584,1754200,WHR,24.2415828704834,0,1.0243902864303345,1.0,0.999523971207945,2.0,0.9736270983494106,26.0,1.0121322825245418,115.0,1.1122286254180715,470.0
1995-05-11 00:00:00-04:00,24.6524571564238,25.00463511580128,24.182886543920485,24.2415828704834,729400,WHR,24.99315071105957,1,0.9915963469012895,1.0,0.9904071582032388,2.0,0.9577088089176575,26.0,0.9954443386207971,114.0,1.0931845962419013,469.0
1995-05-12 00:00:00-04:00,24.28412515897277,24.99315071105957,24.28412515897277,24.99315071105957,634500,WHR,25.643104553222656,1,1.0152649925348214,1.0,1.0182783780753524,3.0,0.987307179947235,26.0,1.0265611389281357,114.0,1.126522686539121,469.0
1995-05-15 00:00:00-04:00,24.93407862087549,25.70219004758492,24.93407862087549,25.643104553222656,509500,WHR,26.35212135314941,1,1.0128357406915427,2.0,1.0423276103812151,3.0,1.0123753399103554,27.0,1.0533264028233211,115.0,1.1552275077087466,469.0
1995-05-16 00:00:00-04:00,26.115779457605477,26.64754872257934,26.05669398371949,26.35212135314941,849900,WHR,26.470293045043945,1,1.013636190391854,2.0,1.046695759585863,4.0,1.0394585583011555,27.0,1.0823850923465266,116.0,1.1865159803452257,470.0
1995-05-17 00:00:00-04:00,26.35212209395,26.52937852059092,26.17486566730908,26.470293045043945,658900,WHR,25.997621536254883,0,1.0022371505210594,2.0,1.0364228934555966,4.0,1.0431280215698266,28.0,1.087049413042584,117.0,1.1911810227185138,470.0
1995-05-18 00:00:00-04:00,26.35213455720381,26.470305564186788,25.938536032763395,25.997621536254883,584500,WHR,25.87944221496582,0,0.990991227447078,1.0,1.0041080775419986,4.0,1.0240033215886686,27.0,1.0674644717367132,117.0,1.1692977025887707,469.0
1995-05-19 00:00:00-04:00,25.6431002769296,25.87944221496582,25.52492930791149,25.87944221496582,212700,WHR,25.702198028564453,0,0.9977219350374995,0.0,0.9927470239717101,3.0,1.019049315925866,26.0,1.0625099027388147,116.0,1.1633567553713977,469.0
1995-05-22 00:00:00-04:00,25.879454566692484,26.1748821302392,25.64311251585511,25.702198028564453,240300,WHR,25.997621536254883,1,0.9965638125200255,0.0,0.9855010603347172,2.0,1.0119295233845538,25.0,1.0550923735500632,116.0,1.154772117384832,469.0
1995-05-23 00:00:00-04:00,25.82036502578042,25.997621536254883,25.70219401879744,25.997621536254883,336000,WHR,26.470293045043945,1,1.0057142077124668,1.0,0.9995457903703686,2.0,1.0232487130785441,25.0,1.0670459923099032,116.0,1.1674090798631342,469.0
1995-05-24 00:00:00-04:00,26.35212209395,26.58846399613789,26.233951142856053,26.470293045043945,361700,WHR,26.41122055053711,0,1.009008772552922,2.0,1.017718868864463,2.0,1.0412124911424214,26.0,1.0861030533694618,117.0,1.1879705440657158,469.0
1995-05-25 00:00:00-04:00,26.47030605512444,26.588477064299106,26.23396403677512,26.41122055053711,410500,WHR,26.35212135314941,0,0.9988829273125841,1.0,1.0122284063752434,2.0,1.0383309456985583,25.0,1.083378195594262,116.0,1.184652635077401,469.0
1995-05-26 00:00:00-04:00,26.29303587926343,26.4112068270354,26.17486493149146,26.35212135314941,366100,WHR,26.58846664428711,1,0.998879919367208,0.0,1.0063173484215346,2.0,1.0354119153022157,25.0,1.0807561642526693,115.0,1.1813375539822588,469.0
1995-05-30 00:00:00-04:00,26.411210199991864,26.647552125718857,26.411210199991864,26.58846664428711,322100,WHR,27.002065658569336,1,1.0044643495676537,1.0,1.0085162528452754,3.0,1.0437761538028725,26.0,1.0902280216687348,115.0,1.1912620382819514,469.0
1995-05-31 00:00:00-04:00,26.588467278678777,27.002065658569336,26.47029631299576,27.002065658569336,311200,WHR,27.120237350463867,1,1.0077177627560192,2.0,1.0164590607755806,3.0,1.0586698127137466,27.0,1.1068771097534515,116.0,1.2091133227479745,469.0
1995-06-01 00:00:00-04:00,26.8838954127692,27.53383574142955,26.765724443921854,27.120237350463867,746300,WHR,26.94298553466797,0,1.0021834195022117,2.0,1.0159362379003665,3.0,1.061428503632538,28.0,1.1114724679137629,116.0,1.2137022222345732,470.0
1995-06-02 00:00:00-04:00,26.824814545480827,27.238413007635817,26.706643556293688,26.94298553466797,536900,WHR,26.76572799682617,0,0.996721397535391,1.0,1.0052911943155305,3.0,1.0527570899423615,28.0,1.1040140199221111,115.0,1.2050704861660881,470.0
1995-06-05 00:00:00-04:00,26.70664250455945,26.76572799682617,26.588471520026,26.76572799682617,553700,WHR,27.238414764404297,1,0.9966996502767124,0.0,0.9956044824255778,3.0,1.044114713132317,28.0,1.0965173353271278,115.0,1.196466572353289,469.0
1995-06-06 00:00:00-04:00,27.1202437675956,27.356585761212997,27.061158269191253,27.238414764404297,600000,WHR,27.0611572265625,0,1.008752787164274,1.0,1.0083115957936875,3.0,1.060972593066473,28.0,1.1155581926241318,116.0,1.216880811947374,470.0
1995-06-07 00:00:00-04:00,27.120242722690364,27.120242722690364,26.8839007381789,27.0611572265625,282400,WHR,27.356590270996094,1,0.9967355628904168,1.0,1.0013118123111167,2.0,1.0525025960923093,28.0,1.108071947155015,115.0,1.2082497599657214,470.0
1995-06-08 00:00:00-04:00,27.00207722212789,27.356590270996094,27.00207722212789,27.356590270996094,271000,WHR,26.58846664428711,0,1.0054289833375931,1.0,1.0104759491944364,2.0,1.0622926243733084,28.0,1.1198436087403187,116.0,1.2207054479480064,471.0
1995-06-09 00:00:00-04:00,27.23840694003635,27.23840694003635,26.58846664428711,26.58846664428711,222800,WHR,27.238414764404297,1,0.9857610007175399,1.0,0.9846824811882746,2.0,1.0312907274812921,28.0,1.0883340752568498,115.0,1.1857573006940951,471.0
1995-06-12 00:00:00-04:00,26.70664527876517,27.238414764404297,26.64755978036082,27.238414764404297,241400,WHR,27.120237350463867,0,1.0120747868557036,1.0,1.0052333497399923,3.0,1.0550568910193405,28.0,1.1148566902091748,115.0,1.2140306376418146,471.0
1995-06-13 00:00:00-04:00,27.120237350463867,27.297493803734877,27.002066381616533,27.120237350463867,290400,WHR,27.120237350463867,0,0.9978259686481794,1.0,1.001745803783068,2.0,1.049284885962598,27.0,1.1098868682240284,115.0,1.2080442072026738,471.0
1995-06-14 00:00:00-04:00,27.120237350463867,27.238408319311205,27.002066381616533,27.120237350463867,441200,WHR,27.0611572265625,0,1.0,0.0,1.001308781618326,2.0,1.0479742309421678,27.0,1.1096493786990809,115.0,1.2073287406589865,470.0
1995-06-15 00:00:00-04:00,26.94298623430677,27.17932821881823,26.8839007381789,27.0611572265625,293700,WHR,26.94298553466797,0,0.9989095865035852,0.0,1.001311882979056,1.0,1.0440716380157218,27.0,1.1069954561643482,115.0,1.203977260653411,470.0
1995-06-16 00:00:00-04:00,26.824814545480827,27.12024201844868,26.824814545480827,26.94298553466797,360700,WHR,26.05670166015625,0,0.9978118032089315,0.0,0.9943306217716017,1.0,1.0381400317035843,26.0,1.1018745142074937,115.0,1.1980000608821575,470.0
1995-06-19 00:00:00-04:00,26.824813046963577,26.88389853825645,26.05670166015625,26.05670166015625,291000,WHR,26.115781784057617,1,0.983277564049505,0.0,0.9700836086511258,0.0,1.0031238505442377,26.0,1.0655258142068715,114.0,1.1579453406120097,469.0
1995-06-20 00:00:00-04:00,26.056696304908165,26.52938013810378,25.58401247171255,26.115781784057617,713100,WHR,25.2294979095459,0,1.0011324000699438,1.0,0.9796097630273188,1.0,1.0046442134654274,26.0,1.0678988988174218,114.0,1.1599258008391156,469.0
1995-06-21 00:00:00-04:00,25.288583384743895,25.347668859941894,24.579557682367906,25.2294979095459,1316600,WHR,25.288583755493164,1,0.9827387467786619,1.0,0.9599818151347418,1.0,0.9703734740131845,26.0,1.0316785698224795,114.0,1.119975358143079,469.0
1995-06-22 00:00:00-04:00,25.17041280336469,25.40675470762164,24.934070899107745,25.288583755493164,1014700,WHR,25.82036018371582,1,1.0011695979736333,1.0,0.9753872986537324,2.0,0.9726885827649271,26.0,1.0340956560883192,115.0,1.122000199967949,470.0
1995-06-23 00:00:00-04:00,25.288590752014574,25.82036018371582,25.052248782369585,25.82036018371582,288300,WHR,26.293041229248047,1,1.010404762596057,2.0,1.004597862977512,3.0,0.9930716989681854,26.0,1.0556605682680165,116.0,1.144962423798156,470.0
1995-06-26 00:00:00-04:00,25.465844426530133,26.35212671515647,25.465844426530133,26.293041229248047,377500,WHR,25.40675544738769,0,1.0090702397601443,2.0,1.021110672037124,4.0,1.010872944606924,27.0,1.0746889869689888,117.0,1.1652558871979666,471.0
1995-06-27 00:00:00-04:00,26.17486665858779,26.17486665858779,25.40675544738769,25.40675544738769,431500,WHR,25.40675544738769,0,0.9828570741311853,1.0,0.99215498979039,3.0,0.9769876582124328,27.0,1.0382584456246664,117.0,1.1253700085574807,471.0
1995-06-28 00:00:00-04:00,25.288584491818447,25.584011880741564,25.170413536249203,25.40675544738769,372900,WHR,25.702198028564453,1,1.0,0.0,0.9907833384998085,3.0,0.9772137216763015,26.0,1.0380438261050924,117.0,1.1247818941501881,470.0
1995-06-29 00:00:00-04:00,25.46585597772708,25.879454566692484,25.229513926889705,25.702198028564453,228300,WHR,25.997621536254883,1,1.0057806423548814,1.0,0.9990816993667092,3.0,0.9886187743044197,27.0,1.0497778409038856,118.0,1.137260311777013,470.0
1995-06-30 00:00:00-04:00,25.879450529271907,26.35213455720381,25.76127952228893,25.997621536254883,377300,WHR,26.52938270568848,1,1.0057142077124668,2.0,1.0091745150254396,3.0,0.9998723015214516,27.0,1.061472312184914,118.0,1.1497178561501464,470.0
1995-07-03 00:00:00-04:00,26.05669882674525,26.52938270568848,25.997613341877347,26.52938270568848,110900,WHR,26.35212135314941,0,1.0101235769507104,2.0,1.0279302897060356,3.0,1.0197876438835505,28.0,1.0827209785743708,118.0,1.1725585501136706,471.0
1995-07-05 00:00:00-04:00,26.4112068270354,26.470292300921383,26.35212135314941,26.35212135314941,403200,WHR,26.824806213378903,1,0.996647951761322,1.0,1.0136360788417633,3.0,1.012670732464654,27.0,1.0751188707430614,117.0,1.1640816544646277,470.0
1995-07-06 00:00:00-04:00,26.352122403451524,26.824806213378903,26.293036927210604,26.824806213378903,312800,WHR,27.356590270996094,1,1.0088889088155408,1.0,1.0206832149552612,4.0,1.0302152268025144,28.0,1.0939040433805063,118.0,1.1842899647696716,470.0
1995-07-07 00:00:00-04:00,27.00207722212789,27.59293230357489,27.00207722212789,27.356590270996094,602600,WHR,27.356590270996094,0,1.0098148828218287,2.0,1.027975459718169,4.0,1.049610514627658,29.0,1.1150890871836585,118.0,1.2070604388572586,470.0
1995-07-10 00:00:00-04:00,27.23841925470669,27.415675779140795,27.23841925470669,27.356590270996094,330400,WHR,27.2974910736084,0,1.0,1.0,1.0175827220178821,3.0,1.0485844762581153,29.0,1.1145991207647827,117.0,1.206353974882718,470.0
1995-07-11 00:00:00-04:00,27.356576552122704,27.41566203063701,27.17932011657979,27.2974910736084,169900,WHR,27.179309844970703,0,0.9989186681774951,0.0,1.0096152028276046,2.0,1.0449453300376381,29.0,1.1117238816238029,116.0,1.2030525545681008,469.0
1995-07-12 00:00:00-04:00,27.297480757340143,27.35656621352486,27.120224388785985,27.179309844970703,188100,WHR,26.883893966674805,0,0.9978306136438825,0.0,0.999130694161137,2.0,1.039290773532802,28.0,1.1065294657242688,115.0,1.197141879602605,469.0
1995-07-13 00:00:00-04:00,27.179321372902,27.23840685414744,26.824808485429365,26.883893966674805,220300,WHR,26.883893966674805,0,0.9945357311911237,0.0,0.9878418573096596,1.0,1.0270718535803092,28.0,1.094178121047396,115.0,1.1835046141966694,468.0
1995-07-14 00:00:00-04:00,26.824808485429365,26.942979447920244,26.70663752293849,26.883893966674805,178500,WHR,26.824806213378903,0,1.0,0.0,0.9912854055016769,0.0,1.026342420311915,27.0,1.093823226371778,115.0,1.1828966420098508,467.0
1995-07-17 00:00:00-04:00,26.88389168961983,26.88389168961983,26.765720737137983,26.824806213378903,165200,WHR,26.824806213378903,0,0.9988998476392499,0.0,0.9930009015146917,0.0,1.0237803759095225,26.0,1.0909939144800125,115.0,1.1797160482505626,466.0
1995-07-18 00:00:00-04:00,26.706635260897063,26.942977165860757,26.64754978465614,26.824806213378903,329500,WHR,26.470293045043945,0,1.0,0.0,0.9964881820851088,0.0,1.0235507076406587,25.0,1.090466856108621,115.0,1.1791414501300963,465.0
1995-07-19 00:00:00-04:00,26.470293045043945,27.0020623249667,26.293036618403026,26.470293045043945,309400,WHR,26.293041229248047,0,0.9933481094271734,0.0,0.988525994130895,0.0,1.010062421086923,24.0,1.075557477200711,115.0,1.1630069952944704,465.0
1995-07-20 00:00:00-04:00,26.588468658790163,26.588468658790163,26.1748702574312,26.293041229248047,276900,WHR,26.58846664428711,1,0.9966406251948664,0.0,0.9862589802405731,0.0,1.0033381036240088,24.0,1.0678519226643377,115.0,1.1546786114293206,465.0
1995-07-21 00:00:00-04:00,26.411210199991864,26.706637607150608,26.23395375569661,26.58846664428711,250100,WHR,26.824806213378903,1,1.0055865542969304,1.0,0.9995557932625275,1.0,1.0142335002470506,25.0,1.07932017054743,115.0,1.1670774329148768,466.0
1995-07-24 00:00:00-04:00,26.58846430841521,26.88389168961983,26.58846430841521,26.824806213378903,167600,WHR,27.002065658569336,1,1.0044247348355075,2.0,1.0084406450527164,2.0,1.02263786521825,26.0,1.0882872126461598,116.0,1.176862365741002,466.0
1995-07-25 00:00:00-04:00,27.061151141410843,27.29749307277688,26.88389469288632,27.002065658569336,260300,WHR,27.356590270996094,1,1.003293140378139,2.0,1.0137533695443885,3.0,1.0285504569308441,27.0,1.0947964907147552,117.0,1.1840376337192486,467.0
1995-07-26 00:00:00-04:00,27.179333746561998,27.59293230357489,27.120248238417297,27.356590270996094,313100,WHR,27.53383445739746,1,1.0065219532448728,2.0,1.0202736131456775,4.0,1.041004770479163,27.0,1.108468458227612,117.0,1.1989673596133288,467.0
1995-07-27 00:00:00-04:00,27.41566349406099,27.59291993906569,27.238407049056285,27.53383445739746,153300,WHR,27.2974910736084,0,1.0032290547445826,2.0,1.017467172023452,5.0,1.0463048450443977,28.0,1.1149332024357035,117.0,1.2060925003995802,468.0
1995-07-28 00:00:00-04:00,27.41566203063701,27.533832987665612,27.17932011657979,27.2974910736084,92400,WHR,27.2974910736084,0,0.9956896284833491,1.0,1.003475119890823,4.0,1.035973278269489,28.0,1.104674568521105,117.0,1.1951096659700124,468.0
1995-07-31 00:00:00-04:00,27.120234638065487,27.356576552122704,27.120234638065487,27.2974910736084,110300,WHR,27.179309844970703,0,1.0,0.0,0.9999998742292067,3.0,1.0345880805859422,28.0,1.1039973815557909,116.0,1.1944886812597908,467.0
1995-08-01 00:00:00-04:00,27.297480757340143,27.297480757340143,27.00205347641655,27.179309844970703,189500,WHR,27.0611572265625,0,0.9978306136438825,0.0,0.9943791820291253,2.0,1.0284673772478146,28.0,1.0985550853231978,116.0,1.1886946393592444,467.0
1995-08-02 00:00:00-04:00,27.17932821881823,27.2384137149461,27.002071730434636,27.0611572265625,213800,WHR,26.647550582885746,0,0.9978216887724735,0.0,0.9922013409862841,1.0,1.0228970003309326,27.0,1.0930803122740518,116.0,1.1829029450695938,467.0
1995-08-03 00:00:00-04:00,26.70663606089657,26.765721538907407,26.58846510487491,26.647550582885746,194400,WHR,27.0611572265625,1,0.9922990766200488,0.0,0.9834278330824212,0.0,1.0052559548729991,27.0,1.0757477282343149,116.0,1.1642357032444162,466.0
1995-08-04 00:00:00-04:00,26.64755875366744,27.0611572265625,26.64755875366744,27.0611572265625,151300,WHR,27.356590270996094,1,1.0077009233799514,1.0,1.0004371285443923,1.0,1.0193152320673349,27.0,1.091635682098841,117.0,1.1817136700031556,466.0
1995-08-07 00:00:00-04:00,27.0611627302726,27.415675779140795,27.0611627302726,27.356590270996094,88300,WHR,27.2974910736084,0,1.0054289833375931,2.0,1.0109173929236772,2.0,1.0284321817364184,28.0,1.1027967371862621,117.0,1.1940092517662935,466.0
1995-08-08 00:00:00-04:00,27.2974910736084,27.47474750915131,27.17932011657979,27.2974910736084,175900,WHR,26.824806213378903,0,0.9989186681774951,1.0,1.0078531826597175,2.0,1.0247309178757231,27.0,1.0996913075663568,116.0,1.1908321068465584,465.0
1995-08-09 00:00:00-04:00,27.29749002330629,27.29749002330629,26.824806213378903,26.824806213378903,67100,WHR,26.174863815307617,0,0.991266356309248,0.0,0.9921326783152964,2.0,1.00624266621748,26.0,1.0800516945638352,115.0,1.169649494771123,464.0
1995-08-10 00:00:00-04:00,26.706633057605064,26.706633057605064,25.761265515742934,26.174863815307617,625100,WHR,26.115781784057617,0,0.987736859536682,0.0,0.9714909837134418,2.0,0.9819710786954482,25.0,1.0533816658639836,115.0,1.1407969205884059,463.0
1995-08-11 00:00:00-04:00,26.23395274235652,26.23395274235652,25.702183430011456,26.115781784057617,163000,WHR,26.58846664428711,1,0.9988701223598832,0.0,0.9761483488672453,1.0,0.9799717921597764,24.0,1.0505240112074157,114.0,1.1377215212228518,462.0
1995-08-14 00:00:00-04:00,25.997611829969618,26.58846664428711,25.93852634853787,26.58846664428711,169800,WHR,26.23395347595215,0,1.0089686291774398,1.0,0.9995558219314172,1.0,0.9973403437592374,25.0,1.068988410969936,114.0,1.157775543624265,463.0
1995-08-15 00:00:00-04:00,26.470295399158925,26.58846636076231,26.174867995150453,26.23395347595215,134600,WHR,26.23395347595215,0,0.9932885852725417,1.0,0.9941782860222818,1.0,0.9838244168430995,25.0,1.0542340018607268,114.0,1.141828227174947,462.0
1995-08-16 00:00:00-04:00,26.23395347595215,26.529380879960616,26.11578251434876,26.23395347595215,395900,WHR,26.115781784057617,0,1.0,0.0,0.9986505075114648,1.0,0.9834975372364141,25.0,1.0536942400406037,114.0,1.1413130283401192,462.0
1995-08-17 00:00:00-04:00,26.23395274235652,26.23395274235652,25.82035438831036,26.115781784057617,525300,WHR,26.05670166015625,0,0.9977426496751588,0.0,0.9945994410504659,1.0,0.9789950620974893,24.0,1.0484115542563102,114.0,1.1356493796869327,462.0
1995-08-18 00:00:00-04:00,26.233958134034864,26.293043625327734,26.05670166015625,26.05670166015625,159900,WHR,26.174863815307617,1,0.9988675999300562,0.0,0.9927961824788816,1.0,0.9770328101909527,23.0,1.0455538636458854,113.0,1.1325436807806497,462.0
1995-08-21 00:00:00-04:00,26.174863815307617,26.588462114872296,26.174863815307617,26.174863815307617,272800,WHR,26.35212135314941,1,1.0022622748155399,1.0,1.0004515135904322,1.0,0.9816084592260845,24.0,1.049860304715801,113.0,1.1371485271832895,462.0
1995-08-22 00:00:00-04:00,26.115779457605477,26.52937777480737,26.115779457605477,26.35212135314941,143400,WHR,26.35212135314941,0,1.0033745994991587,2.0,1.0063175976303753,2.0,0.9882559627177869,25.0,1.0565319155921458,113.0,1.144311790524611,462.0
1995-08-23 00:00:00-04:00,26.29303587926343,26.4112068270354,26.29303587926343,26.35212135314941,162800,WHR,25.997621536254883,0,1.0,1.0,1.0054102113534957,2.0,0.9884019729086956,24.0,1.05615307084056,112.0,1.1437693724469518,462.0
1995-08-24 00:00:00-04:00,26.35213455720381,26.4112200606953,25.997621536254883,25.997621536254883,266900,WHR,26.115781784057617,1,0.9932282414902504,0.0,0.9927801323254188,2.0,0.9757182303663393,23.0,1.041776131160678,111.0,1.1278682776422941,461.0
1995-08-25 00:00:00-04:00,25.997610825758716,26.17486726320707,25.997610825758716,26.115781784057617,242900,WHR,26.158597946166992,1,1.0022673677072378,1.0,0.9968425605240332,3.0,0.9807691312451104,23.0,1.0464380529395696,111.0,1.1324695364669426,462.0
1995-08-28 00:00:00-04:00,26.218049305135555,26.218049305135555,26.03969522822987,26.158597946166992,171700,WHR,26.396394729614254,1,1.000819065904375,2.0,0.9986008589314759,3.0,0.9828596189170569,24.0,1.0480344215481419,112.0,1.1338120231407371,462.0
1995-08-29 00:00:00-04:00,26.158589371689803,26.396394729614254,26.09913803220869,26.396394729614254,101300,WHR,26.158597946166992,0,1.0045247229871053,2.0,1.0073382117417937,3.0,0.9920238197698663,25.0,1.0573617853030781,113.0,1.1436022418974072,462.0
1995-08-30 00:00:00-04:00,26.218049305135555,26.33695202307268,26.09914658719843,26.158597946166992,225500,WHR,25.92078971862793,0,0.9954752770128945,1.0,0.9997400826052704,3.0,0.9837523587903775,24.0,1.0476685282528295,113.0,1.1327787115716206,462.0
1995-08-31 00:00:00-04:00,26.03969242375925,26.218046481456238,25.92078971862793,25.92078971862793,186900,WHR,26.336936950683597,1,0.9954337361055453,0.0,0.9912335593863238,3.0,0.9755063109269548,24.0,1.0380463744893973,112.0,1.1219788055422628,461.0
1995-09-01 00:00:00-04:00,25.86132635112272,26.336936950683597,25.86132635112272,26.336936950683597,92100,WHR,27.407072067260746,1,1.0079633627135958,1.0,1.0054467457219798,3.0,0.991801968575503,24.0,1.0545519350807524,112.0,1.1394617839347192,462.0
1995-09-05 00:00:00-04:00,26.33694777830045,27.407072067260746,26.33694777830045,27.407072067260746,298900,WHR,27.347604751586918,0,1.0199117099027697,2.0,1.0364209387453343,3.0,1.0315713363206938,25.0,1.0970670851121005,112.0,1.1851828179744273,462.0
1995-09-06 00:00:00-04:00,27.46650738094164,27.64486132497373,27.22870212223219,27.347604751586918,232800,WHR,27.64487648010254,1,0.9989139317565406,1.0,1.026785278215149,2.0,1.029262552658775,24.0,1.0943031962921759,112.0,1.1820545003592797,461.0
1995-09-07 00:00:00-04:00,27.228717049219277,27.70432782737157,27.1098143546812,27.64487648010254,290800,WHR,28.061037063598636,1,1.0054056795012247,1.0,1.0264902308519208,3.0,1.0401084689103715,25.0,1.1056661199357878,113.0,1.1943454684063082,461.0
1995-09-08 00:00:00-04:00,27.64487761562153,28.061037063598636,27.46652356648849,28.061037063598636,229100,WHR,28.477203369140625,1,1.0074706715503305,2.0,1.0256412383590026,4.0,1.0551435847598307,26.0,1.1217481721327727,113.0,1.2117597446303003,461.0
1995-09-11 00:00:00-04:00,28.06104382094859,28.774460189277796,28.06104382094859,28.477203369140625,333500,WHR,28.477203369140625,0,1.0073607933737712,2.0,1.0248184674694973,4.0,1.0698427481732418,27.0,1.1377386689995603,114.0,1.229124510753062,462.0
1995-09-12 00:00:00-04:00,28.655557461222926,28.71500882525036,28.417752005113197,28.477203369140625,244100,WHR,28.83390235900879,1,1.0,1.0,1.0169854085871468,3.0,1.0688160061536975,27.0,1.1371461720715579,113.0,1.2285071267004617,462.0
1995-09-13 00:00:00-04:00,28.417742943517943,28.95280504914903,28.417742943517943,28.83390235900879,175900,WHR,28.417743682861328,0,1.006223906960723,1.0,1.0189074091091384,4.0,1.080326957990772,28.0,1.150682391048174,114.0,1.243234163971655,463.0
1995-09-14 00:00:00-04:00,28.71500041594565,28.774451762562517,28.23938964301073,28.417743682861328,128700,WHR,28.298837661743164,0,0.9927310618136095,1.0,0.9987462214231045,3.0,1.063206311087709,27.0,1.133443051883271,114.0,1.2246618403576055,463.0
1995-09-15 00:00:00-04:00,28.477191680619697,28.536643020245208,28.239386322117653,28.298837661743164,297800,WHR,28.179931640625,0,0.997903505142602,0.0,0.9929075968547842,2.0,1.0567351279571209,27.0,1.1279789376750953,114.0,1.2189126703071107,463.0
1995-09-18 00:00:00-04:00,28.061028975474684,28.655542301226262,27.94212631032437,28.179931640625,124300,WHR,27.882680892944336,0,0.9978946775472111,0.0,0.9908024582502143,1.0,1.050404758896261,26.0,1.1224290269476849,114.0,1.213164327534362,463.0
1995-09-19 00:00:00-04:00,27.94213223813185,28.001583583319366,27.704326857381798,27.882680892944336,282300,WHR,28.298837661743164,1,0.994697879134643,0.0,0.9844668902035956,1.0,1.0379948667855268,25.0,1.1098309077359307,114.0,1.1997633691936287,463.0
1995-09-20 00:00:00-04:00,27.9421296239901,28.298837661743164,27.763775605113565,28.298837661743164,143700,WHR,27.70432472229004,0,1.0074073606321934,1.0,1.002949833962498,1.0,1.0521777895026239,25.0,1.1254796010060395,115.0,1.2170358682193756,464.0
1995-09-21 00:00:00-04:00,28.06103276592468,28.06103276592468,27.58542204107849,27.70432472229004,317300,WHR,27.64487648010254,0,0.9893842969906531,1.0,0.9868699885674268,1.0,1.028608735363753,25.0,1.1011150273926171,114.0,1.1908724853754704,464.0
1995-09-22 00:00:00-04:00,27.64487648010254,27.70432782737157,27.40707109102639,27.64487648010254,399100,WHR,27.64487648010254,0,0.9989259421835174,0.0,0.9893618061162601,1.0,1.0249819839005816,25.0,1.0981057180132798,113.0,1.187726580926876,464.0
1995-09-25 00:00:00-04:00,27.5854251328335,27.76377917464061,27.525973785564464,27.64487648010254,218300,WHR,27.228715896606445,0,1.0,0.0,0.9931653690561608,1.0,1.0237529993095436,24.0,1.0975609863960707,112.0,1.1871421512768494,463.0
1995-09-26 00:00:00-04:00,27.34761858611128,27.46652127561611,27.16926455185403,27.228715896606445,199500,WHR,27.288164138793945,1,0.9924160135053828,0.0,0.9828326324451245,1.0,1.0075760272763463,23.0,1.08052418123805,112.0,1.168719661690714,462.0
1995-09-27 00:00:00-04:00,27.050358786821885,27.466518152772988,26.990907448828867,27.288164138793945,151100,WHR,27.585418701171875,1,1.0010904556927853,1.0,0.9922178054630295,1.0,1.0093035384182778,23.0,1.0822884239863304,113.0,1.1707242963021596,462.0
1995-09-28 00:00:00-04:00,27.347613367541083,27.585418701171875,26.9314540336872,27.585418701171875,202200,WHR,27.46651840209961,0,1.0054170795306887,2.0,1.0038942704652438,2.0,1.019522945771749,24.0,1.093425761355178,114.0,1.1828932290652165,463.0
1995-09-29 00:00:00-04:00,27.46651840209961,27.763775094763027,27.407067063566927,27.46651840209961,171600,WHR,27.46651840209961,0,0.9978402158883306,1.0,1.000866519868301,2.0,1.0147274348666449,23.0,1.0879847469672514,114.0,1.1772551698150504,462.0
1995-10-02 00:00:00-04:00,27.52596974063229,27.585421079164977,27.347615725034245,27.46651840209961,114400,WHR,27.288164138793945,0,1.0,0.0,1.0021691957665775,2.0,1.014658755957039,22.0,1.0872676365163192,113.0,1.1767243403708718,461.0
1995-10-03 00:00:00-04:00,27.407066814779974,27.466518152772988,27.1098101248149,27.288164138793945,112600,WHR,26.63419532775879,0,0.9967426664710829,0.0,0.9952298470376191,2.0,1.008112524943759,22.0,1.0795561033299923,112.0,1.1685409819289683,461.0
1995-10-04 00:00:00-04:00,27.169257287468227,27.34761127403804,26.574743998902186,26.63419532775879,146800,WHR,26.753103256225582,1,0.9878720290153327,0.0,0.9760347493248063,1.0,0.9843548293762587,22.0,1.0531871518431033,111.0,1.1400344081612461,461.0
1995-10-05 00:00:00-04:00,26.63420057508681,26.99090861850315,26.277492531670465,26.753103256225582,205400,WHR,26.812545776367188,1,1.0022272699990566,1.0,0.9864095299905372,1.0,0.9890091111742095,23.0,1.0573606982189223,112.0,1.1446222300664015,461.0
1995-10-06 00:00:00-04:00,26.634191813331483,26.93144841839099,26.39638652928388,26.812545776367188,110300,WHR,26.87200355529785,1,1.001109713430438,2.0,0.9933918628749536,2.0,0.9912501584978253,24.0,1.0592971956123627,112.0,1.1466997140721253,461.0
1995-10-09 00:00:00-04:00,26.693649549399854,27.05035756119585,26.515295543501864,26.87200355529785,146300,WHR,26.158597946166992,0,1.0011075398726612,2.0,1.0000000425874171,3.0,0.9934555696226516,25.0,1.061358888614817,112.0,1.1487440984342714,462.0
1995-10-10 00:00:00-04:00,26.63420881791548,26.693660176884045,26.03969522822987,26.158597946166992,236500,WHR,25.62352752685547,0,0.986547284229632,1.0,0.9817049615407762,3.0,0.9674781723260647,25.0,1.0329995550077802,112.0,1.1177884468453352,462.0
1995-10-11 00:00:00-04:00,26.09913824661149,26.158589586580987,25.62352752685547,25.62352752685547,411600,WHR,25.8018856048584,1,0.9896668895989933,0.0,0.9689748350300066,3.0,0.9483908171925495,25.0,1.0116657518843895,112.0,1.094500537051877,462.0
1995-10-12 00:00:00-04:00,25.8018856048584,26.1585937007781,25.5640802075786,25.8018856048584,199300,WHR,25.38571548461914,0,1.0034682867310392,1.0,0.9827899964911201,3.0,0.9553862241048838,26.0,1.0184550622095776,113.0,1.1016691015938882,463.0
1995-10-13 00:00:00-04:00,25.74242343053885,25.98022872781865,25.32626416029919,25.38571548461914,538500,WHR,24.910104751586918,0,0.9918697084570973,1.0,0.9775638179492895,2.0,0.9405029964527057,26.0,1.001863687438196,112.0,1.0834667301075327,463.0
1995-10-16 00:00:00-04:00,25.445166667492124,25.445166667492124,24.910104751586918,24.910104751586918,414800,WHR,25.56407356262207,1,0.9905437324453883,0.0,0.973965342916545,1.0,0.9238397447005228,25.0,0.9830600401367656,111.0,1.06275964731903,463.0
1995-10-17 00:00:00-04:00,25.088462891689566,25.6829762303552,24.96956022395644,25.56407356262207,320300,WHR,25.980239868164062,1,1.0129565023716505,1.0,1.0042036343036853,2.0,0.9488328568886213,25.0,1.0087208670674241,112.0,1.0901941516035585,464.0
1995-10-18 00:00:00-04:00,25.326275020224006,25.980239868164062,25.326275020224006,25.980239868164062,389800,WHR,25.68299102783203,0,1.0080739518647546,2.0,1.0176993444780762,3.0,0.964889137492423,25.0,1.024906159440025,113.0,1.1074435810920162,465.0
1995-10-19 00:00:00-04:00,25.74244239595201,25.92079650031196,25.504636923472088,25.68299102783203,156000,WHR,24.910104751586918,0,0.9942464140322461,1.0,1.0069934801744402,2.0,0.9548386650262746,24.0,1.0129385639372712,113.0,1.0942746021422896,465.0
1995-10-20 00:00:00-04:00,25.32626401951319,25.445166667492124,24.910104751586918,24.910104751586918,204300,WHR,24.96956825256348,1,0.9847234832275372,0.0,0.9803460128735115,2.0,0.927612467321277,23.0,0.9823147685182876,113.0,1.0609060254305693,464.0
1995-10-23 00:00:00-04:00,24.731762840634303,25.088470958528067,24.55340878168742,24.96956825256348,200100,WHR,25.02901268005371,1,1.0011921389494998,1.0,0.9822264973564265,3.0,0.9311721524490416,24.0,0.9844730226476481,114.0,1.0630286775061295,464.0
1995-10-24 00:00:00-04:00,25.088464016585903,25.147915353118098,24.79120733392493,25.02901268005371,241300,WHR,24.73175811767578,0,1.0011889222930217,2.0,0.9887269370766971,3.0,0.9347068565141843,25.0,0.9866204591685543,115.0,1.065158416773349,464.0
1995-10-25 00:00:00-04:00,25.029014825820923,25.326271533966064,24.672306776046756,24.73175811767578,99400,WHR,24.31558990478516,0,0.9940263272129319,1.0,0.9867172149917938,2.0,0.9250150668669557,25.0,0.9747815000745748,114.0,1.0521110587161966,464.0
1995-10-26 00:00:00-04:00,24.672297825148757,24.731749145209356,24.13723594460336,24.31558990478516,398700,WHR,24.73175811767578,1,0.9915149701325332,0.0,0.9808150994217285,2.0,0.9110087630058971,25.0,0.9583483358808403,113.0,1.0340469200810085,463.0
1995-10-27 00:00:00-04:00,24.196696043014526,24.910112142562863,24.196696043014526,24.73175811767578,235300,WHR,25.14790725708008,1,1.0084850298674668,1.0,0.9990394352392035,3.0,0.9277107433953266,26.0,0.9746293171712412,114.0,1.0513652708473082,463.0
1995-10-30 00:00:00-05:00,25.4451638440432,25.4451638440432,25.029004622294828,25.14790725708008,254700,WHR,25.20737838745117,1,1.0083430619728038,2.0,1.014388249321724,3.0,0.9444505609604185,26.0,0.990885765221301,114.0,1.06863916295989,464.0
1995-10-31 00:00:00-05:00,25.20737838745117,25.26682975157252,25.20737838745117,25.20737838745117,203500,WHR,25.08846664428711,0,1.0011810305434647,2.0,1.0153261326312217,3.0,0.9479592978743586,26.0,0.9931307389267059,114.0,1.070731335035301,465.0
1995-11-01 00:00:00-05:00,25.207369329805054,25.266820672564037,24.96956395876916,25.08846664428711,138300,WHR,25.8018856048584,1,0.9976357541445218,1.0,1.007640971184107,3.0,0.9447955773848956,26.0,0.9883393942323774,114.0,1.0652433496413218,465.0
1995-11-02 00:00:00-05:00,25.20737211165889,25.8018856048584,25.147920762338945,25.8018856048584,223400,WHR,25.32626342773437,0,1.0140187467573143,1.0,1.0240680638665227,4.0,0.9722861451298427,27.0,1.0161460601770411,115.0,1.0950274779382618,466.0
1995-11-03 00:00:00-05:00,25.8018740085369,25.8018740085369,25.32626342773437,25.32626342773437,114900,WHR,25.14790725708008,0,0.990697449719511,1.0,1.000469423439487,3.0,0.9548722997023112,27.0,0.9971972805011755,115.0,1.0743737493880936,465.0
1995-11-06 00:00:00-05:00,25.32626120925795,25.32626120925795,24.91010198750958,25.14790725708008,72200,WHR,24.85065269470215,0,0.9964663872980096,0.0,0.9934237770996498,2.0,0.948724772352967,27.0,0.9900046537857943,114.0,1.066358324302285,464.0
1995-11-07 00:00:00-05:00,25.029006661410538,25.147909305882795,24.731750050229888,24.85065269470215,81800,WHR,24.96956825256348,1,0.9940547375231488,0.0,0.9844558140859105,1.0,0.9385361214935555,26.0,0.978162516281502,114.0,1.0533233385871472,464.0
1995-11-08 00:00:00-05:00,24.612860134669717,25.44517907642183,24.434506075722837,24.96956825256348,266800,WHR,25.20737838745117,1,1.0023868934260087,1.0,0.9900993431251326,2.0,0.9437783361600977,27.0,0.9826393306435933,115.0,1.0579238920054552,465.0
1995-11-09 00:00:00-05:00,24.969572930965786,25.38573247981521,24.969572930965786,25.20737838745117,151700,WHR,25.20737838745117,0,1.0047394301728603,2.0,1.0042638595267726,2.0,0.953383426569178,28.0,0.9918094047590227,115.0,1.0675305314262202,466.0
1995-11-10 00:00:00-05:00,25.029024295087133,25.50463520805791,24.85067020272309,25.20737838745117,321700,WHR,25.32626342773437,1,1.0,1.0,1.0052160783995043,2.0,0.95392966691175,28.0,0.9917113591166855,114.0,1.067057495456618,466.0
1995-11-13 00:00:00-05:00,25.207360782533744,25.32626342773437,25.14790945993343,25.32626342773437,207800,WHR,25.32626342773437,0,1.0023525919766083,1.0,1.0085223431926098,3.0,0.9588704201397477,29.0,0.9962259830935873,115.0,1.0716048677168117,467.0
1995-11-14 00:00:00-05:00,25.207360782533744,25.623520040735954,25.207360782533744,25.32626342773437,98200,WHR,25.56407356262207,1,1.0,1.0,1.0047165987316902,3.0,0.9593841482325564,28.0,0.995999892217457,115.0,1.0711423130091693,466.0
1995-11-15 00:00:00-05:00,25.266816893289256,25.56407356262207,25.20736555942269,25.56407356262207,236500,WHR,25.38571548461914,0,1.0046729919460498,1.0,1.0093895433680387,3.0,0.96887468165872,28.0,1.00502235253104,116.0,1.0807153770517115,467.0
1995-11-16 00:00:00-05:00,25.44516680893909,25.504618133259044,25.26681283597924,25.38571548461914,174100,WHR,25.742431640625,1,0.996499336281107,1.0,1.0009374924653833,2.0,0.962702612431878,28.0,0.9976655968933468,116.0,1.0727098099069945,466.0
1995-11-17 00:00:00-05:00,25.742431640625,25.801882983905887,25.56407761078233,25.742431640625,257100,WHR,25.86134529113769,1,1.0069769036443281,1.0,1.0107378646247245,3.0,0.9763878452839562,29.0,1.011168005674187,117.0,1.087277844053621,467.0
1995-11-20 00:00:00-05:00,25.682991185681573,25.92079665962307,25.6235398171962,25.86134529113769,442000,WHR,26.099143981933597,1,1.0023043594400063,2.0,1.0111581087929964,3.0,0.9810559312475771,29.0,1.0153569670872924,117.0,1.091764950589821,468.0
1995-11-21 00:00:00-05:00,25.801887216763507,26.21804668800163,25.74243586372949,26.099143981933597,238300,WHR,26.693649291992188,1,1.0045765290920605,2.0,1.01432546542774,4.0,0.9901140962729187,29.0,1.0242107609900204,117.0,1.1012176313749262,469.0
1995-11-22 00:00:00-05:00,26.396392618361983,26.93145463089635,26.396392618361983,26.693649291992188,375400,WHR,26.63419532775879,0,1.0112611073063305,2.0,1.028401108441324,4.0,1.0124773438176509,29.0,1.0469119178008803,118.0,1.1257031811140308,469.0
1995-11-24 00:00:00-05:00,26.693646656615392,26.753097985472,26.63419532775879,26.63419532775879,76900,WHR,27.05035781860352,1,0.9988851234349085,1.0,1.0163336533724239,4.0,1.0099186483152534,29.0,1.0439725324097109,117.0,1.1226276663452204,468.0
1995-11-27 00:00:00-05:00,26.634198467548075,27.288163162063764,26.634198467548075,27.05035781860352,188600,WHR,26.753103256225582,0,1.0077519969237732,1.0,1.0220124390223235,4.0,1.0249670736531793,30.0,1.0596573361041763,117.0,1.1395697024644382,469.0
1995-11-28 00:00:00-05:00,27.050359959072537,27.10981129964193,26.6936519156562,26.753103256225582,153300,WHR,26.43729591369629,0,0.9944751776848608,1.0,1.0040160984663296,3.0,1.0134374313906096,29.0,1.0473557180555755,117.0,1.1264562983857698,469.0
1995-11-29 00:00:00-05:00,26.73636034710914,26.73636034710914,26.317670140331145,26.43729591369629,114700,WHR,26.556922912597656,1,0.9940627002718965,0.0,0.9896523432666583,2.0,1.0020878449248827,28.0,1.034224826528117,117.0,1.112583013634031,469.0
1995-11-30 00:00:00-05:00,26.556922912597656,26.73636158092602,26.377484244269294,26.556922912597656,145000,WHR,26.616722106933597,1,1.0022573594167599,1.0,0.9951491301101534,2.0,1.0071252889816587,29.0,1.0382007285765034,117.0,1.1170235098972712,470.0
1995-12-01 00:00:00-05:00,26.49709638959906,27.095224976271727,26.49709638959906,26.616722106933597,87700,WHR,26.43729591369629,0,1.001124602127877,2.0,0.9975205714794668,3.0,1.0100494500032011,29.0,1.039786328752201,118.0,1.1189618347966113,470.0
1995-12-04 00:00:00-05:00,26.497108800378857,26.616734573744,26.317670140331145,26.43729591369629,110900,WHR,26.91579818725586,1,0.9966180470408945,1.0,0.9953700728156026,2.0,1.0042719450861246,28.0,1.032050527747057,118.0,1.1108648844463491,469.0
1995-12-05 00:00:00-05:00,26.437295108371316,26.97561107211643,26.377482223510743,26.91579818725586,129000,WHR,27.39430046081543,1,1.0089685946358458,1.0,1.0121458099679697,3.0,1.0234605236814882,28.0,1.0498176052692494,119.0,1.130436556589681,469.0
1995-12-06 00:00:00-05:00,26.975610279099907,27.693364876326516,26.915797395997693,27.39430046081543,180600,WHR,26.497093200683597,0,1.0088105579895972,2.0,1.0227780693184245,4.0,1.0423707062334335,29.0,1.0674451098241302,120.0,1.1499508872412152,470.0
1995-12-07 00:00:00-05:00,27.155034566840524,27.155034566840524,26.37746749774597,26.497093200683597,165600,WHR,25.95878028869629,0,0.9833515669353934,1.0,0.989722609953181,3.0,1.009727761948922,28.0,1.031628676321117,120.0,1.1118003412658144,469.0
1995-12-08 00:00:00-05:00,26.497096008968796,26.556908866776848,25.839154573080176,25.95878028869629,305900,WHR,25.95878028869629,0,0.989737795290049,0.0,0.9744047825736761,2.0,0.9907615155009523,28.0,1.009991010120124,119.0,1.0887825451855329,468.0
1995-12-11 00:00:00-05:00,26.0784060043124,26.37747029335268,25.95878028869629,25.95878028869629,137600,WHR,26.01861000061035,1,1.0,0.0,0.9779178267121136,2.0,0.9922385008105541,28.0,1.009312745146835,119.0,1.0883647486504309,467.0
1995-12-12 00:00:00-05:00,25.958797104057226,26.138235793716603,25.958797104057226,26.01861000061035,209700,WHR,26.37747573852539,1,1.0011510718714627,1.0,0.9868425526447643,2.0,0.9958966512046449,29.0,1.0111156888432522,119.0,1.0904744077876765,467.0
1995-12-13 00:00:00-05:00,26.07841138774846,26.497101478836164,26.07841138774846,26.37747573852539,291800,WHR,26.43729591369629,1,1.0068490944094894,2.0,1.0082305105787845,2.0,1.0106031211461608,30.0,1.024465270980714,120.0,1.1050766989671554,468.0
1995-12-14 00:00:00-05:00,26.55692168706143,26.676547460426573,26.257857253648577,26.43729591369629,262200,WHR,26.198041915893555,0,1.0011326409884873,2.0,1.010979173945295,3.0,1.0141004700652574,30.0,1.0262284951103813,120.0,1.1071386597923016,469.0
1995-12-15 00:00:00-05:00,26.43729344023961,26.43729344023961,26.13822903480704,26.198041915893555,378300,WHR,25.95878028869629,0,0.9954544986758262,1.0,1.0000000436830063,3.0,1.0058916541265939,30.0,1.0164521728138174,119.0,1.0966903712789087,469.0
1995-12-18 00:00:00-05:00,26.018593146504344,26.018593146504344,25.599903141847957,25.95878028869629,312200,WHR,25.42047500610352,0,0.9954126494467255,0.0,0.990867237558905,3.0,0.9977816276742522,30.0,1.0067769781581763,118.0,1.0862682199557985,468.0
1995-12-19 00:00:00-05:00,25.24103635900161,25.480287888470816,24.82234618243049,25.42047500610352,1026900,WHR,25.18122291564941,0,0.9895229060930502,0.0,0.9747707520780577,2.0,0.9784850404524096,30.0,0.9856248382789216,117.0,1.0633638947787396,468.0
1995-12-20 00:00:00-05:00,25.360661558753804,25.360661558753804,25.121410034614616,25.18122291564941,444900,WHR,25.36066627502441,1,0.9952718564735896,0.0,0.9745370898019445,1.0,0.97055060022162,30.0,0.9761655841619477,116.0,1.0529772720824964,468.0
1995-12-21 00:00:00-05:00,25.06160181423403,25.36066627502441,25.00178892207596,25.36066627502441,478300,WHR,25.36066627502441,0,1.0035503888407897,1.0,0.9897294459697639,1.0,0.9786786004562081,30.0,0.9829282552148931,116.0,1.060096847073949,468.0
1995-12-22 00:00:00-05:00,25.300853382866336,25.42047916718249,25.300853382866336,25.36066627502441,171600,WHR,25.24103736877441,0,1.0,1.0,0.9962407874108868,1.0,0.9800810002585333,29.0,0.9826992307737404,116.0,1.0596866102043565,468.0
1995-12-26 00:00:00-05:00,25.360663138294672,25.4204760230548,25.24103736877441,25.24103736877441,67300,WHR,25.36066627502441,1,0.9976358719640724,0.0,0.9971644321897415,1.0,0.9768581055750245,29.0,0.9778363467069789,116.0,1.0542780547210266,468.0
1995-12-27 00:00:00-05:00,25.24104049070826,25.36066627502441,25.181227598550183,25.36066627502441,109100,WHR,25.36066627502441,0,1.0023641280359274,1.0,1.0023641280359274,2.0,0.9828228705440901,30.0,0.9821798218824113,117.0,1.0588795907284967,468.0
1995-12-28 00:00:00-05:00,25.36066627502441,25.42047916718249,25.181227598550183,25.36066627502441,261200,WHR,25.480287551879883,1,1.0,1.0,1.0009443117300696,2.0,0.984047976136711,30.0,0.9818979220418077,116.0,1.0585327708198398,467.0
1995-12-29 00:00:00-05:00,25.30084890714833,25.540100433457063,25.24103602557115,25.480287551879883,167200,WHR,25.89897346496582,1,1.002352852727011,1.0,1.0047168638487052,2.0,0.9894278824322277,31.0,0.9861834773594754,117.0,1.0632324508205575,467.0
1996-01-02 00:00:00-05:00,25.42047049101726,26.1382249519401,25.30084474753012,25.89897346496582,132200,WHR,26.43729591369629,1,1.0081489282796159,2.0,1.016909131549037,3.0,1.00624215242011,31.0,1.0019810268811493,117.0,1.0803840428108313,468.0
1996-01-03 00:00:00-05:00,26.198044366966005,26.55692168706143,26.198044366966005,26.43729591369629,253000,WHR,26.07842445373535,0,1.0102858391536396,2.0,1.0283853274908608,4.0,1.0274070229913388,31.0,1.0223349147276732,117.0,1.1024824574517846,469.0
1996-01-04 00:00:00-05:00,26.377488954351584,26.55692765472132,26.07842445373535,26.07842445373535,151500,WHR,25.59990882873535,0,0.9931663993667028,1.0,1.0087924561127926,3.0,1.0139817372927467,30.0,1.008056399785176,116.0,1.0871606278878112,469.0
1996-01-05 00:00:00-05:00,25.95878605530641,26.018598926401584,25.59990882873535,25.59990882873535,208300,WHR,25.59990882873535,0,0.9907404981042159,0.0,0.9884524704652348,3.0,0.9957365904932145,30.0,0.989230492331722,116.0,1.0668815827888487,469.0
1996-01-08 00:00:00-05:00,25.540095957640176,25.65972169983053,25.480283086545,25.59990882873535,30200,WHR,25.42047500610352,0,1.0,0.0,0.9875402273431579,2.0,0.995751836702216,30.0,0.9888660790390172,116.0,1.0665704965592868,468.0
1996-01-09 00:00:00-05:00,25.599913653205423,25.659726535572723,25.36066212373621,25.42047500610352,167500,WHR,25.00177574157715,0,0.9964830953994254,0.0,0.9842519685039371,1.0,0.9890169986281693,29.0,0.98160941725868,115.0,1.0587843276281024,468.0
1996-01-10 00:00:00-05:00,25.30084004470606,25.48027862658341,25.00177574157715,25.00177574157715,118000,WHR,25.300844192504883,1,0.991696140923546,0.0,0.9789224450842543,0.0,0.9729691850199694,29.0,0.965201201326597,114.0,1.041041679138454,468.0
1996-01-11 00:00:00-05:00,25.001779840347616,25.480282803799245,25.001779840347616,25.300844192504883,257800,WHR,25.18122291564941,0,1.0059453851771467,1.0,0.9967012131492832,1.0,0.9843582643357862,30.0,0.9764500180400199,115.0,1.0531911628602204,468.0
1996-01-12 00:00:00-05:00,25.4204744397886,25.4204744397886,24.822345629440637,25.18122291564941,164200,WHR,25.42047500610352,1,0.9976304203906865,1.0,0.9952719990311896,1.0,0.9799475377519279,29.0,0.9715998455250345,114.0,1.0479175775310117,467.0
1996-01-15 00:00:00-05:00,25.24103635900161,25.480287888470816,25.24103635900161,25.42047500610352,74000,WHR,24.88215065002441,0,1.0047281435264104,1.0,1.0061554200957918,2.0,0.9896175174127843,29.0,0.9805240575224595,115.0,1.0575571920061049,468.0
1996-01-16 00:00:00-05:00,25.42046640927975,25.42046640927975,24.642899201466488,24.88215065002441,489600,WHR,25.121416091918945,1,0.9892982851479935,1.0,0.9890630902347558,2.0,0.9691641720414933,29.0,0.9595647982261436,114.0,1.03487470836197,468.0
1996-01-17 00:00:00-05:00,25.001790301005045,25.360667673746747,25.001790301005045,25.121416091918945,202600,WHR,24.702714920043945,0,1.0047849675030047,1.0,0.9976249889753326,3.0,0.9783493964149705,30.0,0.9685594915876005,115.0,1.0445214902351772,469.0
1996-01-18 00:00:00-05:00,25.181217872490315,25.241030741546112,24.64290205098815,24.702714920043945,288400,WHR,24.343854904174805,0,0.9915964179731611,1.0,0.9856800421690516,2.0,0.9622098122022377,29.0,0.9522151795018072,115.0,1.02684487732594,468.0
1996-01-19 00:00:00-05:00,24.28404199286233,24.58310654942468,23.98497743629999,24.343854904174805,556800,WHR,24.941978454589844,1,0.9926832800508724,0.0,0.9778956894592407,2.0,0.9486536078569284,28.0,0.9382358849088563,115.0,1.0116816780466564,467.0
1996-01-22 00:00:00-05:00,24.403662372836106,24.941978454589844,24.343849474863468,24.941978454589844,343600,WHR,24.822345733642575,0,1.0121358108335339,1.0,1.0057888943347497,2.0,0.9718291455190737,29.0,0.9610842385467481,115.0,1.0362349868442045,468.0
1996-01-23 00:00:00-05:00,24.822345733642575,25.12141014007201,24.76253285235669,24.822345733642575,360800,WHR,25.00177574157715,1,0.9975960143556906,1.0,1.0014477141892348,2.0,0.9668496500678964,29.0,0.9562634507638691,115.0,1.0309563538949127,468.0
1996-01-24 00:00:00-05:00,24.8223371596998,25.06158860220293,24.8223371596998,25.00177574157715,150800,WHR,24.88215065002441,0,1.0036012678723059,1.0,1.009661442211317,2.0,0.973667914083475,29.0,0.9629627717196995,115.0,1.0381467878199269,468.0
1996-01-25 00:00:00-05:00,24.9419635121639,25.121402098582344,24.70271206360597,24.88215065002441,127400,WHR,24.822345733642575,0,0.9976019311187806,1.0,1.003376406622656,2.0,0.969176417119482,28.0,0.958109340361294,115.0,1.032933543124006,467.0
1996-01-26 00:00:00-05:00,24.882158614928464,25.00178437750024,24.76253285235669,24.822345733642575,135600,WHR,24.822345733642575,0,0.998796790617891,0.0,0.9971168480276268,2.0,0.9670887039359595,27.0,0.9555786223697834,114.0,1.0302220172735332,466.0
1996-01-29 00:00:00-05:00,24.882158614928464,25.12141014007201,24.76253285235669,24.822345733642575,155800,WHR,25.300844192504883,1,1.0,0.0,0.9980761313189311,1.0,0.9672558486340679,27.0,0.9553937519341258,113.0,1.029990951939814,466.0
1996-01-30 00:00:00-05:00,24.7625283586218,25.360657062936337,24.58308974732744,25.300844192504883,332400,WHR,26.01861000061035,1,1.00954644865116,1.0,1.0134163752980312,2.0,0.9862224848820014,27.0,0.9735682172725815,113.0,1.0495826548835916,467.0
1996-01-31 00:00:00-05:00,25.12141655231344,26.138235793716603,25.12141655231344,26.01861000061035,421700,WHR,27.2746696472168,1,1.0139862323048978,2.0,1.0337455596003517,2.0,1.0137448958162665,28.0,1.000872636968755,113.0,1.0790581442125935,467.0
1996-02-01 00:00:00-05:00,25.719534974349173,27.2746696472168,25.659722102315804,27.2746696472168,1274700,WHR,26.676538467407227,0,1.0235688187123546,2.0,1.0634326893066957,3.0,1.0612182636448673,29.0,1.0487234722317993,113.0,1.1307918512981718,467.0
1996-02-02 00:00:00-05:00,27.155041399558023,27.21485426607688,26.616725600888376,26.676538467407227,265600,WHR,26.796167373657227,1,0.988913479406452,1.0,1.0252871721945878,3.0,1.0367183182676496,29.0,1.0253816502653499,112.0,1.1057107622007945,466.0
1996-02-05 00:00:00-05:00,26.556915879249573,26.915793120861053,26.377477258443832,26.796167373657227,277000,WHR,26.676538467407227,0,1.0022371956752212,1.0,1.0144927169941693,4.0,1.0401368115886291,29.0,1.0296347124391385,112.0,1.1103671773639836,467.0
1996-02-06 00:00:00-05:00,26.616725600888376,26.73635133392608,26.497099867850675,26.676538467407227,246000,WHR,26.97562026977539,1,0.9977628043247789,1.0,0.9995516300389949,3.0,1.034509956626208,28.0,1.0247593522343375,111.0,1.1051249384049475,466.0
1996-02-07 00:00:00-05:00,26.67655574350293,26.97562026977539,26.43730412248497,26.97562026977539,256500,WHR,26.85599136352539,0,1.0055744598056757,1.0,1.003560779627482,3.0,1.0449140817252478,29.0,1.03589129345387,112.0,1.1171805553022842,467.0
1996-02-08 00:00:00-05:00,26.85599136352539,27.035430058604625,26.79617846516565,26.85599136352539,236000,WHR,26.796167373657227,0,0.9977777201421182,1.0,1.0022324150249082,2.0,1.0392538506272235,28.0,1.0309611244476273,112.0,1.1119266841176476,466.0
1996-02-09 00:00:00-05:00,26.796167373657227,26.975605994462967,26.556915879249573,26.796167373657227,343500,WHR,26.73635482788086,0,0.9988849658377921,0.0,0.9991077736976721,2.0,1.0359567156896266,28.0,1.028338685628458,112.0,1.1091186794920678,466.0
1996-02-12 00:00:00-05:00,26.73635482788086,26.796167702216167,26.61672907921025,26.73635482788086,138300,WHR,26.497093200683597,0,0.9988826876949458,0.0,0.9973224681980667,1.0,1.032864148766332,27.0,1.0257461204199214,111.0,1.106300535202254,466.0
1996-02-13 00:00:00-05:00,26.61671890362122,26.67653175509003,26.437280349214785,26.497093200683597,248600,WHR,26.43729591369629,0,0.9955054268310992,0.0,0.9897224830328248,1.0,1.0228891775748647,27.0,1.0162915667634902,111.0,1.0960620891267046,466.0
1996-02-14 00:00:00-05:00,26.55692168706143,26.55692168706143,26.37748302701372,26.43729591369629,198700,WHR,26.07842445373535,0,0.9988703508628749,0.0,0.9914761598485874,0.0,1.0201247026243143,26.0,1.0137782392495245,110.0,1.0932762416737398,465.0
1996-02-15 00:00:00-05:00,26.317676054228336,26.43730185447483,26.07842445373535,26.07842445373535,431000,WHR,26.37747573852539,1,0.9931663993667028,0.0,0.9837548904420252,0.0,1.0061366197078936,25.0,0.9998550596080159,110.0,1.0781266606730393,465.0
1996-02-16 00:00:00-05:00,26.018598517593077,26.37747573852539,25.958785647437686,26.37747573852539,332600,WHR,26.25785446166992,0,1.0057010037706713,1.0,0.9981891204195655,1.0,1.0174922703373084,25.0,1.011147076388325,110.0,1.0901715397656044,465.0
1996-02-20 00:00:00-05:00,26.377480222315345,26.43729310263805,26.078415820701792,26.25785446166992,362700,WHR,26.198041915893555,0,0.9977273577196057,1.0,0.9972740104821186,1.0,1.013161827272109,24.0,1.0064341480969003,109.0,1.0848867858069042,465.0
1996-02-21 00:00:00-05:00,26.13822903480704,26.25785479698007,26.01860327263401,26.198041915893555,153900,WHR,26.31767845153809,1,0.998859755529753,0.0,0.997267716911727,1.0,1.0111375620593503,24.0,1.004032709896449,108.0,1.0820954619020464,464.0
1996-02-22 00:00:00-05:00,26.19805264039473,26.31767845153809,26.0186139236797,26.31767845153809,312100,WHR,26.676538467407227,1,1.0022781090082644,1.0,1.0027350352218487,2.0,1.0162340028203438,24.0,1.0084964215337273,108.0,1.086734822631177,464.0
1996-02-23 00:00:00-05:00,26.437287001331825,26.676538467407227,26.257848401775277,26.676538467407227,289900,WHR,26.31767845153809,0,1.0067716825860078,2.0,1.011796493536635,3.0,1.0301418265875815,25.0,1.022068814359723,109.0,1.1012208429309036,465.0
1996-02-26 00:00:00-05:00,26.556930073824795,26.676555884968156,26.31767845153809,26.31767845153809,233800,WHR,26.138227462768555,0,0.9932283174139923,1.0,0.9986385178959403,2.0,1.0163623254251868,25.0,1.008207482159937,108.0,1.0860953038404013,465.0
1996-02-27 00:00:00-05:00,26.37747897272525,26.55691760519277,26.138227462768555,26.138227462768555,329000,WHR,26.31767845153809,1,0.9965790126842402,0.0,0.992730415671754,2.0,1.0097042168844073,24.0,1.0012309938102193,108.0,1.0784004413461126,464.0
1996-02-28 00:00:00-05:00,26.138239734823053,26.49711716825312,26.138239734823053,26.31767845153809,416600,WHR,26.78227806091309,1,1.00342098731576,1.0,0.9986384456191096,3.0,1.0168320741146384,24.0,1.0079383843105212,109.0,1.085490435732688,465.0
1996-02-29 00:00:00-05:00,26.360983799280746,26.78227806091309,26.360983799280746,26.78227806091309,405400,WHR,26.481369018554688,0,1.0087495289994457,2.0,1.0126972617833978,3.0,1.0345529110969973,25.0,1.0254620046458955,110.0,1.1043353505626154,465.0
1996-03-01 00:00:00-05:00,26.66192380731756,26.722108736905184,26.24062930020419,26.481369018554688,321500,WHR,26.541549682617188,1,0.9943505738180217,1.0,1.0027993138254647,2.0,1.0232154976216217,24.0,1.0136201810798415,110.0,1.0916345919868717,464.0
1996-03-04 00:00:00-05:00,26.541549682617188,26.96284412202381,26.541549682617188,26.541549682617188,285600,WHR,26.66192626953125,1,1.0011349934242901,1.0,1.0033769999467428,3.0,1.0261043162726031,24.0,1.015593450650436,111.0,1.09382151609141,464.0
1996-03-05 00:00:00-05:00,26.481371464094245,26.72211120467692,26.481371464094245,26.66192626953125,204900,WHR,26.78227806091309,1,1.0022625699685925,2.0,1.0039524844608707,4.0,1.0306486480218702,25.0,1.01982178096738,112.0,1.098494306339759,464.0
1996-03-06 00:00:00-05:00,26.360983799280746,26.84246295543199,26.360983799280746,26.78227806091309,277300,WHR,27.083221435546875,1,1.0022519147378022,2.0,1.0049680464347939,4.0,1.034751997764173,26.0,1.0241375093206064,112.0,1.103160642288222,464.0
1996-03-07 00:00:00-05:00,26.842481689453127,27.143406372070316,26.842481689453127,27.083221435546875,232000,WHR,26.601762771606445,0,1.0055869411301674,2.0,1.013970482202912,4.0,1.0456220624427373,27.0,1.0352790663297786,113.0,1.1152472745374762,465.0
1996-03-08 00:00:00-05:00,26.90268768983729,26.90268768983729,26.240652869729438,26.601762771606445,262700,WHR,27.38413619995117,1,0.9910317815856546,1.0,0.9950480982524975,4.0,1.0266487934233957,26.0,1.0166083941715518,112.0,1.0951150108164127,465.0
1996-03-11 00:00:00-05:00,26.48136247907366,27.444321114676335,26.48136247907366,27.38413619995117,248400,WHR,27.86561584472656,1,1.0144921811667322,1.0,1.0178967865592798,4.0,1.0561592673286533,26.0,1.0460987782884519,113.0,1.126986580629193,465.0
1996-03-12 00:00:00-05:00,27.20358177498144,28.286910252746186,27.20358177498144,27.86561584472656,489100,WHR,28.10636711120605,1,1.008714602816426,2.0,1.026607311759507,4.0,1.0737432763076977,26.0,1.0640456563667162,113.0,1.1464136948823547,466.0
1996-03-13 00:00:00-05:00,27.92581229036319,28.10636711120605,27.74525746952032,28.10636711120605,342800,WHR,28.04617118835449,0,1.0043012817085477,2.0,1.0254721547574366,4.0,1.0816944468045746,27.0,1.0727881880726458,113.0,1.1559132121497662,467.0
1996-03-14 00:00:00-05:00,27.985986271641288,28.1063561050677,27.86561643821487,28.04617118835449,285500,WHR,28.10636711120605,1,0.99892799284459,1.0,1.0161357784474523,3.0,1.077934501208259,27.0,1.0700224634093787,113.0,1.1530363939775932,467.0
1996-03-15 00:00:00-05:00,28.0461821709251,28.10636711120605,27.86562735008223,28.10636711120605,317600,WHR,28.40727996826172,1,1.00107200715541,1.0,1.0073341548778985,4.0,1.078392707635974,28.0,1.0717541531112649,114.0,1.1551065567563885,468.0
1996-03-18 00:00:00-05:00,28.106355392326744,28.40727996826172,27.985985561952752,28.40727996826172,343300,WHR,28.587833404541016,1,1.0053246051636435,2.0,1.0107064636221241,4.0,1.0876943323178412,29.0,1.0826473091485642,114.0,1.1670240577395785,469.0
1996-03-19 00:00:00-05:00,28.46746357967979,28.648018316971623,28.226723929957338,28.587833404541016,282500,WHR,27.925806045532227,0,1.0031678757281928,2.0,1.0119299135957167,4.0,1.0923579568731923,29.0,1.0888849777400114,115.0,1.1739836342409062,469.0
1996-03-20 00:00:00-05:00,28.527655313754902,28.527655313754902,27.86562111870996,27.925806045532227,211400,WHR,27.985992431640625,1,0.9882855295562117,1.0,0.9897611675959429,3.0,1.065321201582283,29.0,1.0631862606251528,114.0,1.1463811301684261,469.0
1996-03-21 00:00:00-05:00,27.925807501680108,28.226732151482697,27.805437641759077,27.985992431640625,167800,WHR,27.5646915435791,0,1.0010764523364952,1.0,0.9923176256097361,4.0,1.0657571902630454,30.0,1.0649846198232598,115.0,1.1484016808128792,470.0
1996-03-22 00:00:00-05:00,27.98598595581721,28.046170871851224,27.5646915435791,27.5646915435791,298500,WHR,27.504507064819336,0,0.9924159189786131,1.0,0.9811481779115174,3.0,1.048246910937628,29.0,1.0485999447739454,114.0,1.1306876198641929,470.0
1996-03-25 00:00:00-05:00,27.56469198181019,27.62487689880104,27.26376739685593,27.504507064819336,277400,WHR,27.02305030822754,0,0.9989071117742653,0.0,0.9853384515809883,2.0,1.0445388718671347,29.0,1.0460246535895257,113.0,1.1278348410383123,469.0
1996-03-26 00:00:00-05:00,27.56471501373767,27.56471501373767,26.962865340948635,27.02305030822754,281600,WHR,27.38413619995117,1,0.9911703956717162,0.0,0.9790673106534488,1.0,1.0252534333446062,28.0,1.0275089617305582,113.0,1.1077745475249992,468.0
1996-03-27 00:00:00-05:00,27.143396541050503,27.564690944126674,27.083211626325337,27.38413619995117,597300,WHR,27.4443359375,1,1.0066367315587867,1.0,0.9960593104955433,2.0,1.037978234539084,28.0,1.040973468573312,114.0,1.1222356644346465,469.0
1996-03-28 00:00:00-05:00,27.26378109580592,27.50452088473136,27.1434112013432,27.4443359375,250100,WHR,26.601762771606445,0,1.0010979648930927,2.0,1.0021980503104713,2.0,1.0395986882286252,28.0,1.0429959851141868,114.0,1.1243784438754538,469.0
1996-03-29 00:00:00-05:00,27.50453752629897,27.50453752629897,26.601762771606445,26.601762771606445,544900,WHR,26.481369018554688,0,0.9844101020051687,1.0,0.9783096034837538,2.0,1.0073489629908967,28.0,1.0108466254207422,114.0,1.0896261213881135,468.0
1996-04-01 00:00:00-05:00,26.722108736905184,26.78229366649281,26.481369018554688,26.481369018554688,502500,WHR,25.999900817871094,0,0.9977319772027077,0.0,0.9812664199765296,2.0,1.0022323650062561,28.0,1.0061715873774968,113.0,1.084446751798566,468.0
1996-04-02 00:00:00-05:00,26.541565418243408,26.541565418243408,25.999900817871094,25.999900817871094,220200,WHR,27.504507064819336,1,0.9908259041333367,0.0,0.9707866724105355,2.0,0.9837621742568977,28.0,0.9878343124703054,113.0,1.0644671071353375,468.0
1996-04-03 00:00:00-05:00,26.06006905703889,27.985986400746157,25.879514306066334,27.504507064819336,672700,WHR,27.5646915435791,1,1.0281211643393404,1.0,1.0260435041877123,2.0,1.0393262736892024,29.0,1.0447428581006981,113.0,1.1256748241636572,469.0
1996-04-04 00:00:00-05:00,27.44432171151107,27.62487645961312,27.083212215306972,27.5646915435791,553600,WHR,27.203590393066406,0,1.0010928882257346,2.0,1.0273661233076472,2.0,1.039921953356108,30.0,1.0467618038958246,114.0,1.1277848758976854,469.0
1996-04-08 00:00:00-04:00,27.444330131058145,27.444330131058145,27.023035589572604,27.203590393066406,256000,WHR,27.4443359375,1,0.9934067467931456,1.0,1.009379258319498,2.0,1.0250724375324851,29.0,1.0328330219943722,114.0,1.1126963362609326,468.0
1996-04-09 00:00:00-04:00,27.20359614857456,27.50452088473136,27.20359614857456,27.4443359375,347600,WHR,27.925806045532227,1,1.0044053921273668,1.0,1.011086699861519,3.0,1.0326763591438106,30.0,1.0417173960274246,115.0,1.1222128757123155,469.0
1996-04-10 00:00:00-04:00,27.32395677730955,28.046175899176763,27.32395677730955,27.925806045532227,329300,WHR,27.8054313659668,0,1.0086954826335783,2.0,1.0144293588414486,4.0,1.0491447388360922,30.0,1.0595606147740135,116.0,1.1415264794104678,470.0
1996-04-11 00:00:00-04:00,27.86561628234335,27.9258011987199,27.44432186770749,27.8054313659668,339200,WHR,27.74526596069336,0,0.9978400860064057,1.0,1.0078532062334074,3.0,1.0427137856378779,30.0,1.0546202311900306,115.0,1.1361860567144233,470.0
1996-04-12 00:00:00-04:00,27.805450919393344,28.046190754193287,27.74526596069336,27.74526596069336,164100,WHR,28.22672843933105,1,0.9989169279924671,0.0,1.0043576657800746,2.0,1.038754085318143,29.0,1.0519757842177901,115.0,1.133306662218974,470.0
1996-04-15 00:00:00-04:00,27.80543398501268,28.286913361376534,27.44432445273979,28.22672843933105,462900,WHR,28.40727996826172,1,1.0086018460445905,1.0,1.0142731524507425,3.0,1.0544608639431485,30.0,1.0698316947120845,115.0,1.1525480755457587,470.0
1996-04-16 00:00:00-04:00,28.04617047713975,28.467464883448717,28.04617047713975,28.40727996826172,259600,WHR,28.22672843933105,0,1.00318804079046,2.0,1.0137454930187566,3.0,1.058527679376313,31.0,1.0763399002776222,115.0,1.1594819706716677,471.0
1996-04-17 00:00:00-04:00,28.286913361376534,28.467468127512984,28.04617367319461,28.22672843933105,213500,WHR,27.8054313659668,0,0.9968119592095398,1.0,1.0051435129006547,2.0,1.0496585977331288,30.0,1.0692145362234144,114.0,1.1516626270207952,471.0
1996-04-18 00:00:00-04:00,28.106355947849558,28.22672578060266,27.8054313659668,27.8054313659668,276600,WHR,27.86561584472656,1,0.992481155914243,0.0,0.9901412776537938,2.0,1.0320837846165938,30.0,1.0530526256805182,113.0,1.1340577777970375,470.0
1996-04-19 00:00:00-04:00,27.86561584472656,27.925800760157937,27.68506109843244,27.86561584472656,190900,WHR,28.40727996826172,1,1.0010810732288182,1.0,0.9914346434718934,3.0,1.0324884870705042,30.0,1.0550904408505972,114.0,1.13609836850702,470.0
1996-04-22 00:00:00-04:00,27.80543081639177,28.40727996826172,27.80543081639177,28.40727996826172,240600,WHR,28.828590393066406,1,1.0096256664191454,2.0,1.0094097240959117,3.0,1.0502721060591014,31.0,1.0752081455707216,115.0,1.157732406565676,471.0
1996-04-23 00:00:00-04:00,28.407295752666688,28.948960290323463,28.407295752666688,28.828590393066406,446100,WHR,28.948957443237305,1,1.0073609507839223,2.0,1.0213223851223785,3.0,1.0632240464117537,32.0,1.090668587916843,116.0,1.1744106960709926,472.0
1996-04-24 00:00:00-04:00,28.708217672399574,29.00914238594674,28.708217672399574,28.948957443237305,272900,WHR,29.2498836517334,1,1.0020832841593057,2.0,1.020365121998768,4.0,1.0649619590536585,33.0,1.0946856881161793,117.0,1.17880937866646,473.0
1996-04-25 00:00:00-04:00,28.82858903123518,29.550808380660698,28.82858903123518,29.2498836517334,426700,WHR,28.948957443237305,0,1.0051706563710612,2.0,1.0205797921971704,5.0,1.0734332439320284,33.0,1.1054827511036793,117.0,1.1905416380787248,473.0
1996-04-26 00:00:00-04:00,29.12951227136561,29.370252042203337,28.948957443237305,28.948957443237305,147400,WHR,29.1896915435791,1,0.9948293436289387,1.0,1.0025011022327024,4.0,1.0604888882340069,32.0,1.0935155836178612,117.0,1.177794529076938,472.0
1996-04-29 00:00:00-04:00,28.888766888490657,29.1896915435791,28.828581957472966,29.1896915435791,258300,WHR,28.948957443237305,0,1.0041406896193337,1.0,1.005389532048277,4.0,1.068058920642639,32.0,1.1019513348265009,118.0,1.187061620133671,473.0
1996-04-30 00:00:00-04:00,29.06932732865617,29.06932732865617,28.88877250052787,28.948957443237305,109800,WHR,29.069313049316406,1,0.9958593103806663,1.0,0.9962717767688236,3.0,1.0577845074969878,32.0,1.0922417794434343,118.0,1.1767371973613059,473.0
1996-05-01 00:00:00-04:00,28.648018657297328,29.18968287560757,28.527648831006164,29.069313049316406,438500,WHR,28.64801979064941,0,1.0020744431893147,1.0,0.999585728568235,3.0,1.060713877835722,32.0,1.0960521710308335,119.0,1.1810744053905549,474.0
1996-05-02 00:00:00-04:00,28.768389621702564,29.069314199335437,28.58783487512284,28.64801979064941,430500,WHR,28.828590393066406,1,0.9927007497065894,1.0,0.9891934603566629,2.0,1.044089432239238,32.0,1.079631499280543,118.0,1.1634573541491893,473.0
1996-05-03 00:00:00-04:00,28.768405444437875,29.06933018758053,28.64803554718081,28.828590393066406,266000,WHR,28.467472076416016,0,1.0031416362558583,1.0,0.9962565445215983,3.0,1.0494891654944858,32.0,1.0855610036877963,119.0,1.1702898062554217,473.0
1996-05-06 00:00:00-04:00,28.8285816587807,28.8285816587807,28.347102215627785,28.467472076416016,162200,WHR,28.286924362182617,0,0.9936973275110705,1.0,0.9887123797330746,2.0,1.0353305536160569,32.0,1.0713472133556783,118.0,1.1551581756770557,472.0
1996-05-07 00:00:00-04:00,28.46747919853697,28.46747919853697,27.98599963492536,28.286924362182617,247900,WHR,28.166542053222656,0,0.9968187889297928,0.0,0.9869805045446307,2.0,1.0278354599763215,32.0,1.0639045787513204,118.0,1.1473612853465798,472.0
1996-05-08 00:00:00-04:00,28.106357134305515,28.166542053222656,27.56469286405123,28.166542053222656,239800,WHR,27.925806045532227,0,0.997867583399146,0.0,0.9890107770535473,1.0,1.0225755647445214,32.0,1.058871331857344,117.0,1.142005557917136,472.0
1996-05-09 00:00:00-04:00,28.046175899176763,28.286915606465836,27.805436191887694,27.925806045532227,217900,WHR,28.286924362182617,1,0.995708220178863,0.0,0.9855563799883461,1.0,1.0129600508491312,32.0,1.0494610530956412,116.0,1.131795192550049,471.0
1996-05-10 00:00:00-04:00,28.10636952582826,28.46747919853697,28.04618458037681,28.286924362182617,450100,WHR,28.22672843933105,0,1.0064241376291665,1.0,1.002132396285901,1.0,1.0249129312081335,33.0,1.062722914581508,116.0,1.1459613850722983,471.0
1996-05-13 00:00:00-04:00,28.286913361376534,28.34709828342202,28.10635859524009,28.22672843933105,575800,WHR,28.20978164672852,0,0.9989348428235034,1.0,1.0017085097335845,1.0,1.0214067804407359,33.0,1.060181551556042,115.0,1.1430548985677795,471.0
1996-05-14 00:00:00-04:00,28.20978164672852,28.391389683080845,28.149245634611077,28.20978164672852,428400,WHR,27.967647552490234,0,0.9996997193381254,0.0,1.0016555366339546,1.0,1.0196667566568756,32.0,1.0591930153977247,115.0,1.1419022506062995,471.0
1996-05-15 00:00:00-04:00,28.14925565348043,28.512471855460824,27.78603945150004,27.967647552490234,334900,WHR,27.786029815673828,0,0.9956898331288957,0.0,0.9944626118908471,1.0,1.0098744088525733,32.0,1.0497723703401731,115.0,1.1316525281156766,470.0
1996-05-16 00:00:00-04:00,27.907101841014452,28.028173866355083,27.72549380300352,27.786029815673828,206100,WHR,27.60443687438965,0,0.9967424976182807,0.0,0.9889877951074415,1.0,1.0023585122166856,32.0,1.0426290991438558,115.0,1.1238643719628658,470.0
1996-05-17 00:00:00-04:00,27.664972920166814,27.72550896594399,27.48336478283531,27.60443687438965,536600,WHR,27.907106399536133,1,0.9967215849200137,0.0,0.9873211150630614,0.0,0.9950378867882557,31.0,1.0355653455936011,114.0,1.1160865261234854,470.0
1996-05-20 00:00:00-04:00,27.72549833186019,28.20978651232937,27.72549833186019,27.907106399536133,384100,WHR,27.24121856689453,0,1.00545237093577,1.0,1.0004339824905466,1.0,1.0052048657928832,31.0,1.0466941546603132,114.0,1.1278626978411148,471.0
1996-05-21 00:00:00-04:00,28.08872314453125,28.08872314453125,27.24121856689453,27.24121856689453,190600,WHR,27.54388236999512,1,0.987925511191012,1.0,0.9833917730637717,1.0,0.9806760901575979,31.0,1.0215919122210144,114.0,1.1005135588815824,471.0
1996-05-22 00:00:00-04:00,27.12013033353365,27.66495438041268,27.059594328324877,27.54388236999512,644900,WHR,27.483360290527344,0,1.0055245641228123,1.0,0.9973692414412254,2.0,0.9907363272481635,32.0,1.0327576899145143,115.0,1.1122630987088957,472.0
1996-05-23 00:00:00-04:00,27.664968398174,27.96764857758509,27.483360290527344,27.483360290527344,379600,WHR,27.60443687438965,1,0.9989001433373438,1.0,0.997363891444041,2.0,0.9878690487659698,31.0,1.0303501253374239,114.0,1.109308569426163,472.0
1996-05-24 00:00:00-04:00,27.54390082861248,27.9071171032755,27.54390082861248,27.60443687438965,301000,WHR,27.60443687438965,0,1.0021978839251793,1.0,1.0017577287174724,3.0,0.9917325974330548,31.0,1.034795807179497,114.0,1.1136802733810887,472.0
1996-05-28 00:00:00-04:00,27.60443687438965,27.84658105749833,27.54390082861248,27.60443687438965,330300,WHR,27.24121856689453,0,1.0,1.0,1.0039631943392435,2.0,0.9910661389791484,31.0,1.0347206823935169,113.0,1.1131629770668818,472.0
1996-05-29 00:00:00-04:00,27.604434814453125,27.725506896972657,27.24121856689453,27.24121856689453,160000,WHR,27.24121856689453,0,0.9933774461336511,0.0,0.99075307837511,2.0,0.9776164297866273,30.0,1.0210602029587932,113.0,1.0979928165376278,472.0
1996-05-30 00:00:00-04:00,27.120146484375,27.362290649414064,26.99907440185547,27.24121856689453,220000,WHR,27.54388236999512,1,1.0,0.0,0.9929390875856313,1.0,0.9772778145436116,29.0,1.0209874170836448,113.0,1.0974701173963635,472.0
1996-05-31 00:00:00-04:00,27.362274354368772,27.66495438041268,26.99905832311609,27.54388236999512,221100,WHR,27.422822952270508,0,1.0055245641228123,1.0,1.0035283850004932,2.0,0.9876861004215673,29.0,1.032283833392831,113.0,1.109119587599969,473.0
1996-06-03 00:00:00-04:00,27.543895018284942,27.543895018284942,27.24121485324885,27.422822952270508,290100,WHR,27.24121856689453,0,0.9977975864295514,1.0,1.0004416917179686,1.0,0.983145534613421,28.0,1.0276910749082198,113.0,1.1037189498137878,472.0
1996-06-04 00:00:00-04:00,27.604434814453125,27.604434814453125,27.24121856689453,27.24121856689453,126900,WHR,26.75692749023437,0,0.996677809025293,0.0,0.9964571884597243,1.0,0.9762617509582187,28.0,1.02090296899762,112.0,1.095907938652561,471.0
1996-06-05 00:00:00-04:00,27.12014370050905,27.12014370050905,26.635855420142818,26.75692749023437,395400,WHR,25.48566627502441,0,0.9910313388139698,0.0,0.9822222864511687,1.0,0.9592652559713202,27.0,1.0027281578270086,112.0,1.0759583477516486,470.0
1996-06-06 00:00:00-04:00,26.39370664111792,26.39370664111792,25.304058201805717,25.48566627502441,1185100,WHR,25.425128936767575,0,0.9756661925913919,0.0,0.9477712216969951,1.0,0.9149903186081413,26.0,0.9553380651244592,111.0,1.0244666243438154,469.0
1996-06-07 00:00:00-04:00,24.940840766543435,25.425128936767575,24.880304745265416,25.425128936767575,1539200,WHR,25.425128936767575,0,0.9988109135203055,0.0,0.9606585798353633,0.0,0.9142837475748066,25.0,0.9533111042060798,111.0,1.0216609213663965,469.0
1996-06-10 00:00:00-04:00,25.606737000601637,25.606737000601637,25.243520872933523,25.425128936767575,306900,WHR,24.880300521850582,0,1.0,0.0,0.9753830635628339,0.0,0.915722229350628,25.0,0.9535535273256542,111.0,1.0212866949110146,469.0
1996-06-11 00:00:00-04:00,25.364588609867145,25.606732653875422,24.759228499846447,24.880300521850582,758200,WHR,25.061906814575195,1,0.9891695902255406,0.0,0.9720906339252462,0.0,0.8978381422928055,24.0,0.9334254647458217,111.0,0.9990577275541169,469.0
1996-06-12 00:00:00-04:00,25.001370807776706,25.243514834970668,24.819762787381237,25.061906814575195,517400,WHR,24.698694229125977,0,1.0036363289171673,1.0,0.9923296504254617,1.0,0.9062149797361294,24.0,0.9405042161952002,112.0,1.006003034071654,469.0
1996-06-13 00:00:00-04:00,25.06191032073077,25.182982351265704,24.577622198591047,24.698694229125977,298700,WHR,24.75923538208008,1,0.9927007998731721,1.0,0.9840810436178438,1.0,0.8951796706128202,23.0,0.9270628308907333,112.0,0.9910939219316445,469.0
1996-06-14 00:00:00-04:00,24.638163326421985,24.940843465567216,24.638163326421985,24.75923538208008,270800,WHR,24.638164520263672,0,1.0012240939608679,1.0,0.991755763813457,2.0,0.8990937292960843,24.0,0.9295245540219104,112.0,0.9931973670937553,469.0
1996-06-17 00:00:00-04:00,24.819772612550626,24.819772612550626,24.638164520263672,24.638164520263672,114800,WHR,24.274940490722656,0,0.9975490438351865,1.0,0.993167603421299,2.0,0.8965137311427812,23.0,0.9250613925307924,112.0,0.9880257602812652,468.0
1996-06-18 00:00:00-04:00,24.638156557915515,24.638156557915515,24.214404479523846,24.274940490722656,304200,WHR,24.39601707458496,1,0.9925740958489666,0.0,0.9833250430622793,2.0,0.8850627983935513,23.0,0.911562598737944,111.0,0.9731704697967922,467.0
1996-06-19 00:00:00-04:00,24.2749450295498,24.577625142137705,24.2749450295498,24.39601707458496,358000,WHR,24.15387916564941,0,1.0024876556763824,1.0,0.9935897595244344,2.0,0.8911605762474313,24.0,0.9163052561906033,111.0,0.977711601475812,468.0
1996-06-20 00:00:00-04:00,24.51709539370429,24.57763143171344,24.15387916564941,24.15387916564941,338400,WHR,24.09332656860352,0,0.9950125967780156,1.0,0.9881131220874918,2.0,0.8838594581231741,24.0,0.907502304274299,110.0,0.967722387243739,467.0
1996-06-21 00:00:00-04:00,24.335470554217626,24.335470554217626,24.03279057219999,24.09332656860352,418800,WHR,24.032793045043945,0,0.998744951212731,0.0,0.99103547304899,1.0,0.8834166847377597,23.0,0.9054059592669944,110.0,0.9650144487484038,467.0
1996-06-24 00:00:00-04:00,24.214401052941003,24.39600906083806,23.851185037146887,24.032793045043945,208800,WHR,23.73011779785156,0,0.9987421898119871,0.0,0.9934933038715087,1.0,0.8830381103784796,22.0,0.9033177243185752,110.0,0.9623133101405854,466.0
1996-06-25 00:00:00-04:00,24.214405916175064,24.396013960546377,23.54850975348025,23.73011779785156,375800,WHR,24.214412689208984,1,0.9936629648015388,0.0,0.9854198070377926,1.0,0.8734529092421258,22.0,0.8922056425539422,109.0,0.9499301628794039,466.0
1996-06-26 00:00:00-04:00,23.548516340255738,24.214412689208984,23.245836181640623,24.214412689208984,499100,WHR,24.15387916564941,0,1.0101011499421841,1.0,1.0070495944950617,1.0,0.892519950041679,23.0,0.9106583964933924,109.0,0.9690292307915699,467.0
1996-06-27 00:00:00-04:00,24.093343127640267,24.15387916564941,23.911735013612827,24.15387916564941,331600,WHR,24.032793045043945,0,0.9987484874648618,1.0,1.0045320748204596,1.0,0.8912995146152162,23.0,0.9087065736981067,108.0,0.9663224541232894,467.0
1996-06-28 00:00:00-04:00,24.214401052941003,24.27493705557336,23.91172103977924,24.032793045043945,366900,WHR,24.698694229125977,1,0.997487144991544,0.0,0.9999997460339269,1.0,0.8887289038676445,22.0,0.9044668084693609,108.0,0.9612022308267876,466.0
1996-07-01 00:00:00-04:00,24.577622198591047,24.698694229125977,24.27494212225372,24.698694229125977,221300,WHR,25.182985305786133,1,1.013664700614114,1.0,1.0220439997591149,2.0,0.9149700298737483,22.0,0.9298253977129306,108.0,0.9875146529923724,467.0
1996-07-02 00:00:00-04:00,24.69869712682871,25.72780950711324,24.69869712682871,25.182985305786133,736400,WHR,24.880300521850582,0,1.0097087965195959,2.0,1.0297029766288317,3.0,0.9340760484217744,23.0,0.9483677959986916,108.0,1.0065294387471828,468.0
1996-07-03 00:00:00-04:00,25.243516587863,25.304052598865077,24.759228499846447,24.880300521850582,213500,WHR,24.39601707458496,0,0.9939539568981215,1.0,1.0118167244211544,2.0,0.924314099891634,22.0,0.9373186063746519,108.0,0.9940974369801308,468.0
1996-07-05 00:00:00-04:00,24.517089119620124,24.577625142137705,24.33548105206738,24.39601707458496,116900,WHR,24.09332656860352,0,0.9901720852756932,0.0,0.9901721159371311,2.0,0.9083079125342637,21.0,0.9194761596739862,108.0,0.9744349722159127,468.0
1996-07-08 00:00:00-04:00,24.274934557814092,24.456542547024675,24.03279057219999,24.09332656860352,118000,WHR,24.517087936401367,1,0.9937575870647208,0.0,0.9774064020301092,2.0,0.899109270657832,21.0,0.9084905393988627,108.0,0.9620582597413194,467.0
1996-07-09 00:00:00-04:00,24.33547987761321,24.759232014785574,24.27494385801716,24.517087936401367,437600,WHR,24.274940490722656,0,1.008717501632376,1.0,0.9960650131045862,2.0,0.9167637854392536,22.0,0.9247995071686296,109.0,0.9786691506506329,468.0
1996-07-10 00:00:00-04:00,24.517084535517892,24.517084535517892,23.9117244235298,24.274940490722656,309500,WHR,24.032793045043945,0,0.9950371514879652,1.0,0.9935579619871683,1.0,0.9099502371269425,21.0,0.9160261472138265,109.0,0.9687099184626716,467.0
1996-07-11 00:00:00-04:00,24.39600906083806,24.39600906083806,23.790649034514537,24.032793045043945,129300,WHR,24.15387916564941,1,0.9949873979184011,0.0,0.9905188327427139,1.0,0.9033421088902374,20.0,0.9072709536489881,109.0,0.9587849378464443,466.0
1996-07-12 00:00:00-04:00,23.85119897560368,24.21441520365856,23.790662937594536,24.15387916564941,208300,WHR,24.09332656860352,0,1.0025128550084559,1.0,0.9975004021560003,2.0,0.9102158946225686,21.0,0.9122100378543924,110.0,0.9633585035659404,466.0
1996-07-15 00:00:00-04:00,24.15386256500704,24.274934557814092,23.85118258298941,24.09332656860352,319500,WHR,24.15387916564941,1,0.998744951212731,1.0,0.994999717297447,2.0,0.9100557792569852,21.0,0.9102500241993199,110.0,0.9606999147218336,465.0
1996-07-16 00:00:00-04:00,24.396023317686,24.57763143171344,23.54851878555795,24.15387916564941,641400,WHR,24.15387916564941,0,1.001255048787269,1.0,1.0005018472830995,2.0,0.9144798150264452,21.0,0.9128328046979,111.0,0.9628638581537547,466.0
1996-07-17 00:00:00-04:00,24.21441520365856,24.274951241667708,24.03280708963112,24.15387916564941,175900,WHR,24.335479736328125,1,1.0,1.0,1.001506278265751,2.0,0.9169408262977817,20.0,0.9131688832746466,110.0,0.9626134510806024,466.0
1996-07-18 00:00:00-04:00,24.15387167859433,24.69869585179571,24.093335659349734,24.335479736328125,285500,WHR,23.790647506713867,0,1.0037451633676127,1.0,1.0065096533275237,3.0,0.9264686209808398,20.0,0.9203810059846746,110.0,0.9695789028431333,467.0
1996-07-19 00:00:00-04:00,24.2143994979276,24.2143994979276,23.669575509224227,23.790647506713867,363400,WHR,23.73011779785156,0,0.9886790759858404,1.0,0.9869409191385903,2.0,0.9087006634516398,19.0,0.9002125068762326,109.0,0.9476306098145167,466.0
1996-07-22 00:00:00-04:00,23.790653812642,23.790653812642,23.609045768270686,23.73011779785156,350400,WHR,23.73011779785156,0,0.9987262471790096,0.0,0.9874054264133745,2.0,0.9095848386189375,18.0,0.8984152565081023,108.0,0.94498990998184,465.0
1996-07-23 00:00:00-04:00,23.73011779785156,23.790653812642,23.54850975348025,23.73011779785156,341400,WHR,23.48798370361328,0,1.0,0.0,0.9908998595885856,1.0,0.9126275418254288,18.0,0.898933069248186,107.0,0.944762416930036,464.0
1996-07-24 00:00:00-04:00,23.48798370361328,23.48798370361328,23.18530350124713,23.48798370361328,312000,WHR,23.669578552246094,1,0.9948720069943776,0.0,0.9862738862588629,1.0,0.9066288223194138,17.0,0.8902745622299706,107.0,0.9349063277954814,464.0
1996-07-25 00:00:00-04:00,23.48797053266364,23.79065056530106,23.48797053266364,23.669578552246094,139000,WHR,23.851194381713867,1,1.0038508107702333,1.0,0.9994886125152419,1.0,0.9167519581596189,18.0,0.8976513703636686,108.0,0.9418976384293207,465.0
1996-07-26 00:00:00-04:00,23.669586302665284,24.03280246076245,23.669586302665284,23.851194381713867,96500,WHR,23.851194381713867,0,1.003821819769644,2.0,1.00664291693934,2.0,0.9269083638837426,18.0,0.9049959182799862,109.0,0.9488690164613852,466.0
1996-07-29 00:00:00-04:00,23.79065835536434,24.09333848711198,23.73012232901481,23.851194381713867,87700,WHR,24.15387916564941,1,1.0,1.0,1.005615167425676,2.0,0.9297971643652397,18.0,0.9054370362401439,109.0,0.9486029931848746,466.0
1996-07-30 00:00:00-04:00,23.85119897560368,24.15387916564941,23.669590861576243,24.15387916564941,100300,WHR,23.851194381713867,0,1.0063052665388983,1.0,1.0147509381101554,3.0,0.944465386770202,18.0,0.9172748641945336,110.0,0.9603667915003496,466.0
1996-07-31 00:00:00-04:00,23.972266434412923,24.09333848711198,23.73012232901481,23.851194381713867,190700,WHR,24.45655059814453,1,0.9936947334611016,1.0,0.9989858271440429,3.0,0.9354440186338223,18.0,0.9062219001093225,109.0,0.9480765954964023,465.0
1996-08-01 00:00:00-04:00,23.73011840216004,24.45655059814453,23.73011840216004,24.45655059814453,196500,WHR,24.698694229125977,1,1.0125312455939117,1.0,1.0176320682914672,3.0,0.9615937208166722,19.0,0.9296320337564696,109.0,0.9718563589665498,465.0
1996-08-02 00:00:00-04:00,24.39601415278865,24.94083829019584,24.214406106986253,24.698694229125977,223900,WHR,24.274940490722656,0,1.004926099581689,2.0,1.0205101013345694,3.0,0.9733263243652246,20.0,0.9392074108350909,110.0,0.9811793798287419,466.0
1996-08-05 00:00:00-04:00,24.69869256911432,24.69869256911432,24.214404479523846,24.274940490722656,133100,WHR,24.274940490722656,0,0.9913473087952858,1.0,0.9995013276019751,3.0,0.9589264330095114,20.0,0.9234516577261924,110.0,0.9640591553626017,466.0
1996-08-06 00:00:00-04:00,24.15386846832504,24.274940490722656,24.032796445927417,24.274940490722656,119500,WHR,24.032793045043945,0,1.0,0.0,0.9985058963899871,2.0,0.9614660545384308,19.0,0.9237187072428017,110.0,0.9637710175231938,466.0
1996-08-07 00:00:00-04:00,24.0933290476763,24.39600906083806,24.032793045043945,24.032793045043945,192500,WHR,24.39601707458496,1,0.9949873979184011,0.0,0.9870709665208687,2.0,0.9545178291977859,19.0,0.9147944622037596,110.0,0.9538604249396747,466.0
1996-08-08 00:00:00-04:00,24.21440900703222,24.577625142137705,24.03280093947948,24.39601707458496,120200,WHR,24.15387916564941,0,1.0075001642337233,1.0,1.0024877263914176,2.0,0.9713964397739823,20.0,0.9289304693356304,110.0,0.9679575082284418,467.0
1996-08-09 00:00:00-04:00,24.274951241667708,24.57763143171344,24.03280708963112,24.15387916564941,170300,WHR,24.214412689208984,1,0.9950125967780156,1.0,0.9970018432063573,1.0,0.9641953476780285,20.0,0.9200020198390326,110.0,0.9580397552088732,467.0
1996-08-12 00:00:00-04:00,24.093340625762934,24.27494872093201,23.97226856231689,24.214412689208984,59100,WHR,24.09332656860352,0,1.001251512535138,1.0,1.0000001732921533,2.0,0.9689141574556528,21.0,0.9225915664764083,111.0,0.960110492053767,468.0
1996-08-13 00:00:00-04:00,24.09332656860352,24.15386256500704,24.03279057219999,24.09332656860352,42700,WHR,24.15387916564941,1,0.997493442614666,1.0,0.9964943816877764,2.0,0.9663317442690137,21.0,0.9182611083742472,111.0,0.954989779941723,467.0
1996-08-14 00:00:00-04:00,24.03280708963112,24.15387916564941,24.03280708963112,24.15387916564941,66100,WHR,24.09332656860352,0,1.001255048787269,1.0,0.9979992082892103,3.0,0.9711970140009205,21.0,0.9208360519978044,112.0,0.9570758417753698,467.0
1996-08-15 00:00:00-04:00,24.15386256500704,24.15386256500704,23.972254575796462,24.09332656860352,52200,WHR,24.15387916564941,1,0.998744951212731,1.0,0.9979935906393984,2.0,0.9708102394170682,21.0,0.9188192160911957,111.0,0.9543678118041953,466.0
1996-08-16 00:00:00-04:00,24.03280708963112,24.21441520365856,23.972271051621973,24.15387916564941,155800,WHR,24.15387916564941,0,1.001255048787269,1.0,1.0005017998556018,3.0,0.9754708855505002,21.0,0.9214374232319994,111.0,0.9564674355673412,466.0
1996-08-19 00:00:00-04:00,24.21441520365856,24.21441520365856,23.972271051621973,24.15387916564941,78300,WHR,24.15387916564941,0,1.0,1.0,1.0010037870694664,2.0,0.9776618806764732,21.0,0.9217466136581225,111.0,0.9561812856455046,465.0
1996-08-20 00:00:00-04:00,24.093343127640267,24.274951241667708,24.093343127640267,24.15387916564941,298700,WHR,23.911725997924805,0,1.0,0.0,1.0005016417639752,2.0,0.9799429613002929,20.0,0.9220061024980619,111.0,0.9559016066023779,464.0
1996-08-21 00:00:00-04:00,24.153870058663284,24.153870058663284,23.911725997924805,23.911725997924805,164500,WHR,24.214412689208984,1,0.9949620281092784,0.0,0.9924621480562466,1.0,0.9725469966378119,20.0,0.9130698688343847,110.0,0.9460506267503703,464.0
1996-08-22 00:00:00-04:00,23.91173253059387,24.335484752655027,23.85119649887085,24.214412689208984,147300,WHR,24.214412689208984,0,1.0062894447703759,1.0,1.0040160559991058,2.0,0.9868828639455721,21.0,0.924902622392214,110.0,0.9577543755130516,464.0
1996-08-23 00:00:00-04:00,24.15387665748596,24.335484752655027,24.093340625762934,24.214412689208984,225600,WHR,24.214412689208984,0,1.0,1.0,1.0035123056380166,1.0,0.9889160841978898,21.0,0.9252110647766814,109.0,0.9574932000525379,463.0
1996-08-26 00:00:00-04:00,24.214412689208984,24.27494872093201,24.093340625762934,24.214412689208984,154000,WHR,24.15387916564941,0,1.0,0.0,1.0030090605221695,1.0,0.99116231353662,20.0,0.9254860658565878,109.0,0.9572426691015474,462.0
1996-08-27 00:00:00-04:00,24.15387916564941,24.21441520365856,24.03280708963112,24.15387916564941,47700,WHR,23.95393180847168,0,0.9987484874648618,0.0,1.000501641763975,1.0,0.9908943176012082,20.0,0.9234218891785799,109.0,0.9546105481077318,461.0
1996-08-28 00:00:00-04:00,24.07583476932904,24.197737730186404,23.892980328043,23.95393180847168,139600,WHR,23.8320369720459,0,0.9958437652196378,0.0,0.991872617197302,1.0,0.9849053438708228,20.0,0.9161115900400434,108.0,0.9464745310981508,461.0
1996-08-29 00:00:00-04:00,23.892988473253176,23.953939974460454,23.77108547083862,23.8320369720459,137500,WHR,23.89300346374512,1,0.9974491500426486,0.0,0.9899601081329802,0.0,0.981861442244095,20.0,0.9119485044292125,107.0,0.9414200143095718,461.0
1996-08-30 00:00:00-04:00,24.01490654264177,24.075858082090104,23.77110038484846,23.89300346374512,93800,WHR,23.8320369720459,0,1.0012774529082118,1.0,0.9951498538116226,1.0,0.9854509113058518,21.0,0.9147651278194173,108.0,0.9435894649593058,461.0
1996-09-03 00:00:00-04:00,23.527279466009507,23.953939974460454,23.34442496238767,23.8320369720459,196000,WHR,23.8320369720459,0,0.9987225470917884,1.0,0.9957823591485119,1.0,0.984013983103886,21.0,0.9129640614837345,107.0,0.9409541362113962,460.0
1996-09-04 00:00:00-04:00,23.8320369720459,23.8320369720459,23.649182468424065,23.8320369720459,495800,WHR,23.71013069152832,0,1.0,0.0,0.998467767214217,1.0,0.9850939423104895,21.0,0.9135560665316118,106.0,0.9407183799555392,460.0
1996-09-05 00:00:00-04:00,23.7710821843086,24.13679114099027,23.588227705967764,23.71013069152832,200100,WHR,24.014896392822266,1,0.9974358283076146,0.0,0.9953938279504576,1.0,0.980845668706667,21.0,0.9095478509634589,105.0,0.9356764603694148,460.0
1996-09-06 00:00:00-04:00,23.710138824385435,24.136799420197,23.710138824385435,24.014896392822266,284000,WHR,24.19775390625,1,1.0063858675397983,1.0,1.0066428864186894,2.0,0.9941709548457338,21.0,0.9218702334894046,106.0,0.947448936282849,461.0
1996-09-09 00:00:00-04:00,24.07585086390113,24.3806084697733,24.0148993427267,24.19775390625,112700,WHR,24.19775390625,0,1.0037927289268156,2.0,1.011722982407416,2.0,1.0020872618431709,22.0,0.9295513925380899,106.0,0.9543936405977672,462.0
1996-09-10 00:00:00-04:00,24.25870542742443,24.25870542742443,24.07585086390113,24.19775390625,329500,WHR,24.38060188293457,1,1.0,1.0,1.0086383947105864,2.0,1.0024757596293252,21.0,0.9301545418704349,106.0,0.9541180369145708,462.0
1996-09-11 00:00:00-04:00,24.07584435939789,24.38060188293457,24.07584435939789,24.38060188293457,87800,WHR,24.44156646728516,1,1.0037639803512097,1.0,1.0116336880493468,3.0,1.0102305301268235,22.0,0.937748123155798,107.0,0.9610432844132751,463.0
1996-09-12 00:00:00-04:00,24.380614929960256,24.68537261658476,24.380614929960256,24.44156646728516,142300,WHR,24.86822509765625,1,1.0012487070200011,2.0,1.0080445358893708,4.0,1.0126401224674357,23.0,0.940634005144977,108.0,0.9631527785065936,464.0
1996-09-13 00:00:00-04:00,24.50251590504366,24.990128161860447,24.50251590504366,24.86822509765625,266700,WHR,24.990123748779297,1,1.008652614761293,2.0,1.0184724378869554,4.0,1.0299811998709971,23.0,0.9574982908714199,109.0,0.9796507960736301,465.0
1996-09-16 00:00:00-04:00,24.80726918476384,25.05107527011778,24.80726918476384,24.990123748779297,153800,WHR,24.990123748779297,0,1.0024448994790922,2.0,1.0168650455641235,4.0,1.0344328145791926,24.0,0.962682303735214,109.0,0.9841102162476482,466.0
1996-09-17 00:00:00-04:00,24.92917222744081,25.11202679145627,24.80726918476384,24.990123748779297,785800,WHR,24.92915725708008,0,1.0,1.0,1.0103498921706622,4.0,1.0337932115059376,24.0,0.9630850961071,109.0,0.9837678388803035,466.0
1996-09-18 00:00:00-04:00,24.99010874181621,25.11201171128849,24.92915725708008,24.92915725708008,199900,WHR,24.990123748779297,1,0.9987786985214779,0.0,1.0034341710336205,3.0,1.0306341986757872,24.0,0.96113790226471,109.0,0.981013864925936,466.0
1996-09-19 00:00:00-04:00,24.868220706102324,25.11202679145627,24.80726918476384,24.990123748779297,463700,WHR,25.29488754272461,1,1.001221301478522,1.0,1.001465644267404,3.0,1.032258503346782,25.0,0.9638830780343872,110.0,0.9830689831205743,466.0
1996-09-20 00:00:00-04:00,25.05108139773449,25.35583907897214,24.990129861486963,25.29488754272461,510800,WHR,25.41679000854492,1,1.0060607283585676,2.0,1.0102242712407292,3.0,1.0440706486856155,25.0,0.9759291620731904,111.0,0.9946892754093887,467.0
1996-09-23 00:00:00-04:00,25.2339354041669,25.477741543337597,25.172983869374228,25.41679000854492,192300,WHR,25.59964370727539,1,1.002403834219388,2.0,1.0116450814621551,3.0,1.0481916231324377,26.0,0.9809157060414366,111.0,0.9991233080636938,467.0
1996-09-24 00:00:00-04:00,25.35583757672991,25.7824983051845,25.35583757672991,25.59964370727539,244700,WHR,25.59964370727539,0,1.0035842117022336,2.0,1.0140030724742182,4.0,1.054596782619732,27.0,0.988275574280197,111.0,1.0059244757864125,468.0
1996-09-25 00:00:00-04:00,25.59964370727539,25.66059523991176,25.47774064200265,25.59964370727539,135100,WHR,25.41679000854492,0,1.0,1.0,1.0086455509002352,4.0,1.0539448246713181,26.0,0.9885605596600177,111.0,1.005549000688978,467.0
1996-09-26 00:00:00-04:00,25.53869307813027,25.660596147715616,25.41679000854492,25.41679000854492,180100,WHR,24.624414443969727,0,0.9964157882977662,0.0,0.9980852176990813,3.0,1.0462488345308019,25.0,0.9818102992309286,111.0,0.9980077191936171,466.0
1996-09-27 00:00:00-04:00,24.502511402167897,24.80726900667247,24.075850755861488,24.624414443969727,931700,WHR,24.685365676879883,1,0.9841655377154821,0.0,0.9720883821016022,2.0,1.013809711293432,25.0,0.9515937498861301,111.0,0.966568799363846,466.0
1996-09-30 00:00:00-04:00,24.441559596120577,24.74631719706971,24.31965655574092,24.685365676879883,329200,WHR,24.685365676879883,0,1.00123608810992,1.0,0.9801547576622713,2.0,1.0161173835906356,26.0,0.9542366276396599,112.0,0.968634742641284,466.0
1996-10-01 00:00:00-04:00,24.38060807593075,24.807268717259536,24.38060807593075,24.685365676879883,383400,WHR,24.50251197814941,0,1.0,1.0,0.9873231652994304,1.0,1.0157048389180878,26.0,0.9545418152423557,111.0,0.9683168536479039,465.0
1996-10-02 00:00:00-04:00,24.56346350048312,24.746318067484232,24.441560455815708,24.50251197814941,429600,WHR,24.31965065002441,0,0.9962825454675461,0.0,0.9886866469669812,1.0,1.0081912124228256,25.0,0.9478098214521925,110.0,0.960831549265455,465.0
1996-10-03 00:00:00-04:00,24.563456671578543,24.563456671578543,24.13679613385882,24.31965065002441,129100,WHR,24.19775390625,0,0.9962545426445433,0.0,0.9900742396051064,1.0,1.0006364386276396,25.0,0.9411080165382154,109.0,0.9533617966899502,464.0
1996-10-04 00:00:00-04:00,24.319656948598865,24.44155999094773,24.13680238507557,24.19775390625,197900,WHR,24.014896392822266,0,0.9974875666806737,0.0,0.9885458702840241,1.0,0.9955083606833602,25.0,0.9366752239091912,109.0,0.9482924623602618,463.0
1996-10-07 00:00:00-04:00,24.319653961259096,24.319653961259096,23.832041851760167,24.014896392822266,353400,WHR,24.075851440429688,1,0.9962072710731844,0.0,0.9864796728127798,0.0,0.9880796672222367,24.0,0.929828556621646,109.0,0.9408487910819942,462.0
1996-10-08 00:00:00-04:00,24.136802963063687,24.25870600833169,24.075851440429688,24.075851440429688,128500,WHR,23.95393180847168,0,1.0012675005142107,1.0,0.9939608359895798,1.0,0.9905994997961756,25.0,0.9324379237637793,109.0,0.9429851619714302,462.0
1996-10-09 00:00:00-04:00,24.01488328890036,24.07583476932904,23.892980328043,23.95393180847168,294600,WHR,23.71013069152832,0,0.9974615827157455,1.0,0.9934272440551188,1.0,0.9857182791536024,24.0,0.9279218964706261,109.0,0.9379661198847039,461.0
1996-10-10 00:00:00-04:00,23.89298516986916,24.07583964820999,23.71013069152832,23.71013069152832,340200,WHR,23.71013069152832,0,0.9948850118064662,0.0,0.9883127902204638,1.0,0.9759827532115234,24.0,0.9186483959027865,109.0,0.9281872603100307,461.0
1996-10-11 00:00:00-04:00,23.71013069152832,23.89298516986916,23.64917919874804,23.71013069152832,273000,WHR,23.71013069152832,0,1.0,0.0,0.9923468127193147,1.0,0.9764016508777917,23.0,0.9189124213786013,108.0,0.9279550577874162,461.0
1996-10-14 00:00:00-04:00,23.71013069152832,23.7710821843086,23.64917919874804,23.71013069152832,158200,WHR,23.58824348449707,0,1.0,0.0,0.9948848525592544,1.0,0.9764556121774207,23.0,0.9192359210894935,107.0,0.9277209566480412,461.0
1996-10-15 00:00:00-04:00,23.58824348449707,23.710146551600413,23.5272919509454,23.58824348449707,158600,WHR,23.89300346374512,1,0.9974230148677492,0.0,0.9938372451081874,0.0,0.9715305325764367,23.0,0.9148075606260216,107.0,0.922731433895653,460.0
1996-10-16 00:00:00-04:00,23.710148845400127,23.89300346374512,23.6491973059518,23.89300346374512,230800,WHR,23.89300346374512,0,1.006418533607179,1.0,1.0071947264444614,1.0,0.9839726808640096,24.0,0.9267730978104601,108.0,0.9344229313878742,460.0
1996-10-17 00:00:00-04:00,23.83205192429679,24.075858082090104,23.83205192429679,23.89300346374512,157600,WHR,23.649194717407227,0,1.0,1.0,1.0056442466369024,1.0,0.9836992172290465,24.0,0.9269279255601068,107.0,0.9341827200789191,460.0
1996-10-18 00:00:00-04:00,23.95395238129134,23.95395238129134,23.588243184630404,23.649194717407227,286900,WHR,23.8320369720459,1,0.9948717401452728,0.0,0.9958933079331987,1.0,0.9736749823850582,23.0,0.9176658674296848,106.0,0.924417302847742,460.0
1996-10-21 00:00:00-04:00,23.527279466009507,23.8320369720459,23.527279466009507,23.8320369720459,232200,WHR,23.58824348449707,0,1.0038508321737425,1.0,1.002563640762729,2.0,0.9812157877406184,23.0,0.9248899025466878,107.0,0.9313353220252242,460.0
1996-10-22 00:00:00-04:00,23.710146551600413,23.771098085152087,23.40538888384205,23.58824348449707,431600,WHR,23.161582946777344,0,0.9948588771470417,1.0,0.9923077618062685,2.0,0.9713535585250621,23.0,0.9155319712240525,107.0,0.9215842659877838,460.0
1996-10-23 00:00:00-04:00,23.46634061712968,23.46634061712968,23.161582946777344,23.161582946777344,248600,WHR,23.100624084472656,0,0.9908735375018569,0.0,0.9803922518450687,1.0,0.9544338704789279,22.0,0.8991911677946564,106.0,0.9047102051875204,460.0
1996-10-24 00:00:00-04:00,23.100624084472656,23.283478628676924,22.917769540268388,23.100624084472656,250800,WHR,22.97872734069824,0,0.9986823183281439,0.0,0.984415447315935,1.0,0.9524128568791956,22.0,0.8971098024263126,105.0,0.9021233843737168,460.0
1996-10-25 00:00:00-04:00,23.03967887210593,23.100630403513616,22.79587274647518,22.97872734069824,317100,WHR,23.100624084472656,1,0.9973546341256045,0.0,0.9848486223326355,1.0,0.9483502244752416,21.0,0.8926850031988275,104.0,0.8971861468509473,459.0
1996-10-28 00:00:00-05:00,22.917769540268388,23.34443014341168,22.917769540268388,23.100624084472656,143600,WHR,23.161582946777344,1,1.0026453658743952,1.0,0.9963194837616289,1.0,0.954430134681751,21.0,0.8976977836796107,105.0,0.9017595034299187,460.0
1996-10-29 00:00:00-05:00,23.28348601491828,23.344437548988743,23.161582946777344,23.161582946777344,548300,WHR,22.91777229309082,0,1.001317681671856,2.0,1.0026386583688194,2.0,0.9576829425192099,22.0,0.900436214851431,105.0,0.9039466166851547,461.0
1996-10-30 00:00:00-05:00,23.28348142542737,23.28348142542737,22.795869248978637,22.91777229309082,359500,WHR,23.0396728515625,1,0.9947088961549623,1.0,0.9941829500510052,2.0,0.9484889737614984,22.0,0.8912915811421809,105.0,0.894249341216422,461.0
1996-10-31 00:00:00-05:00,22.85681830512153,23.0396728515625,22.85681830512153,23.0396728515625,187000,WHR,22.856821060180664,0,1.0026524659516645,1.0,0.9999998675433707,3.0,0.9541876734775964,23.0,0.8963263599970668,106.0,0.8988169047134058,462.0
1996-11-01 00:00:00-05:00,23.100627151489256,23.222530197143552,22.856821060180664,22.856821060180664,89100,WHR,22.67396545410156,0,0.9960159965217942,1.0,0.9931144228451014,3.0,0.9476216508532608,22.0,0.8894887466600943,106.0,0.891510216797941,461.0
1996-11-04 00:00:00-05:00,22.856820014215288,22.917771534253195,22.67396545410156,22.67396545410156,190900,WHR,22.856821060180664,1,0.9959839128625254,0.0,0.9888356789794467,2.0,0.941002900875095,22.0,0.8826882159214592,105.0,0.8842393212692706,460.0
1996-11-05 00:00:00-05:00,22.67396649169922,22.91777258300781,22.67396649169922,22.856821060180664,233800,WHR,23.161582946777344,1,1.0040160871374744,1.0,0.9994669868370902,2.0,0.949483274567402,22.0,0.8901325207038113,105.0,0.8912491974426912,460.0
1996-11-06 00:00:00-05:00,22.795873742354544,23.222534480847813,22.795873742354544,23.161582946777344,125000,WHR,23.344432830810547,1,1.0066226087838814,2.0,1.0106384802606685,3.0,0.9627642934530173,23.0,0.9022886661755897,106.0,0.9029972951512413,461.0
1996-11-07 00:00:00-05:00,23.039675222053223,23.40538435256201,23.039675222053223,23.344432830810547,89800,WHR,22.856821060180664,0,1.0039317469143707,2.0,1.0159150764738183,3.0,0.9709093296280867,23.0,0.9096927442047406,106.0,0.9099890383319316,461.0
1996-11-08 00:00:00-05:00,23.283481719970705,23.34443324279785,22.734918014526365,22.856821060180664,89600,WHR,23.0396728515625,1,0.9894459191133563,1.0,0.9946949357730689,3.0,0.9514447555250504,23.0,0.8910343216847064,106.0,0.890866611073311,460.0
1996-11-11 00:00:00-05:00,22.978721336082177,23.2834789134838,22.91776982060185,23.0396728515625,97200,WHR,22.73490333557129,0,1.0039840034782057,1.0,0.9994710494039591,4.0,0.9597981263950488,23.0,0.8985161780056636,106.0,0.897875218804776,460.0
1996-11-12 00:00:00-05:00,23.10061223641158,23.10061223641158,22.673951852097908,22.73490333557129,321800,WHR,22.36920547485352,0,0.9933419478370424,1.0,0.9872943441353029,3.0,0.948035897915742,23.0,0.8869973621945966,106.0,0.8858997075706436,459.0
1996-11-13 00:00:00-05:00,22.55206001551989,22.61301152907535,22.308253961298057,22.36920547485352,317000,WHR,22.43016242980957,1,0.9918921386462858,0.0,0.9781450225046887,2.0,0.9339448562195183,23.0,0.8731894056267958,105.0,0.8715653732056202,459.0
1996-11-14 00:00:00-05:00,21.820647146390836,22.43016242980957,21.820647146390836,22.43016242980957,580300,WHR,22.856821060180664,1,1.0013606655139817,1.0,0.988715997805227,2.0,0.9374563676212511,24.0,0.8760382177346967,105.0,0.8738461608873039,460.0
1996-11-15 00:00:00-05:00,22.91777258300781,23.16157867431641,22.734918014526365,22.856821060180664,510700,WHR,22.856821060180664,0,1.0094212199067178,2.0,1.0075230044316676,3.0,0.9561925679023122,24.0,0.8931543186604043,105.0,0.8903495730481162,461.0
1996-11-18 00:00:00-05:00,22.856821060180664,22.91777258300781,22.734918014526365,22.856821060180664,242900,WHR,22.91777229309082,1,1.0,1.0,1.0091497662920133,2.0,0.9570985175909534,24.0,0.8936902757929884,104.0,0.8902407071720287,460.0
1996-11-19 00:00:00-05:00,22.97872381514691,23.039675337203004,22.856820771034727,22.91777229309082,471700,WHR,22.91777229309082,0,1.0013315515976244,1.0,1.0102095667831246,3.0,0.9605199597365199,25.0,0.8965945761710025,105.0,0.8925092471035241,460.0
1996-11-20 00:00:00-05:00,22.97872381514691,23.100626859259098,22.734917726922543,22.91777229309082,114800,WHR,23.40538215637207,1,1.0,1.0,1.0053475680789545,3.0,0.9613500404311842,25.0,0.8971747826939371,104.0,0.8924116122118908,459.0
1996-11-21 00:00:00-05:00,22.978721544146534,23.46633367240429,22.978721544146534,23.40538215637207,273600,WHR,24.136802673339844,1,1.0105262663796615,1.0,1.0180274863317231,3.0,0.9821808732929594,26.0,0.9167440932597509,105.0,0.9112701210756984,460.0
1996-11-22 00:00:00-05:00,23.22252984480425,24.136802673339844,23.16157832290187,24.136802673339844,319700,WHR,24.075851440429688,0,1.0153846635275092,2.0,1.0382800369804062,3.0,1.0126582724177122,27.0,0.945733301916258,106.0,0.9395918634695444,460.0
1996-11-25 00:00:00-05:00,23.89299687252769,24.136802963063687,23.89299687252769,24.075851440429688,254200,WHR,24.50251197814941,1,0.9987357834985329,1.0,1.0249092137037872,3.0,1.0099719354224872,26.0,0.943712065426148,105.0,0.9370662957260741,460.0
1996-11-26 00:00:00-05:00,24.136802844147184,24.56346350048312,24.07585132181348,24.50251197814941,790900,WHR,24.36259651184082,0,1.008782933546842,1.0,1.029185890170195,3.0,1.027388559159334,27.0,0.9607545492510072,105.0,0.953488732063069,461.0
1996-11-27 00:00:00-05:00,24.42396325368425,24.546696737371104,24.301229769997395,24.36259651184082,637900,WHR,24.54669761657715,1,0.9971366999760728,1.0,1.0110375422364666,3.0,1.0211433023539376,27.0,0.9555793458278499,105.0,0.947864495823838,461.0
1996-11-29 00:00:00-05:00,24.485330872535705,24.60806436061859,24.485330872535705,24.54669761657715,55900,WHR,24.36259651184082,0,1.0037641333414657,1.0,1.0091184607153831,3.0,1.0282588695947468,28.0,0.9631583840418214,105.0,0.9548395302642707,462.0
1996-12-02 00:00:00-05:00,24.42396325368425,24.48532999552768,24.11712954446711,24.36259651184082,129000,WHR,23.9943962097168,0,0.9962358666585344,1.0,0.9996941204602184,2.0,1.0202992117514114,27.0,0.956389740430701,104.0,0.9475111109284848,461.0
1996-12-03 00:00:00-05:00,24.239863178614154,24.54669688973585,23.933029467492457,23.9943962097168,231800,WHR,23.74892807006836,0,0.99238578990542,0.0,0.9852440214830633,2.0,1.0050217343589396,26.0,0.9423058084124232,104.0,0.9330459827115428,460.0
1996-12-04 00:00:00-05:00,23.99439502686493,23.99439502686493,23.68756133086921,23.74892807006836,160100,WHR,23.626192092895508,0,0.9948585871773413,0.0,0.9812372801948719,1.0,0.9950519056639291,26.0,0.9329896838063458,104.0,0.9233740058220737,459.0
1996-12-05 00:00:00-05:00,23.626192092895508,23.748925558313147,23.56482536018669,23.626192092895508,150000,WHR,23.319366455078125,0,0.9974092735437787,0.0,0.9821427396257675,1.0,0.9904311874525367,25.0,0.9285082764111646,104.0,0.9184902898045114,458.0
1996-12-06 00:00:00-05:00,23.56483347039473,23.56483347039473,23.19663294741982,23.319366455078125,219900,WHR,23.933040618896484,1,0.993464224363124,0.0,0.9793816332411377,0.0,0.9783358557397958,24.0,0.9168390764800828,103.0,0.9064608161444974,458.0
1996-12-09 00:00:00-05:00,23.442106452355016,23.99440738971417,23.442106452355016,23.933040618896484,150700,WHR,23.871658325195312,0,1.0129871513816775,1.0,1.008794998576265,1.0,1.004738821800177,24.0,0.941328554029448,103.0,0.9301891350110734,459.0
1996-12-10 00:00:00-05:00,23.99439178702151,23.99439178702151,23.62619140154292,23.871658325195312,163000,WHR,23.319366455078125,0,0.9987159778210724,1.0,1.0072498900289262,1.0,1.002946799002921,23.0,0.9392934208165814,102.0,0.9276758041392962,459.0
1996-12-11 00:00:00-05:00,23.62620022422389,23.62620022422389,23.135266193590667,23.319366455078125,213700,WHR,22.52159309387207,0,0.9882966756350658,0.0,0.9875260746793582,1.0,0.98089030671906,23.0,0.9179779531658004,102.0,0.9060981778650014,459.0
1996-12-12 00:00:00-05:00,23.25799395797688,23.31936069665228,22.46022635519667,22.52159309387207,205900,WHR,22.582956314086918,1,0.9825969314548451,0.0,0.9627490398886988,1.0,0.9489349459561203,23.0,0.887053321666282,102.0,0.8750178204610038,458.0
1996-12-13 00:00:00-05:00,22.644323043201283,22.889789959658746,22.27612266851508,22.582956314086918,238700,WHR,22.153400421142575,0,1.0013604663170412,1.0,0.971488662734273,2.0,0.953131635979479,23.0,0.8898680314222187,103.0,0.8773118718884066,459.0
1996-12-16 00:00:00-05:00,22.70570126266691,22.76706802283628,22.153400421142575,22.153400421142575,387300,WHR,21.96929168701172,0,0.9903980582172426,1.0,0.9678286981929803,1.0,0.9370726459794256,22.0,0.8733584356464166,103.0,0.8605428750117299,459.0
1996-12-17 00:00:00-05:00,22.09202516012352,22.8284259987943,21.84655821389992,21.96929168701172,594900,WHR,21.907939910888672,0,0.99582734585461,0.0,0.9760086102566151,1.0,0.9315490592103974,21.0,0.8665637105546559,102.0,0.8533091746951934,459.0
1996-12-18 00:00:00-05:00,22.09204024627429,22.214773803198035,21.723839575503053,21.907939910888672,460500,WHR,21.96929168701172,1,0.9986017400394518,0.0,0.9856437731772043,1.0,0.9313775158983197,20.0,0.8646147406619308,102.0,0.8508575112824013,458.0
1996-12-19 00:00:00-05:00,21.907924950455826,22.214758633235316,21.84655821389992,21.96929168701172,681200,WHR,22.52159309387207,1,1.0013982599605482,1.0,0.9933405461591444,2.0,0.9363944666307329,21.0,0.8674840841321276,103.0,0.8531564156038511,459.0
1996-12-20 00:00:00-05:00,21.969292445793464,22.644326571222877,21.723825491091866,22.52159309387207,1367100,WHR,22.52159309387207,0,1.0124138103699312,2.0,1.0188782124046543,2.0,0.9619135043493152,22.0,0.8896913266332528,103.0,0.87450359184934,459.0
1996-12-23 00:00:00-05:00,22.52159309387207,22.582959832547477,22.46022635519667,22.52159309387207,403300,WHR,22.52159309387207,0,1.0,1.0,1.0154951798942875,2.0,0.963355535489148,22.0,0.8900906374369291,103.0,0.8744045911955532,458.0
1996-12-24 00:00:00-05:00,22.52159309387207,22.582959832547477,22.46022635519667,22.52159309387207,71100,WHR,22.705690383911133,1,1.0,0.0,1.0104624331582126,2.0,0.9648438849052748,21.0,0.8905071543564067,102.0,0.8743075089327157,457.0
1996-12-26 00:00:00-05:00,22.52159019160915,22.767057114678455,22.52159019160915,22.705690383911133,204000,WHR,22.82842254638672,1,1.00407049187753,1.0,1.0114815868413056,3.0,0.9741076833449792,22.0,0.8982400462343557,102.0,0.8813501709556523,458.0
1996-12-27 00:00:00-05:00,22.767055819111487,22.889789273661957,22.70568909183625,22.82842254638672,103500,WHR,23.01251792907715,1,1.0026953893372967,2.0,1.0092239676235275,3.0,0.9805468039698209,23.0,0.9036113717793656,102.0,0.8860091058498117,458.0
1996-12-30 00:00:00-05:00,22.88978450012207,23.135251358032225,22.88978450012207,23.01251792907715,279000,WHR,22.889793395996094,0,1.0040159599864442,2.0,1.0129657097489264,3.0,0.9893800479160305,24.0,0.911340760481603,103.0,0.8930476896125092,458.0
1996-12-31 00:00:00-05:00,22.95116013432316,23.012526872650227,22.889793395996094,22.889793395996094,259400,WHR,22.95116424560547,1,0.9973263975268709,1.0,1.004308162270257,3.0,0.985026925513683,24.0,0.9068699511696059,103.0,0.8881892469512549,457.0
1997-01-02 00:00:00-05:00,22.828430746965868,22.95116424560547,22.582963749686662,22.95116424560547,205200,WHR,24.055763244628903,1,1.0013387776514004,1.0,1.0032191667983947,4.0,0.9884220265732708,25.0,0.9096832513282422,104.0,0.8904723874264844,458.0
1997-01-03 00:00:00-05:00,23.073895357093036,24.055763244628903,23.01252861412204,24.055763244628903,529800,WHR,24.055763244628903,0,1.0234986428171233,2.0,1.039236621926017,4.0,1.036007970902942,25.0,0.9536710402881533,105.0,0.9331924001943969,458.0
1997-01-06 00:00:00-05:00,24.055763244628903,24.301230216512877,23.994396501657917,24.055763244628903,446200,WHR,23.871658325195312,0,1.0,1.0,1.028331672764045,3.0,1.0359322517183267,25.0,0.9538141272523157,105.0,0.9330555898247739,458.0
1997-01-07 00:00:00-05:00,23.93302505610841,23.99439178702151,23.564824670629815,23.871658325195312,191100,WHR,23.68755149841309,0,0.9961586725635683,0.0,1.0130206690916004,2.0,1.0278848308103932,25.0,0.9467289380473453,104.0,0.9257935844266382,457.0
1997-01-08 00:00:00-05:00,23.87165163959246,24.05575178077184,23.56481807096017,23.68755149841309,155700,WHR,24.485328674316406,1,0.9961288922279187,0.0,0.9984476469729511,2.0,1.019973940321173,25.0,0.9396500743053376,104.0,0.9185518996797468,456.0
1997-01-09 00:00:00-05:00,23.74892781193095,24.485328674316406,23.74892781193095,24.485328674316406,278800,WHR,24.42395782470703,0,1.0165607116087474,1.0,1.0188969103194385,2.0,1.0537395964582903,26.0,0.9714408587221652,104.0,0.9493576840946637,456.0
1997-01-10 00:00:00-05:00,24.36259109650425,24.42395782470703,24.117124183693125,24.42395782470703,340900,WHR,24.42395782470703,0,0.9987452106950977,1.0,1.01323824400169,1.0,1.0504687921952784,26.0,0.9690764722835923,104.0,0.9468546126702146,455.0
1997-01-13 00:00:00-05:00,24.546691281112597,24.60805800931538,24.36259109650425,24.42395782470703,228800,WHR,24.42395782470703,0,1.0,0.0,1.0101522877077214,1.0,1.0500691319530668,25.0,0.9691837541577611,103.0,0.946716726826642,455.0
1997-01-14 00:00:00-05:00,24.42395782470703,24.48532455290981,24.36259109650425,24.42395782470703,187600,WHR,24.36259651184082,0,1.0,0.0,1.0055583749516879,1.0,1.049669775703822,25.0,0.9692266387562396,103.0,0.9465768322748945,455.0
1997-01-15 00:00:00-05:00,24.301229769997395,24.36259651184082,24.23986302815397,24.36259651184082,128100,WHR,24.239866256713867,0,0.9987422495049985,0.0,0.9974875810111041,1.0,1.046497888376045,25.0,0.9667887347197484,103.0,0.944067581255934,454.0
1997-01-16 00:00:00-05:00,24.42396650676486,24.42396650676486,24.17849950669687,24.239866256713867,105400,WHR,24.30123519897461,1,0.9974748140704023,0.0,0.994461467607402,0.0,1.0409220767790042,24.0,0.9620256070070989,102.0,0.9391857340944918,454.0
1997-01-17 00:00:00-05:00,24.23986844342165,24.362601954527577,24.11713493231571,24.30123519897461,185800,WHR,24.30123519897461,0,1.0012642676086938,1.0,0.997984111957296,1.0,1.0430251662545602,25.0,0.9645409952739609,103.0,0.9414452030512734,454.0
1997-01-20 00:00:00-05:00,24.23986844342165,24.485335465633508,24.23986844342165,24.30123519897461,63800,WHR,24.6694278717041,1,1.0,1.0,0.9989910703342123,1.0,1.0421755390362857,25.0,0.964648284127369,102.0,0.9413472985231556,453.0
1997-01-21 00:00:00-05:00,24.17849398370999,24.79216134370263,24.055760511711465,24.6694278717041,491000,WHR,25.221736907958984,1,1.0075186376830978,1.0,1.0120843982915388,2.0,1.0567807500889577,26.0,0.9792969324127775,103.0,0.9555071743379626,453.0
1997-01-22 00:00:00-05:00,24.6694360997555,25.28310366442604,24.60806934328845,25.221736907958984,398800,WHR,24.853534698486328,0,1.0110702774468,2.0,1.0275000962738343,3.0,1.0787129067867054,27.0,1.0011583329018827,104.0,0.9767693995946716,454.0
1997-01-23 00:00:00-05:00,25.467202221905744,25.528568974247683,24.73080119380244,24.853534698486328,401600,WHR,24.853534698486328,0,0.9926470252150312,1.0,1.0074627056077383,3.0,1.061638674531477,26.0,0.986537931043639,104.0,0.9624434081343066,453.0
1997-01-24 00:00:00-05:00,24.60806768911856,24.853534698486328,24.60806768911856,24.853534698486328,308600,WHR,25.16034698486328,1,1.0,0.0,1.0029717973666623,2.0,1.0603614148369214,25.0,0.9866080020517214,103.0,0.9623727357218497,453.0
1997-01-27 00:00:00-05:00,24.91488018501096,25.16034698486328,24.85351348504788,25.16034698486328,325900,WHR,25.221736907958984,1,1.0061345425719894,1.0,1.0083613788575154,3.0,1.0717423419203835,26.0,0.9989236300487009,103.0,0.9741615144537903,454.0
1997-01-28 00:00:00-05:00,25.16037015149193,25.4672039338272,25.037636638557824,25.221736907958984,306900,WHR,25.221736907958984,0,1.001218487175447,2.0,1.0063665204259744,3.0,1.0726955837447396,26.0,1.0016875259345064,103.0,0.9764232410972066,455.0
1997-01-29 00:00:00-05:00,25.09900339502488,25.34447042089309,25.09900339502488,25.221736907958984,237200,WHR,24.97627067565918,0,1.0,1.0,1.0063665204259744,2.0,1.0709003747597456,26.0,1.0019190806720828,103.0,0.976284872219862,455.0
1997-01-30 00:00:00-05:00,25.221737709326597,25.28310446774345,24.914903917242327,24.97627067565918,297100,WHR,24.97627067565918,0,0.9951100403359453,0.0,0.9955970913584156,2.0,1.058753054916555,26.0,0.9924550705153208,102.0,0.9666430085460508,455.0
1997-01-31 00:00:00-05:00,24.97627067565918,25.099004192492888,24.853537158825475,24.97627067565918,265900,WHR,24.73079490661621,0,1.0,0.0,0.9946238584629745,2.0,1.057170044476152,25.0,0.9927233508376275,102.0,0.9665110675517948,454.0
1997-02-03 00:00:00-05:00,24.85352838009818,24.91489511683916,24.546694696393264,24.73079490661621,147800,WHR,24.608068466186523,0,0.9950615517901241,0.0,0.9882292568642789,1.0,1.0456222932830388,24.0,0.9833174520779501,101.0,0.9568903291450097,454.0
1997-02-04 00:00:00-05:00,24.853535483305592,24.853535483305592,24.54670171190676,24.608068466186523,121700,WHR,24.36259651184082,0,0.9975125807114288,0.0,0.9881715352946489,0.0,1.039507773038303,23.0,0.9787876779003084,101.0,0.9520315711923889,453.0
1997-02-05 00:00:00-05:00,24.608063479214533,24.91489718843167,24.23986302815397,24.36259651184082,143200,WHR,24.608068466186523,1,0.9949873673462297,0.0,0.9851115317065664,0.0,1.0280485443989253,23.0,0.9693993472148619,101.0,0.9424371424768596,452.0
1997-02-06 00:00:00-05:00,24.36260144906745,24.66943522046629,24.239867940507924,24.608068466186523,180900,WHR,25.09898376464844,1,1.0050126326537703,1.0,0.9980090432353534,1.0,1.0372627759204958,23.0,0.9794985909108797,102.0,0.9518376685143562,452.0
1997-02-07 00:00:00-05:00,24.669416805351275,25.16035047311946,24.669416805351275,25.09898376464844,342100,WHR,25.221736907958984,1,1.0098761700086771,2.0,1.0169065056534459,2.0,1.0562013487943582,24.0,0.9992614009327887,103.0,0.9707085485713874,453.0
1997-02-10 00:00:00-05:00,25.221736907958984,25.65130420322836,25.09900339502488,25.221736907958984,290400,WHR,24.97627067565918,0,1.0024394154469527,2.0,1.0178308325788958,3.0,1.059247800155712,25.0,1.0043429701659752,104.0,0.9753437945104194,453.0
1997-02-11 00:00:00-05:00,25.28310446774345,25.344471226160294,24.792170400408622,24.97627067565918,142100,WHR,25.5285587310791,1,0.9951100403359453,1.0,1.0049385099079244,3.0,1.0470727947599414,24.0,0.9947430048332097,104.0,0.9657515522181837,452.0
1997-02-12 00:00:00-05:00,25.03762490932758,25.77402564195486,25.03762490932758,25.5285587310791,262600,WHR,25.405820846557617,0,1.0109353513695116,1.0,1.017612304703315,4.0,1.0682320549559068,24.0,1.0168767937683707,104.0,0.9869857488978879,452.0
1997-02-13 00:00:00-05:00,25.651287714640297,25.651287714640297,25.221720695495605,25.405820846557617,349200,WHR,24.914894104003903,0,0.9975902742795875,1.0,1.0063196121616476,3.0,1.061209628900394,24.0,1.0121251885866305,104.0,0.9821588560607073,451.0
1997-02-14 00:00:00-05:00,25.467194712220746,25.467194712220746,24.85352736975759,24.914894104003903,293000,WHR,24.73079490661621,0,0.9902440427757031,0.0,0.9883154104518935,2.0,1.0392585312707594,23.0,0.9927704881019201,104.0,0.9631163894386707,451.0
1997-02-18 00:00:00-05:00,24.85352838009818,24.85352838009818,24.48532795965228,24.73079490661621,352300,WHR,24.54669761657715,0,0.9962917384962002,0.0,0.9848485170721946,1.0,1.0302807328337242,23.0,0.9856840915684222,103.0,0.9559536444724962,450.0
1997-02-19 00:00:00-05:00,24.60806436061859,24.79216459274292,24.485330872535705,24.54669761657715,219100,WHR,24.608068466186523,1,0.9962640694440283,0.0,0.9808731721074736,1.0,1.0218015440815993,22.0,0.9786789220455486,102.0,0.9488148980414091,449.0
1997-02-20 00:00:00-05:00,24.608068466186523,24.792168729025825,24.48533495762699,24.608068466186523,187700,WHR,24.608068466186523,0,1.001248522869706,1.0,0.9906129251506376,1.0,1.0240214097959086,22.0,0.9813933591367687,103.0,0.9511642687935755,449.0
1997-02-21 00:00:00-05:00,24.608068466186523,24.730801974746058,24.54670171190676,24.608068466186523,111100,WHR,24.97627067565918,1,1.0,1.0,0.9970165656470238,1.0,1.0236435612261843,22.0,0.9816329726338378,103.0,0.9511290531620129,449.0
1997-02-24 00:00:00-05:00,24.48533660832436,24.97627067565918,24.423969849907504,24.97627067565918,220700,WHR,24.608068466186523,0,1.0074257762802756,1.0,1.0114315573720412,2.0,1.038618853203321,22.0,0.9965341118767497,103.0,0.9653130950273717,449.0
1997-02-25 00:00:00-05:00,24.91490223758536,24.97626899186513,24.54670171190676,24.608068466186523,119700,WHR,24.6694278717041,1,0.9925742237197245,1.0,0.9975124573131084,2.0,1.02313338475468,22.0,0.9821839401986655,102.0,0.9510512913004695,448.0
1997-02-26 00:00:00-05:00,24.6694278717041,24.6694278717041,24.17849398370999,24.6694278717041,284500,WHR,24.899263381958008,1,1.0012451810679837,1.0,0.9990057124572145,3.0,1.0255973108441878,22.0,0.9849179010842942,103.0,0.9533934295848674,448.0
1997-02-27 00:00:00-05:00,24.652124291318223,25.331756790577625,24.652124291318223,24.899263381958008,118900,WHR,24.961057662963867,1,1.004636707252926,2.0,1.005940623142958,3.0,1.034767622511607,23.0,0.9943547900698607,103.0,0.962244000237759,448.0
1997-02-28 00:00:00-05:00,24.961057662963867,25.20819684774569,24.775703274377506,24.961057662963867,302300,WHR,24.899263381958008,0,1.0012393478363324,2.0,1.0055690717078147,4.0,1.0366416015151838,24.0,0.9970934591907696,103.0,0.9646041445108527,448.0
1997-03-03 00:00:00-05:00,24.961048154617952,25.022832927277896,24.652124291318223,24.899263381958008,160900,WHR,24.713912963867188,0,0.9987606521636677,1.0,1.0037024101356469,3.0,1.0332525557712666,24.0,0.9949243753945866,102.0,0.9621905869308561,448.0
1997-03-04 00:00:00-05:00,24.96105209350586,25.0846216583252,24.713912963867188,24.713912963867188,140200,WHR,24.713912963867188,0,0.9962640888622238,0.0,0.9953814489073535,3.0,1.024790070295579,24.0,0.9878922523636522,101.0,0.9549846267853073,448.0
1997-03-05 00:00:00-05:00,24.77569774627685,24.96105209350586,24.590343399047853,24.713912963867188,281700,WHR,24.528562545776367,0,1.0,0.0,0.9950248939605546,2.0,1.0238033553720163,24.0,0.9881905406439123,101.0,0.9549329377091037,448.0
1997-03-06 00:00:00-05:00,24.71391692269659,24.71391692269659,24.21963858424266,24.528562545776367,159300,WHR,24.281408309936523,0,0.9962359646591179,0.0,0.9905190761883716,1.0,1.0157073644615604,23.0,0.9812274174697598,100.0,0.9477245262304272,448.0
1997-03-07 00:00:00-05:00,24.52854732581374,24.52854732581374,24.09605404802861,24.281408309936523,185400,WHR,24.34322166442871,1,0.9949363986188302,0.0,0.9859504635452658,0.0,1.0051886558169392,23.0,0.9718977979945227,99.0,0.9381196231927962,448.0
1997-03-10 00:00:00-05:00,24.219652011309783,24.34322166442871,24.096082358190856,24.34322166442871,315700,WHR,24.528562545776367,1,1.0012712354731497,1.0,0.9929441757240726,1.0,1.0070361845059694,24.0,0.9749593790905585,99.0,0.9404581251745857,448.0
1997-03-11 00:00:00-05:00,24.343208168856144,24.652132130389848,24.343208168856144,24.528562545776367,203400,WHR,25.08461570739746,1,1.0037923903197492,2.0,1.0020192275026967,2.0,1.0133012581096292,25.0,0.9829362957776849,100.0,0.9475677849636917,448.0
1997-03-12 00:00:00-05:00,24.652122333131988,25.14640047514967,24.652122333131988,25.08461570739746,430500,WHR,24.83748435974121,0,1.011207771426849,2.0,1.0216403543326813,3.0,1.0344905662179098,25.0,1.0057062149106757,100.0,0.9689803702748458,448.0
1997-03-13 00:00:00-05:00,24.96105393367027,24.96105393367027,24.77569957277668,24.83748435974121,224500,WHR,24.899263381958008,1,0.9950496604244635,1.0,1.009036169551554,3.0,1.0224126490284584,25.0,0.9963684987895719,99.0,0.959387981537812,447.0
1997-03-14 00:00:00-05:00,24.961048154617952,25.208187245257733,24.899263381958008,24.899263381958008,446000,WHR,25.08461570739746,1,1.0012421202636255,1.0,1.0064932396473611,4.0,1.0228995343137903,26.0,0.999438339262015,99.0,0.9617445891258533,447.0
1997-03-17 00:00:00-05:00,24.89926140414083,25.08461570739746,24.590337565379777,25.08461570739746,200200,WHR,25.20820426940918,1,1.0037082421135843,2.0,1.0079442317317489,4.0,1.0282775398912152,27.0,1.0073377674759676,100.0,0.968873345606822,447.0
1997-03-18 00:00:00-05:00,25.146419455023374,25.455343526952404,25.084634640637564,25.20820426940918,303800,WHR,24.961057662963867,0,1.0024573798420673,2.0,1.007407936460629,4.0,1.0310621463511846,27.0,1.0127526738901438,100.0,0.9735924921634511,448.0
1997-03-19 00:00:00-05:00,24.961057662963867,25.20819684774569,24.89927286676841,24.961057662963867,221600,WHR,24.961057662963867,0,0.9950737444218641,1.0,0.9985171922607416,3.0,1.019258390267523,26.0,1.0032431972083111,100.0,0.9640046522137645,447.0
1997-03-20 00:00:00-05:00,24.961057662963867,24.961057662963867,24.775703274377506,24.961057662963867,98000,WHR,24.77570343017578,0,1.0,0.0,0.9975309727183599,3.0,1.0175690059965397,26.0,1.0036535998809986,100.0,0.9639663066867875,446.0
1997-03-21 00:00:00-05:00,25.08462741309568,25.08462741309568,24.77570343017578,24.77570343017578,177400,WHR,24.77570343017578,0,0.9962732950695968,0.0,0.9911023609983487,2.0,1.0084683098814344,26.0,0.9965609421010546,100.0,0.9567790136642609,445.0
1997-03-24 00:00:00-05:00,24.77570343017578,25.08462741309568,24.713918633591803,24.77570343017578,96100,WHR,24.590341567993164,0,1.0,0.0,0.9935579228196281,1.0,1.0070541096628916,25.0,0.9969793536581217,99.0,0.9567623352149207,444.0
1997-03-25 00:00:00-05:00,24.77569590142025,24.77569590142025,24.34320245675705,24.590341567993164,126000,WHR,24.46678352355957,0,0.9962451546971305,0.0,0.9910356176194106,0.0,0.9983281234409296,24.0,0.9899751305819562,98.0,0.9496068276499487,443.0
1997-03-26 00:00:00-05:00,24.71392275107027,24.71392275107027,24.46678352355957,24.46678352355957,97000,WHR,24.034273147583008,0,0.9974813435519713,0.0,0.9900001934058246,0.0,0.9923353947380554,23.0,0.9853396102159208,98.0,0.9448465771909624,442.0
1997-03-27 00:00:00-05:00,24.466766494711752,24.59033602246282,23.78713409208087,24.034273147583008,93700,WHR,23.540000915527344,0,0.9910824545760072,0.0,0.9798484765611204,0.0,0.9740398786225548,23.0,0.9683030252274838,98.0,0.928188724423688,441.0
1997-03-31 00:00:00-05:00,23.972494370668265,23.972494370668265,23.540000915527344,23.540000915527344,165900,WHR,23.045726776123047,0,0.9896105144683872,0.0,0.9694655590301099,0.0,0.9536291606314565,22.0,0.9487656867558614,98.0,0.9091514428480743,441.0
1997-04-01 00:00:00-05:00,23.41643551783012,23.60178988868366,23.045726776123047,23.045726776123047,115100,WHR,23.107515335083008,1,0.9893900092604352,0.0,0.9628292205751697,0.0,0.9342427332165679,21.0,0.92951242763645,97.0,0.8901212110504836,441.0
1997-04-02 00:00:00-05:00,22.98394573436064,23.107515335083008,22.98394573436064,23.107515335083008,238700,WHR,22.86036872863769,0,1.001338769632068,1.0,0.9775224098856548,1.0,0.9373480967149439,22.0,0.9326752495735633,97.0,0.8925535610007614,442.0
1997-04-03 00:00:00-05:00,23.045723069680704,23.045723069680704,22.86036872863769,22.86036872863769,122800,WHR,22.86036872863769,0,0.9946234939571565,1.0,0.9803921199731128,1.0,0.9279571365871196,22.0,0.9233472762955256,97.0,0.8830667622077913,441.0
1997-04-04 00:00:00-05:00,22.736799167942355,22.86036872863769,22.613229607247018,22.86036872863769,145900,WHR,22.736801147460938,0,1.0,0.0,0.9903639330681052,1.0,0.9284767327546045,22.0,0.9240316135210775,96.0,0.8831243681054665,441.0
1997-04-07 00:00:00-04:00,22.86037071891453,22.86037071891453,22.67501636173414,22.736801147460938,150800,WHR,23.2928524017334,1,0.9972900164305695,0.0,0.9919137189987856,1.0,0.9245523303731513,21.0,0.919808622097537,95.0,0.8784199204747297,440.0
1997-04-08 00:00:00-04:00,22.736789612302097,23.2928524017334,22.55143534915833,23.2928524017334,254500,WHR,22.983932495117188,0,1.0120802832825622,1.0,1.013985590703155,2.0,0.9478898115000759,22.0,0.9429920539778027,96.0,0.8999813945774544,440.0
1997-04-09 00:00:00-04:00,23.29285631897629,23.539995378063573,22.92214773034537,22.983932495117188,137800,WHR,23.045726776123047,1,0.9933245166598159,1.0,1.0016153751409576,1.0,0.9362328895434324,22.0,0.931203674933551,96.0,0.8881473514714947,439.0
1997-04-10 00:00:00-04:00,22.92215719555402,23.10751156640756,22.860372405269512,23.045726776123047,92000,WHR,22.798587799072266,0,1.0013424883430426,1.0,1.0026884196630064,2.0,0.9396292305881331,23.0,0.9344919346917944,96.0,0.8906101468905083,440.0
1997-04-11 00:00:00-04:00,22.798587799072266,22.922157380639053,22.736803008288877,22.798587799072266,101200,WHR,22.489660263061523,0,0.9946091684576194,1.0,0.9924692892741362,2.0,0.9305417706645519,23.0,0.9253123541469219,95.0,0.8811170659890636,440.0
1997-04-14 00:00:00-04:00,22.798584167773907,22.798584167773907,22.36609070117657,22.489660263061523,194400,WHR,22.61322021484375,1,0.9931786379639392,0.0,0.981132151773553,2.0,0.919026850655079,23.0,0.913625039946701,95.0,0.869241192340751,440.0
1997-04-15 00:00:00-04:00,22.489650705473014,22.73678972421448,22.489650705473014,22.61322021484375,443700,WHR,23.045726776123047,1,1.0027395135404435,1.0,0.9924074614847209,2.0,0.9251396543594619,23.0,0.9194202990182897,96.0,0.8740803720791895,440.0
1997-04-16 00:00:00-04:00,22.736802824700487,23.10751156640756,22.61323324413146,23.045726776123047,443400,WHR,23.47821617126465,1,1.0094725478746776,2.0,1.010840252460963,3.0,0.9436419564024343,24.0,0.9377404546484122,96.0,0.8908558376651432,440.0
1997-04-17 00:00:00-04:00,23.169292274274323,23.725355288856907,23.169292274274323,23.47821617126465,418700,WHR,23.231067657470703,0,1.0092960606462502,2.0,1.0259179285459847,3.0,0.9621330346889049,24.0,0.9561056807063137,96.0,0.9076097494848926,441.0
1997-04-18 00:00:00-04:00,23.53999142951153,23.601776183919704,23.10749814865437,23.231067657470703,217800,WHR,22.736801147460938,0,0.9947087924811662,1.0,1.0112961085421195,3.0,0.9533010616915346,23.0,0.9469044093587591,95.0,0.8980740504074234,441.0
1997-04-21 00:00:00-04:00,23.3546490047289,23.3546490047289,22.613231576007347,22.736801147460938,135800,WHR,22.36609649658203,0,0.9892475652480818,0.0,0.9876545255618036,3.0,0.9343712140466255,23.0,0.927697582757025,94.0,0.8790052101387863,440.0
1997-04-22 00:00:00-04:00,22.736805278293332,22.736805278293332,22.36609649658203,22.36609649658203,177500,WHR,22.86036872863769,1,0.9917809127518913,0.0,0.9736419911162698,2.0,0.920705666830804,23.0,0.9135986522700474,93.0,0.8647429809048436,439.0
1997-04-23 00:00:00-04:00,22.42787526620401,22.922153508985364,22.42787526620401,22.86036872863769,269000,WHR,22.736801147460938,0,1.0109288273933033,1.0,0.9967672598405073,2.0,0.942539814971205,23.0,0.9347182976281593,94.0,0.883931914083815,439.0
1997-04-24 00:00:00-04:00,22.86037071891453,22.922155504641328,22.736801147460938,22.736801147460938,91100,WHR,22.67501640319824,0,0.9972900164305695,1.0,0.9978308875802706,1.0,0.9390485848849583,22.0,0.9306480411921009,93.0,0.879227047663569,439.0
1997-04-25 00:00:00-04:00,22.7985859748778,22.860370760717576,22.489662045678912,22.67501640319824,70300,WHR,22.922157287597656,1,0.9986394566966236,0.0,0.9999999831766506,1.0,0.9381414118500557,22.0,0.9290734555834458,93.0,0.8769128215752474,439.0
1997-04-28 00:00:00-04:00,22.73680291599983,22.922157287597656,22.73680291599983,22.922157287597656,102600,WHR,23.107515335083008,1,1.0054200921766627,1.0,1.0092492277585805,2.0,0.94971165458598,23.0,0.9401468477462944,93.0,0.8865262976565665,440.0
1997-04-29 00:00:00-04:00,22.922160933999454,23.107515335083008,22.922160933999454,23.107515335083008,127900,WHR,23.107515335083008,0,1.0040269251750884,2.0,1.0108110032969562,3.0,0.9586284675012259,24.0,0.9486115234561224,94.0,0.8937321322681063,441.0
1997-04-30 00:00:00-04:00,23.045730534721823,23.107515335083008,23.045730534721823,23.107515335083008,124800,WHR,22.736801147460938,0,1.0,1.0,1.0086301156662552,2.0,0.9597056199736081,24.0,0.949503532726531,93.0,0.8937730575622698,440.0
1997-05-01 00:00:00-04:00,22.98394029036812,22.98394029036812,22.736801147460938,22.736801147460938,197200,WHR,23.169294357299805,1,0.9919136282081286,0.0,0.9924486487920267,2.0,0.9455337965800537,24.0,0.9351514617137802,93.0,0.8794813623956785,440.0
1997-05-02 00:00:00-04:00,22.798585647583007,23.169294357299805,22.798585647583007,23.169294357299805,351200,WHR,23.66357040405273,1,1.009421258878225,1.0,1.0069816185682519,3.0,0.9643170478745853,25.0,0.9537426516186563,94.0,0.8962788954686816,440.0
1997-05-05 00:00:00-04:00,23.16929217106991,23.66357040405273,23.107507391947056,23.66357040405273,153000,WHR,23.91071128845215,1,1.0105540425355488,2.0,1.0218781541613855,3.0,0.9855347490094151,25.0,0.9748118367394436,95.0,0.9154556683417843,440.0
1997-05-06 00:00:00-04:00,23.72535693737888,24.096065639525424,23.72535693737888,23.91071128845215,227900,WHR,23.848920822143555,0,1.0051948421627634,2.0,1.0254371517101508,3.0,0.9966496651673266,25.0,0.9856448158749843,96.0,0.9250686673321961,440.0
1997-05-07 00:00:00-04:00,23.972490360082123,24.09605989802069,23.663566515235704,23.848920822143555,203400,WHR,23.848920822143555,0,0.9987062198015783,1.0,1.0163241928796996,3.0,0.9950230582547901,24.0,0.9838176256479408,95.0,0.9227301859971653,440.0
1997-05-08 00:00:00-04:00,23.848920822143555,24.157844666989973,23.72535128420499,23.848920822143555,127100,WHR,23.848920822143555,0,1.0,0.0,1.006781296882991,3.0,0.9958036889180435,24.0,0.9845288243685963,95.0,0.9227843053515328,439.0
1997-05-09 00:00:00-04:00,23.972490360082123,23.972490360082123,23.601781746266425,23.848920822143555,99600,WHR,24.034273147583008,1,1.0,0.0,1.0010372638407816,2.0,0.9969690247001515,23.0,0.9852382930108523,95.0,0.9228283451895748,439.0
1997-05-12 00:00:00-04:00,23.91070361983194,24.404981730836216,23.91070361983194,24.034273147583008,109000,WHR,24.096078872680664,1,1.0038709265208299,1.0,1.005687579712128,2.0,1.0056784242544419,24.0,0.9935412823316465,96.0,0.9300300925573589,440.0
1997-05-13 00:00:00-04:00,24.096078872680664,24.21964850792518,23.78715478456937,24.096078872680664,137200,WHR,24.45194435119629,1,1.0012841319978636,2.0,1.0067120591948955,2.0,1.0088406763593496,25.0,0.9967043771626029,97.0,0.9324328507092597,441.0
1997-05-14 00:00:00-04:00,24.20306959953017,24.57638172702935,24.20306959953017,24.45194435119629,394400,WHR,24.700838088989254,1,1.00733017443109,2.0,1.0164581099830066,3.0,1.0239390834090214,26.0,1.0119521406630065,98.0,0.94619150013363,442.0
1997-05-15 00:00:00-04:00,24.451963146027147,24.763056824729784,24.451963146027147,24.700838088989254,127600,WHR,24.63861846923828,0,1.0050636754510458,2.0,1.0195830505543682,4.0,1.034250387027708,27.0,1.0227955630224421,98.0,0.9558054496133056,442.0
1997-05-16 00:00:00-04:00,24.763055936254634,24.88749340327099,24.576399735730103,24.63861846923828,232600,WHR,24.51418876647949,0,0.99873894801258,1.0,1.0104275027708722,4.0,1.0316231917719196,26.0,1.0206591874698865,98.0,0.9534121285047188,441.0
1997-05-19 00:00:00-04:00,24.63862627290832,24.763063779337152,24.451970013265075,24.51418876647949,66500,WHR,24.51418876647949,0,0.9974685127919127,0.0,1.001382949152742,3.0,1.0264805461860984,26.0,1.0160147268789959,97.0,0.9486159955421848,441.0
1997-05-20 00:00:00-04:00,24.389751260050662,24.70084502612273,24.265313753621832,24.51418876647949,95400,WHR,24.63861846923828,1,1.0,0.0,0.9979739858421737,2.0,1.026811670986068,25.0,1.0165150972532975,97.0,0.9486244069843263,441.0
1997-05-21 00:00:00-04:00,24.576399735730103,24.763055936254634,24.38974353520557,24.63861846923828,80400,WHR,24.825271606445312,1,1.002531487208087,1.0,1.0015173170340386,2.0,1.0320015764274957,26.0,1.0221775857546036,97.0,0.9534287308517082,442.0
1997-05-22 00:00:00-04:00,24.700834154783934,24.94970905810669,24.389740525630483,24.825271606445312,112400,WHR,24.825271606445312,0,1.0037735232089802,2.0,1.008084664912718,2.0,1.0397065287870912,26.0,1.0303964416978832,98.0,0.9606359115701116,442.0
1997-05-23 00:00:00-04:00,24.825271606445312,24.94970905810669,24.63861542895324,24.825271606445312,75000,WHR,24.763044357299805,0,1.0,1.0,1.0065588303357882,2.0,1.039760229761088,25.0,1.030809904373966,98.0,0.960611866732149,442.0
1997-05-27 00:00:00-04:00,24.70082565288448,24.82526306171513,24.638606948469157,24.763044357299805,81500,WHR,24.825271606445312,1,0.9987451227585344,0.0,1.0020137107745328,2.0,1.0372973364258484,24.0,1.0286494601182614,98.0,0.9581865013557596,441.0
1997-05-28 00:00:00-04:00,24.63861542895324,24.887490332276,24.57639670312255,24.825271606445312,67200,WHR,24.887489318847656,1,1.0012548772414656,1.0,1.0020090850337138,3.0,1.0399576904421495,25.0,1.0317004023007836,98.0,0.9605744925648432,442.0
1997-05-29 00:00:00-04:00,24.82527059555053,24.887489318847656,24.514176979064946,24.887489318847656,267300,WHR,24.825271606445312,0,1.0012515440954053,2.0,1.0025063018652016,3.0,1.0424377269020828,26.0,1.034722167813666,99.0,0.9629512783129452,443.0
1997-05-30 00:00:00-04:00,24.887490332276,25.01192778393738,24.763052880614623,24.825271606445312,253300,WHR,25.01192092895508,1,0.9987484559045947,1.0,1.000000076830933,2.0,1.0397508452221373,26.0,1.0325502641296869,99.0,0.9605052029637478,443.0
1997-06-02 00:00:00-04:00,24.825264802619596,25.323014472847557,24.700827385062603,25.01192092895508,168800,WHR,25.198583602905277,1,1.003745181319698,1.0,1.006005862941825,3.0,1.047214896667076,27.0,1.0406156244785258,100.0,0.967693459419456,443.0
1997-06-03 00:00:00-04:00,24.88748997817805,25.26080232785072,24.825271253232604,25.198583602905277,131300,WHR,24.700838088989254,0,1.0037176020374732,2.0,1.0099751145802485,4.0,1.0543554045277856,28.0,1.0484317750649217,101.0,0.9748853504974647,443.0
1997-06-04 00:00:00-04:00,25.198587974913472,25.198587974913472,24.63861935324873,24.700838088989254,236100,WHR,25.074132919311523,1,0.9900250243982913,1.0,0.9910136717590778,3.0,1.0332711240841508,27.0,1.0278460881541522,101.0,0.9556092073135765,443.0
1997-06-05 00:00:00-04:00,24.57638338245174,25.074132919311523,24.57638338245174,25.074132919311523,114900,WHR,25.88298225402832,1,1.0074996493771942,1.0,1.004486131705417,3.0,1.0484877672843413,27.0,1.0434405144379288,102.0,0.9700131296776586,444.0
1997-06-06 00:00:00-04:00,25.136357765931347,25.88298225402832,25.136357765931347,25.88298225402832,287700,WHR,25.820772171020508,0,1.0158731382647026,2.0,1.0281758713668443,4.0,1.0817083538513637,27.0,1.0769204080481052,103.0,1.0012315326027108,445.0
1997-06-09 00:00:00-04:00,25.88299089914345,26.007428355389333,25.696334714774625,25.820772171020508,152500,WHR,25.634122848510746,0,0.9987967975691593,1.0,1.019155378633384,3.0,1.0783698815010683,27.0,1.0741963478211778,102.0,0.9987550595594012,445.0
1997-06-10 00:00:00-04:00,25.75856033806662,25.945216572400437,25.509685358954865,25.634122848510746,173600,WHR,26.25629997253418,1,0.9963725643121241,0.0,1.0083214716292714,2.0,1.0700273966657996,26.0,1.066265380533888,102.0,0.9914860804899821,444.0
1997-06-11 00:00:00-04:00,25.571894049079496,26.380737413162304,25.571894049079496,26.25629997253418,163800,WHR,26.38074493408203,1,1.0119902111063759,1.0,1.0203095050669924,3.0,1.0951058325590146,26.0,1.0918732096799326,102.0,1.015504764493466,444.0
1997-06-12 00:00:00-04:00,26.38074493408203,26.69183862434243,26.19408871992579,26.38074493408203,509900,WHR,26.25629997253418,0,1.0023642087387055,2.0,1.0148398049245269,3.0,1.0994001243046638,26.0,1.0967303763656473,103.0,1.0202866980239516,444.0
1997-06-13 00:00:00-04:00,26.442956133476365,26.56739357410449,26.19408125222012,26.25629997253418,284700,WHR,26.75403594970703,1,0.9976357912612945,1.0,1.0071597435048965,2.0,1.0932304494536993,26.0,1.0911972751827381,103.0,1.0154520324242853,443.0
1997-06-16 00:00:00-04:00,26.38072382017624,26.816254637962164,26.318505131921103,26.75403594970703,215200,WHR,27.002933502197266,1,1.0093894137532529,1.0,1.0189567913335533,3.0,1.1125703257949837,27.0,1.111447228307126,103.0,1.0346461826121913,444.0
1997-06-17 00:00:00-04:00,26.816277279831848,27.127370983774213,26.6918397982549,27.002933502197266,211300,WHR,26.69182777404785,0,1.0046300517872928,2.0,1.0178239545971293,4.0,1.1211900277365427,28.0,1.121256377558803,104.0,1.04421008844571,444.0
1997-06-18 00:00:00-04:00,27.12735876336798,27.12735876336798,26.629609061287837,26.69182777404785,187900,WHR,26.75403594970703,1,0.9942060320084326,1.0,1.002804932002452,3.0,1.1068049787577863,28.0,1.1078600306815132,104.0,1.0321310949370852,444.0
1997-06-19 00:00:00-04:00,26.62959857319677,26.878473326217296,26.5051611966865,26.75403594970703,249900,WHR,27.06514358520508,1,1.001163947428761,1.0,1.002330650537018,3.0,1.1077280862055952,29.0,1.1099405607562383,105.0,1.0344764936180233,445.0
1997-06-20 00:00:00-04:00,26.81626870166296,27.06514358520508,26.81626870166296,27.06514358520508,347500,WHR,26.505172729492188,0,1.0057806090354136,2.0,1.0078778364780532,4.0,1.1186035231123865,30.0,1.1222263516137765,106.0,1.046448465725948,445.0
1997-06-23 00:00:00-04:00,26.940703736784315,27.00292245211176,26.44295401416474,26.505172729492188,163500,WHR,26.349624633789062,0,0.9895469936667285,1.0,0.9888579333668287,3.0,1.0935985558969885,30.0,1.098590383862283,105.0,1.02477043638447,444.0
1997-06-24 00:00:00-04:00,26.50517141438994,26.50517141438994,26.22518720930836,26.349624633789062,287200,WHR,26.5673942565918,1,0.9970570675991053,0.0,0.9878703427218731,2.0,1.085084204934442,30.0,1.0917457656773064,105.0,1.0187377082803741,443.0
1997-06-25 00:00:00-04:00,26.380738090854617,26.816269144241367,26.34962872989842,26.5673942565918,232700,WHR,26.69182777404785,1,1.0041153040622688,1.0,0.9969649076084907,3.0,1.0914140079752923,31.0,1.1003064286234225,106.0,1.0271228890147523,444.0
1997-06-26 00:00:00-04:00,26.69182777404785,27.03403069422795,26.474062279387788,26.69182777404785,211700,WHR,27.12736701965332,1,1.0023363750485215,2.0,1.0021022499680161,3.0,1.0938414417723727,31.0,1.1050950371505588,106.0,1.0319009572403224,444.0
1997-06-27 00:00:00-04:00,26.75405462947461,27.31402321474268,26.6296171660817,27.12736701965332,170200,WHR,27.158466339111328,1,1.0080926377155022,2.0,1.0179782629794698,3.0,1.1084595283099412,32.0,1.1227656963802488,106.0,1.0486856827444169,445.0
1997-06-30 00:00:00-04:00,27.065138276090327,27.500669236855,26.69182602400632,27.158466339111328,325700,WHR,27.12736701965332,0,1.000572880943956,2.0,1.0141727189760978,4.0,1.106491478301345,33.0,1.1236290668157642,107.0,1.0498449226961784,445.0
1997-07-01 00:00:00-04:00,27.158476385501547,27.251804483046225,27.002929556260412,27.12736701965332,407700,WHR,26.87849235534668,0,0.999427119056044,1.0,1.0071611742920883,4.0,1.1019391687553795,33.0,1.1218353035955475,107.0,1.0486514376986613,444.0
1997-07-02 00:00:00-04:00,27.12736728456285,27.12736728456285,26.754054890738598,26.87849235534668,314400,WHR,27.25179672241211,1,0.9953917099517197,0.0,0.995621252662136,3.0,1.0891856101472281,32.0,1.1110313784459964,107.0,1.0390607529521945,443.0
1997-07-03 00:00:00-04:00,27.00292186649967,27.62510900628077,27.00292186649967,27.25179672241211,256300,WHR,27.002933502197266,0,1.0068964044608957,1.0,1.0052787054454217,3.0,1.1011389247242196,33.0,1.1259529267309298,107.0,1.0535231222552057,443.0
1997-07-07 00:00:00-04:00,27.376245946928105,27.43846468771657,26.940714761408792,27.002933502197266,208300,WHR,26.66070938110352,0,0.9954130594846832,1.0,0.9970137996832783,2.0,1.0881834079989576,32.0,1.1151679631977585,107.0,1.0439342769861812,443.0
1997-07-08 00:00:00-04:00,26.87847480195267,26.87847480195267,26.567381343596736,26.66070938110352,414500,WHR,26.13187026977539,0,0.9936227937071295,0.0,0.9880096612809327,1.0,1.071612480758934,32.0,1.1005570171230832,107.0,1.0307557904722027,442.0
1997-07-09 00:00:00-04:00,26.691838918413435,26.785167026519776,26.13187026977539,26.13187026977539,295200,WHR,26.474071502685547,1,0.9899826999395488,0.0,0.9756099957771548,1.0,1.0477995131574853,32.0,1.0783742760811883,106.0,1.0103924019857418,441.0
1997-07-10 00:00:00-04:00,26.131868463285382,26.474071502685547,25.47857175170325,26.474071502685547,625000,WHR,26.505172729492188,1,1.0065049920480522,1.0,0.9913794790552232,2.0,1.0587888240639889,32.0,1.0920666067022613,107.0,1.0236848435425732,442.0
1997-07-11 00:00:00-04:00,26.567391444819638,26.62961016014708,26.03853236453634,26.505172729492188,196500,WHR,26.194089889526367,0,1.0005870454978623,2.0,0.9981254438517195,2.0,1.0575939434833483,32.0,1.0929255259387178,107.0,1.0249362833091848,443.0
1997-07-14 00:00:00-04:00,26.380746112017054,26.41185548243217,26.13187114869614,26.194089889526367,184900,WHR,25.69632911682129,0,0.994097017216071,1.0,0.9924566556886298,2.0,1.043296977741856,31.0,1.0797348652229883,107.0,1.0129784469633882,442.0
1997-07-15 00:00:00-04:00,26.069641404232737,26.100750761517023,25.57189168768414,25.69632911682129,257800,WHR,25.01192092895508,0,0.9904074628373267,0.0,0.980764439493873,2.0,1.0217992491666774,31.0,1.0589792773954894,106.0,0.9938313588607534,441.0
1997-07-16 00:00:00-04:00,25.696326725518524,25.820764143075515,24.949702220176583,25.01192092895508,514400,WHR,24.85637855529785,0,0.9865030209630906,0.0,0.9628740321146131,2.0,0.9930867752627351,31.0,1.0305664475068783,106.0,0.9675033325494754,440.0
1997-07-17 00:00:00-04:00,24.88748791519184,25.10525343444977,24.389738156888004,24.85637855529785,567600,WHR,24.5452880859375,0,0.9968809368824308,0.0,0.9689546418268984,1.0,0.9852873574504223,31.0,1.023967563181709,106.0,0.9616316816182691,440.0
1997-07-18 00:00:00-04:00,24.79416299682153,24.79416299682153,24.20308508347196,24.5452880859375,271700,WHR,24.016416549682617,0,0.9937028345294593,0.0,0.971674959141675,0.0,0.9718741353665745,30.0,1.0110162733411276,106.0,0.9497406335105897,440.0
1997-07-21 00:00:00-04:00,24.514166115479146,24.54527546334143,24.016416549682617,24.016416549682617,254000,WHR,24.20307922363281,1,0.9891092880650867,0.0,0.9674182715075508,0.0,0.9501310613957193,30.0,0.9891460247834235,106.0,0.9294329607204879,440.0
1997-07-22 00:00:00-04:00,23.891985660347043,24.358626005275696,23.891985660347043,24.20307922363281,542000,WHR,24.63861846923828,1,1.0038711038130244,1.0,0.9868087209320952,1.0,0.956551989298249,31.0,0.9967463538828811,106.0,0.9368156446370529,440.0
1997-07-23 00:00:00-04:00,24.327524801697397,24.63861846923828,24.234196701435128,24.63861846923828,479000,WHR,24.234189987182617,0,1.0089173650011973,2.0,1.0076338388279094,2.0,0.9726656080411423,31.0,1.0145514033691976,106.0,0.9538549794444517,440.0
1997-07-24 00:00:00-04:00,24.51417421039782,24.591947605735378,24.203080629047594,24.234189987182617,223500,WHR,24.047534942626957,0,0.991724877394425,1.0,0.9961636664218927,2.0,0.9559911950841551,30.0,0.997835190374016,106.0,0.9384012114809682,439.0
1997-07-25 00:00:00-04:00,24.14086302131761,24.203081740444723,24.0164255830634,24.047534942626957,472900,WHR,24.358627319335938,1,0.9961340435780409,0.0,0.9925527021878834,2.0,0.9480420997292514,30.0,0.9901670698537443,105.0,0.9313656724145108,439.0
1997-07-28 00:00:00-04:00,24.016424381260972,24.389736677342757,24.016424381260972,24.358627319335938,630100,WHR,24.51418876647949,1,1.0064267101991153,1.0,1.002560762308601,3.0,0.959284252431429,31.0,1.0028926087000947,106.0,0.9435956253385711,440.0
1997-07-29 00:00:00-04:00,24.35864188344345,24.5452981430867,24.140876247193003,24.51418876647949,536300,WHR,24.91860008239746,1,1.0031829851357532,2.0,1.006386108635525,3.0,0.964559075103024,31.0,1.0092877990531395,106.0,0.9497964175267782,441.0
1997-07-30 00:00:00-04:00,24.51417835821373,25.167474989587447,24.51417835821373,24.91860008239746,949400,WHR,24.887489318847656,0,1.00818103379023,2.0,1.0206422091813092,3.0,0.979665144626707,31.0,1.025900897002913,106.0,0.9656214206579928,442.0
1997-07-31 00:00:00-04:00,25.043036127090453,25.50967655181885,24.82527059555053,24.887489318847656,1014100,WHR,24.85637855529785,0,0.9993753622514072,1.0,1.0139416262588585,3.0,0.9778162076817906,30.0,1.024516716338002,106.0,0.9645730478713991,442.0
1997-08-01 00:00:00-04:00,24.88748791519184,24.98081599487381,24.794159835509877,24.85637855529785,612400,WHR,24.794160842895508,0,0.9993745809306884,0.0,1.0060436881650334,3.0,0.975950040324522,30.0,1.0231380556922975,106.0,0.9635297151763179,441.0
1997-08-04 00:00:00-04:00,24.856379565211437,24.94970764868532,24.76305148173755,24.794160842895508,635600,WHR,25.198583602905277,1,0.9987468874828658,0.0,0.9999998923017474,2.0,0.972905352513309,30.0,1.0204491295950824,106.0,0.9612781091372649,441.0
1997-08-05 00:00:00-04:00,24.94970870312349,25.26080232785072,24.88748997817805,25.198583602905277,385100,WHR,25.603012084960938,1,1.0080896290950425,1.0,1.0107312448986487,2.0,0.987902630203549,31.0,1.0369568821757154,106.0,0.9771073969576353,441.0
1997-08-06 00:00:00-04:00,25.19859026587893,25.696340197056788,25.105262153783084,25.603012084960938,649000,WHR,27.034032821655277,1,1.0079609405291232,2.0,1.0213454925575214,2.0,1.0027302923442656,31.0,1.053348417776472,107.0,0.992939235729625,441.0
1997-08-07 00:00:00-04:00,26.754048592202,27.562891921733687,26.28740820977987,27.034032821655277,1082800,WHR,27.37624740600586,1,1.0271865705841414,2.0,1.0602731757230626,3.0,1.0567490106700559,31.0,1.1117070263574527,107.0,1.04858532506935,441.0
1997-08-08 00:00:00-04:00,26.940716197273947,27.53179426626725,26.878497453169388,27.37624740600586,1562800,WHR,28.060644149780277,1,1.0062895207104008,2.0,1.0528837001960296,4.0,1.0680911475749122,31.0,1.1251721441797164,108.0,1.062002931617998,441.0
1997-08-11 00:00:00-04:00,27.376238194907582,29.24279989001492,27.28291011015222,28.060644149780277,1026100,WHR,27.56288719177246,0,1.0123455108063864,2.0,1.0527543163447988,5.0,1.0924064470498127,31.0,1.1525607965140345,108.0,1.0886497210944184,442.0
1997-08-12 00:00:00-04:00,28.02952749411624,28.060636847605824,27.251793656876607,27.56288719177246,381900,WHR,26.411849975585938,0,0.9910513240349418,1.0,1.016054727956765,4.0,1.070996590175639,31.0,1.131470987683071,108.0,1.0694428409392702,442.0
1997-08-13 00:00:00-04:00,27.625115168810733,27.65622453273957,26.28741251987057,26.411849975585938,338300,WHR,26.87849235534668,1,0.9786745192919138,0.0,0.9678523185185341,3.0,1.025011665106927,31.0,1.0838184653702216,107.0,1.0249214101760133,442.0
1997-08-14 00:00:00-04:00,27.065148552258808,27.345132847627003,26.567398693826465,26.87849235534668,634400,WHR,27.50067710876465,1,1.0087566031545245,1.0,0.9860763253657621,3.0,1.0415287158042243,32.0,1.1024742302680197,108.0,1.043154465984929,442.0
1997-08-15 00:00:00-04:00,27.127364749822146,27.842880104461948,26.87848984386047,27.50067710876465,983000,WHR,28.122848510742188,1,1.011441600884114,2.0,1.0079818080720675,3.0,1.0636719965185584,32.0,1.1273753176385055,109.0,1.067401080867268,443.0
1997-08-18 00:00:00-04:00,27.56288028818316,28.122848510742188,27.37622421399682,28.122848510742188,307100,WHR,28.247299194335938,1,1.0111854003328287,2.0,1.0303164257326287,3.0,1.0854290316417918,32.0,1.1520853459306435,110.0,1.0916036998344498,444.0
1997-08-19 00:00:00-04:00,28.06064303225883,28.402845996066866,27.967314951220278,28.247299194335938,575600,WHR,28.52728843688965,1,1.0022077409526202,2.0,1.0297119725045991,4.0,1.0878376979520539,33.0,1.1564193965660705,110.0,1.096449343701126,445.0
1997-08-20 00:00:00-04:00,28.2161947789083,28.68283526588032,28.2161947789083,28.52728843688965,374000,WHR,28.869482040405277,1,1.0049315944727306,2.0,1.024123481210275,5.0,1.0959724510425124,34.0,1.1670576604373075,111.0,1.107327883127498,445.0
1997-08-21 00:00:00-04:00,28.49616977264141,28.90059139605226,28.49616977264141,28.869482040405277,292900,WHR,28.278409957885746,0,1.005961896473792,2.0,1.0218012836173895,5.0,1.1062542946050231,34.0,1.1801578795547896,112.0,1.1206063179953552,446.0
1997-08-22 00:00:00-04:00,28.558394214894516,28.589503576784377,28.02953506276684,28.278409957885746,927500,WHR,28.77615737915039,1,0.9896571498641243,1.0,0.995400916317466,4.0,1.0812633030731493,33.0,1.1552162859976354,112.0,1.097684058567326,446.0
1997-08-25 00:00:00-04:00,28.27840762988941,28.77615737915039,28.2472982705606,28.77615737915039,458900,WHR,29.33612632751465,1,1.0087240591682052,1.0,1.0082842409140402,4.0,1.0975319935122718,34.0,1.17462444731383,113.0,1.1170147361191503,446.0
1997-08-26 00:00:00-04:00,28.6828297709104,29.42945440702954,28.589501691395505,29.33612632751465,1029600,WHR,29.273908615112305,0,1.0096359824919432,2.0,1.020121138605473,4.0,1.115822245035449,34.0,1.1964068204523577,114.0,1.1387688994505532,446.0
1997-08-27 00:00:00-04:00,29.21168989329485,29.4916741414734,29.1494711714774,29.273908615112305,737700,WHR,28.880905151367188,0,0.9989384460790162,1.0,1.0126991412726467,3.0,1.1105865802865793,33.0,1.1928223638429978,113.0,1.1363290273968116,446.0
1997-08-28 00:00:00-04:00,29.131227189515556,29.256388208589733,28.75574413229301,28.880905151367188,296100,WHR,28.6618709564209,0,0.9932421163736639,0.0,0.9990246554410444,2.0,1.0927886245224845,33.0,1.1758410689396808,113.0,1.1210171034645282,446.0
1997-08-29 00:00:00-04:00,28.880902721371715,28.943483225643376,28.53670994787758,28.6618709564209,122500,WHR,28.599285125732425,0,0.9961935414006443,0.0,0.9888247762679132,2.0,1.0820526827942147,32.0,1.166006302819298,113.0,1.112399886608531,446.0
1997-09-02 00:00:00-04:00,28.56799487942418,28.693155864657147,28.53670463311594,28.599285125732425,480400,WHR,28.630586624145508,1,0.9989070107037539,0.0,0.9878711908575826,1.0,1.0778477575055432,31.0,1.1625353176811017,113.0,1.1098951248250462,445.0
1997-09-03 00:00:00-04:00,28.59929636553988,28.693167141356756,28.50542558972301,28.630586624145508,421500,WHR,28.599285125732425,0,1.0005469433611505,1.0,0.9937962879923502,1.0,1.0771263883621567,32.0,1.1629349190658471,113.0,1.1110351795501436,445.0
1997-09-04 00:00:00-04:00,28.630575372040663,28.72444611096539,28.5054143868077,28.599285125732425,219700,WHR,28.599285125732425,0,0.9994530566388496,1.0,0.9973808865729682,1.0,1.073952051944278,32.0,1.1608333411071836,112.0,1.109732565795378,445.0
1997-09-05 00:00:00-04:00,28.599285125732425,28.661865618348905,28.56799487942418,28.599285125732425,223000,WHR,28.69316673278809,1,1.0,0.0,0.9993438596424814,1.0,1.072379530717495,31.0,1.1600043724701041,112.0,1.1096568639626798,444.0
1997-09-08 00:00:00-04:00,28.568005700147783,28.72445699094816,28.568005700147783,28.69316673278809,191200,WHR,28.44283866882324,0,1.0016386383198872,1.0,1.0024051219997745,2.0,1.0743472041917512,31.0,1.1629985394871032,112.0,1.1132317455091116,444.0
1997-09-09 00:00:00-04:00,28.630580178188413,28.693160681310136,28.41154841726238,28.44283866882324,423900,WHR,27.62928581237793,0,0.9956187335427935,1.0,0.9947471893072153,2.0,1.0635230943615674,31.0,1.1521047844313193,111.0,1.1034801483840357,443.0
1997-09-10 00:00:00-04:00,28.442832166989284,28.442832166989284,27.410254101521023,27.62928581237793,659100,WHR,26.721874237060547,0,0.9854909571561166,0.0,0.9731098297541491,1.0,1.0325398570623618,30.0,1.1186505993734184,110.0,1.0719103978798774,443.0
1997-09-11 00:00:00-04:00,27.629291512089534,27.629291512089534,26.346391226703723,26.721874237060547,1745300,WHR,27.00349235534668,1,0.9833046511888248,0.0,0.9537636983104989,1.0,0.998803637353849,29.0,1.0816081011690946,109.0,1.0367088207221753,443.0
1997-09-12 00:00:00-04:00,26.815750809423065,27.003492355346683,26.596719005845515,27.00349235534668,388000,WHR,27.222517013549805,1,1.0052418091517672,1.0,0.9749210807091518,2.0,1.0091339612815242,30.0,1.092650840103002,110.0,1.0476348718276092,443.0
1997-09-15 00:00:00-04:00,27.09735601578636,27.25380726299067,26.909614519141183,27.222517013549805,257800,WHR,28.03606414794922,1,1.0040391070770691,2.0,0.9933774414986755,2.0,1.0170222654363688,30.0,1.101104587479689,111.0,1.0561119362005615,444.0
1997-09-16 00:00:00-04:00,27.285098143986293,28.223805648939948,27.285098143986293,28.03606414794922,497600,WHR,28.44283866882324,1,1.014722548377088,2.0,1.0261108465142301,3.0,1.046783222229483,30.0,1.1334526080299911,111.0,1.0876330860807324,444.0
1997-09-17 00:00:00-04:00,28.161226404775487,29.006063196918756,27.785743386045148,28.44283866882324,1194200,WHR,32.47930145263672,1,1.007202238368434,2.0,1.0348360537709183,4.0,1.0606920134848838,31.0,1.1493127659275553,111.0,1.1033595411607509,444.0
1997-09-18 00:00:00-04:00,30.03866030301662,33.23026796021214,29.81962840497379,32.47930145263672,3307500,WHR,32.573143005371094,1,1.0662560897526911,2.0,1.1341788534971435,5.0,1.206623023365502,32.0,1.3109209337352554,111.0,1.2596810591127237,445.0
1997-09-19 00:00:00-04:00,32.604433248411794,32.979916164900224,32.072499116719854,32.573143005371094,1496500,WHR,33.543148040771484,1,1.0014425522901749,2.0,1.0948671202999631,5.0,1.2056260309733104,32.0,1.3132300413722828,111.0,1.2630509518904043,446.0
1997-09-22 00:00:00-04:00,32.54186003955443,33.543148040771484,32.54186003955443,33.543148040771484,623500,WHR,34.70088195800781,1,1.0146711955563785,2.0,1.0815172402307855,5.0,1.236303538931332,32.0,1.35060695413775,112.0,1.3003286488647232,447.0
1997-09-23 00:00:00-04:00,33.07378920614451,34.79475269369224,32.6044355277224,34.70088195800781,579400,WHR,34.10636520385742,0,1.016964618256821,2.0,1.072741106890269,5.0,1.2730516510085312,32.0,1.3951367076657248,113.0,1.3447935274986644,448.0
1997-09-24 00:00:00-04:00,34.04378471724483,34.29410666369517,33.66830179756934,34.10636520385742,539200,WHR,33.16766357421875,0,0.9913596782508706,1.0,1.018691357715231,4.0,1.2459478808925768,31.0,1.369146595514081,113.0,1.3213816591062026,447.0
1997-09-25 00:00:00-04:00,33.60572705538768,34.1689515311763,33.073792828253985,33.16766357421875,331200,WHR,33.16766357421875,0,0.9860465970793088,0.0,0.9865972526387694,3.0,1.2072162150166141,31.0,1.3296528565720345,112.0,1.2847382193521695,446.0
1997-09-26 00:00:00-04:00,33.16766357421875,33.16766357421875,32.79218059035967,33.16766357421875,273400,WHR,33.136375427246094,0,1.0,0.0,0.9831200623248104,2.0,1.2026280010791517,31.0,1.3278467438310548,112.0,1.2844601582821868,446.0
1997-09-29 00:00:00-04:00,32.7296021689324,33.543148685559785,32.541860665095314,33.136375427246094,175300,WHR,33.19894027709961,1,0.9995281109952899,0.0,0.9845668599348355,1.0,1.197235967119464,30.0,1.3247625185869523,112.0,1.282980816774071,445.0
1997-09-30 00:00:00-04:00,33.13635980532374,33.386681692427224,32.76087697466851,33.19894027709961,268100,WHR,33.16766357421875,0,1.0009431605049166,1.0,0.9953092654661553,1.0,1.1950376808267866,31.0,1.3253818369707648,113.0,1.2851630951727335,445.0
1997-10-01 00:00:00-04:00,33.073792828253985,33.19895382287368,32.635729347085054,33.16766357421875,227600,WHR,32.698326110839844,0,0.9995287282900459,1.0,1.0000000690075292,1.0,1.1892692067394617,31.0,1.3222392176713054,113.0,1.2837310110022093,444.0
1997-10-02 00:00:00-04:00,33.16768007415334,33.16768007415334,32.260262411747256,32.698326110839844,124300,WHR,32.635719299316406,0,0.9928743579862223,0.0,0.9886475774675914,1.0,1.1678576656776953,31.0,1.3017264715698489,113.0,1.2653982804579922,443.0
1997-10-03 00:00:00-04:00,33.042492406594555,33.16765336268014,31.853463323781497,32.635719299316406,147000,WHR,32.54186248779297,0,0.9990417429208553,0.0,0.9899389824872752,1.0,1.1613619066112277,30.0,1.2974655337044885,112.0,1.262800425746782,443.0
1997-10-06 00:00:00-04:00,32.760894254537725,33.230248040419355,32.51057223540086,32.54186248779297,148700,WHR,32.823486328125,1,0.9985599832189233,0.0,0.9906650276230351,1.0,1.153890655712685,29.0,1.2919697364379552,112.0,1.258996083733772,443.0
1997-10-07 00:00:00-04:00,32.54187395734032,33.136388962330194,32.416712903658244,32.823486328125,211600,WHR,33.355430603027344,1,1.0043084576986676,1.0,1.0015279083160031,1.0,1.159334588545125,30.0,1.3012674234729165,113.0,1.2697065346908467,443.0
1997-10-08 00:00:00-04:00,32.82349596864511,33.51188196608094,32.63575433298079,33.355430603027344,291100,WHR,33.386695861816406,1,1.008037971903586,2.0,1.016594014768362,2.0,1.1728350538934609,31.0,1.3203365427288831,114.0,1.2900831776291146,443.0
1997-10-09 00:00:00-04:00,33.04250312097294,33.417986110984,32.60443963262671,33.386695861816406,181100,WHR,32.88606643676758,0,1.0004684486462314,2.0,1.013295145420646,3.0,1.1682010262633766,32.0,1.3195523992055556,115.0,1.2910845809798128,444.0
1997-10-10 00:00:00-04:00,33.13638854094849,33.13638854094849,32.729615121654504,32.88606643676758,85000,WHR,33.011199951171875,1,0.9924459248764477,1.0,0.9965864752775861,3.0,1.1453208596383422,32.0,1.2978581212442808,115.0,1.2715281422851412,444.0
1997-10-13 00:00:00-04:00,32.88603900348971,33.261521846536205,32.88603900348971,33.011199951171875,179900,WHR,33.011199951171875,0,1.001898918138237,1.0,0.9975409624982776,4.0,1.1440569470139148,33.0,1.3009239898173433,115.0,1.2761711401516234,444.0
1997-10-14 00:00:00-04:00,33.042490188092415,33.105070661933496,32.88603900348971,33.011199951171875,112100,WHR,32.97993469238281,0,1.0,1.0,0.9964105588876497,3.0,1.1381437424173075,33.0,1.299056803351073,115.0,1.275973155169385,444.0
1997-10-15 00:00:00-04:00,32.94864443176385,33.23025677733448,32.91735417114489,32.97993469238281,158100,WHR,33.042510986328125,1,0.9995262203179572,0.0,0.9977284936541962,2.0,1.1313598927524007,32.0,1.2959230875784558,115.0,1.2745740628623852,443.0
1997-10-16 00:00:00-04:00,32.91734995986476,33.51186483556574,32.91734995986476,33.042510986328125,113900,WHR,32.32283020019531,0,1.0009478033311554,1.0,1.0017076417657105,2.0,1.1280862505876388,32.0,1.2965050591565466,115.0,1.2767844509239017,444.0
1997-10-17 00:00:00-04:00,32.91734498606531,33.04250599361689,32.29153994830742,32.32283020019531,262200,WHR,31.978649139404297,0,0.9889898718025633,1.0,0.9832477720014854,2.0,1.098460362747086,32.0,1.2665303170432027,115.0,1.2487904062502326,444.0
1997-10-20 00:00:00-04:00,31.69703676929212,32.19768098282487,31.19639255575937,31.978649139404297,306600,WHR,32.103797912597656,1,0.9946473850317926,0.0,0.9789275009089196,1.0,1.0819035849843943,32.0,1.2513147594542116,115.0,1.2352965529275508,444.0
1997-10-21 00:00:00-04:00,31.54057338781524,32.26024916948166,31.54057338781524,32.103797912597656,186200,WHR,32.26025390625,1,1.0019529337431794,1.0,0.9882487217484922,2.0,1.0814148155570964,32.0,1.2544440730438562,116.0,1.2399386283406058,444.0
1997-10-22 00:00:00-04:00,32.10380262639428,32.29154416222114,31.75960981071169,32.26025390625,128200,WHR,31.290246963500977,0,1.0024307977703562,2.0,0.9974845245287108,3.0,1.0819797536886915,32.0,1.2587315054914905,117.0,1.2457698036563103,445.0
1997-10-23 00:00:00-04:00,32.1350836315155,32.1350836315155,31.290246963500973,31.290246963500977,176600,WHR,31.38410377502441,1,0.9847364390606915,1.0,0.9780905488655024,2.0,1.0457220967599519,31.0,1.2193252398978838,116.0,1.2081412756540126,445.0
1997-10-24 00:00:00-04:00,31.41539400810021,31.82216703808557,31.22765260964543,31.38410377502441,186000,WHR,28.599285125732425,0,1.0014975314529384,1.0,0.9868156729150463,3.0,1.0450770593990504,32.0,1.2214172214288148,116.0,1.2115871504861808,446.0
1997-10-27 00:00:00-05:00,31.75960000286478,31.75960000286478,28.599285125732425,28.599285125732425,188100,WHR,30.132503509521484,1,0.9535735025925345,1.0,0.9187776287181658,3.0,0.9503696152126897,32.0,1.1120531356563632,116.0,1.104057162347885,445.0
1997-10-28 00:00:00-05:00,28.348959688085632,30.16379375200281,27.41025241364571,30.132503509521484,465100,WHR,30.445405960083008,1,1.0261054263698814,1.0,0.9804519669636038,3.0,0.9983675128038547,33.0,1.1703795707048228,116.0,1.1631645382607674,445.0
1997-10-29 00:00:00-05:00,30.03863280748169,30.66443765763756,29.600569412372582,30.445405960083008,312400,WHR,30.288963317871094,0,1.005165289679046,2.0,1.0024727075758577,3.0,1.0058205675311669,33.0,1.1811404861353771,117.0,1.1751336514971553,446.0
1997-10-30 00:00:00-05:00,30.44541457467828,30.50799507740115,29.97606080425672,30.288963317871094,128900,WHR,30.351537704467773,1,0.9974241497183259,1.0,1.0039413581021943,3.0,0.9980770039306488,32.0,1.1736842873449322,117.0,1.1689960303785207,445.0
1997-10-31 00:00:00-05:00,30.163796234130857,30.41411819458008,29.976054763793943,30.351537704467773,230600,WHR,30.60186195373535,1,1.001031890989384,1.0,1.012949023789645,3.0,0.9983200410801731,32.0,1.1747443547561705,117.0,1.1713011250926009,446.0
1997-11-03 00:00:00-05:00,30.914764427699925,31.165086406871588,30.60186195373535,30.60186195373535,411600,WHR,30.539278030395508,0,1.004106813576786,2.0,1.0078318745174395,4.0,1.0047769596777645,32.0,1.183070287006807,117.0,1.1808340149960972,447.0
1997-11-04 00:00:00-05:00,30.601858518162715,30.69572924981352,30.445407298744705,30.539278030395508,345200,WHR,29.757020950317383,0,0.9989764024132346,1.0,1.0030831786780172,3.0,1.0013638536823903,31.0,1.1793386402828339,116.0,1.1783231874412603,446.0
1997-11-05 00:00:00-05:00,30.539277021566527,30.539277021566527,29.72573070746742,29.757020950317383,127100,WHR,29.788301467895508,1,0.9870264494952112,0.0,0.9818293419669668,2.0,0.9745455829752822,31.0,1.1479066217476104,116.0,1.1480215872385264,446.0
1997-11-06 00:00:00-05:00,29.78830146789551,30.00733309633592,29.69443076999248,29.788301467895508,477700,WHR,27.785743713378903,0,1.000525322834906,1.0,0.9861194350703043,3.0,0.9737753691302685,32.0,1.1479179256911092,116.0,1.1491052781347741,447.0
1997-11-07 00:00:00-05:00,29.72573933300671,29.72573933300671,27.535421697943057,27.785743713378903,452000,WHR,28.161230087280277,1,0.965217699256471,1.0,0.9357220600508238,2.0,0.9078632832870168,31.0,1.069914646667472,116.0,1.0718194683976952,447.0
1997-11-10 00:00:00-05:00,28.036069064670137,28.536713155110675,28.036069064670137,28.161230087280277,278900,WHR,26.784460067749023,0,1.0067114688855066,1.0,0.9642171644061941,2.0,0.9198009521474981,31.0,1.0834065659213894,117.0,1.0862421766452495,448.0
1997-11-11 00:00:00-05:00,28.09865086546568,28.09865086546568,26.65929903939505,26.784460067749023,804900,WHR,26.09607696533203,0,0.9749430753231656,1.0,0.9412802472735206,2.0,0.8754707902555701,30.0,1.0297500688994912,116.0,1.0331425482564385,447.0
1997-11-12 00:00:00-05:00,26.721882168337597,26.78446268863815,25.97091592473092,26.09607696533203,1322400,WHR,26.502838134765625,1,0.9869822974379713,0.0,0.9413095278244848,2.0,0.8539712302520708,29.0,1.0027850973662695,115.0,1.0066286462437555,446.0
1997-11-13 00:00:00-05:00,26.2838064146436,26.627999117692504,26.25251616891188,26.502838134765625,2077400,WHR,26.784460067749023,1,1.007733261582668,1.0,0.9791904896710707,2.0,0.8682407915746566,29.0,1.0178451530712833,116.0,1.0223918140505233,446.0
1997-11-14 00:00:00-05:00,26.502847753952597,27.09736263863394,26.502847753952597,26.784460067749023,765100,WHR,28.129940032958984,1,1.00528497301389,2.0,0.9969718766139468,3.0,0.8784668841599779,29.0,1.0280502176267505,116.0,1.0333250189305796,446.0
1997-11-17 00:00:00-05:00,27.28510312429392,28.286391312341404,27.034781077282048,28.129940032958984,570000,WHR,27.597997665405277,0,1.024501405145872,2.0,1.047297320328191,3.0,0.9226703237062271,30.0,1.0788295835176775,117.0,1.085239416687914,447.0
1997-11-18 00:00:00-05:00,28.06735136719788,28.129931860770228,27.5667074186191,27.597997665405277,188000,WHR,27.504131317138672,0,0.9904546554291508,1.0,1.0213059543257192,3.0,0.9058058564181086,29.0,1.0577483994149208,116.0,1.0647387903485277,447.0
1997-11-19 00:00:00-05:00,27.472841065355805,27.691872827835866,27.28509955465861,27.504131317138672,317500,WHR,27.87961769104004,1,0.9982965023312196,0.0,1.007334412604453,3.0,0.9036305972044901,28.0,1.0536068717620166,115.0,1.0611402862738435,447.0
1997-11-20 00:00:00-05:00,27.598005391130545,28.28639101313153,27.598005391130545,27.87961769104004,182200,WHR,28.2863826751709,1,1.0067797211388836,1.0,1.0108918321217966,3.0,0.9166668139541659,29.0,1.0673685992925066,116.0,1.0756322237698095,448.0
1997-11-21 00:00:00-05:00,28.004770458272077,28.411543660459262,27.97348021194998,28.2863826751709,206000,WHR,27.84833526611328,0,1.007242192455911,2.0,1.0145901876773584,3.0,0.9303441271379949,30.0,1.0823144007850496,116.0,1.0913259595061215,448.0
1997-11-24 00:00:00-05:00,28.03607685217697,28.03607685217697,27.785754737425385,27.84833526611328,314600,WHR,27.754444122314453,0,0.9921964975487041,1.0,1.0009000495810823,2.0,0.9163453196847788,30.0,1.064985343285231,116.0,1.074450970568413,447.0
1997-11-25 00:00:00-05:00,27.87960508791677,28.06734653632025,27.75444412231445,27.754444122314453,716900,WHR,27.831281661987305,1,0.9983113947750178,0.0,0.9964049688029639,2.0,0.9136791739792165,30.0,1.0608741697784727,115.0,1.0708388402279743,447.0
1997-11-26 00:00:00-05:00,27.79979831169094,28.17759851524733,27.79979831169094,27.831281661987305,378600,WHR,27.610885620117188,0,1.0013823250229927,1.0,0.9968219705479541,3.0,0.9166106564313381,30.0,1.063247290553243,116.0,1.0737799571754614,448.0
1997-11-28 00:00:00-05:00,27.57940228417635,27.862752307643916,27.57940228417635,27.610885620117188,50000,WHR,27.264575958251957,0,0.996024757821088,1.0,0.9908355051867122,2.0,0.9098456416323265,30.0,1.0542448047508581,116.0,1.0652648030754581,447.0
1997-12-01 00:00:00-05:00,27.73682611919165,27.73682611919165,27.201609270126664,27.264575958251957,170300,WHR,27.45346069335937,1,0.9936891708624509,0.0,0.9856362541077056,1.0,0.8990929620935604,30.0,1.0404632670679614,116.0,1.0519430712476097,446.0
1997-12-02 00:00:00-05:00,27.39049404039295,27.70532730522505,27.359010713909743,27.45346069335937,372800,WHR,28.11463165283203,1,1.003451964775528,1.0,0.9953061940964355,2.0,0.9059390039640758,30.0,1.0470597205446786,117.0,1.059281331717087,446.0
1997-12-03 00:00:00-05:00,27.579414700874423,28.30353175352295,27.516448000644115,28.11463165283203,230300,WHR,28.20906639099121,1,1.0118983922527613,2.0,1.0166214095852153,3.0,0.9279245373325462,31.0,1.071492557452469,118.0,1.0848331836012304,446.0
1997-12-04 00:00:00-05:00,28.209066390991207,28.397966389145168,28.05164972586291,28.20906639099121,311600,WHR,28.24056053161621,1,1.0016766430727915,2.0,1.017256880064429,3.0,0.9307445191213942,32.0,1.0743912558389788,118.0,1.088533211719819,446.0
1997-12-05 00:00:00-05:00,28.14611049639341,28.5239106372846,28.14611049639341,28.24056053161621,112000,WHR,28.20906639099121,0,1.0005579158329634,2.0,1.0137885969490923,4.0,0.9310061338461089,33.0,1.07487533975984,119.0,1.089805815055248,446.0
1997-12-08 00:00:00-05:00,28.24054972401687,28.52389972124781,28.209066390991207,28.20906639099121,504200,WHR,28.58685302734375,1,0.9994420841670366,1.0,1.0058373034175647,4.0,0.9293522618628123,32.0,1.072877940335391,119.0,1.0886729881031094,445.0
1997-12-09 00:00:00-05:00,28.20905320759912,28.6183363456558,28.20905320759912,28.58685302734375,370400,WHR,28.49241828918457,0,1.0066516510379895,1.0,1.0111352940077203,4.0,0.9410934950381602,32.0,1.086244031621254,120.0,1.1033326246695099,445.0
1997-12-10 00:00:00-05:00,28.36648494867989,28.80725164044628,28.24055160817521,28.49241828918457,223300,WHR,28.49241828918457,0,0.9983455510909468,1.0,1.005108912193607,3.0,0.9377498529533906,31.0,1.0816841382253832,119.0,1.0997592003180048,445.0
1997-12-11 00:00:00-05:00,28.39796828380606,28.58686829456308,28.39796828380606,28.49241828918457,128400,WHR,28.460947036743164,0,1.0,0.0,1.0031035828168418,2.0,0.9377243503314079,30.0,1.0806438930252222,119.0,1.0998329921699281,444.0
1997-12-12 00:00:00-05:00,28.49243038523513,28.712813824678943,28.429463688251197,28.460947036743164,563700,WHR,28.366474151611328,0,0.9994474206702044,0.0,1.0004431341085234,1.0,0.938757759615463,29.0,1.078388222304499,119.0,1.0986908087459073,444.0
1997-12-15 00:00:00-05:00,28.4924074441823,28.61834073675327,28.334990828468587,28.366474151611328,206300,WHR,28.334999084472656,0,0.9983375475579174,0.0,0.9960200591643417,1.0,0.9378103938330085,28.0,1.0737575786090234,119.0,1.095127462375335,443.0
1997-12-16 00:00:00-05:00,28.460932413736977,28.5868657430013,28.334999084472653,28.334999084472656,269500,WHR,28.24056053161621,0,0.999444898600648,0.0,0.9966776606225516,0.0,0.9394658299329911,27.0,1.0715333584034887,118.0,1.093977931526211,443.0
1997-12-17 00:00:00-05:00,28.46094394713607,28.46094394713607,28.240560531616207,28.24056053161621,45700,WHR,27.57941436767578,0,0.9983307535356736,0.0,0.9951189648151321,0.0,0.9396892890116687,26.0,1.0670389311260764,117.0,1.0903963515727584,443.0
1997-12-18 00:00:00-05:00,28.24056471210636,28.46094816024989,27.579414367675778,27.57941436767578,62400,WHR,26.7293643951416,0,0.9881557423640329,0.0,0.9781155418024109,0.0,0.9210238206239949,26.0,1.0412622820949078,117.0,1.064954398143961,443.0
1997-12-19 00:00:00-05:00,27.07568124831776,27.1071645986065,26.44601424254293,26.7293643951416,306900,WHR,26.540451049804688,0,0.9843478348823382,0.0,0.9597561374833528,0.0,0.8958463688560625,26.0,1.00852772182933,117.0,1.0322382088187796,443.0
1997-12-22 00:00:00-05:00,26.76083439185526,26.886767730169872,26.320067707754117,26.540451049804688,243100,WHR,26.98121833801269,1,0.9964536512139384,0.0,0.9656354999755171,0.0,0.8928199845630944,26.0,1.000820584210292,116.0,1.0250707464356845,442.0
1997-12-23 00:00:00-05:00,26.44600163819214,27.264568355564755,26.44600163819214,26.98121833801269,126800,WHR,26.477479934692383,0,1.0082353053118394,1.0,0.9914389038233133,1.0,0.9107905104887534,27.0,1.0168046677351648,116.0,1.0422092120941489,442.0
1997-12-24 00:00:00-05:00,26.918246544782384,26.949729874074528,26.477479934692383,26.477479934692383,45000,WHR,26.477479934692383,0,0.9905770544439629,1.0,0.985700558118616,1.0,0.8971788059734158,26.0,0.9973000530182081,115.0,1.0228814659283973,442.0
1997-12-26 00:00:00-05:00,26.603413251860957,26.76082989832167,26.477479934692383,26.477479934692383,13700,WHR,26.98121833801269,1,1.0,0.0,0.9938546760814809,1.0,0.900581415607143,26.0,0.9967612688432711,115.0,1.0230433266329955,441.0
1997-12-29 00:00:00-05:00,26.4774849734757,27.012701673296256,26.4774849734757,26.98121833801269,81200,WHR,27.484956741333008,1,1.0094229455560368,1.0,1.0108516967787553,2.0,0.920699058555104,27.0,1.0151087911817605,115.0,1.0426469929789066,442.0
1997-12-30 00:00:00-05:00,27.07567330761327,27.484956741333004,26.94973994339181,27.484956741333008,99600,WHR,27.70533561706543,1,1.0092486465698476,2.0,1.0224879278227639,3.0,0.9406439859839276,28.0,1.0335274711862095,115.0,1.0622446147863953,442.0
1997-12-31 00:00:00-05:00,27.484952265566047,27.831268960779365,27.484952265566047,27.70533561706543,75700,WHR,27.17011833190918,0,1.003993073171298,2.0,1.0251631490506192,3.0,0.9508092697024476,29.0,1.0412428781767016,116.0,1.0708663820663618,443.0
1998-01-02 00:00:00-05:00,27.57940169032728,27.705335031379004,26.88676831454281,27.17011833190918,122400,WHR,27.57941436767578,1,0.9902466905211588,1.0,1.0002317987268035,3.0,0.935466265277925,28.0,1.0206218509085845,116.0,1.0502987843300835,443.0
1998-01-05 00:00:00-05:00,27.39051426926704,27.579414367675778,27.201614170858303,27.57941436767578,177200,WHR,27.831281661987305,1,1.0074757904877918,1.0,1.0071284034811216,4.0,0.952716060449516,28.0,1.0353912265408765,117.0,1.0662229154654028,444.0
1998-01-06 00:00:00-05:00,27.642381560209117,27.86276501228367,27.610898209912747,27.831281661987305,118200,WHR,27.107154846191406,0,1.0045454634638895,2.0,1.010055095171599,4.0,0.9645016200405012,28.0,1.0443221454037261,117.0,1.0760528273341177,445.0
1998-01-07 00:00:00-05:00,27.579404930619827,27.579404930619827,26.76083811761056,27.107154846191406,188300,WHR,27.264575958251957,1,0.9868193042645453,1.0,0.9864801956962871,3.0,0.942552866381811,28.0,1.0167410296989463,117.0,1.0481706255913872,445.0
1998-01-08 00:00:00-05:00,27.23309261418931,27.390509334502543,27.044192549813427,27.264575958251957,164300,WHR,26.28859519958496,0,1.0028952749844722,1.0,0.9954023098001388,3.0,0.95119437616609,28.0,1.0222099631788766,118.0,1.054369359196601,445.0
1998-01-09 00:00:00-05:00,27.13864558328412,27.17012893082853,26.25711185204055,26.28859519958496,160800,WHR,25.43854141235352,0,0.9817754814968755,1.0,0.9659880115060744,3.0,0.9207439092593726,28.0,0.9853427215810738,118.0,1.0167567887647624,445.0
1998-01-12 00:00:00-05:00,26.09969162232805,26.19414165232441,25.37557472568928,25.43854141235352,243900,WHR,27.138633728027344,1,0.9835665794994876,0.0,0.9496943588656865,2.0,0.8949108275067053,28.0,0.9533274282784021,118.0,0.9840531957294729,444.0
1998-01-13 00:00:00-05:00,25.753367041213885,27.17011706181856,25.753367041213885,27.138633728027344,780500,WHR,27.673851013183597,1,1.032335177976652,1.0,1.0184307531636005,2.0,0.9580352450094916,28.0,1.016597850899714,119.0,1.0499721976601635,444.0
1998-01-14 00:00:00-05:00,27.1386343269218,27.70533434766958,27.01270098897784,27.673851013183597,705600,WHR,27.45346069335937,0,1.009764514192035,2.0,1.0341174480789448,3.0,0.979608725354076,29.0,1.0361231875189312,119.0,1.0707994326087638,445.0
1998-01-15 00:00:00-05:00,27.673843978741846,27.768293958191475,27.26456073446011,27.45346069335937,301100,WHR,27.296066284179688,0,0.9960021573154624,1.0,1.0244357497437935,2.0,0.9744086860200225,29.0,1.0273866482591898,119.0,1.0624140538782845,444.0
1998-01-16 00:00:00-05:00,27.453483044757427,27.54793310110407,27.29606628417969,27.296066284179688,527200,WHR,28.30352020263672,1,0.9971251914332656,0.0,1.0109612757538693,2.0,0.971585479908575,28.0,1.0210950220333512,118.0,1.056501373187715,443.0
1998-01-20 00:00:00-05:00,27.233086735573707,28.42945355170296,27.138636723774027,28.30352020263672,301500,WHR,28.17758178710937,0,1.0181198095546253,1.0,1.0264900808846067,3.0,1.0098154663223902,28.0,1.0582939810213372,118.0,1.0956712056140392,443.0
1998-01-21 00:00:00-05:00,28.55538176637788,28.964665077252096,27.79978180784087,28.17758178710937,356600,WHR,27.484956741333008,0,0.9977702556945469,1.0,1.014279085565541,2.0,1.007186424879451,28.0,1.053061494563174,118.0,1.0910006942609904,442.0
1998-01-22 00:00:00-05:00,28.083140221384927,28.17759024455102,27.484956741333004,27.484956741333008,391600,WHR,27.327533721923828,0,0.987556711136657,0.0,0.990694614485033,1.0,0.9847164307734279,27.0,1.0267725915243218,118.0,1.0643667914795927,442.0
1998-01-23 00:00:00-05:00,27.48495039082892,27.89423372998216,27.04418371789467,27.327533721923828,254500,WHR,27.57941436767578,1,0.9971279717801783,0.0,0.9859153262563033,1.0,0.9798204321089063,27.0,1.020561139702664,117.0,1.0584339324408842,442.0
1998-01-26 00:00:00-05:00,27.32754756979746,27.831281165554092,27.32754756979746,27.57941436767578,284500,WHR,27.98868751525879,1,1.0045874093264284,1.0,0.9929724645224973,2.0,0.9903625032238424,27.0,1.0296051334779681,117.0,1.0683488946032818,442.0
1998-01-27 00:00:00-05:00,27.39050409254797,28.335004233670315,27.39050409254797,27.98868751525879,192900,WHR,28.71280860900879,1,1.0073652533326625,2.0,1.009997702781941,2.0,1.0065392298384508,27.0,1.0444527188050206,118.0,1.084337886922291,443.0
1998-01-28 00:00:00-05:00,28.08314175354807,29.02764203673915,28.051658410775037,28.71280860900879,295800,WHR,29.122093200683597,1,1.0127707581500673,2.0,1.0321412954111582,3.0,1.0335567378209116,28.0,1.070877439869899,119.0,1.11248425233702,444.0
1998-01-29 00:00:00-05:00,28.964676480679906,29.436926640690988,28.870226448677684,29.122093200683597,327700,WHR,29.122093200683597,0,1.0070767750764336,2.0,1.0346756907102002,4.0,1.049063276265257,28.0,1.085470826461279,120.0,1.128425457287877,444.0
1998-01-30 00:00:00-05:00,29.090609856682857,29.21654323268581,28.586876352671037,29.122093200683597,148500,WHR,29.310985565185547,1,1.0,1.0,1.0216479004565564,4.0,1.0499961210624003,27.0,1.0847606236113496,120.0,1.1285587404644344,443.0
1998-02-02 00:00:00-05:00,29.24801889372436,29.436918908107938,29.059118879340776,29.310985565185547,221700,WHR,30.349937438964844,1,1.0032326272804966,1.0,1.015931740040332,4.0,1.0575872350349744,28.0,1.0910321242511307,121.0,1.1359971525000625,444.0
1998-02-03 00:00:00-05:00,29.720270687119104,30.475870789334,29.468403986380803,30.349937438964844,322000,WHR,30.161022186279297,0,1.0174142775784247,2.0,1.035000968843313,4.0,1.094683963781993,29.0,1.12869846312251,122.0,1.1763386787666268,445.0
1998-02-04 00:00:00-05:00,30.979588550416317,30.979588550416317,29.94063893439625,30.161022186279297,489100,WHR,30.44438743591309,1,0.9968779993929111,1.0,1.0184983514471135,3.0,1.0876263359475709,28.0,1.1207470141910516,121.0,1.1690868340720908,445.0
1998-02-05 00:00:00-05:00,30.161037397729817,30.727737474096347,30.1295540601539,30.44438743591309,426100,WHR,31.23147392272949,1,1.0046755768404219,1.0,1.018967408866199,3.0,1.0960932545868929,29.0,1.1303784208155776,121.0,1.1801102968953012,446.0
1998-02-06 00:00:00-05:00,30.85367383495453,31.23147392272949,30.66477379106706,31.23147392272949,711300,WHR,31.23147392272949,0,1.0127616618475666,2.0,1.030756637146861,4.0,1.1223630952882657,29.0,1.1585683024495395,121.0,1.2106051434901934,447.0
1998-02-09 00:00:00-05:00,31.168507241433662,31.23147392272949,30.7592238130108,31.23147392272949,845100,WHR,31.54631233215332,1,1.0,1.0,1.0178536380468737,3.0,1.1193815851685345,29.0,1.1574939437470704,121.0,1.2106129920607056,446.0
1998-02-10 00:00:00-05:00,31.16851218446286,31.672245714716805,31.074062147540243,31.54631233215332,356200,WHR,31.82966423034668,1,1.0050151244286563,1.0,1.0201590952850572,3.0,1.1269966452424256,30.0,1.1681203177160577,121.0,1.222788224295975,447.0
1998-02-11 00:00:00-05:00,31.73521418812013,31.95559761998208,31.609280798484736,31.82966423034668,403600,WHR,31.987075805664062,1,1.0044709669745906,2.0,1.0183321512326504,4.0,1.133524241322014,30.0,1.1774921371774107,122.0,1.2337371131411594,447.0
1998-02-12 00:00:00-05:00,31.987075805664062,31.987075805664062,31.54630901306633,31.987075805664062,534100,WHR,31.76668930053711,0,1.0024666188719222,2.0,1.0133652174663372,4.0,1.1356232734206575,30.0,1.1820783041688754,123.0,1.239793686958694,448.0
1998-02-13 00:00:00-05:00,31.98707267526829,31.98707267526829,31.7352059612898,31.76668930053711,202200,WHR,31.892623901367188,1,0.9965431609449288,1.0,1.0029819858952915,3.0,1.1253772888536728,29.0,1.1727142765238732,123.0,1.2312122472235199,448.0
1998-02-17 00:00:00-05:00,31.892623901367188,32.333390668019845,31.861140560892,31.892623901367188,383900,WHR,31.955585479736328,1,1.0019782588673343,1.0,1.002771647467245,4.0,1.1269809880949637,30.0,1.1760875857520818,124.0,1.236036616644264,449.0
1998-02-18 00:00:00-05:00,31.86113547339228,31.955585479736325,31.76668546704823,31.955585479736328,310900,WHR,31.86114883422852,0,1.0009861134553255,2.0,1.002172019831293,4.0,1.1262531871034611,31.0,1.1771336069695562,124.0,1.238441789829114,449.0
1998-02-19 00:00:00-05:00,31.987082228830207,32.144498972082324,31.861148834228512,31.86114883422852,530800,WHR,32.238948822021484,1,0.9985201899388458,1.0,0.9990130686825112,3.0,1.1203046921802635,30.0,1.1724019242637513,124.0,1.2347707263315404,448.0
1998-02-20 00:00:00-05:00,31.92411533743143,32.238948822021484,31.86114864051342,32.238948822021484,279100,WHR,32.80563735961914,1,1.0058939065868355,1.0,1.0092649269395233,3.0,1.1309692195200893,30.0,1.1850371284515895,124.0,1.2493937795459789,448.0
1998-02-23 00:00:00-05:00,32.23893729006718,33.120470731592455,32.23893729006718,32.80563735961914,501600,WHR,32.58525466918945,0,1.0087123090615897,2.0,1.0203680377076003,4.0,1.1475231013588023,31.0,1.2044157422643404,125.0,1.2713001234466308,449.0
1998-02-24 00:00:00-05:00,32.80563803410185,32.80563803410185,32.49080465565557,32.58525466918945,247800,WHR,33.18345642089844,1,0.9966297647334036,1.0,1.0091652497406152,3.0,1.1366131720986241,31.0,1.194935597554488,124.0,1.2627100956476494,449.0
1998-02-25 00:00:00-05:00,32.585272671375606,33.18345642089844,32.55378931613756,33.18345642089844,223800,WHR,33.134071350097656,0,1.0090955370995425,1.0,1.0199345138475095,3.0,1.153888842437954,31.0,1.21539538538212,124.0,1.285802065350656,450.0
1998-02-26 00:00:00-05:00,33.1024246725904,33.323951415141195,32.97583796256137,33.134071350097656,198700,WHR,33.83030319213867,1,0.9992553240076845,1.0,1.0105093978826611,3.0,1.1484952828857746,31.0,1.2121351737575399,123.0,1.283787903618044,450.0
1998-02-27 00:00:00-05:00,33.00748945687618,33.95688992064059,33.00748945687618,33.83030319213867,410700,WHR,33.35560989379883,0,1.0103970483828215,1.0,1.021824458371144,3.0,1.168197111314024,32.0,1.235989943358084,124.0,1.3106284656310052,450.0
1998-03-02 00:00:00-05:00,33.86195691305953,33.86195691305953,32.91255625194571,33.35560989379883,388400,WHR,33.134071350097656,0,0.9929346305417824,1.0,1.0041505169312541,2.0,1.14790623550231,31.0,1.2171099412994832,124.0,1.2921288187500404,450.0
1998-03-03 00:00:00-05:00,33.229011382619426,33.26065806012668,32.91254460754686,33.134071350097656,327400,WHR,33.893592834472656,1,0.9966680763156538,0.0,0.9941960519949351,2.0,1.137008719362928,30.0,1.2075422079070943,124.0,1.2834377969573652,450.0
1998-03-04 00:00:00-05:00,33.38724597606784,33.92523951312296,33.355599297417534,33.893592834472656,351000,WHR,33.76701354980469,0,1.0113314628163612,1.0,1.0126701245534964,2.0,1.1593029737997826,30.0,1.2335382750716442,125.0,1.3127424140752555,450.0
1998-03-05 00:00:00-05:00,34.02018703471418,34.02018703471418,33.57713343612256,33.76701354980469,362200,WHR,34.24170684814453,1,0.9981292026271674,1.0,1.0050867598723054,2.0,1.15134615652403,29.0,1.2272368102544902,125.0,1.3077082755957414,450.0
1998-03-06 00:00:00-05:00,34.14676681067278,34.431586923088034,33.98853341488653,34.24170684814453,440400,WHR,34.05182647705078,0,1.0069798886901886,1.0,1.016726090650351,2.0,1.1635427779040295,30.0,1.2427009208784328,125.0,1.3259400355620945,450.0
1998-03-09 00:00:00-05:00,34.05182647705078,34.43158662363499,33.79865304599464,34.05182647705078,277600,WHR,34.43157958984375,1,0.9972196434735688,1.0,1.006924914033605,2.0,1.1535204185737515,29.0,1.2341036610416385,124.0,1.318443079866833,450.0
1998-03-10 00:00:00-05:00,33.92523283116957,34.43157958984375,33.92523283116957,34.43157958984375,124300,WHR,34.43157958984375,0,1.00554518436805,1.0,1.0104009811220689,3.0,1.1624866763590085,30.0,1.2461780630234123,124.0,1.3329605348636142,451.0
1998-03-11 00:00:00-05:00,34.684752969180835,34.684752969180835,34.178406210506665,34.43157958984375,189000,WHR,34.3682975769043,0,1.0,1.0,1.007220718079541,2.0,1.1586146000826307,30.0,1.2444495825504263,124.0,1.3327567532467026,451.0
1998-03-12 00:00:00-05:00,34.30500421120097,34.39994425975596,34.05183074838769,34.3682975769043,104000,WHR,34.58982849121094,1,0.9990802016581211,0.0,1.0018451993647308,2.0,1.1526663729346458,30.0,1.240464273466368,123.0,1.3300658923314534,451.0
1998-03-13 00:00:00-05:00,34.4315950580398,34.87464867091899,34.336654998137114,34.58982849121094,172100,WHR,34.7164192199707,1,1.0032125425520964,1.0,1.0062606112172086,2.0,1.156074566943609,31.0,1.2467491388091567,123.0,1.3384027048701483,451.0
1998-03-16 00:00:00-05:00,34.62147914917771,34.84300598102803,34.55818576864905,34.7164192199707,301400,WHR,35.12781524658203,1,1.0018265413716712,2.0,1.006053121173147,3.0,1.1561955971213358,32.0,1.249598939158928,123.0,1.3429737207312815,452.0
1998-03-17 00:00:00-05:00,35.19110860738668,35.41263537020297,34.90628848376575,35.12781524658203,450400,WHR,34.55815887451172,0,1.0058901930811246,2.0,1.0138837464914194,3.0,1.1654413811858602,33.0,1.2625588006453903,124.0,1.3585416712925018,452.0
1998-03-18 00:00:00-05:00,35.12779885595972,35.19109218723172,34.55815887451172,34.55815887451172,246200,WHR,34.05182647705078,0,0.991825379794786,1.0,0.9967136402304126,3.0,1.1421343959068941,33.0,1.2403728895577792,124.0,1.3361667669064283,452.0
1998-03-19 00:00:00-05:00,34.17841319257885,34.68476005469113,33.98853311928675,34.05182647705078,541400,WHR,34.17841339111328,1,0.9926201354676516,0.0,0.983906317776997,3.0,1.1208793298599329,33.0,1.2205739196332441,124.0,1.3162448145113839,452.0
1998-03-20 00:00:00-05:00,34.431586823640046,35.19110712122034,34.17841339111328,34.17841339111328,401800,WHR,34.52651596069336,1,1.0018552904739466,1.0,0.9899175131531905,3.0,1.120351569257947,34.0,1.2234619717441433,125.0,1.3208058671701493,452.0
1998-03-23 00:00:00-05:00,34.21004926994457,35.19109601126583,34.21004926994457,34.52651596069336,343400,WHR,34.68474578857422,1,1.0050666316502213,2.0,1.001100944374812,3.0,1.1271160186188298,34.0,1.234166901099797,126.0,1.333893075600902,453.0
1998-03-24 00:00:00-05:00,34.65309912270874,34.874625783767144,34.11510580299545,34.68474578857422,161200,WHR,34.842987060546875,1,1.00228618614777,2.0,1.0082794840806935,3.0,1.127247777662795,35.0,1.2380141835510832,127.0,1.339672930458769,453.0
1998-03-25 00:00:00-05:00,34.81134038746736,35.44427384905768,34.81134038746736,34.842987060546875,382200,WHR,34.58982849121094,0,1.0022759446552938,2.0,1.0112049937842291,4.0,1.127282544964491,36.0,1.2417460842578714,128.0,1.3454183182225228,454.0
1998-03-26 00:00:00-05:00,34.74806192438207,35.09617547735858,34.30500831150289,34.58982849121094,170200,WHR,34.65311050415039,1,0.9963539060410531,1.0,1.0007328430657882,4.0,1.1145194948397732,35.0,1.230785213663362,128.0,1.3352863564044726,454.0
1998-03-27 00:00:00-05:00,34.62146382789089,34.87463723796688,34.05182365521993,34.65311050415039,170000,WHR,34.43157958984375,0,1.0009139128676166,1.0,0.9998174506763526,4.0,1.1122768846040458,35.0,1.2310032300910185,129.0,1.3373660137256282,455.0
1998-03-30 00:00:00-05:00,34.684752969180835,34.684752969180835,34.2100528829238,34.43157958984375,76900,WHR,34.77970504760742,1,0.9967933428664841,1.0,0.9939703238470696,3.0,1.1012038911152462,34.0,1.2211686889706774,128.0,1.3284612332121457,455.0
1998-03-31 00:00:00-05:00,34.43159153029743,34.93793846456651,34.43159153029743,34.77970504760742,222600,WHR,34.65311050415039,0,1.0050298944686153,1.0,1.0034698454884061,3.0,1.1078441218252892,35.0,1.231433199321687,129.0,1.3414954180904206,456.0
1998-04-01 00:00:00-05:00,34.779697209188384,34.90628391422638,34.4315837703339,34.65311050415039,146000,WHR,34.39994812011719,0,0.9981767332571634,1.0,1.0009139900662087,2.0,1.0996820163276841,34.0,1.2249051139650464,129.0,1.3362026372540639,456.0
1998-04-02 00:00:00-05:00,34.621474924938546,34.6531216113416,33.830307764862255,34.39994812011719,207600,WHR,33.48218536376953,0,0.9963337991237909,0.0,0.9946927672985182,2.0,1.0878687206428592,33.0,1.2139545436458115,129.0,1.3260295871573962,456.0
1998-04-03 00:00:00-05:00,34.526525739009976,34.558172417047565,33.418892007694346,33.48218536376953,354700,WHR,33.95688247680664,1,0.9864800543346872,0.0,0.974755811128533,1.0,1.0552993730566247,33.0,1.1798702087199053,128.0,1.2902408032703256,456.0
1998-04-06 00:00:00-04:00,33.608769049737795,34.051822502370875,33.51382902417356,33.95688247680664,244100,WHR,33.70370864868164,0,1.0070389038318157,1.0,0.991315447991167,2.0,1.0665116718113268,33.0,1.194750029201646,129.0,1.3080578028749512,457.0
1998-04-07 00:00:00-04:00,33.54547527474417,33.86194202261912,33.54547527474417,33.70370864868164,126500,WHR,34.8746337890625,1,0.9962581788909375,1.0,0.9901449299919801,1.0,1.0544670748325664,33.0,1.184066208180549,128.0,1.297852005211028,456.0
1998-04-08 00:00:00-04:00,33.70370688325913,35.38098055913963,33.70370688325913,34.8746337890625,267700,WHR,34.93792724609375,1,1.017074270079418,1.0,1.0232124860052476,2.0,1.0857587686065155,34.0,1.2231270641194696,129.0,1.3424242911492934,456.0
1998-04-09 00:00:00-04:00,34.93792724609375,34.93792724609375,34.368287127950914,34.93792724609375,388300,WHR,37.2797966003418,1,1.0009066198989516,2.0,1.0218437093578399,3.0,1.0833450542288023,34.0,1.223210747623086,130.0,1.3443750523698832,456.0
1998-04-13 00:00:00-04:00,34.90629511899576,37.34308997317769,33.98854121287529,37.2797966003418,995600,WHR,37.72282028198242,1,1.032427903145048,2.0,1.0666428482225567,4.0,1.1502508586777371,34.0,1.3025265240138844,130.0,1.4338534659097748,456.0
1998-04-14 00:00:00-04:00,37.27976702363699,37.72282028198242,36.52024715218768,37.72282028198242,736000,WHR,37.62788009643555,0,1.0059067763240277,2.0,1.0565498420807624,4.0,1.1578058472584178,35.0,1.3153074298601442,130.0,1.450236650752657,456.0
1998-04-15 00:00:00-04:00,37.53294011301309,37.94434670784376,37.279766823886526,37.62788009643555,464200,WHR,37.43802261352539,0,0.9987400225204268,1.0,1.031222577226409,4.0,1.1488202187725296,35.0,1.3094130057528042,129.0,1.445985626178649,455.0
1998-04-16 00:00:00-04:00,37.21649585249862,37.88107613557895,37.15320249220525,37.43802261352539,266000,WHR,37.84941864013672,1,0.9974707893190371,0.0,1.0118031899242717,3.0,1.1377353489802995,34.0,1.3002348711947573,129.0,1.438083608313527,455.0
1998-04-17 00:00:00-04:00,37.43801191578741,37.84941864013672,37.40636524468362,37.84941864013672,362000,WHR,37.18484878540039,0,1.0054643380059263,1.0,1.00707306061765,3.0,1.1446303385562926,35.0,1.311768778544394,130.0,1.4532383557121278,456.0
1998-04-20 00:00:00-04:00,37.976015780834445,38.10260250010389,36.86838198722677,37.18484878540039,707400,WHR,36.45696258544922,0,0.9911431153053392,1.0,0.9898907663739241,2.0,1.119061511296458,35.0,1.2860943448519155,130.0,1.4271318255898744,455.0
1998-04-21 00:00:00-04:00,37.05824929475784,37.27977597713471,36.45696258544922,36.45696258544922,425100,WHR,36.33038330078125,0,0.9901158569241916,0.0,0.9770991345579281,1.0,1.0921550103811624,35.0,1.2585519171232038,129.0,1.3986415168144168,455.0
1998-04-22 00:00:00-04:00,36.4569700021777,36.868376781716165,36.14050324868657,36.33038330078125,269000,WHR,36.20378494262695,0,0.9982609712838573,0.0,0.980526144276557,1.0,1.0836283640810227,34.0,1.2518324011524424,129.0,1.3932216842770668,455.0
1998-04-23 00:00:00-04:00,36.33037160326551,36.741778250340815,36.20378494262695,36.20378494262695,319600,WHR,35.887325286865234,0,0.9982546383143257,0.0,0.9836627249837347,1.0,1.0754602684549017,33.0,1.2451484633304173,129.0,1.387778708364462,455.0
1998-04-24 00:00:00-04:00,36.2670853428109,36.456965370783735,35.85567861553643,35.887325286865234,307500,WHR,35.31768798828125,0,0.995610281839823,0.0,0.9855727189604551,0.0,1.0622862821539043,32.0,1.2320669847192138,128.0,1.3750731969021117,455.0
1998-04-27 00:00:00-04:00,35.44427468357975,35.57086137887825,34.81134120708725,35.31768798828125,231400,WHR,35.5075798034668,1,0.9920000394300493,0.0,0.9799790157523272,0.0,1.0422390165413224,31.0,1.2104807565702103,127.0,1.3526902283440652,455.0
1998-04-28 00:00:00-04:00,35.5075798034668,35.53922648778361,35.25440632893227,35.5075798034668,172200,WHR,36.17214584350586,1,1.0026811309170605,1.0,0.9904664257692362,1.0,1.0445622082955621,32.0,1.2149237477078703,128.0,1.3594211141897166,455.0
1998-04-29 00:00:00-04:00,35.50756573614486,36.17214584350586,35.38097904902848,36.17214584350586,301400,WHR,36.45696258544922,1,1.0092713251067964,2.0,1.0098956946795856,2.0,1.0605447145818065,32.0,1.2353908234415172,129.0,1.3842877708556072,455.0
1998-04-30 00:00:00-04:00,36.1721425652504,37.40636265277863,36.14049589633942,36.45696258544922,269500,WHR,36.26709747314453,0,1.0039215233135068,2.0,1.0164106362041712,3.0,1.0657150183439126,32.0,1.2428620794364882,129.0,1.394594866271748,455.0
1998-05-01 00:00:00-04:00,36.58356429228192,36.71015101993687,35.76075056252471,36.26709747314453,135100,WHR,36.26709747314453,0,0.9973892393775634,1.0,1.0089806389782028,3.0,1.0570203313537125,32.0,1.2342680379829665,128.0,1.3868140000715075,454.0
1998-05-04 00:00:00-04:00,36.26709747314453,36.77344438376435,35.50757710721481,36.26709747314453,137500,WHR,36.36201477050781,1,1.0,0.0,1.0036785351093587,3.0,1.05403906238024,31.0,1.232195379616318,127.0,1.3862720412930414,454.0
1998-05-05 00:00:00-04:00,36.20378145993119,36.83671470223768,36.07719481146989,36.36201477050781,158800,WHR,35.475914001464844,0,1.0013068767389701,1.0,1.0015686831440145,3.0,1.0541778564057094,31.0,1.2333229118206896,128.0,1.3893491064211012,455.0
1998-05-06 00:00:00-04:00,36.71013402470939,36.71013402470939,35.286033997888765,35.475914001464844,139100,WHR,34.7164192199707,0,0.9876652795509233,1.0,0.980923885825574,2.0,1.026383781034342,31.0,1.201373132141507,128.0,1.3549710990195807,455.0
1998-05-07 00:00:00-04:00,35.57087985710763,35.57087985710763,34.7164192199707,34.7164192199707,162200,WHR,34.65311050415039,0,0.9891798043085679,0.0,0.969252936295997,1.0,1.0028771771703615,30.0,1.1739251200331886,128.0,1.3254712857376925,455.0
1998-05-08 00:00:00-04:00,34.81134388544788,34.93793059048588,34.36829041781491,34.65311050415039,174100,WHR,34.27335357666016,0,0.9990873699724924,0.0,0.9762839048927336,1.0,0.9996893761251614,29.0,1.1701037456784658,127.0,1.3225815769796052,454.0
1998-05-11 00:00:00-04:00,34.653113727094066,34.653113727094066,34.02018014303755,34.27335357666016,350300,WHR,34.43157958984375,1,0.9944904046282573,0.0,0.9765555895208222,1.0,0.9876482853876032,28.0,1.1556921939701525,126.0,1.3076194058729878,454.0
1998-05-12 00:00:00-04:00,34.36828624500948,34.52651960709515,34.30499290017521,34.43157958984375,208100,WHR,34.17841339111328,0,1.0023029789258384,1.0,0.9919765144403178,1.0,0.9909395553606523,29.0,1.1594668537912618,126.0,1.3131839217314338,454.0
1998-05-13 00:00:00-04:00,34.431586823640046,34.68476025616681,33.92523995858652,34.17841339111328,277000,WHR,34.14677429199219,0,0.9963100681441444,1.0,0.9920999326365609,1.0,0.9825761299797232,28.0,1.1494741725024538,125.0,1.3030496919298156,454.0
1998-05-14 00:00:00-04:00,34.05183423371973,34.43159446680954,33.9885408615381,34.14677429199219,240600,WHR,33.83030319213867,0,0.9995369335936868,0.0,0.9944702817723494,1.0,0.9806369964224232,27.0,1.146943047671253,125.0,1.3013756504944114,453.0
1998-05-15 00:00:00-04:00,34.36829678827184,34.4315901525228,33.41889632450743,33.83030319213867,241700,WHR,34.81135559082031,1,0.9953444438689293,0.0,0.9899982217026622,1.0,0.9706336530121901,27.0,1.1348927181692838,125.0,1.2888924157482304,452.0
1998-05-18 00:00:00-04:00,33.92524835759943,34.811355590820305,33.89360167069868,34.81135559082031,684000,WHR,33.489559173583984,0,1.0142923760304754,1.0,1.0155097801033846,2.0,0.997554187532607,27.0,1.1661923457361085,126.0,1.3257914830563262,452.0
1998-05-19 00:00:00-04:00,34.793521116714984,34.793521116714984,33.45775522375152,33.489559173583984,311900,WHR,33.107906341552734,0,0.9806474566000221,1.0,0.9823496819586303,1.0,0.9593634226163373,26.0,1.1205826588132493,125.0,1.2750528616769072,452.0
1998-05-20 00:00:00-04:00,33.616769455351815,33.9030049568638,33.04429845232785,33.107906341552734,224800,WHR,33.64858627319336,1,0.9942692589112944,0.0,0.9772922839838493,1.0,0.948193741101642,26.0,1.1065855770995692,124.0,1.2601693656314248,451.0
1998-05-21 00:00:00-04:00,33.3305467053938,33.903017927433005,33.13972296471406,33.64858627319336,538800,WHR,33.584991455078125,0,1.0080992860838407,1.0,0.996182201753217,2.0,0.9634646351135778,26.0,1.1233319357289384,125.0,1.2803699299505766,451.0
1998-05-22 00:00:00-04:00,33.77581527016379,33.96663908524946,33.457775578354344,33.584991455078125,149000,WHR,33.3941650390625,0,0.9990541211658814,1.0,0.9957457818211949,2.0,0.9614368265577369,26.0,1.1198895800900108,125.0,1.277555438467941,451.0
1998-05-26 00:00:00-04:00,33.839420572916666,34.2210681733631,33.3941650390625,33.3941650390625,160900,WHR,33.07612228393555,0,0.9971509582084344,0.0,0.998478799400097,1.0,0.9561730115865432,25.0,1.1122552689227698,124.0,1.2699135709581812,451.0
1998-05-27 00:00:00-04:00,33.42596588501564,33.71220155862661,32.91710246526278,33.07612228393555,422800,WHR,34.1574592590332,1,0.9952152643243214,0.0,0.9914205097086685,1.0,0.9471928461827002,25.0,1.100461708847857,123.0,1.2574717137753222,450.0
1998-05-28 00:00:00-04:00,32.948908558992926,34.38008701956694,32.88530062741186,34.1574592590332,331700,WHR,34.761741638183594,1,1.016083286808194,1.0,1.0174308882459095,2.0,0.977681288947458,26.0,1.135028767133651,124.0,1.2981582457877,451.0
1998-05-29 00:00:00-04:00,34.284682054859935,35.07978136039936,34.284682054859935,34.761741638183594,298500,WHR,34.28468322753906,0,1.0087679829609688,2.0,1.0286092226761971,2.0,0.9945656313302202,26.0,1.1536136628950042,124.0,1.3206951381385268,451.0
1998-06-01 00:00:00-04:00,34.76174282718014,35.23880242682122,33.9030355478262,34.28468322753906,305800,WHR,34.1574592590332,0,0.9930907586950043,1.0,1.0103094341054735,2.0,0.9806744686172979,26.0,1.1364111916468467,123.0,1.302199685519145,450.0
1998-06-02 00:00:00-04:00,34.348283053776406,34.920754438006014,34.12565529324267,34.1574592590332,299300,WHR,34.093841552734375,0,0.9981411457344308,0.0,1.00205254534894,2.0,0.9770746140132438,25.0,1.1307764073566553,123.0,1.2969847793073634,450.0
1998-06-03 00:00:00-04:00,34.28466529276834,34.53909694614695,34.093841552734375,34.093841552734375,253000,WHR,34.316463470458984,1,0.9990678902007409,0.0,0.994249359252585,2.0,0.9752352939653107,25.0,1.1273238981834515,122.0,1.294162234486643,450.0
1998-06-04 00:00:00-04:00,34.602699032307115,34.602699032307115,34.09383581124378,34.316463470458984,234100,WHR,34.570919036865234,1,1.0032542161250286,1.0,0.9998142822815961,2.0,0.9816571434452654,25.0,1.1334207202026714,122.0,1.3021895220831279,451.0
1998-06-05 00:00:00-04:00,34.41189917009032,34.85715479706007,34.316487250025375,34.570919036865234,168600,WHR,35.206974029541016,1,1.0036937906064176,2.0,1.0083490872132999,2.0,0.9888704092010588,26.0,1.1405065573088535,123.0,1.3113864568701046,452.0
1998-06-08 00:00:00-04:00,35.206974029541016,35.49320959075679,34.85713056583284,35.206974029541016,271500,WHR,34.28468322753906,0,1.0091154227323897,2.0,1.0214058935735728,3.0,1.0066617067804102,27.0,1.1600248336620465,124.0,1.3350208315731467,452.0
1998-06-09 00:00:00-04:00,35.175194480202414,35.23880242682122,34.252879254229654,34.28468322753906,239100,WHR,33.83942413330078,0,0.9867280355886463,1.0,0.9939151872953661,3.0,0.980433512014841,26.0,1.1284425246099883,123.0,1.299633625293904,451.0
1998-06-10 00:00:00-04:00,34.3482876541023,34.41189559420249,33.83942413330078,33.83942413330078,117100,WHR,32.91710662841797,0,0.9934640010491465,0.0,0.982456333874887,3.0,0.9681051665278728,25.0,1.1126946724040576,122.0,1.282342556695257,451.0
1998-06-11 00:00:00-04:00,33.966637564396514,33.966637564396514,32.88530266066104,32.91710662841797,236200,WHR,32.31282424926758,0,0.9861838610491168,0.0,0.9635077479269171,2.0,0.9427124822842419,24.0,1.0814199880343696,122.0,1.2470311749330156,451.0
1998-06-12 00:00:00-04:00,32.821687623271785,32.821687623271785,32.18560840576652,32.31282424926758,137500,WHR,31.99479866027832,0,0.9907361180516426,0.0,0.9584904544201408,1.0,0.9263993036256207,24.0,1.060792708017372,121.0,1.223789114352866,451.0
1998-06-15 00:00:00-04:00,32.18562250914678,32.47185828244947,31.77217083659845,31.99479866027832,428100,WHR,32.185604095458984,1,0.9950546206716957,0.0,0.967493913484849,0.0,0.9181840913154443,24.0,1.0496642311493667,120.0,1.2114053362105182,451.0
1998-06-16 00:00:00-04:00,32.440035748387515,32.69446740131605,31.962976399146523,32.185604095458984,640500,WHR,32.50362777709961,1,1.0029729547804,1.0,0.9857780046893155,1.0,0.9245410435875251,24.0,1.0551633354321794,121.0,1.2182613503911428,452.0
1998-06-17 00:00:00-04:00,32.24919624851175,33.23511842178972,32.1537844252913,32.50362777709961,319900,WHR,32.185604095458984,0,1.004916176501634,2.0,1.0037314723802213,2.0,0.9345814803756752,24.0,1.0647865109775516,121.0,1.2299096378748569,453.0
1998-06-18 00:00:00-04:00,32.56725157485178,32.56725157485178,32.15380013884292,32.185604095458984,257300,WHR,32.24921417236328,1,0.995083823498366,1.0,0.9984214262393042,2.0,0.9265469660709863,23.0,1.0536614018609711,120.0,1.2174867494451722,453.0
1998-06-19 00:00:00-04:00,32.21741021361342,32.44003792486247,32.21741021361342,32.24921417236328,161000,WHR,32.05838394165039,0,1.0009872003772853,1.0,1.0007896162497698,3.0,0.9295349326096938,23.0,1.054950303765634,121.0,1.2195056494676009,453.0
1998-06-22 00:00:00-04:00,32.31281556023492,32.440031369527176,31.96297208468119,32.05838394165039,176900,WHR,33.807594299316406,1,0.9970325399127089,1.0,0.9944751152391328,3.0,0.9251596114319129,23.0,1.0479249932255075,121.0,1.2119160312478856,452.0
1998-06-23 00:00:00-04:00,32.24920095908451,33.839398245035426,32.24920095908451,33.807594299316406,337600,WHR,34.50728988647461,1,1.0265571149838029,1.0,1.0382885614935569,3.0,0.9760362759096722,23.0,1.1040580309474186,121.0,1.277580879647349,452.0
1998-06-24 00:00:00-04:00,33.8076029026014,34.85713337841122,33.775798948788974,34.50728988647461,329300,WHR,34.316463470458984,0,1.0102422128866573,2.0,1.0468931058308282,3.0,0.9962004244956065,24.0,1.1257587494566637,121.0,1.303505941655999,453.0
1998-06-25 00:00:00-04:00,34.602699032307115,34.66630693494003,34.22105161650961,34.316463470458984,295300,WHR,34.66632080078125,1,0.9972273175072862,1.0,1.0278147891770044,3.0,0.9909122695397077,23.0,1.1184839703157994,120.0,1.295822036603098,452.0
1998-06-26 00:00:00-04:00,34.44369305251936,35.11157629730505,34.38008512444453,34.66632080078125,145000,WHR,33.903038024902344,0,1.0050716614879827,1.0,1.0234745174377693,3.0,1.001008284555198,24.0,1.1287820714233092,120.0,1.3085385736261481,452.0
1998-06-29 00:00:00-04:00,34.729941391363376,34.88896126952896,33.871234049269226,33.903038024902344,165300,WHR,34.984352111816406,1,0.9888684568595819,1.0,0.9901547348018699,3.0,0.9792022608296437,24.0,1.1029551989194224,120.0,1.2792836523060296,451.0
1998-06-30 00:00:00-04:00,33.93482154846191,35.11156793767756,33.83940967906605,34.984352111816406,149400,WHR,35.206974029541016,1,1.0156968363116676,1.0,1.0147600283776226,3.0,1.009703123429539,25.0,1.1369339360345296,121.0,1.3195915512933003,451.0
1998-07-01 00:00:00-04:00,35.047954273310026,35.302385883279605,34.95254241957143,35.206974029541016,264800,WHR,34.72992706298828,0,1.0031716442751955,2.0,1.0170890365187242,3.0,1.015517682371932,25.0,1.1429867960581293,121.0,1.3274808462348449,452.0
1998-07-02 00:00:00-04:00,34.79353498801207,34.85714291303586,34.44369140038124,34.72992706298828,144500,WHR,35.30239486694336,1,0.9931788947022177,1.0,1.0009166103171312,3.0,1.0012636704456532,25.0,1.1263693471651406,121.0,1.3090081496844987,452.0
1998-07-06 00:00:00-04:00,34.729923598830766,35.588630500999656,34.729923598830766,35.30239486694336,231100,WHR,35.0479736328125,0,1.0081743370515095,1.0,1.013698579419399,3.0,1.0175587669575894,25.0,1.1436536370028887,122.0,1.3300400348279213,453.0
1998-07-07 00:00:00-04:00,35.42962125857816,35.42962125857816,34.98436569518489,35.0479736328125,133900,WHR,35.238773345947266,1,0.9963835124171134,1.0,0.9998188323943696,3.0,1.0101719068505501,24.0,1.1341011069906373,122.0,1.3198978913708037,453.0
1998-07-08 00:00:00-04:00,35.111557557694745,35.334185187136654,34.85712598118971,35.238773345947266,195500,WHR,34.47549819946289,0,1.0027145901800296,1.0,1.0038046991792489,3.0,1.0166680412658342,24.0,1.1389829851742697,122.0,1.3265031023711313,454.0
1998-07-09 00:00:00-04:00,35.30240129280794,35.30240129280794,34.348282338948266,34.47549819946289,212700,WHR,33.87120819091797,0,0.9890513788702906,1.0,0.9861719036762494,2.0,0.9962024519886064,23.0,1.1131654304913718,121.0,1.2972297339870718,454.0
1998-07-10 00:00:00-04:00,34.348267461212586,34.348267461212586,33.83940423956499,33.87120819091797,103300,WHR,34.60270690917969,1,0.9911584619002216,0.0,0.9736695607723259,2.0,0.9805148726556847,23.0,1.0925704344193041,121.0,1.2739977418503399,453.0
1998-07-13 00:00:00-04:00,33.87121586238637,34.85713857762954,33.83941190383014,34.60270690917969,113100,WHR,35.270606994628906,1,1.0106828814621216,1.0,0.9987149003299068,2.0,1.0030626885862575,24.0,1.1148849257792308,122.0,1.3009574342644727,454.0
1998-07-14 00:00:00-04:00,34.72993943925587,35.55684275923816,34.72993943925587,35.270606994628906,220900,WHR,32.53546142578125,0,1.009558729193361,2.0,1.0166854690515852,3.0,1.0236992012801225,24.0,1.1349039086836379,123.0,1.3254650698264139,455.0
1998-07-15 00:00:00-04:00,35.36601476585411,35.397818735967284,31.89938202351769,32.53546142578125,1833000,WHR,32.12200164794922,0,0.9596622303495131,1.0,0.9526915650982603,2.0,0.9464425606663107,24.0,1.045861318305758,123.0,1.2222613412952836,454.0
1998-07-16 00:00:00-04:00,32.53545315430896,33.0761205087794,31.86756995172784,32.12200164794922,897200,WHR,31.676738739013672,0,0.9936053819903117,0.0,0.9537298986059077,2.0,0.9363831926415929,24.0,1.0315655665058165,123.0,1.2063411176535614,453.0
1998-07-17 00:00:00-04:00,32.185602011929554,32.31281783015852,31.549522920784703,31.676738739013672,398600,WHR,30.913448333740234,0,0.9930208197491853,0.0,0.9529273872619156,2.0,0.9254959164165202,24.0,1.016266378600793,123.0,1.1892518748695873,453.0
1998-07-20 00:00:00-04:00,31.67674335432641,31.740351272708597,30.78623249697587,30.913448333740234,321600,WHR,29.95932960510254,0,0.9878049508881288,0.0,0.9510761706882674,1.0,0.9055276896397574,24.0,0.9909248521274017,122.0,1.1602727913264472,452.0
1998-07-21 00:00:00-04:00,30.977056300817274,31.167880056263787,29.92752564586145,29.95932960510254,369900,WHR,30.340984344482425,1,0.984326019594567,0.0,0.9528625781260872,0.0,0.8801264641549886,24.0,0.9596860385241042,121.0,1.1241872702229503,452.0
1998-07-22 00:00:00-04:00,29.95933674266503,30.690827979481693,29.80031690857445,30.340984344482425,398300,WHR,30.84984588623047,1,1.0063292330401294,1.0,0.9786624892128141,1.0,0.893515715638547,25.0,0.9711516681977685,122.0,1.1381993436145526,453.0
1998-07-23 00:00:00-04:00,30.50000227308765,31.167885534542123,30.309178484100656,30.84984588623047,330400,WHR,30.977054595947266,1,1.008315977080707,2.0,1.0033100128418835,2.0,0.9105829345481272,25.0,0.9865800419243773,123.0,1.1569499212720242,454.0
1998-07-24 00:00:00-04:00,30.81803480849373,31.199682298382204,30.81803480849373,30.977054595947266,310700,WHR,31.29509162902832,1,1.002057497767553,2.0,1.0120530725684311,3.0,0.9166804571909983,25.0,0.9898101806941507,123.0,1.1613501106459687,455.0
1998-07-27 00:00:00-04:00,30.97705207995283,31.42230744865852,30.97705207995283,31.29509162902832,206000,WHR,31.61312484741211,1,1.0051072116887068,2.0,1.0199003141247325,4.0,0.9284555994038458,25.0,0.9991065149577703,123.0,1.1729133729902181,455.0
1998-07-28 00:00:00-04:00,31.231477464948384,32.058380126953125,31.231477464948384,31.61312484741211,322000,WHR,30.945262908935547,0,1.0050555116040032,2.0,1.019277779805135,5.0,0.9400542042514296,26.0,1.0083977551203716,123.0,1.184460395789672,455.0
1998-07-29 00:00:00-04:00,31.16789069964732,31.42232246046077,30.659027178020423,30.945262908935547,233700,WHR,31.167898178100582,1,0.9893241823769859,1.0,0.9938716405773954,4.0,0.9226279768271218,26.0,0.9863318856637721,123.0,1.1591093798956758,454.0
1998-07-30 00:00:00-04:00,31.07248624490232,31.167898178100582,30.84985840077303,31.167898178100582,157500,WHR,30.78622436523437,0,1.0035843493595997,1.0,0.9989811354721919,4.0,0.9316704796787175,26.0,0.9926292886425055,124.0,1.1671011285015218,455.0
1998-07-31 00:00:00-04:00,31.199675725511284,31.29508757788288,30.65900856207225,30.78622436523437,234300,WHR,30.340984344482425,0,0.9938394121779508,1.0,0.9879564278038394,3.0,0.9224166266900771,26.0,0.9797259532222439,124.0,1.1524850807709142,454.0
1998-08-03 00:00:00-04:00,30.72263194629981,30.84984781357227,30.277376410846188,30.340984344482425,195700,WHR,30.65902328491211,1,0.9927161728770192,0.0,0.9796674080298415,2.0,0.9110669804448774,26.0,0.9649252123141746,123.0,1.1355221277948468,453.0
1998-08-04 00:00:00-04:00,30.468199488532985,30.94525897948079,30.4363955224698,30.65902328491211,316200,WHR,29.800312042236328,0,1.0052137524697036,1.0,0.9960735604929655,2.0,0.9224608163168098,27.0,0.9744129870274891,123.0,1.1471079585219832,454.0
1998-08-05 00:00:00-04:00,30.659019006100127,30.659019006100127,29.38686054111672,29.800312042236328,277700,WHR,29.482271194458008,0,0.9857968792076649,1.0,0.9754319288567538,2.0,0.8986398379901225,27.0,0.9467882436077205,122.0,1.1146976105110251,454.0
1998-08-06 00:00:00-04:00,29.89572267830693,30.181958320971574,29.48227119445801,29.482271194458008,146900,WHR,29.386863708496094,0,0.9946351722476651,0.0,0.9757894489777209,1.0,0.8912661935530402,26.0,0.9364331114026179,121.0,1.102530970236819,454.0
1998-08-07 00:00:00-04:00,29.60949146386349,30.277374729965672,29.1642359531287,29.386863708496094,193700,WHR,30.627199172973636,1,0.9983793292339153,0.0,0.9817254894134628,1.0,0.8905318819525493,26.0,0.9332454744016346,120.0,1.098707324791614,453.0
1998-08-10 00:00:00-04:00,29.386845312385915,31.040650459836208,29.06880586095317,30.627199172973636,291400,WHR,29.22784996032715,0,1.0206674136848102,1.0,1.021208444298584,2.0,0.9297714518046492,27.0,0.9722566395966528,121.0,1.1447795796701399,453.0
1998-08-11 00:00:00-04:00,30.4682048552703,30.4682048552703,28.87800627200985,29.22784996032715,103900,WHR,30.054746627807617,1,0.9766210330973073,1.0,0.9839403846514657,1.0,0.8893614474648673,27.0,0.927502821223105,121.0,1.092251960926297,452.0
1998-08-12 00:00:00-04:00,29.32325544004087,30.213766451235173,29.25964751066985,30.054746627807617,138600,WHR,29.450464248657227,0,1.0139483881454336,1.0,1.0100471381821583,2.0,0.9167341430572605,27.0,0.9533588000530058,121.0,1.122904060285264,452.0
1998-08-13 00:00:00-04:00,30.05473943302492,30.340975046672774,29.386856334513254,29.450464248657227,89600,WHR,28.687179565429688,0,0.9898448829900812,1.0,0.9899507134147558,2.0,0.9001505610943501,27.0,0.933959459208786,120.0,1.1001433423071838,451.0
1998-08-14 00:00:00-04:00,29.45047480885576,29.51408274580793,28.559963691525347,28.687179565429688,105100,WHR,29.03701400756836,1,0.9868710764118963,0.0,0.9688509185888041,2.0,0.878799883248107,27.0,0.909688371533805,119.0,1.0715099478879053,450.0
1998-08-17 00:00:00-04:00,28.687170465308498,29.323249633053692,28.305522964661375,29.03701400756836,443700,WHR,29.73670768737793,1,1.0060604474568582,1.0,0.9913136131284516,2.0,0.891615988527692,27.0,0.9206896151473795,119.0,1.0844314543675158,451.0
1998-08-18 00:00:00-04:00,29.13243234399805,29.832119583701065,29.06882441311596,29.73670768737793,182900,WHR,29.450464248657227,0,1.0119048727838131,2.0,1.011685866048152,3.0,0.9149027555006332,28.0,0.9427305103953929,119.0,1.1103751467178498,452.0
1998-08-19 00:00:00-04:00,29.832111733521035,30.086543390096907,29.450464248657227,29.450464248657227,135400,WHR,29.386863708496094,0,0.9951637588119593,1.0,1.0060841784163943,2.0,0.9079320316691801,28.0,0.9335870717690288,118.0,1.0995105592053527,452.0
1998-08-20 00:00:00-04:00,29.514079568706038,29.704903359020943,28.7507844074464,29.386863708496094,249000,WHR,28.559955596923828,0,0.9989190443827183,0.0,1.0043478949017584,2.0,0.9076919127448262,28.0,0.9314400020354836,118.0,1.0969700490581225,451.0
1998-08-21 00:00:00-04:00,29.19603478616489,29.19603478616489,27.95568036714482,28.559955596923828,256400,WHR,26.937957763671875,0,0.9857298791981336,0.0,0.9769364159556752,2.0,0.8846999633683272,27.0,0.9052553059356317,117.0,1.06597663288771,450.0
1998-08-24 00:00:00-04:00,28.559959943066524,28.687175800273945,26.715330013558884,26.937957763671875,624000,WHR,26.778940200805664,0,0.9707737149915334,0.0,0.9348786474289057,1.0,0.8378397077288169,26.0,0.8541030811705541,116.0,1.0053832025283918,449.0
1998-08-25 00:00:00-04:00,27.09697987064896,27.60584334239824,26.619920365884013,26.778940200805664,387800,WHR,27.160587310791016,1,0.9970397106145004,0.0,0.9488394402544361,0.0,0.8361471327082458,26.0,0.8493299711212503,116.0,0.9993878938965844,449.0
1998-08-26 00:00:00-04:00,26.71533178110592,27.351411109227485,26.524507982669444,27.160587310791016,285800,WHR,27.1287784576416,0,1.0070754626077008,1.0,0.9782360298086182,1.0,0.8511629398794734,27.0,0.8616224686252428,117.0,1.0135354837227135,450.0
1998-08-27 00:00:00-04:00,27.224190339673164,27.733053710508177,26.874346772224094,27.1287784576416,440800,WHR,26.790769577026367,0,0.9994140868529374,1.0,0.9932463017124434,1.0,0.8532701961456877,27.0,0.8607808432576575,117.0,1.012265321534669,449.0
1998-08-28 00:00:00-04:00,27.11085045608284,27.366915159328013,26.69474531330943,26.790769577026367,345400,WHR,25.79852294921875,0,0.9937312367604063,0.0,0.9937447775807797,1.0,0.845976355569656,26.0,0.8502511725295426,117.0,0.9995835669752487,449.0
1998-08-31 00:00:00-04:00,26.822781924870117,26.918806203837427,25.31840155438217,25.79852294921875,277600,WHR,25.09433937072754,0,0.9811321548523888,0.0,0.9650975043551505,1.0,0.8184225113096413,25.0,0.819054986400597,116.0,0.9625412165696863,448.0
1998-09-01 00:00:00-04:00,25.222371714455743,25.47843640191215,24.678234253610885,25.09433937072754,342900,WHR,24.646242141723636,0,0.9861634117950716,0.0,0.9507376438606744,1.0,0.8003626571091712,24.0,0.7970532411292732,116.0,0.9362643524169034,448.0
1998-09-02 00:00:00-04:00,25.09435563520952,25.35042048863002,24.51820971501338,24.646242141723636,353700,WHR,24.070083618164062,0,0.9909913150313345,0.0,0.9518962875973402,0.0,0.790119150412222,24.0,0.7832140088817163,116.0,0.9195555745370775,448.0
1998-09-03 00:00:00-04:00,24.582213056848406,24.582213056848406,23.55795417947972,24.070083618164062,1021500,WHR,24.10209274291992,1,0.9881731942101025,0.0,0.9521397025902272,0.0,0.7756974327759638,24.0,0.7653544727998852,115.0,0.898066346430516,448.0
1998-09-04 00:00:00-04:00,24.45418174713257,24.614222203592856,23.55795519095493,24.10209274291992,349100,WHR,24.550207138061523,1,1.0006644732950392,1.0,0.9741267159561604,1.0,0.7804240014717773,25.0,0.7667956040119597,116.0,0.8992455097031137,449.0
1998-09-08 00:00:00-04:00,24.326150488822368,24.742255694552224,24.29414239607392,24.550207138061523,394700,WHR,24.006067276000977,0,1.009210549064234,2.0,1.00235230854229,2.0,0.7982780723039711,26.0,0.7813582967528918,117.0,0.9159319042299113,450.0
1998-09-09 00:00:00-04:00,24.64622907002767,24.64622907002767,23.750002558390296,24.006067276000977,658100,WHR,23.205869674682617,0,0.9887936241273289,1.0,0.9889239140008701,2.0,0.7839788838785143,26.0,0.7643042359396995,117.0,0.8956035131467415,450.0
1998-09-10 00:00:00-04:00,23.55795873181573,23.84603159674283,23.20586967468262,23.205869674682617,450300,WHR,23.52594757080078,1,0.9830509474297946,0.0,0.967440745386559,2.0,0.7615686483324242,25.0,0.739185071061255,116.0,0.8657627623527127,449.0
1998-09-11 00:00:00-04:00,23.20586665147016,23.974060857863652,23.04582619180485,23.52594757080078,513000,WHR,23.87803840637207,1,1.0068492499325843,1.0,0.985254679375254,3.0,0.7758829016193399,25.0,0.7497337487271012,116.0,0.8777178115106558,449.0
1998-09-14 00:00:00-04:00,23.55795746258692,23.9420545951291,23.55795746258692,23.87803840637207,723100,WHR,23.87803840637207,0,1.007427452107948,2.0,1.0018802487402958,3.0,0.791107307501066,26.0,0.7613578606331723,116.0,0.8908751696854187,449.0
1998-09-15 00:00:00-04:00,24.00607078388613,24.518200293942368,23.81402221761504,23.87803840637207,211700,WHR,23.750003814697266,0,1.0,1.0,1.0075635136807004,2.0,0.7947811413706346,25.0,0.7618013811512349,115.0,0.8908869135309786,449.0
1998-09-16 00:00:00-04:00,23.87803618027515,23.94205236306409,23.7179957233028,23.750003814697266,416900,WHR,23.557960510253903,0,0.9973117813434254,0.0,1.004331277955499,2.0,0.7941799435380559,25.0,0.7585616168219328,114.0,0.8861124554478903,449.0
1998-09-17 00:00:00-04:00,23.71800100285074,23.878041495447576,23.33390382061834,23.557960510253903,205600,WHR,24.294139862060547,1,0.9959405713777019,0.0,0.9932524982425498,2.0,0.7922839560638005,24.0,0.7532954778847554,113.0,0.8789560969989281,449.0
1998-09-18 00:00:00-04:00,23.5899618950443,24.390164130290035,23.5899618950443,24.294139862060547,309000,WHR,23.84602928161621,0,1.0153844731177686,1.0,1.0176989821129327,2.0,0.8217468393806842,24.0,0.777755821551839,113.0,0.90638776730727,450.0
1998-09-21 00:00:00-04:00,23.814021188620757,23.97406165359804,23.301891700693425,23.84602928161621,131600,WHR,23.71800804138184,0,0.9906915453681326,1.0,0.9991952690226287,1.0,0.8113788617099196,24.0,0.7644725933840743,112.0,0.8896512565070637,449.0
1998-09-22 00:00:00-04:00,23.94206479750825,24.230137769670783,23.62198371732766,23.71800804138184,157500,WHR,24.80627822875977,1,0.9973084446266619,0.0,0.9951655621655571,1.0,0.8120647437783883,23.0,0.7613826743708515,112.0,0.8848670891532419,448.0
1998-09-23 00:00:00-04:00,23.685994695848034,24.80627822875977,23.685994695848034,24.80627822875977,127800,WHR,24.10209274291992,0,1.0224273301274207,1.0,1.0316827372869646,2.0,0.8537571078843951,24.0,0.7971736217177794,113.0,0.9254282095754505,448.0
1998-09-24 00:00:00-04:00,24.80627075134521,25.3504083033102,23.8140199212914,24.10209274291992,238000,WHR,24.10209274291992,0,0.9856019435558873,1.0,0.997879508472774,2.0,0.8347317692190928,23.0,0.7754475906988343,113.0,0.8991406649319658,448.0
1998-09-25 00:00:00-04:00,24.10209274291992,24.67823838617697,24.10209274291992,24.10209274291992,196900,WHR,24.19812393188477,1,1.0,0.0,0.9994688982956844,1.0,0.8401168791042909,22.0,0.7763502192042249,113.0,0.8991488900818982,447.0
1998-09-28 00:00:00-04:00,24.070091530128764,24.518204936274778,24.070091530128764,24.19812393188477,210300,WHR,24.646242141723636,1,1.001988214454842,1.0,1.0005294449181625,2.0,0.84865660283567,23.0,0.780348439044207,113.0,0.9027637712495276,447.0
1998-09-29 00:00:00-04:00,24.454193501658253,24.806282675111447,24.454193501658253,24.646242141723636,155700,WHR,24.070083618164062,0,1.009174409371258,2.0,1.0112952512658089,3.0,0.8697903231275209,23.0,0.7956741003460474,114.0,0.9194954065149792,448.0
1998-09-30 00:00:00-04:00,24.582213056848406,24.582213056848406,24.03807552824629,24.070083618164062,245900,WHR,23.39792251586914,0,0.9881731942101025,1.0,0.9936573171777782,2.0,0.8549777175520717,23.0,0.7779403081438437,114.0,0.8980095261080483,448.0
1998-10-01 00:00:00-04:00,23.94206024879633,24.070092656543903,23.36591441393225,23.39792251586914,301200,WHR,23.4619255065918,1,0.9858397022112753,0.0,0.9715577993671942,2.0,0.8369693535012236,22.0,0.757120390019435,114.0,0.8729596039904295,448.0
1998-10-02 00:00:00-04:00,23.365901254859494,23.749998261788694,23.23786891921643,23.4619255065918,333100,WHR,22.5336971282959,0,1.001365838632084,1.0,0.9794223783540371,3.0,0.8448059129791889,23.0,0.7600847172730802,115.0,0.8753764255296975,448.0
1998-10-05 00:00:00-04:00,23.46193181113763,23.493939903649416,22.373656665736977,22.5336971282959,256500,WHR,23.045825958251957,1,0.9798192018039595,1.0,0.953929462226898,2.0,0.816941113968213,23.0,0.7309880581854017,114.0,0.8408115570422969,447.0
1998-10-06 00:00:00-04:00,22.789761225382485,23.269882599512734,22.693736950556435,23.045825958251957,186300,WHR,23.301898956298828,1,1.0112359409505802,1.0,0.9890109782170796,2.0,0.8413833905146614,23.0,0.7486028567574468,114.0,0.8599719493052571,448.0
1998-10-07 00:00:00-04:00,23.10985033852713,23.910052912575857,23.04583413260324,23.301898956298828,203500,WHR,23.750003814697266,1,1.005525039222939,2.0,1.0066374311924609,3.0,0.8569735534841623,23.0,0.7579140652501873,114.0,0.8695670665171176,449.0
1998-10-08 00:00:00-04:00,23.23787435238573,23.94205236306409,22.88578534704656,23.750003814697266,549900,WHR,24.10209274291992,1,1.0095236288440743,2.0,1.0228838919553433,4.0,0.8781825499885242,24.0,0.7734083551044026,115.0,0.8863031934146355,450.0
1998-10-09 00:00:00-04:00,23.68598755612317,24.294141290672272,23.68598755612317,24.10209274291992,389200,WHR,24.838281631469727,1,1.00735785793207,2.0,1.0323552751550549,4.0,0.8956279921051667,25.0,0.7857858674443132,115.0,0.8994390122136905,451.0
1998-10-12 00:00:00-04:00,24.10209544909369,25.28639495987253,24.038079259321865,24.838281631469727,243100,WHR,24.9663200378418,1,1.015042567572492,2.0,1.0432912228887277,5.0,0.9269102982820827,26.0,0.8106513998607524,116.0,0.9268749869962164,452.0
1998-10-13 00:00:00-04:00,24.902303832616564,25.09435244829227,24.582222806490385,24.9663200378418,505200,WHR,24.87029457092285,0,1.0025708147857946,2.0,1.0320192453961305,5.0,0.935147425166683,27.0,0.8156835532769572,117.0,0.9316112450398165,453.0
1998-10-14 00:00:00-04:00,24.582221660834943,24.998326975406368,24.582221660834943,24.87029457092285,426000,WHR,25.76653289794922,1,0.9980731944239636,1.0,1.014890433651406,4.0,0.9345195784824458,27.0,0.8134149897202305,116.0,0.9279959199871963,452.0
1998-10-15 00:00:00-04:00,24.582232628105597,25.86255724415276,24.582232628105597,25.76653289794922,307000,WHR,25.606475830078125,0,1.0176993380475368,1.0,1.034438905724356,4.0,0.9709780555951476,27.0,0.843451069655298,117.0,0.9613784142022379,452.0
1998-10-16 00:00:00-04:00,25.76651630401611,26.21462963104248,25.606475830078125,25.606475830078125,480100,WHR,26.53470230102539,1,0.9968844131999656,1.0,1.0157438093289102,3.0,0.9681347361022671,26.0,0.8389116544285108,117.0,0.9553471568156661,452.0
1998-10-19 00:00:00-04:00,25.60646784176154,26.85478314904741,25.60646784176154,26.53470230102539,195600,WHR,26.790769577026367,1,1.0178021767865186,1.0,1.038586339101158,3.0,1.0060455194695836,26.0,0.8699568357613154,117.0,0.9898931159657934,452.0
1998-10-20 00:00:00-04:00,26.566712961686843,26.91880192864896,26.566712961686843,26.790769577026367,317900,WHR,26.822776794433597,1,1.004801969246265,2.0,1.0338435915762845,3.0,1.0186535389818185,26.0,0.8789826401201575,117.0,0.9993634091599413,452.0
1998-10-21 00:00:00-04:00,26.790768707566727,26.886792968167324,26.69474444696613,26.822776794433597,166500,WHR,26.630727767944336,0,1.000596998698528,2.0,1.019712604813077,4.0,1.022975971038704,26.0,0.8805490322041392,118.0,1.0004671383587531,453.0
1998-10-22 00:00:00-04:00,26.822776285501625,26.950808630539814,26.05458221527246,26.630727767944336,161800,WHR,26.24663734436035,0,0.9964071761419283,1.0,1.0058026509411637,3.0,1.0184446118073491,26.0,0.8747903979445211,117.0,0.9932042466446106,453.0
1998-10-23 00:00:00-04:00,26.50270209893948,26.50270209893948,26.18262115571557,26.24663734436035,210200,WHR,26.342653274536133,1,0.9927362034252609,0.0,0.9865256997356308,3.0,1.0069141949153706,25.0,0.8624400500058905,117.0,0.9787952845114831,453.0
1998-10-26 00:00:00-05:00,26.31064519036294,26.66273411626804,26.24662902201656,26.342653274536133,261300,WHR,26.66274642944336,1,1.0018257696395183,1.0,0.9915661498081559,3.0,1.0134771841399026,26.0,0.8660264323865062,117.0,0.9822922206768848,453.0
1998-10-27 00:00:00-05:00,26.470697835713874,26.726762627353185,26.406681637804045,26.66274642944336,237800,WHR,25.606475830078125,0,1.0060388782406104,2.0,1.004583007831603,3.0,1.0282171730503122,27.0,0.8769858730663475,117.0,0.9941273106367415,454.0
1998-10-28 00:00:00-05:00,26.662742958068847,26.72675914764404,25.606475830078125,25.606475830078125,254000,WHR,26.1826171875,1,0.9797917291724612,1.0,0.9737099288201927,2.0,0.9907005767132271,26.0,0.8427624196163427,117.0,0.9546744094394218,454.0
1998-10-29 00:00:00-05:00,25.606471577017118,26.47068999274144,25.606471577017118,26.1826171875,189800,WHR,26.24663734436035,1,1.011124762451938,1.0,0.9990228706944639,3.0,1.0153597797141687,27.0,0.8621976320709982,117.0,0.9760749762028257,454.0
1998-10-30 00:00:00-05:00,26.43868591029469,26.63073447622904,26.150613061393177,26.24663734436035,178500,WHR,27.55897521972656,1,1.0012210770004644,2.0,1.0014656211815876,4.0,1.0199755446118919,28.0,0.864801939152734,117.0,0.9784007973055304,454.0
1998-11-02 00:00:00-05:00,26.374675471608228,27.975080536633,26.31065926900724,27.55897521972656,214600,WHR,28.07108688354492,1,1.0243903528428953,2.0,1.0418685223654491,4.0,1.072243983561984,29.0,0.9083990465545244,118.0,1.027195863445651,455.0
1998-11-03 00:00:00-05:00,27.751006075294697,28.39116769179515,27.751006075294697,28.07108688354492,254200,WHR,28.93531990051269,1,1.0092056640682456,2.0,1.0500475239710698,4.0,1.0939821401031087,29.0,0.9254849965147026,119.0,1.0461203403513732,456.0
1998-11-04 00:00:00-05:00,28.135117469635684,29.415441359038898,27.7830284000498,28.93531990051269,331700,WHR,30.215648651123047,1,1.01516027874273,2.0,1.056074917684242,5.0,1.1278772030359567,30.0,0.9540855062498009,119.0,1.078108290220349,457.0
1998-11-05 00:00:00-05:00,28.935324555736475,30.31167295827704,28.90331645335181,30.215648651123047,198600,WHR,29.511459350585938,0,1.0216451020492199,2.0,1.0712666911318411,5.0,1.1776603618117674,30.0,0.9959826414601574,120.0,1.1255176627488601,458.0
1998-11-06 00:00:00-05:00,30.087604977820806,30.119613068222744,29.31941080817432,29.511459350585938,214000,WHR,29.28740692138672,0,0.9882098878700613,1.0,1.0226263109557001,4.0,1.1501688851628666,30.0,0.9725976681879596,119.0,1.0989996210883262,458.0
1998-11-09 00:00:00-05:00,29.639495966343283,29.703512156335385,28.87130168643806,29.28740692138672,187900,WHR,28.71126937866211,0,0.9961895110670523,0.0,1.0028496799973279,3.0,1.1409918927273073,30.0,0.9648952879525814,119.0,1.0903941630933804,457.0
1998-11-10 00:00:00-05:00,29.191390940178195,29.191390940178195,28.42319644175245,28.71126937866211,299600,WHR,27.975059509277344,0,0.9900663673814892,0.0,0.9788303972900819,2.0,1.118783100797039,29.0,0.945588124972418,119.0,1.068720784856047,456.0
1998-11-11 00:00:00-05:00,28.71124528583728,29.19136644446332,27.975059509277344,27.975059509277344,222600,WHR,27.78301048278809,0,0.987012567512704,0.0,0.960017072569574,1.0,1.0913440392524238,28.0,0.921162845846992,118.0,1.041118809934561,456.0
1998-11-12 00:00:00-05:00,27.65497817641579,27.91104278916038,27.59096202322964,27.78301048278809,350600,WHR,27.78301048278809,0,0.9965556729901773,0.0,0.9696153573695466,0.0,1.085028296768664,28.0,0.9147187501080187,117.0,1.0337845810708652,455.0
1998-11-13 00:00:00-05:00,27.78301048278808,28.615220474208005,27.718994329601937,27.78301048278809,232000,WHR,28.23114776611328,1,1.0,0.0,0.9814560627998246,0.0,1.0861621838606956,28.0,0.9147605444014276,116.0,1.0336111680764886,454.0
1998-11-16 00:00:00-05:00,27.91106672568116,28.61524501463183,27.91106672568116,28.23114776611328,194800,WHR,28.743268966674805,1,1.0080004287725592,1.0,1.0047851969969999,1.0,1.10391838186653,29.0,0.9294380414673901,117.0,1.0500690564834385,455.0
1998-11-17 00:00:00-05:00,28.35917183126267,28.87130134514552,28.26314754740964,28.743268966674805,142600,WHR,28.51920890808105,0,1.0089886168201316,2.0,1.0227793210666472,2.0,1.1226229625728044,30.0,0.9461439234741671,118.0,1.0688375684248828,456.0
1998-11-18 00:00:00-05:00,28.93531408855811,28.93531408855811,28.29515227243957,28.51920890808105,165300,WHR,28.615238189697266,1,0.9960871400101857,1.0,1.0108918317245361,2.0,1.1126114773279336,30.0,0.938689474314689,117.0,1.0602575534014833,455.0
1998-11-19 00:00:00-05:00,28.67925438251538,28.67925438251538,28.487205804061038,28.615238189697266,77300,WHR,28.871307373046875,1,1.0016807597954325,1.0,1.0083466135102028,3.0,1.1153029511369517,30.0,0.9418094330574899,117.0,1.063565698736179,456.0
1998-11-20 00:00:00-05:00,28.61524256264291,28.87130737304687,28.487210157440927,28.871307373046875,92000,WHR,29.511459350585938,1,1.0044544193922753,2.0,1.00962626950321,4.0,1.1240111471225798,31.0,0.9501094464584889,118.0,1.0728065505737734,457.0
1998-11-23 00:00:00-05:00,28.8712975425472,29.671499802595623,28.8712975425472,29.511459350585938,230200,WHR,29.255409240722656,0,1.0109647420542667,2.0,1.022853202076737,4.0,1.1469086972715874,32.0,0.9709512800789317,119.0,1.0962609698358259,458.0
1998-11-24 00:00:00-05:00,29.51147409184496,30.47171728355358,29.25540924072266,29.255409240722656,259000,WHR,28.967321395874023,0,0.9956429512750804,1.0,1.0103916272956788,3.0,1.1344177137375995,32.0,0.9623466580238953,118.0,1.0864233490105129,458.0
1998-11-25 00:00:00-05:00,29.319410385216138,29.319410385216138,28.743264766292675,28.967321395874023,192300,WHR,29.432329177856445,1,0.9950519695366615,0.0,0.9973548641721032,3.0,1.1204422530659952,32.0,0.9527000711614222,118.0,1.0754137424303605,458.0
1998-11-27 00:00:00-05:00,29.07811077418421,29.46453085091756,29.045909101123105,29.432329177856445,63200,WHR,28.852689743041992,0,1.0079625096625422,1.0,1.0076953990471995,3.0,1.1349268382721733,33.0,0.9677176403380269,119.0,1.092361209963993,458.0
1998-11-30 00:00:00-05:00,29.367916345596317,29.367916345596317,28.65947976708412,28.852689743041992,303100,WHR,28.273059844970703,0,0.99005508712966,1.0,0.9879758272490275,2.0,1.1091664156065264,33.0,0.9484848939479851,118.0,1.0705617288290183,458.0
1998-12-01 00:00:00-05:00,28.884891436148884,29.078101412310414,28.14425319419635,28.273059844970703,296600,WHR,29.045913696289062,1,0.9898534390839238,0.0,0.976409095986487,1.0,1.0839872451876902,32.0,0.9294111491546058,117.0,1.0488376663210117,457.0
1998-12-02 00:00:00-05:00,28.27307342055632,29.110317052600127,28.07986335162313,29.045913696289062,219700,WHR,29.14250373840332,1,1.0134833861035917,1.0,1.0045531482411476,2.0,1.1104284257834316,32.0,0.9547118695252967,117.0,1.0772517077402994,458.0
1998-12-03 00:00:00-05:00,28.91709210727755,29.62552866224426,28.91709210727755,29.14250373840332,254800,WHR,29.17470359802246,1,1.0016599530692283,2.0,1.0066738920582683,3.0,1.1104867000329308,33.0,0.9577731167167362,117.0,1.080584815264612,458.0
1998-12-04 00:00:00-05:00,29.142501938422,29.593325172828525,28.884888661618263,29.17470359802246,193200,WHR,29.883136749267575,1,1.0005521502330073,2.0,1.0095830728237842,3.0,1.1075153784231007,34.0,0.9587096685672081,118.0,1.0815351165051024,458.0
1998-12-07 00:00:00-05:00,29.045893693792408,29.91533840524739,28.981490381832774,29.883136749267575,130100,WHR,29.786527633666992,0,1.0119955817395143,2.0,1.0267755936663563,4.0,1.129864088584166,34.0,0.9818221925044641,118.0,1.1075332683158206,458.0
1998-12-08 00:00:00-05:00,29.88313258815456,29.88313258815456,29.335704512725005,29.786527633666992,208200,WHR,29.400102615356445,0,0.9983809341547392,1.0,1.0129212865505801,4.0,1.122033712794563,33.0,0.9784816479015651,118.0,1.1037006476962905,457.0
1998-12-09 00:00:00-05:00,29.75432071915592,29.883127302355728,29.271296032156634,29.400102615356445,234000,WHR,28.788280487060547,0,0.9934710758716168,0.0,0.997377914434576,3.0,1.1036512003276684,33.0,0.9656724862913912,118.0,1.0891631934492068,456.0
1998-12-10 00:00:00-05:00,29.528918575653822,29.59332188770541,28.4662639268026,28.788280487060547,164400,WHR,28.75606918334961,0,0.9894854935697555,0.0,0.9789751016335241,2.0,1.0772881661925384,33.0,0.9455359810709653,118.0,1.0663119178941258,455.0
1998-12-11 00:00:00-05:00,29.04588399034865,29.239093861681347,28.24084285979575,28.75606918334961,157700,WHR,28.75606918334961,0,0.9994402351595695,0.0,0.9806719106158345,1.0,1.0726054200317652,33.0,0.9444296778294904,118.0,1.064925591186251,455.0
1998-12-14 00:00:00-05:00,28.78827082857172,29.07808563557077,28.72386753812749,28.75606918334961,314200,WHR,28.273059844970703,0,1.0,0.0,0.9882690370272792,0.0,1.0696384108266905,32.0,0.9443774381982369,118.0,1.0647278351300007,455.0
1998-12-15 00:00:00-05:00,28.62727813460017,28.659479797293763,27.918841555341228,28.273059844970703,150500,WHR,27.21039581298828,0,0.9915304801842748,0.0,0.9818836062461815,0.0,1.048793480658179,32.0,0.9285109750626572,118.0,1.046656889446007,455.0
1998-12-16 00:00:00-05:00,28.27305032402806,28.27305032402806,26.759572687092614,27.21039581298828,332600,WHR,27.40360641479492,1,0.9808471909440272,0.0,0.9595730088028903,0.0,1.007199074081728,32.0,0.8936555182660028,118.0,1.0071794423727258,454.0
1998-12-17 00:00:00-05:00,27.14599319350425,27.790026246730925,27.11379154084292,27.40360641479492,205900,WHR,27.40360641479492,0,1.0035377484514099,1.0,0.9759174670874522,1.0,1.0127280692652054,32.0,0.899921313403481,119.0,1.014173828878069,455.0
1998-12-18 00:00:00-05:00,27.435808067456254,27.564614678101588,27.14599319350425,27.40360641479492,288500,WHR,27.017194747924805,0,1.0,1.0,0.9854099015129325,1.0,1.010672852773948,32.0,0.8998192897008346,119.0,1.0140188576304205,454.0
1998-12-21 00:00:00-05:00,27.11379973510451,27.43581635903687,26.98499308553157,27.017194747924805,226100,WHR,26.727373123168945,0,0.9928995593851194,0.0,0.9838181918828697,1.0,0.9946393379981728,32.0,0.8871269622897563,118.0,0.999588444064996,453.0
1998-12-22 00:00:00-05:00,27.01718801245632,27.01718801245632,26.34095327078578,26.727373123168945,201800,WHR,26.66297721862793,0,0.9946074247828917,0.0,0.984345338647299,1.0,0.9824448775161997,31.0,0.8775816792310012,118.0,0.9887477634542413,452.0
1998-12-23 00:00:00-05:00,26.75958220855049,26.791783871858016,26.598573892012883,26.66297721862793,280200,WHR,27.339204788208008,1,0.9987938662299692,0.0,0.9859492273224671,1.0,0.9788684018678576,30.0,0.8754459393018101,118.0,0.9862482529204621,452.0
1998-12-24 00:00:00-05:00,26.759575004712435,27.37140644284665,26.72737335007379,27.339204788208008,87900,WHR,26.95280647277832,0,1.0125222267776972,1.0,1.011436652412278,1.0,1.0016908206427246,31.0,0.8976068346517839,118.0,1.0111073044567997,453.0
1998-12-28 00:00:00-05:00,27.629041760625803,27.822251842867946,26.85620143165725,26.95280647277832,322100,WHR,27.69341087341309,1,0.9928829618491708,1.0,1.0004786653715156,1.0,0.9853943309633884,31.0,0.8849823679671147,117.0,0.9966812300112219,452.0
1998-12-29 00:00:00-05:00,26.95277314075204,27.82221743561501,26.92057150020156,27.69341087341309,163600,WHR,27.7578239440918,1,1.0135527111774807,1.0,1.0228348236492073,2.0,1.0098669950572172,31.0,0.9093011794781665,117.0,1.0239049479577784,452.0
1998-12-30 00:00:00-05:00,27.6934206402772,28.208647070793983,27.6934206402772,27.7578239440918,166800,WHR,28.530662536621094,1,1.0011616165246942,2.0,1.0174691180925775,3.0,1.0090122184895849,32.0,0.9113458096420504,118.0,1.0261185897154876,453.0
1998-12-31 00:00:00-05:00,27.85442787153188,28.852679043806432,27.79002457009481,28.530662536621094,176800,WHR,28.82049560546875,1,1.0137299586620456,2.0,1.0316719481777528,4.0,1.0336704952638955,32.0,0.9366026666194365,118.0,1.0544967114286838,453.0
1999-01-04 00:00:00-05:00,28.53068056586069,29.367924013617323,28.53068056586069,28.82049560546875,224700,WHR,28.852689743041992,1,1.005053656774107,2.0,1.0311063818206945,4.0,1.04070323009075,32.0,0.9459944067503472,118.0,1.0649952485378487,454.0
1999-01-05 00:00:00-05:00,28.756084755063057,28.949294731020927,28.46626979112625,28.852689743041992,162100,WHR,28.723878860473636,0,1.0005582167410851,2.0,1.0184135010393431,5.0,1.0386760306026832,32.0,0.9468341415474026,119.0,1.0659766519461922,454.0
1999-01-06 00:00:00-05:00,28.852685492134945,29.271307045034227,28.562870570896983,28.723878860473636,425300,WHR,27.854427337646484,0,0.9977627898693413,1.0,1.0065447665033846,4.0,1.0311794544216275,31.0,0.9424265382118533,118.0,1.0610154733164183,454.0
1999-01-07 00:00:00-05:00,28.723871890382277,28.788275190584923,27.822225687545163,27.854427337646484,254700,WHR,28.530662536621094,1,0.9846327756829165,0.0,0.9754169740780564,3.0,0.998165045327614,30.0,0.9137121857235421,118.0,1.0287274489127365,454.0
1999-01-08 00:00:00-05:00,27.91883117296895,28.65946913949523,27.886629522250416,28.530662536621094,452400,WHR,27.822227478027344,0,1.0119931563553866,1.0,0.9990976365290626,3.0,1.0202261089965428,30.0,0.935515249799096,119.0,1.053500100008525,455.0
1999-01-11 00:00:00-05:00,28.65947043454205,28.65947043454205,27.725622521506413,27.822227478027344,406400,WHR,27.7578239440918,0,0.987428594018699,1.0,0.9811491373109436,2.0,0.9931459843868694,30.0,0.9122040048197093,118.0,1.0271795580103864,454.0
1999-01-12 00:00:00-05:00,27.91883220362829,28.30525202651588,27.7578239440918,27.7578239440918,366400,WHR,27.178199768066406,0,0.9988412473128819,0.0,0.986495744768973,1.0,0.9896745696907341,29.0,0.9100823913548021,117.0,1.0246366169053993,454.0
1999-01-13 00:00:00-05:00,26.79177986615077,27.46801469450313,26.46976328122107,27.178199768066406,538300,WHR,27.017194747924805,0,0.9894491057623249,0.0,0.9766259585313927,1.0,0.96810453088277,29.0,0.8911107014894217,117.0,1.0031069349681756,453.0
1999-01-14 00:00:00-05:00,27.307009709463927,27.66122799578952,26.69517812399245,27.017194747924805,314800,WHR,28.079856872558597,1,0.9970291752356542,0.0,0.9767173354046345,1.0,0.9620938443193318,28.0,0.8858641167429938,117.0,0.9970245904095136,453.0
1999-01-15 00:00:00-05:00,27.43582345805037,28.079856872558597,27.113806750796257,28.079856872558597,274900,WHR,28.176443099975582,1,1.0192870960129332,1.0,1.0184539985060854,1.0,0.9991712480297338,28.0,0.9207346491367611,117.0,1.0360566229905228,453.0
1999-01-19 00:00:00-05:00,28.2086447492327,28.24084639848981,28.01543485369001,28.176443099975582,257500,WHR,28.434066772460938,1,1.0017168961958776,2.0,1.0193380101281793,2.0,1.0018038508614682,28.0,0.9239018362487414,118.0,1.0394435143230538,453.0
1999-01-20 00:00:00-05:00,28.337461789089044,28.78828504482455,28.17645348346922,28.434066772460938,218000,WHR,26.79178237915039,0,1.004550809965603,2.0,1.023649455289705,3.0,1.0098843918531555,29.0,0.9322332334994154,119.0,1.0487635446418424,453.0
1999-01-21 00:00:00-05:00,27.82223554757925,28.6272770854143,26.662975733096783,26.79178237915039,330200,WHR,26.147741317749023,0,0.9702623967120544,1.0,0.9672169423379198,3.0,0.9512488956275185,29.0,0.8784513686245194,119.0,0.9880867526667124,452.0
1999-01-22 00:00:00-05:00,26.727371051393703,26.88837931073945,26.115539665879872,26.147741317749023,236700,WHR,26.405363082885746,1,0.9878344001527334,0.0,0.9499295986429722,3.0,0.9284891494898596,28.0,0.8574955020324573,118.0,0.9642715970821304,451.0
1999-01-25 00:00:00-05:00,26.21215310910853,26.727379705847763,26.21215310910853,26.405363082885746,361300,WHR,25.922346115112305,0,1.0049021226828536,1.0,0.9711038963179786,3.0,0.9377799770027616,28.0,0.8661239042161215,118.0,0.9737036723424136,451.0
1999-01-26 00:00:00-05:00,26.27656450923185,26.340967853617222,25.761337754148872,25.922346115112305,163400,WHR,24.441059112548828,0,0.9907693844202926,1.0,0.9694126451876571,2.0,0.9204536531598176,28.0,0.8505918547023956,117.0,0.955846257881243,450.0
1999-01-27 00:00:00-05:00,25.24610058529418,25.24610058529418,24.408857453639012,24.441059112548828,841000,WHR,23.31400489807129,0,0.9705880292274219,0.0,0.9421548435448412,1.0,0.8687513285659912,27.0,0.8024793155069323,116.0,0.9012415955855698,449.0
1999-01-28 00:00:00-05:00,24.40886148168237,24.730878123920924,22.412358299803337,23.31400489807129,1204900,WHR,23.152990341186523,0,0.9763992732953536,0.0,0.9234694552877478,1.0,0.8301326814516088,26.0,0.7660588115459902,116.0,0.8597274714501432,449.0
1999-01-29 00:00:00-05:00,23.70041848555394,23.89362841886009,22.95978040788038,23.152990341186523,520900,WHR,23.990232467651367,1,0.9965348618722665,0.0,0.9393778913792926,1.0,0.8265607097534083,25.0,0.7613843833251919,115.0,0.8538396255767855,449.0
1999-02-01 00:00:00-05:00,23.18519110967649,24.34445066516032,23.088586146719503,23.990232467651367,556200,WHR,24.56986427307129,1,1.0177595437176579,1.0,0.9928036248843,1.0,0.858534828837849,25.0,0.7895775530724952,115.0,0.8847397865970908,450.0
1999-02-02 00:00:00-05:00,24.054637761447253,24.6664692440008,23.89362947656474,24.56986427307129,376800,WHR,23.31400489807129,0,1.0119363807801858,2.0,1.02830185486179,2.0,0.8815734348633781,25.0,0.80925033032205,116.0,0.9061254524373406,450.0
1999-02-03 00:00:00-05:00,24.312256489010803,24.34445815323466,23.02418992005659,23.31400489807129,344600,WHR,23.95804023742676,1,0.9737728091581027,1.0,0.9850341729592014,2.0,0.8399796337845461,24.0,0.7686084974701174,115.0,0.8598549058849596,450.0
1999-02-04 00:00:00-05:00,23.44281356565414,24.05464523838413,23.314006897710986,23.95804023742676,301600,WHR,23.73262596130371,0,1.0136240210786194,1.0,1.0067661308158702,3.0,0.8660716829672395,25.0,0.7905991494930605,115.0,0.8836426196783507,450.0
1999-02-05 00:00:00-05:00,24.08684425923361,24.473264220611693,23.603819307511017,23.73262596130371,409900,WHR,23.24959945678711,0,0.9952734089479117,1.0,0.9924589990235996,3.0,0.8608039269613074,25.0,0.7839365927338058,115.0,0.8753703756265209,450.0
1999-02-08 00:00:00-05:00,24.086842650521827,24.086842650521827,23.18519613419213,23.24959945678711,204900,WHR,22.73436546325684,0,0.9897189522161159,0.0,0.9783197450039703,2.0,0.8460775787639733,25.0,0.7688240582726776,114.0,0.8576176062862725,449.0
1999-02-09 00:00:00-05:00,23.346196828415305,23.346196828415305,22.669962161661207,22.73436546325684,324000,WHR,22.380151748657227,0,0.9887953551977055,0.0,0.9716484539568107,1.0,0.8299657746392956,25.0,0.7526916965820953,113.0,0.83869542384643,448.0
1999-02-10 00:00:00-05:00,22.86317660654192,22.92757992092654,22.219143462695666,22.380151748657227,223500,WHR,23.475004196166992,1,0.9921485646641018,0.0,0.964206351332451,1.0,0.8197292190068015,25.0,0.7419082589053286,112.0,0.8257228470090275,447.0
1999-02-11 00:00:00-05:00,22.927576114774894,23.70041575909315,22.444551337075985,23.475004196166992,365800,WHR,22.766563415527344,0,1.023876321537913,1.0,1.0156030708558497,1.0,0.862098133890518,26.0,0.7790594877657144,113.0,0.866183544717946,447.0
1999-02-12 00:00:00-05:00,23.34619303572465,23.603806200256777,22.60555518769476,22.766563415527344,254000,WHR,21.993728637695312,0,0.984679568249315,1.0,0.9932562925860825,1.0,0.8388871159539121,25.0,0.7564650543122285,112.0,0.8401291657455958,447.0
1999-02-16 00:00:00-05:00,22.73436664452839,22.766568296999395,21.63951046051428,21.993728637695312,444000,WHR,21.446298599243164,0,0.9827339201247149,0.0,0.9701704822480238,1.0,0.8137833832097727,24.0,0.7317549095552602,111.0,0.8117178742438022,446.0
1999-02-17 00:00:00-05:00,21.993726641566187,22.380146436147147,21.446298599243164,21.446298599243164,323500,WHR,21.446298599243164,0,0.9873980272741024,0.0,0.9568964990485787,1.0,0.7970043904597428,24.0,0.7145317045512256,111.0,0.7916316719541865,446.0
1999-02-18 00:00:00-05:00,21.832718393824123,21.96152499201777,21.18868540285586,21.446298599243164,392100,WHR,22.315750122070312,1,1.0,0.0,0.964937691782237,1.0,0.8005591108075965,23.0,0.7155609142239572,110.0,0.7917425262160347,446.0
1999-02-19 00:00:00-05:00,21.89712854690882,22.60556505872058,21.510708631375135,22.315750122070312,470600,WHR,21.67172241210937,0,1.0198677061113846,1.0,1.0146415491338359,1.0,0.8364258251424204,23.0,0.7456142263287172,110.0,0.8239240281235628,447.0
1999-02-22 00:00:00-05:00,22.34795743536985,22.41236077091846,21.639520744335066,21.67172241210937,448400,WHR,22.315750122070312,1,0.9853588380314301,1.0,0.995268041369679,1.0,0.8162844341564204,22.0,0.7251536506024187,110.0,0.800226889613877,447.0
1999-02-23 00:00:00-05:00,21.639515269886367,22.34795178169812,21.47850697174733,22.315750122070312,420100,WHR,21.961523056030277,0,1.0146411619685698,1.0,1.021822545577159,2.0,0.8442201244919486,23.0,0.7477910614133829,110.0,0.8240715286575773,448.0
1999-02-24 00:00:00-05:00,22.315741169837214,22.347942816546936,21.86491811590111,21.961523056030277,354600,WHR,22.332883834838867,1,0.9919997994317493,1.0,1.0008802301466908,2.0,0.8345056802066241,23.0,0.7370247974749308,110.0,0.8110589920762207,448.0
1999-02-25 00:00:00-05:00,21.87843561726947,22.722410878469777,21.48890857363856,22.332883834838867,450800,WHR,22.59256362915039,1,1.0083839203383744,1.0,1.009645682565201,3.0,0.8524495796698781,23.0,0.7506461502907864,110.0,0.8248532834617788,448.0
1999-02-26 00:00:00-05:00,22.33287898973487,22.75486652878509,22.203036670027107,22.59256362915039,368100,WHR,21.29413604736328,0,1.005780238349761,2.0,1.0188354956654155,3.0,0.8658096835969221,24.0,0.7604748796881925,111.0,0.8345115289336243,449.0
1999-03-01 00:00:00-05:00,22.203032098165373,22.65748012356642,21.261675474120352,21.29413604736328,458900,WHR,22.72240257263184,1,0.9704140983177649,1.0,0.9635629775066623,3.0,0.8197041931647124,24.0,0.7179137401016511,111.0,0.7866553398235683,448.0
1999-03-02 00:00:00-05:00,22.657481422424315,23.696219825744627,22.592560272216797,22.72240257263184,1061800,WHR,22.754871368408203,1,1.032448406213835,1.0,1.02442216431335,3.0,0.8782474456082299,24.0,0.7672223621387003,111.0,0.8394841727383126,449.0
1999-03-03 00:00:00-05:00,22.754871368408203,23.59884662600965,22.625029021084902,22.754871368408203,456700,WHR,22.852243423461918,1,1.0007139565097605,2.0,1.0185994435030001,4.0,0.8831363535843809,24.0,0.7694630947125547,112.0,0.8407572680985249,449.0
1999-03-04 00:00:00-05:00,22.819782850417223,23.274230873042885,22.62501941214908,22.852243423461918,359300,WHR,23.533924102783203,1,1.0021350189657487,2.0,1.0182237481374596,4.0,0.8905575338780845,24.0,0.7739480692986334,112.0,0.8444331593272432,449.0
1999-03-05 00:00:00-05:00,22.98209415830415,23.631305857691277,22.98209415830415,23.533924102783203,229400,WHR,24.18312644958496,1,1.0146957749621284,2.0,1.0398739801466985,4.0,0.9209205257423962,24.0,0.7981721645677512,113.0,0.8696754584103384,450.0
1999-03-08 00:00:00-05:00,23.533915001273957,24.86479847031152,23.01454584262515,24.18312644958496,547300,WHR,24.670045852661133,1,1.013605248842639,2.0,1.041957848633168,5.0,0.9497958954582172,25.0,0.8213323197615072,113.0,0.893681660147012,451.0
1999-03-09 00:00:00-05:00,24.605124679364653,24.86480937255056,24.4752823327717,24.670045852661133,652100,WHR,23.858539581298828,0,1.009966996617204,2.0,1.0453922104489393,5.0,0.9719290415646409,26.0,0.8389821748550091,114.0,0.911682968535887,451.0
1999-03-10 00:00:00-05:00,24.73497572918328,24.76743632725307,23.63131539481027,23.858539581298828,628800,WHR,23.566381454467773,0,0.9832777678536161,1.0,1.0016357847651827,4.0,0.9430105103478771,26.0,0.8125460343243267,114.0,0.8817214893602071,451.0
1999-03-11 00:00:00-05:00,24.020829581688915,24.118211323236302,23.501460293436185,23.566381454467773,531000,WHR,24.085756301879883,1,0.9938395653498143,0.0,0.9834731923328519,3.0,0.9346582675992652,26.0,0.8038031235821581,113.0,0.870968833681374,450.0
1999-03-12 00:00:00-05:00,23.826071597816487,24.280519829927428,23.826071597816487,24.085756301879883,270900,WHR,25.319246292114254,1,1.0108992979510751,1.0,1.0005394632167475,3.0,0.9582151504740531,27.0,0.8227112136240614,113.0,0.8901922445775313,451.0
1999-03-15 00:00:00-05:00,24.34542912703294,25.67631258597741,24.280507982694186,25.319246292114254,846000,WHR,24.670045852661133,0,1.0249669046750403,2.0,1.0419445535653957,3.0,1.0092643664015284,28.0,0.8660048246717671,113.0,0.9357824482974417,451.0
1999-03-16 00:00:00-05:00,25.189415239032943,25.221875825681185,24.50774291941994,24.670045852661133,516700,WHR,24.670045852661133,0,0.9870132099975939,1.0,1.01522847938782,2.0,0.985048702886262,28.0,0.8449430126634268,113.0,0.9118234465807578,450.0
1999-03-17 00:00:00-05:00,24.605124679364653,24.8972699591988,24.540203506068178,24.670045852661133,480400,WHR,25.02711296081543,1,1.0,0.0,1.0084926905110074,2.0,0.9868439062785972,27.0,0.8460304110927862,113.0,0.9118584626063947,450.0
1999-03-18 00:00:00-05:00,24.670046498339467,25.319258248295768,24.572664735846026,25.02711296081543,378100,WHR,25.44910049438477,1,1.0071848595911577,1.0,1.01101505397799,3.0,1.0027158991233174,28.0,0.8593543861714843,113.0,0.9250797541668908,451.0
1999-03-19 00:00:00-05:00,25.44910049438477,25.6114034312112,25.18941579546247,25.44910049438477,479300,WHR,24.92972183227539,0,1.0083601265761322,2.0,1.0168613235391042,3.0,1.0206916735337135,29.0,0.8749349814448558,113.0,0.9406888011257599,451.0
1999-03-22 00:00:00-05:00,25.319248735904697,25.319248735904697,24.799879531065624,24.92972183227539,198400,WHR,25.936012268066406,1,0.9896905358616427,1.0,0.9992190706688677,2.0,1.0010637833644824,29.0,0.8582301654077342,112.0,0.9215192721079952,451.0
1999-03-23 00:00:00-05:00,24.670049216183312,26.16323640558388,24.670049216183312,25.936012268066406,974800,WHR,26.06585121154785,1,1.019783267726087,1.0,1.0291088795036087,3.0,1.041978762211073,30.0,0.8939691781855713,112.0,0.9587125948992411,451.0
1999-03-24 00:00:00-05:00,25.9684694511062,26.61768118738386,25.57894240933961,26.06585121154785,854800,WHR,26.68260383605957,1,1.002496813283092,2.0,1.022929972253818,4.0,1.0480886561598117,30.0,0.8995016187080311,113.0,0.9634993217047019,452.0
1999-03-25 00:00:00-05:00,26.74752501327626,26.87736736770964,26.22815559554274,26.68260383605957,527000,WHR,27.559038162231445,1,1.0116923353291594,2.0,1.0337022986940596,4.0,1.0730821354041749,31.0,0.9217991940442198,113.0,0.9862679198002059,452.0
1999-03-26 00:00:00-05:00,26.617681146089264,27.656419922522016,26.552759972562217,27.559038162231445,422100,WHR,27.753807067871094,1,1.0161579608190972,2.0,1.050482584264835,4.0,1.1084291284714431,31.0,0.9529822608954868,114.0,1.0186004988272397,453.0
1999-03-29 00:00:00-05:00,27.68888588174742,28.59778248747887,27.526582916438237,27.753807067871094,424100,WHR,26.87735939025879,0,1.0035212237741415,2.0,1.0356105857865543,5.0,1.1162657721831295,31.0,0.9606508768434694,114.0,1.025726217042739,454.0
1999-03-30 00:00:00-05:00,27.23442575896996,27.494110390759896,26.552753600521367,26.87735939025879,431800,WHR,28.24069595336914,1,0.9839570023040963,1.0,0.9959102697623297,4.0,1.0822141924247404,30.0,0.9313167644193997,114.0,0.9932958507376587,454.0
1999-03-31 00:00:00-05:00,26.8773520107927,28.24069595336914,26.84489144073136,28.24069595336914,508500,WHR,27.559038162231445,0,1.0247348451357865,1.0,1.0298291213156654,4.0,1.1375514162238258,30.0,0.9793932967639938,115.0,1.0435643876270404,455.0
1999-04-01 00:00:00-05:00,27.78626226957611,27.78626226957611,27.201971707832687,27.559038162231445,326800,WHR,26.942291259765625,0,0.9877838523437137,1.0,0.998588680257498,3.0,1.1110587863136157,29.0,0.9565392145005329,115.0,1.018296977361852,454.0
1999-04-05 00:00:00-04:00,27.559042505471105,27.559042505471105,26.74752770849021,26.942291259765625,291300,WHR,28.04594612121582,1,0.9886838191103482,0.0,0.9806240540884125,2.0,1.087496110275473,29.0,0.9360442984452577,114.0,0.9954543931778929,454.0
1999-04-06 00:00:00-04:00,27.26689206229316,28.110867292792705,26.65014093231272,28.04594612121582,460500,WHR,27.52657699584961,0,1.020070744472197,1.0,1.0186277816115241,2.0,1.1318980966739585,30.0,0.9751548248625529,115.0,1.036144630607605,454.0
1999-04-07 00:00:00-04:00,27.916104028809745,27.916104028809745,27.26689230720952,27.52657699584961,292500,WHR,27.786266326904297,1,0.9906542100981786,1.0,0.9950716427113891,2.0,1.1116878572304432,29.0,0.9580755303272231,114.0,1.0169127479521813,453.0
1999-04-08 00:00:00-04:00,27.46166041187037,27.88364810141448,27.039672722326262,27.786266326904297,333900,WHR,27.429183959960938,0,1.0046949192168515,1.0,1.0077702875738572,2.0,1.1222028294271826,30.0,0.9680780243879036,114.0,1.026456600495269,453.0
1999-04-09 00:00:00-04:00,27.72132911456407,27.72132911456407,27.1370388053578,27.429183959960938,208900,WHR,26.84491539001465,0,0.9935329266520841,1.0,0.9957573241776713,2.0,1.1080264677945912,30.0,0.9569509073213885,113.0,1.0132319388667093,452.0
1999-04-12 00:00:00-04:00,27.29936377630268,27.29936377630268,26.422927602747187,26.84491539001465,228800,WHR,26.357994079589844,0,0.9892348546186137,0.0,0.9752362108087786,2.0,1.0846678024790986,30.0,0.9379908163666666,112.0,0.9916311444739075,452.0
1999-04-13 00:00:00-04:00,26.74752108569216,27.20196925947819,26.22815174422241,26.357994079589844,260900,WHR,26.747507095336918,1,0.9908478443137966,0.0,0.969436402313827,1.0,1.0654667432002969,30.0,0.9224301975316105,112.0,0.9736318485517605,452.0
1999-04-14 00:00:00-04:00,26.293059159251094,27.33179729887583,26.293059159251094,26.747507095336918,281100,WHR,28.370540618896484,1,1.0073347018129826,1.0,0.9894327509719,2.0,1.0821833855883802,30.0,0.937464607000023,113.0,0.987988506067262,453.0
1999-04-15 00:00:00-04:00,26.747511979371517,28.43546176447748,26.682590833790517,28.370540618896484,587200,WHR,31.06479263305664,1,1.029446498757982,2.0,1.0449543691024175,2.0,1.1476998473035616,30.0,0.9956729149944386,113.0,1.0478364427437268,454.0
1999-04-16 00:00:00-04:00,30.383120067440977,32.13599237902411,29.92867169036387,31.06479263305664,2314700,WHR,33.40192794799805,1,1.045330813621233,2.0,1.1143460746118314,3.0,1.2544678533924039,30.0,1.0911659898897976,114.0,1.1471214163274912,454.0
1999-04-19 00:00:00-04:00,32.428110806657,34.34328451796107,31.681517664962197,33.40192794799805,1327800,WHR,32.91502380371094,0,1.0362533613293219,2.0,1.1443502714509306,4.0,1.342872477975194,31.0,1.173762831516737,115.0,1.233057881016293,455.0
1999-04-20 00:00:00-04:00,33.40193243986051,33.82391992452347,32.72026034925111,32.91502380371094,1024500,WHR,34.76527404785156,1,0.992657923329919,1.0,1.0791825795520866,4.0,1.317323892998987,31.0,1.1572082835374413,115.0,1.2147392427156996,455.0
1999-04-21 00:00:00-04:00,32.915021367433695,34.79773462119223,32.915021367433695,34.76527404785156,703800,WHR,34.11608123779297,0,1.0273380925154707,1.0,1.0829118712394141,4.0,1.3836587974643106,31.0,1.222505672690297,116.0,1.2825696355607163,456.0
1999-04-22 00:00:00-04:00,34.76529305963489,34.76529305963489,33.72655414468782,34.11608123779297,617600,WHR,34.01869583129883,0,0.9905752027182617,1.0,1.0259667149662977,3.0,1.3504807992428765,31.0,1.1999760533065476,116.0,1.2581801701863828,456.0
1999-04-23 00:00:00-04:00,34.01869583129883,34.21345935705054,33.75901113029655,34.01869583129883,294500,WHR,34.700374603271484,1,0.9985706945750276,0.0,1.0051795994077624,2.0,1.3381701460699433,31.0,1.196769405616334,116.0,1.254188013146659,455.0
1999-04-26 00:00:00-04:00,33.953780949506054,35.317125882469014,33.888859762222104,34.700374603271484,422900,WHR,34.99250793457031,1,1.0099197903531263,1.0,1.0175140933022178,2.0,1.354870815575944,32.0,1.2208893779790964,116.0,1.2787908162388955,456.0
1999-04-27 00:00:00-04:00,34.92758676957111,36.03124657455756,34.732823274573505,34.99250793457031,675900,WHR,35.38202667236328,1,1.0041917240421245,2.0,1.0137294497977885,3.0,1.3558310676864906,33.0,1.2313721526005652,116.0,1.2890654153985714,456.0
1999-04-28 00:00:00-04:00,34.992499773218,35.99877759600998,34.992499773218,35.38202667236328,670500,WHR,35.73908996582031,1,1.0055349387384025,2.0,1.0213639731241857,3.0,1.3609119349379075,33.0,1.2452675756456493,116.0,1.3028799378466784,457.0
1999-04-29 00:00:00-04:00,35.187260238827626,35.83647168234843,34.927575661419304,35.73908996582031,726100,WHR,34.47313690185547,0,1.0050204961667508,2.0,1.0220940071970837,4.0,1.3648731626602413,33.0,1.2579278946767258,117.0,1.3155076095047367,457.0
1999-04-30 00:00:00-04:00,35.771560137330255,35.836481299103994,34.47313690185548,34.47313690185547,454900,WHR,36.19353866577149,1,0.9819696209557532,1.0,0.9833333373231365,4.0,1.3072414700430424,33.0,1.2136760070571622,117.0,1.268497298858374,456.0
1999-05-03 00:00:00-04:00,34.505588880461964,36.25845981136031,34.31082544369548,36.19353866577149,657100,WHR,35.51188278198242,0,1.0243453049134825,1.0,1.0236869899256387,4.0,1.3619482259603268,33.0,1.2742754407920167,117.0,1.3313202744868213,456.0
1999-05-04 00:00:00-04:00,36.19355512057623,36.19355512057623,35.3171192566699,35.51188278198242,436700,WHR,35.44694900512695,0,0.9904936632401535,1.0,1.0014649712253394,3.0,1.3264983137437345,33.0,1.2502698695227268,117.0,1.3058123875885785,455.0
1999-05-05 00:00:00-04:00,35.479409581138974,36.03123937334333,35.38202785310291,35.44694900512695,301500,WHR,36.29093933105469,1,0.9990849091618322,0.0,0.9992678792899848,2.0,1.3140941067266023,33.0,1.2478553620510104,117.0,1.302971964692676,455.0
1999-05-06 00:00:00-04:00,35.57680635674055,36.35586051053779,35.57680635674055,36.29093933105469,480500,WHR,35.80401611328125,0,1.0117649173331196,1.0,1.0198871438554027,2.0,1.3342070644415165,34.0,1.2772721683781252,118.0,1.3334853332531567,456.0
1999-05-07 00:00:00-04:00,36.16108245711271,36.35584591738441,34.96004111877054,35.80401611328125,437300,WHR,36.3558349609375,1,0.9932460847673401,1.0,0.9987322247086641,2.0,1.3055670553041054,34.0,1.2598632508185712,118.0,1.315105531663021,456.0
1999-05-10 00:00:00-04:00,36.225992693219865,36.68044063023159,35.9663081577846,36.3558349609375,642900,WHR,36.45322799682617,1,1.0076471727621594,1.0,1.0132075001516017,2.0,1.3153916180255592,34.0,1.2789341341532172,118.0,1.3348663393779276,456.0
1999-05-11 00:00:00-04:00,36.22600395766519,36.48568857384917,35.83647703338922,36.45322799682617,272400,WHR,36.3883171081543,0,1.0013376499014301,2.0,1.010619142244909,3.0,1.3081191068531501,35.0,1.2819499024786152,119.0,1.3379518769299852,456.0
1999-05-12 00:00:00-04:00,36.42077769433463,36.45323828051496,36.03125066017062,36.3883171081543,310400,WHR,37.91395568847656,1,0.9991088754559184,1.0,1.0035812326466547,3.0,1.2946440288511494,35.0,1.2792638139105927,119.0,1.3350805408528847,456.0
1999-05-13 00:00:00-04:00,37.13490180446677,37.91395568847656,37.03752006896555,37.91395568847656,461500,WHR,36.51815032958984,0,1.0205328655894284,1.0,1.0363798145249228,3.0,1.335879294281625,36.0,1.3321340135377446,120.0,1.3904660968284142,457.0
1999-05-14 00:00:00-04:00,37.524428249782986,37.524428249782986,36.42076859537761,36.51815032958984,364500,WHR,35.57681655883789,0,0.9812472676972497,1.0,0.994343313493999,3.0,1.2754103626507418,36.0,1.282783680242079,119.0,1.3387884362833276,456.0
1999-05-17 00:00:00-04:00,35.90142254933824,35.96634374743831,35.252210568337546,35.57681655883789,363700,WHR,34.514610290527344,0,0.9869431416452589,0.0,0.9728390911401135,2.0,1.233016108840747,35.0,1.2493507672103097,119.0,1.3038684068059496,455.0
1999-05-18 00:00:00-04:00,35.29755041053931,35.36279542054031,34.31887526052436,34.514610290527344,342200,WHR,34.5472297668457,1,0.984845418105222,0.0,0.953906841790217,1.0,1.1873936998027035,35.0,1.2118098288433221,119.0,1.264596496878871,454.0
1999-05-19 00:00:00-04:00,34.57985226898626,34.80820978397013,34.38411725614294,34.5472297668457,480100,WHR,34.31887435913086,0,1.0004723227225232,1.0,0.9646250805722751,2.0,1.180238583976445,35.0,1.2128020379028654,119.0,1.2654390859324358,455.0
1999-05-20 00:00:00-04:00,34.77558941714211,35.330171987584336,34.2862518549872,34.31887435913086,212300,WHR,35.42803955078125,1,0.9966840667028715,1.0,0.9778812113427123,1.0,1.1642455438617514,35.0,1.2046613341885075,119.0,1.2567269051064727,455.0
1999-05-21 00:00:00-04:00,34.31887440830743,36.47195968487425,34.31887440830743,35.42803955078125,371400,WHR,34.514610290527344,0,1.0159027135319998,1.0,1.0157961878352233,2.0,1.1930398932363788,35.0,1.2432402224461614,120.0,1.2969546034087245,455.0
1999-05-24 00:00:00-04:00,35.4932854405423,36.08049053055127,34.44936528052635,34.514610290527344,211500,WHR,34.90608215332031,1,0.9869403109214997,1.0,0.995671023301511,2.0,1.1545547287482416,34.0,1.2109416663750086,120.0,1.2631709927939714,455.0
1999-05-25 00:00:00-04:00,34.51461207309616,35.330174740229815,34.51461207309616,34.90608215332031,278600,WHR,33.666412353515625,0,1.005639123566934,1.0,1.004694904961542,3.0,1.1588554553515715,35.0,1.2245477649628445,120.0,1.2771452679827662,455.0
1999-05-26 00:00:00-04:00,34.90606707195903,35.06917953491211,33.274942442428234,33.666412353515625,317800,WHR,33.01396179199219,0,0.98192176311041,1.0,0.9739521364291014,2.0,1.1109718160013007,34.0,1.1812402013620606,119.0,1.2314692634981916,455.0
1999-05-27 00:00:00-04:00,33.53592166222131,33.86214658111452,32.94871680821355,33.01396179199219,177700,WHR,33.666412353515625,1,0.990215253440245,0.0,0.9623428505777987,2.0,1.0833287576986568,33.0,1.158554542524309,119.0,1.2073484881757355,454.0
1999-05-28 00:00:00-04:00,33.144452472065765,33.666412353515625,33.079207486884535,33.666412353515625,218000,WHR,34.09051513671875,1,1.0097847465597551,1.0,0.9915448047869286,2.0,1.0982430840216348,33.0,1.1815323445662806,120.0,1.2309144768189384,455.0
1999-06-01 00:00:00-04:00,33.66642260391747,34.38411765942734,33.60117759887112,34.09051513671875,342500,WHR,34.64509582519531,1,1.0062591796722815,2.0,1.0065499570736869,3.0,1.1057315335647182,33.0,1.1964169114001355,121.0,1.246102995153629,456.0
1999-06-02 00:00:00-04:00,34.090513311985966,34.84083082985743,34.090513311985966,34.64509582519531,188600,WHR,35.26493453979492,1,1.0080683168552012,2.0,1.0245033293072168,3.0,1.1173998889513093,33.0,1.2158239973506797,121.0,1.2660234998895568,457.0
1999-06-03 00:00:00-04:00,34.71035185045494,35.55853714003373,34.51461678362907,35.26493453979492,220800,WHR,35.036563873291016,0,1.0088662343781503,2.0,1.0330661040696463,4.0,1.1309503635929339,33.0,1.237455864757372,121.0,1.2882822726821255,458.0
1999-06-04 00:00:00-04:00,35.16705386909471,35.33016636384932,34.8734513785364,35.036563873291016,122400,WHR,35.85213088989258,1,0.9967515533571984,1.0,1.01435580243602,4.0,1.1169530598407946,33.0,1.2294716854393313,120.0,1.2795197970229573,458.0
1999-06-07 00:00:00-04:00,35.10181331894852,35.94999839914615,35.10181331894852,35.85213088989258,231100,WHR,35.721641540527344,0,1.01150489537614,1.0,1.0249953294893912,4.0,1.1355405133248693,34.0,1.2578140953941248,121.0,1.3088385632948458,458.0
1999-06-08 00:00:00-04:00,35.85213155528726,36.21097909587703,35.721641540527344,35.721641540527344,173500,WHR,34.64509582519531,0,0.9981768552231602,1.0,1.0118277628431063,3.0,1.124500443178225,33.0,1.252905147222957,121.0,1.3035755324010716,458.0
1999-06-09 00:00:00-04:00,35.59114834772889,35.59114834772889,34.579850823641266,34.64509582519531,186000,WHR,33.242332458496094,0,0.9847009289383872,0.0,0.9813342357887317,2.0,1.0853010336931121,32.0,1.2148517359785582,121.0,1.2638580455062727,457.0
1999-06-10 00:00:00-04:00,34.253630109343376,34.3514976239415,33.14446494389797,33.242332458496094,462500,WHR,32.45939254760742,0,0.9793369199251843,0.0,0.9525145647881836,1.0,1.0367177517741142,32.0,1.1655110163471776,121.0,1.2123567862863145,456.0
1999-06-11 00:00:00-04:00,33.07922014399389,33.535935215015506,32.328902527315535,32.45939254760742,450500,WHR,33.56855773925781,1,0.9880834192585364,0.0,0.9440228169232097,1.0,1.0082184563550707,32.0,1.1379861751904239,121.0,1.1835365938575324,455.0
1999-06-14 00:00:00-04:00,32.81824012215098,33.66642525453262,32.622505091601376,33.56855773925781,256500,WHR,33.40544891357422,0,1.0167984192577766,1.0,0.9894231140489264,1.0,1.0380800109397295,32.0,1.1766439389626067,121.0,1.223614907890404,456.0
1999-06-15 00:00:00-04:00,33.43807142227888,33.60118396580219,33.0792238265276,33.40544891357422,366700,WHR,34.61247253417969,1,0.9975645950744878,1.0,0.998245389287908,1.0,1.028817108339317,31.0,1.1707786179020983,120.0,1.2173144692685964,456.0
1999-06-16 00:00:00-04:00,33.37281753295554,34.61247253417969,33.27495003285889,34.61247253417969,358200,WHR,34.38412857055664,0,1.0177456704779286,1.0,1.0345162320656964,2.0,1.060718962003352,32.0,1.2126692417016411,121.0,1.260889723944294,456.0
1999-06-17 00:00:00-04:00,34.77559872506013,34.77559872506013,34.1557709804296,34.38412857055664,262800,WHR,33.92740631103516,0,0.9966905041702501,1.0,1.0207245890950707,2.0,1.0491940053404532,31.0,1.2043087509126058,120.0,1.2521888783505117,455.0
1999-06-18 00:00:00-04:00,34.253631371718186,34.35149888992309,33.405446213942305,33.92740631103516,412500,WHR,34.579872131347656,1,0.9933141268116266,0.0,0.9984638872039886,2.0,1.0311350323889903,30.0,1.1880009127574982,120.0,1.2352233385848344,454.0
1999-06-21 00:00:00-04:00,33.92742171377506,34.579872131347656,33.92742171377506,34.579872131347656,356900,WHR,35.52590560913086,1,1.0095240364987095,1.0,1.0116437892183434,2.0,1.0467776244876648,30.0,1.2107166728056227,120.0,1.2586011853787995,455.0
1999-06-22 00:00:00-04:00,34.71034303775504,35.68901812340603,34.64509803204497,35.52590560913086,348700,WHR,35.46068572998047,0,1.0134943724793308,2.0,1.026583532339537,3.0,1.071110005468846,30.0,1.2436619506478688,120.0,1.2926245341108253,455.0
1999-06-23 00:00:00-04:00,35.52593078192155,35.68904341177427,35.06921541833395,35.46068572998047,435300,WHR,33.992645263671875,0,0.9990812366403279,1.0,1.0197001939884083,2.0,1.0650190972329483,29.0,1.2411799194583784,120.0,1.2898711369155014,454.0
1999-06-24 00:00:00-04:00,35.884750278348434,36.27622028138496,33.60117526063535,33.992645263671875,478100,WHR,34.155757904052734,1,0.9788629221189872,0.0,0.9796912819080527,2.0,1.0173049800123095,29.0,1.1899084189084688,119.0,1.2361732401162953,454.0
1999-06-25 00:00:00-04:00,34.12313540366682,34.57985040906963,34.02526790250908,34.155757904052734,455800,WHR,35.46068572998047,1,1.0023934917444715,1.0,0.9830982967966971,3.0,1.0191795446712792,29.0,1.1955758507683394,120.0,1.2417952660590381,455.0
1999-06-28 00:00:00-04:00,34.253652269070365,35.68904341177427,34.253652269070365,35.46068572998047,304200,WHR,36.50457382202149,1,1.0187445344491828,2.0,1.0155086793064596,3.0,1.0539757616590049,30.0,1.241170296337729,120.0,1.2888502591681599,456.0
1999-06-29 00:00:00-04:00,35.59114391405312,36.50457382202149,35.55852141733997,36.50457382202149,336900,WHR,38.62504577636719,1,1.0145054446901107,2.0,1.039575944446069,3.0,1.0798872805433275,31.0,1.2774756624516799,120.0,1.3263275233269682,457.0
1999-06-30 00:00:00-04:00,36.53720546413112,38.62504577636719,35.950000376314726,38.62504577636719,635800,WHR,37.515892028808594,0,1.0282241806318315,2.0,1.0804891145672377,4.0,1.136686767828402,31.0,1.350944881856986,121.0,1.4027726146824036,458.0
1999-07-01 00:00:00-04:00,37.90736220650051,38.07047478053881,37.189666880732,37.515892028808594,566600,WHR,37.515892028808594,0,0.9854328856521755,1.0,1.029175067694139,4.0,1.0986628067299924,31.0,1.3117450399090733,120.0,1.361961891108328,458.0
1999-07-02 00:00:00-04:00,37.189666880732,37.64638208803923,37.05917682150136,37.515892028808594,346900,WHR,37.28752517700195,0,1.0,0.0,1.0105449236377597,3.0,1.0934700149757521,30.0,1.3112924295455353,120.0,1.36143348488719,458.0
1999-07-06 00:00:00-04:00,37.54850523073425,37.84210779118309,37.157035150135805,37.28752517700195,230000,WHR,37.32014846801758,1,0.9969471066919533,0.0,0.9946049147664162,2.0,1.0816339038557132,30.0,1.302937113018806,119.0,1.3526151909185835,458.0
1999-07-07 00:00:00-04:00,36.76556584218165,37.352770975419695,36.76556584218165,37.32014846801758,156800,WHR,37.418006896972656,1,1.0004372645523145,1.0,0.9911626402844359,2.0,1.0771252301884375,31.0,1.3035587700869928,120.0,1.3532572914803576,459.0
1999-07-08 00:00:00-04:00,37.18964940065285,37.51587439539542,36.86342440591029,37.418006896972656,161600,WHR,37.6463737487793,1,1.0013093503375508,2.0,1.0001741170036897,2.0,1.0742344644212474,32.0,1.3063295297250184,121.0,1.356273121943189,459.0
1999-07-09 00:00:00-04:00,37.35277118054791,37.77686377910435,37.28752616538539,37.6463737487793,162400,WHR,37.71161651611328,1,1.0030422798382146,2.0,1.0055768677676187,3.0,1.0751836459694102,32.0,1.3137438319753507,121.0,1.3640156017936302,459.0
1999-07-12 00:00:00-04:00,37.71161651611328,37.93997405557072,37.58112649356618,37.71161651611328,456600,WHR,36.961307525634766,0,1.0008657710629576,2.0,1.0062674179058642,4.0,1.072279239650615,32.0,1.3155723441180314,121.0,1.3658495056644095,459.0
1999-07-13 00:00:00-04:00,37.38540019803834,37.45064522456197,36.53721485323119,36.961307525634766,461000,WHR,38.592430114746094,1,0.9899520609363169,1.0,0.9879667156300243,4.0,1.0480167105916767,31.0,1.2886019435495646,121.0,1.3382090943639615,458.0
1999-07-14 00:00:00-04:00,36.96130458157847,38.592430114746094,35.81951670836113,38.592430114746094,1268900,WHR,37.45062255859375,0,1.021588906651781,1.0,1.0245973678896145,4.0,1.0915887048318018,31.0,1.3442556879620045,122.0,1.396705770463386,458.0
1999-07-15 00:00:00-04:00,38.88601227338306,38.98387975393688,37.32013258452199,37.45062255859375,928500,WHR,37.3853874206543,0,0.9849847222591492,1.0,0.994111149769756,3.0,1.0570325192034358,31.0,1.3034355542062874,122.0,1.354884544630776,458.0
1999-07-16 00:00:00-04:00,37.58112243332789,37.67898993966468,37.12440740375619,37.3853874206543,189200,WHR,38.49458312988281,1,0.9991282921422783,0.0,0.9937564140596917,2.0,1.0538923213019984,30.0,1.299993808539486,122.0,1.3520310392677712,458.0
1999-07-19 00:00:00-04:00,37.58115234375,38.88605346679688,37.515907287597656,38.49458312988281,346100,WHR,38.52717590332031,1,1.0146177667331826,1.0,1.0189988491139654,2.0,1.0829327275828913,31.0,1.3369763967496167,123.0,1.3915753097566275,459.0
1999-07-20 00:00:00-04:00,37.84210334280403,38.9838909436645,37.84210334280403,38.52717590332031,389500,WHR,39.14699935913086,1,1.0004231631924096,2.0,1.0114763880501092,3.0,1.08156333274971,32.0,1.3365883238592622,123.0,1.3921764844595124,460.0
1999-07-21 00:00:00-04:00,38.55979436874389,39.92993934631348,38.55979436874389,39.14699935913086,523400,WHR,40.09305191040039,1,1.0079797880533168,2.0,1.0247649755783586,3.0,1.0966818474206994,32.0,1.3565294119533298,123.0,1.4139351292246036,461.0
1999-07-22 00:00:00-04:00,39.14699942431283,40.125674409920656,39.11437692479257,40.09305191040039,742000,WHR,39.407997131347656,0,1.0119390704083668,2.0,1.0352086779915732,4.0,1.1205165033233198,32.0,1.3875589482536446,123.0,1.4474239369781787,461.0
1999-07-23 00:00:00-04:00,39.76684478734503,39.995202386616086,39.21226204625818,39.407997131347656,353800,WHR,39.114376068115234,0,0.9913830724586666,1.0,1.007002502024324,4.0,1.0993091389995433,31.0,1.3623202315806693,122.0,1.4220736438208128,460.0
1999-07-26 00:00:00-04:00,38.69028358364026,39.70158104661905,38.55979358841719,39.114376068115234,287700,WHR,38.88600540161133,0,0.9962606700323924,0.0,0.9963435656785845,3.0,1.0894088422609274,30.0,1.3507687560929873,121.0,1.4108764287087898,460.0
1999-07-27 00:00:00-04:00,39.14698530363557,39.50583266891889,38.36404559756286,38.88600540161133,241800,WHR,38.55979537963867,0,0.9970721852611383,0.0,0.9887189393578758,2.0,1.0808342611352626,30.0,1.34141085593842,121.0,1.4020290186517514,460.0
1999-07-28 00:00:00-04:00,38.918642883171685,38.918642883171685,38.46192787867512,38.55979537963867,92700,WHR,37.418006896972656,0,0.9957878927110063,0.0,0.9833610701040312,1.0,1.0705937239440864,29.0,1.3288025922114775,120.0,1.3896470372771403,460.0
1999-07-29 00:00:00-04:00,38.29881438277759,38.3640593817261,37.1570269011786,37.418006896972656,252900,WHR,37.418006896972656,0,0.9849720780484131,0.0,0.9674426250922008,0.0,1.0379769885418053,29.0,1.2882779369207882,120.0,1.3479493571257755,460.0
1999-07-30 00:00:00-04:00,37.22227190012711,37.77685439118948,37.12440440170434,37.418006896972656,198700,WHR,36.99393081665039,0,1.0,0.0,0.9775013486737973,0.0,1.0370319547383142,29.0,1.2870235659684683,120.0,1.3474236944695404,459.0
1999-08-02 00:00:00-04:00,37.41802349797001,37.45064601191768,36.86344076085973,36.99393081665039,188600,WHR,36.830814361572266,0,0.994300967111563,0.0,0.9772496402025568,0.0,1.0249459566259813,28.0,1.271329053291632,119.0,1.3316367349796752,459.0
1999-08-03 00:00:00-04:00,36.86343687207853,36.99392691410358,36.53721176701588,36.830814361572266,217600,WHR,36.47196960449219,0,0.9977904907807763,0.0,0.9836210155740535,0.0,1.019943093589425,28.0,1.2645013507694924,119.0,1.3252596665826786,459.0
1999-08-04 00:00:00-04:00,36.79819473512271,36.99392981350103,36.47196960449219,36.47196960449219,196200,WHR,35.78689956665039,0,0.9951046230761685,0.0,0.9850222023111865,0.0,1.0099515942687205,27.0,1.250980423635187,119.0,1.311858733751573,459.0
1999-08-05 00:00:00-04:00,36.50459490891685,36.76557503337738,35.65640950442012,35.78689956665039,260000,WHR,35.362796783447266,0,0.9905192255884986,0.0,0.9751112639655923,0.0,0.9912860456593665,26.0,1.2264057926879346,119.0,1.2867671292115639,459.0
1999-08-06 00:00:00-04:00,35.81951187105636,35.81951187105636,34.71034665829141,35.362796783447266,443400,WHR,35.68903350830078,1,0.9940392889223828,0.0,0.9744694470028101,0.0,0.9800025053631173,26.0,1.2110857476677546,118.0,1.2710980051380865,458.0
1999-08-09 00:00:00-04:00,35.42805337295672,36.04788119439887,35.03658316994062,35.68903350830078,262000,WHR,35.88475799560547,1,1.0045915316116973,1.0,0.990583257312848,1.0,0.9900608756259226,26.0,1.221177640534335,119.0,1.2823940356232495,458.0
1999-08-10 00:00:00-04:00,35.49328790838069,36.21098306829279,35.13444032842463,35.88475799560547,282300,WHR,36.34146881103516,1,1.0027345831929835,2.0,1.0012742093062494,2.0,0.9957821482407703,27.0,1.2268957816535098,119.0,1.2889853766056043,459.0
1999-08-11 00:00:00-04:00,35.88475376314064,36.4719588247193,35.852131259719606,36.34146881103516,299900,WHR,36.08050155639648,0,1.0063233375966376,2.0,1.0147565857627834,3.0,1.008099111463731,28.0,1.241340819530288,120.0,1.3049056502463297,460.0
1999-08-12 00:00:00-04:00,36.14574658633572,36.53721676597112,36.08050155639648,36.08050155639648,361400,WHR,36.47196960449219,1,0.9963965733973451,1.0,1.0058204589456283,3.0,1.0001359222217885,28.0,1.2311830933538106,120.0,1.295071774515287,459.0
1999-08-13 00:00:00-04:00,36.210989499987775,36.83081724818576,36.14574447386167,36.47196960449219,205300,WHR,36.60245895385742,1,1.005395654232474,1.0,1.010484514495514,4.0,1.010089060159026,28.0,1.243279542574046,120.0,1.3086386677747528,459.0
1999-08-16 00:00:00-04:00,36.27623382949149,36.63508146629401,36.178366292181714,36.60245895385742,152100,WHR,37.02652740478516,1,1.001785704684109,2.0,1.0089928737669667,4.0,1.0126355739992368,29.0,1.2465607453713976,120.0,1.3128399503918988,459.0
1999-08-17 00:00:00-04:00,36.92865993146855,37.189639860312845,36.83079245815193,37.02652740478516,289700,WHR,36.66769027709961,0,1.005759531291958,2.0,1.0142979884545187,4.0,1.0236132972046328,29.0,1.2597030434653285,121.0,1.327532760070313,460.0
1999-08-18 00:00:00-04:00,37.02653777981144,37.02653777981144,36.56982277636002,36.66769027709961,195700,WHR,36.50457382202149,0,0.9951307288553556,1.0,1.0026759960041565,3.0,1.0126884663187994,29.0,1.2462599947874307,121.0,1.3141608068019845,460.0
1999-08-19 00:00:00-04:00,36.53719631873464,36.5698188154478,36.24359384831624,36.50457382202149,181500,WHR,36.99393081665039,1,0.9977707884662808,0.0,0.9959058341862848,3.0,1.0074422534269412,28.0,1.2393773657334621,121.0,1.3078381705458995,459.0
1999-08-20 00:00:00-04:00,36.5372156213831,37.05917584454571,36.406725565592446,36.99393081665039,403700,WHR,37.84210968017578,1,1.0066580537527212,1.0,1.0063901175248133,3.0,1.0193871770660214,29.0,1.2542787573097425,122.0,1.324915150932949,459.0
1999-08-23 00:00:00-04:00,36.993924463206326,38.07046723859064,36.993924463206326,37.84210968017578,534900,WHR,38.07046127319336,1,1.0113338286993065,2.0,1.0225671910255794,3.0,1.0404521243137657,30.0,1.2811140847098779,123.0,1.3547829604669854,460.0
1999-08-24 00:00:00-04:00,37.90734875702714,38.29881879582605,37.84210375056066,38.07046127319336,300100,WHR,40.32141876220703,1,1.003008086673258,2.0,1.0229662985825665,3.0,1.0446223741994023,30.0,1.2869434392233305,123.0,1.3624496328529727,460.0
1999-08-25 00:00:00-04:00,38.36406833685718,40.84337887563366,38.36406833685718,40.32141876220703,575200,WHR,39.31013488769531,0,1.0287141664161796,2.0,1.0625860082491518,4.0,1.1032431019555486,30.0,1.3606082245455882,124.0,1.4423730822340795,460.0
1999-08-26 00:00:00-04:00,40.38667800080232,40.54979059369733,39.17964481337931,39.31013488769531,451300,WHR,38.95125198364258,0,0.9873004628421819,1.0,1.020840654123172,4.0,1.073289878215202,29.0,1.3242456721417981,124.0,1.405652842934524,459.0
1999-08-27 00:00:00-04:00,39.17960940733227,39.2122318964308,38.65764958175582,38.95125198364258,290400,WHR,38.14638519287109,0,0.995414304315323,0.0,1.0013413343590831,3.0,1.0617102662990905,28.0,1.3098345027793692,124.0,1.3922984392054936,459.0
1999-08-30 00:00:00-04:00,38.80182136456991,39.12953945041932,38.015297958531335,38.14638519287109,238200,WHR,37.0649299621582,0,0.9895604220797485,0.0,0.9791184117044832,2.0,1.038304804935907,28.0,1.2805206947777932,124.0,1.3630750377483971,458.0
1999-08-31 00:00:00-04:00,38.24471553124547,38.34303099533607,36.80275539124992,37.0649299621582,757100,WHR,38.27748489379883,1,0.9856211099555467,0.0,0.9562965535625138,1.0,1.0083139622480064,27.0,1.2421464642987052,124.0,1.3240225675571282,458.0
1999-09-01 00:00:00-04:00,37.4254175930807,38.27748489379883,37.29433031604714,38.27748489379883,440600,WHR,37.65481948852539,0,1.0160939217830864,1.0,0.9981081507298718,1.0,1.0400950119858021,28.0,1.2803440394585297,125.0,1.3668498799950555,459.0
1999-09-02 00:00:00-04:00,38.27748404055496,38.27748404055496,37.35987312177453,37.65481948852539,335200,WHR,38.343017578125,1,0.9917997298996976,1.0,0.9904217611774548,1.0,1.0217829159738165,28.0,1.2572367480613995,124.0,1.3441603532233164,459.0
1999-09-03 00:00:00-04:00,37.88421223958333,38.67073567708333,37.88421223958333,38.343017578125,653800,WHR,38.80184173583984,1,1.0090554957372808,1.0,1.0117604640045852,2.0,1.0380628923122392,29.0,1.2778607023761437,124.0,1.3682159980660027,460.0
1999-09-07 00:00:00-04:00,38.34303617477417,39.09678816795349,38.34303617477417,38.80184173583984,440600,WHR,38.08085250854492,0,1.005947566199421,2.0,1.0203380269268436,3.0,1.0474869425122875,30.0,1.2906063788597653,125.0,1.3840697567271198,460.0
1999-09-08 00:00:00-04:00,38.67074523242944,38.67074523242944,37.884221600583416,38.08085250854492,367800,WHR,36.8682975769043,0,0.9906222169451667,1.0,0.9960569079075308,3.0,1.0259403763848918,29.0,1.2641234455272943,125.0,1.3578493364712392,460.0
1999-09-09 00:00:00-04:00,37.94976763916016,37.98253945922851,36.34394845581055,36.8682975769043,701200,WHR,35.819580078125,0,0.9838216319963843,0.0,0.9715026383292652,2.0,0.9917307771516742,29.0,1.2217073198659834,124.0,1.3141810458593237,460.0
1999-09-10 00:00:00-04:00,36.93382136143356,37.09768037368482,33.95158733846066,35.819580078125,3135200,WHR,36.14731597900391,1,0.9855723191732682,0.0,0.9530864738871492,2.0,0.9629998794748715,28.0,1.1850801145130399,123.0,1.2764272720008367,460.0
1999-09-13 00:00:00-04:00,35.78682597377359,36.507805984234224,35.62296688048708,36.14731597900391,750300,WHR,36.14731597900391,0,1.0045539813280089,1.0,0.9731780926419997,2.0,0.9710438016532047,29.0,1.1939844845112022,124.0,1.2876968617495557,461.0
1999-09-14 00:00:00-04:00,36.18008779766121,36.34394689094772,35.852369611088186,36.14731597900391,364700,WHR,34.705352783203125,0,1.0,1.0,0.9872897438373435,1.0,0.9700796303473028,29.0,1.1920319529930792,124.0,1.2872905996347275,460.0
1999-09-15 00:00:00-04:00,36.27839993484972,36.27839993484972,34.60703733622521,34.705352783203125,397000,WHR,35.19693374633789,1,0.9796484279139824,0.0,0.9657122167403916,1.0,0.9313296280301698,28.0,1.1427998462077653,124.0,1.2356256101526628,459.0
1999-09-16 00:00:00-04:00,34.73812827850853,35.295249203729895,34.60704100198586,35.19693374633789,375000,WHR,35.491886138916016,1,1.0070324017645262,1.0,0.9885862835728408,2.0,0.9446603579804382,28.0,1.1573249517062258,124.0,1.2527827206708753,460.0
1999-09-17 00:00:00-04:00,35.06585241795026,35.72128891174373,35.06585241795026,35.491886138916016,292100,WHR,35.32801818847656,0,1.0041725465647455,2.0,0.9987091255840965,3.0,0.95256337326086,29.0,1.165238573776175,125.0,1.262920359620923,461.0
1999-09-20 00:00:00-04:00,35.32801818847656,35.81959543599711,35.2952463719752,35.32801818847656,319400,WHR,33.98436737060547,0,0.9976861314344353,1.0,0.9987029087282553,2.0,0.9475993050236371,29.0,1.1580928848239784,125.0,1.25672985675037,461.0
1999-09-21 00:00:00-04:00,35.328011596444256,35.328011596444256,33.5255620251971,33.98436737060547,335700,WHR,34.344871520996094,1,0.9806145639479431,0.0,0.9726128118883777,2.0,0.9116285648968128,28.0,1.1127073592542318,124.0,1.2086159123358746,461.0
1999-09-22 00:00:00-04:00,34.01715328129193,34.574274288789006,34.01715328129193,34.344871520996094,317700,WHR,33.98436737060547,0,1.0052759866235672,1.0,0.984962556049524,3.0,0.9217588959355344,28.0,1.1230044209760357,125.0,1.2211071480964693,461.0
1999-09-23 00:00:00-04:00,34.41040090562752,34.63980357833171,33.82050831867391,33.98436737060547,430600,WHR,32.411338806152344,0,0.9947240133764327,1.0,0.9814497278681925,2.0,0.913112921728418,27.0,1.1097822870406777,125.0,1.2079816609413747,460.0
1999-09-24 00:00:00-04:00,33.689440134200815,33.88607110774674,32.11639234583346,32.411338806152344,463000,WHR,33.001224517822266,1,0.9763082787271601,0.0,0.952977771907466,1.0,0.8732777704049086,26.0,1.0572797016476247,124.0,1.1518412277440637,459.0
1999-09-27 00:00:00-04:00,32.57519083487124,33.558345487835155,32.50964719134031,33.001224517822266,490500,WHR,33.03398513793945,1,1.0090179268583062,1.0,0.983782810972305,2.0,0.8909777369962373,27.0,1.0753498453142252,124.0,1.1725195876615062,460.0
1999-09-28 00:00:00-04:00,32.87012608467587,33.689421350993804,32.77181065271771,33.03398513793945,400100,WHR,33.39448547363281,1,1.0004961083683683,2.0,0.9903711342677435,3.0,0.89366450139472,28.0,1.075161179395134,125.0,1.1733746203640847,461.0
1999-09-29 00:00:00-04:00,33.68943186152555,34.279324637311014,33.26339819012493,33.39448547363281,448000,WHR,34.24655532836914,1,1.0054268950101428,2.0,1.006917070925063,3.0,0.9050056299637732,29.0,1.0854817415840057,126.0,1.1858598582196056,461.0
1999-09-30 00:00:00-04:00,33.427259746350735,34.80367632414165,33.29617245322779,34.24655532836914,294100,WHR,33.39448547363281,0,1.0125969358932618,2.0,1.0309787588629147,4.0,0.9293873414064031,29.0,1.1116193952793927,126.0,1.2157348758539346,462.0
1999-10-01 00:00:00-04:00,34.115465532926166,34.115465532926166,32.57518995170856,33.39448547363281,327600,WHR,32.804588317871094,0,0.9874030641067382,1.0,0.9994115752068466,4.0,0.9079160305829219,28.0,1.0824354201018087,126.0,1.1851298892652773,462.0
1999-10-04 00:00:00-04:00,33.46002464789849,33.62388373040534,32.542413785860134,32.804588317871094,264600,WHR,32.57517623901367,0,0.9910890421576045,0.0,0.9829143159622835,3.0,0.8938391722362989,27.0,1.0619710546808983,125.0,1.1638960814843502,461.0
1999-10-05 00:00:00-04:00,32.67349166025818,32.771807081502686,31.657565640731598,32.57517623901367,524500,WHR,34.1154670715332,1,0.9964910843528991,0.0,0.9787314637991215,2.0,0.8896635011686919,26.0,1.0532796005279186,124.0,1.1554862480153476,460.0
1999-10-06 00:00:00-04:00,32.313016842009354,34.344869828018055,31.198774881940064,34.1154670715332,2027500,WHR,32.05084991455078,0,1.023096055999147,1.0,1.020588367068427,2.0,0.9329390331208892,27.0,1.1016062385453973,124.0,1.2097606263359575,461.0
1999-10-07 00:00:00-04:00,33.09954848026206,33.36172312168988,31.657587952409056,32.05084991455078,821700,WHR,32.444095611572266,1,0.9687965531251097,1.0,0.971587842041455,1.0,0.8790999828913241,26.0,1.033877213840621,123.0,1.1362599989917153,461.0
1999-10-08 00:00:00-04:00,31.788659336591007,32.64072649406664,31.198766689107877,32.444095611572266,743300,WHR,33.23062515258789,1,1.0060973103211972,1.0,0.9892085054886431,2.0,0.8919273710448276,27.0,1.0455362357639286,123.0,1.1498965570733568,461.0
1999-10-11 00:00:00-04:00,32.44410148033729,33.52557152968186,32.44410148033729,33.23062515258789,222400,WHR,33.19784927368164,0,1.0119761383354804,2.0,1.010564114885866,3.0,0.9152924210320753,28.0,1.0697431707738128,123.0,1.1774307890388465,461.0
1999-10-12 00:00:00-04:00,33.230621089351615,33.42725198337144,32.67350022296209,33.19784927368164,403200,WHR,32.57517623901367,0,0.9995065989518903,1.0,1.0057583964701884,3.0,0.9166184321316898,27.0,1.0675433340687142,123.0,1.1759167295029362,461.0
1999-10-13 00:00:00-04:00,33.55833045145875,33.95159213643678,32.57517623901367,32.57517623901367,956200,WHR,34.93476867675781,1,0.990533003008235,0.0,0.9961913128868161,2.0,0.9018962293056857,26.0,1.0466034387932652,122.0,1.1535232507617545,461.0
1999-10-14 00:00:00-04:00,33.00123082316615,35.164171472946656,32.90291533908522,34.93476867675781,1136200,WHR,33.68940353393555,0,1.0349517754856425,1.0,1.049832931257755,3.0,0.9691090105094959,26.0,1.1210704928470736,123.0,1.236632250312097,461.0
1999-10-15 00:00:00-04:00,34.57424195360117,34.60701374692212,33.23059842744226,33.68940353393555,526500,WHR,34.47595977783203,1,0.9818523837489991,1.0,1.0048869858216036,2.0,0.9373370730102809,25.0,1.0801142699091835,122.0,1.192187948280778,460.0
1999-10-18 00:00:00-04:00,33.722207805503004,34.508731602715905,33.68943598061913,34.47595977783203,303900,WHR,33.6238899230957,0,1.0115389430303336,1.0,1.0207649423971605,2.0,0.9614201783763451,26.0,1.1042436917578675,122.0,1.219622277310195,460.0
1999-10-19 00:00:00-04:00,35.13139375980369,35.13139375980369,33.460030810410046,33.6238899230957,448200,WHR,33.75497055053711,1,0.9874879334025208,1.0,0.9930315763568675,2.0,0.940057669228292,26.0,1.0760148440180661,121.0,1.1891203821475642,460.0
1999-10-20 00:00:00-04:00,34.1482323433589,34.672581400454625,33.296165125578355,33.75497055053711,553600,WHR,32.57517623901367,0,1.001945426599975,1.0,0.9900038140485202,3.0,0.945984172669031,27.0,1.0792254253929079,122.0,1.1934204277342937,460.0
1999-10-21 00:00:00-04:00,33.72218948686626,34.1482229789258,32.21468636111714,32.57517623901367,570000,WHR,33.75497055053711,1,0.9822133016640738,1.0,0.9688107450503377,2.0,0.915479455113612,27.0,1.0406623764567549,122.0,1.1514132363369753,460.0
1999-10-22 00:00:00-04:00,32.50964153993477,33.98437326301649,32.34578245959236,33.75497055053711,469600,WHR,34.31208801269531,1,1.017786698335926,1.0,1.0035073628877071,3.0,0.9502663240069652,28.0,1.07733221940983,122.0,1.192751777826338,461.0
1999-10-25 00:00:00-04:00,33.689423569293965,34.60703432799068,33.55833631805157,34.31208801269531,234100,WHR,34.31208801269531,0,1.008184832339136,2.0,1.0210648834408935,3.0,0.9673599608239658,29.0,1.0940449287235259,122.0,1.2120326383995301,462.0
1999-10-26 00:00:00-04:00,34.31208801269531,35.36078602263442,34.213772574263515,34.31208801269531,655300,WHR,33.95160675048828,0,1.0,1.0,1.0168997607726418,3.0,0.9685805197711783,29.0,1.09283153837064,122.0,1.211632783696457,461.0
1999-10-27 00:00:00-04:00,34.34486860474104,34.4104122471165,33.754975823361896,33.95160675048828,163200,WHR,34.836429595947266,1,0.9947192828712599,0.0,1.005044844720396,2.0,0.9597046698256764,29.0,1.0802810783677783,121.0,1.1985333439708064,460.0
1999-10-28 00:00:00-04:00,34.34485250851621,34.93474501343348,34.27930889685874,34.836429595947266,201700,WHR,36.54056930541992,1,1.0128630339293707,1.0,1.0176141536356333,3.0,0.9854751505658064,30.0,1.1072241307573456,121.0,1.2293507976145452,461.0
1999-10-29 00:00:00-04:00,34.96752237567987,38.53964977863124,34.934750564643615,36.54056930541992,838400,WHR,37.26157379150391,1,1.0238751941900435,2.0,1.0503013792908957,3.0,1.0333157655907965,31.0,1.1600630411516029,121.0,1.2889784710248626,461.0
1999-11-01 00:00:00-05:00,36.83553996627123,37.72037944944679,36.76999630085082,37.26157379150391,480200,WHR,37.523738861083984,1,1.009769424786718,2.0,1.053168349036574,3.0,1.0527626254156452,32.0,1.181573955184794,121.0,1.3138589367913924,462.0
1999-11-02 00:00:00-05:00,37.29433609075421,38.57243723973436,37.22879244208856,37.523738861083984,519100,WHR,35.688499450683594,0,1.0035055689450407,2.0,1.0416668299242227,4.0,1.0592545212488684,32.0,1.1885924664566434,121.0,1.3225452674727656,462.0
1999-11-03 00:00:00-05:00,36.73719732251268,36.769969131007336,35.557412216704954,35.688499450683594,1083700,WHR,35.917911529541016,1,0.9749326143726792,1.0,0.981257637882441,4.0,1.0075407320852499,31.0,1.1296765391175854,120.0,1.2574046248161916,462.0
1999-11-04 00:00:00-05:00,35.852367895363024,36.40948878587597,35.45910609029505,35.917911529541016,386200,WHR,36.704437255859375,1,1.0032037924498238,1.0,0.9817269261930914,4.0,1.0142195130468679,31.0,1.136016817863152,121.0,1.265033919669462,462.0
1999-11-05 00:00:00-05:00,36.70443725585937,36.901068169730046,36.442262704031805,36.704437255859375,668700,WHR,36.14731597900391,0,1.0108303537337047,2.0,1.0023267849449014,4.0,1.0361245156408843,32.0,1.1598048654068247,122.0,1.2922419658508226,462.0
1999-11-08 00:00:00-05:00,36.63889325886343,36.671665077520736,35.95068506706009,36.14731597900391,383000,WHR,36.90105056762695,1,0.9923526716637913,1.0,0.9931568845027899,3.0,1.0205534984591782,31.0,1.1411281594606832,122.0,1.2721775171429752,461.0
1999-11-09 00:00:00-05:00,36.50778892747462,36.933822370972976,36.2456145007064,36.90105056762695,312800,WHR,36.01622772216797,0,1.0103182949086464,1.0,1.0173469986578247,3.0,1.0416874586424505,31.0,1.1636111285971211,123.0,1.2982382559569352,461.0
1999-11-10 00:00:00-05:00,36.769979530730176,36.90106680178447,35.983455904404394,36.01622772216797,251000,WHR,35.62296295166016,0,0.9878653884756582,1.0,0.9911616959569827,3.0,1.017193114979699,30.0,1.1345315729304413,123.0,1.2666906635252135,461.0
1999-11-11 00:00:00-05:00,35.88513747200356,36.14731199234696,35.52464750653137,35.62296295166016,348100,WHR,35.59019088745117,0,0.9945104799927413,0.0,0.9819331623345406,2.0,1.0065812828679426,30.0,1.121036092421397,123.0,1.2524819208321456,460.0
1999-11-12 00:00:00-05:00,35.754049961518625,35.983452665213065,34.967526405994846,35.59019088745117,265700,WHR,35.098628997802734,0,0.9995398032183348,0.0,0.987093284140306,1.0,1.0060885013911418,30.0,1.1189682264612715,122.0,1.2509409990713363,460.0
1999-11-15 00:00:00-05:00,35.19694448519154,35.32803180170995,34.67259521911792,35.098628997802734,504100,WHR,35.32801818847656,1,0.9930461154897426,0.0,0.9791556340572797,1.0,0.993079467069693,29.0,1.1026320575774786,121.0,1.2332878942719165,460.0
1999-11-16 00:00:00-05:00,35.229702738972456,36.14731360101081,35.06584365646561,35.32801818847656,232400,WHR,34.31208801269531,0,1.0032571363232314,1.0,0.9942814335525906,1.0,1.0007562543348685,29.0,1.1088896075899088,122.0,1.240965659462252,460.0
1999-11-17 00:00:00-05:00,35.00029608171785,35.19692695858144,34.017141697399936,34.31208801269531,358000,WHR,35.0330696105957,1,0.9854117084077026,1.0,0.9750417628442806,1.0,0.9737052070261448,28.0,1.0762314101365513,121.0,1.2049534105138677,459.0
1999-11-18 00:00:00-05:00,34.44317695110953,35.262472311507,34.410405136693626,35.0330696105957,586300,WHR,34.08268737792969,0,1.010396999914789,1.0,0.9988786188064219,2.0,0.9966580005703761,28.0,1.097996849065257,121.0,1.2299011934927615,460.0
1999-11-19 00:00:00-05:00,35.16415726588322,35.16415726588322,33.820512859637915,34.08268737792969,449900,WHR,33.75497055053711,0,0.9862494129547941,1.0,0.9802072684199588,2.0,0.9720297894240006,28.0,1.0675984100268923,120.0,1.1962352729899364,459.0
1999-11-22 00:00:00-05:00,34.082688711221934,34.541494136180695,33.72219873446863,33.75497055053711,311500,WHR,33.32892227172852,0,0.9951691016848172,0.0,0.9783434993237906,2.0,0.9650670486481135,28.0,1.0567373221198058,120.0,1.184468628020451,458.0
1999-11-23 00:00:00-05:00,33.68941208981014,33.68941208981014,33.165063263509595,33.32892227172852,262800,WHR,32.83735275268555,0,0.9936490227253603,0.0,0.9773204677038306,1.0,0.9550786026639645,28.0,1.0428298294625515,120.0,1.1692382074505023,458.0
1999-11-24 00:00:00-05:00,33.29615808056738,33.29615808056738,32.70626551614788,32.83735275268555,225900,WHR,33.19784927368164,1,0.9925706937732011,0.0,0.9713066445423543,1.0,0.9428959152094065,28.0,1.0270114225795979,119.0,1.1517151460653332,458.0
1999-11-26 00:00:00-05:00,32.83735930131195,33.32893653636153,32.804587485641974,33.19784927368164,165000,WHR,33.442989349365234,1,1.005459156782047,1.0,0.9927480685791298,1.0,0.9555702062760382,28.0,1.0377221089643247,120.0,1.1640634040911617,459.0
1999-11-29 00:00:00-05:00,33.047604253609194,34.036066992999295,32.88286046371084,33.442989349365234,213500,WHR,32.157997131347656,0,1.0036785262723091,2.0,1.0039196348434982,2.0,0.9645753272349359,29.0,1.0447095501022698,121.0,1.172353898476986,459.0
1999-11-30 00:00:00-05:00,33.31120399568901,33.344152763241624,32.157997131347656,32.157997131347656,283800,WHR,32.223880767822266,1,0.980411998554391,1.0,0.9746908597681089,2.0,0.9302789816951953,28.0,1.00417780059862,120.0,1.127079726563015,458.0
1999-12-01 00:00:00-05:00,32.38862453452892,33.04759960135555,32.09208575445694,32.223880767822266,358900,WHR,32.784019470214844,1,1.0010233257963956,1.0,0.983274354466474,3.0,0.935150716393218,28.0,1.0058479762288663,120.0,1.1291598248753107,458.0
1999-12-02 00:00:00-05:00,32.32273678420177,33.113507103081325,32.32273678420177,32.784019470214844,230300,WHR,32.586326599121094,0,1.0086164712341352,2.0,1.0006920433274968,4.0,0.9538498849374086,29.0,1.0228713931340596,120.0,1.1485226383031333,459.0
1999-12-03 00:00:00-05:00,33.0805580440016,33.673635777858195,32.487480310145,32.586326599121094,243400,WHR,32.619266510009766,1,0.9969758019808543,1.0,0.998384877124109,3.0,0.9500707414811711,29.0,1.0163604345751818,119.0,1.1413318657604803,459.0
1999-12-06 00:00:00-05:00,32.58631775595925,32.81695903431286,32.32272772355513,32.619266510009766,409800,WHR,32.48748016357422,0,1.0005051700217424,1.0,1.004464096926111,3.0,0.9525123850938216,30.0,1.0170283951848802,120.0,1.1421975918935625,460.0
1999-12-07 00:00:00-05:00,32.61927521494774,33.17940418328523,32.45453140073084,32.48748016357422,256900,WHR,31.729644775390625,0,0.9979758419339202,1.0,0.9983800177270992,3.0,0.9503568560293593,29.0,1.0125295929777864,120.0,1.137291995238394,460.0
1999-12-08 00:00:00-05:00,32.3886197447653,32.65220973251517,31.53195228457822,31.729644775390625,461100,WHR,32.25684356689453,1,0.988198858343411,0.0,0.9780618629299802,2.0,0.9301913639830852,29.0,0.9885478252798202,120.0,1.1105147873389294,459.0
1999-12-09 00:00:00-05:00,31.762612051569285,33.11351152679163,31.762612051569285,32.25684356689453,328300,WHR,31.33427047729492,0,1.0082392205786281,1.0,0.9975547695913537,2.0,0.9467794863515303,30.0,1.0045346325418076,121.0,1.1286939435616392,460.0
1999-12-10 00:00:00-05:00,32.256835748971326,32.48747706689043,31.037731639970367,31.33427047729492,339400,WHR,30.54350471496582,0,0.9854921068223695,1.0,0.9765866015609803,2.0,0.921441917228588,29.0,0.9754908024217948,121.0,1.0961786259892248,460.0
1999-12-13 00:00:00-05:00,31.33427506357335,31.33427506357335,29.98337571803549,30.54350471496582,418800,WHR,31.564912796020508,1,0.9872205204554929,0.0,0.9644195890003457,1.0,0.9003716393293807,28.0,0.9506041112425768,121.0,1.0683212677353517,459.0
1999-12-14 00:00:00-05:00,30.543501212850742,31.96029792498945,29.91747475864992,31.564912796020508,557800,WHR,32.25684356689453,1,1.016445566027729,1.0,1.0025115271435194,2.0,0.9322045401319525,29.0,0.9818610800020461,122.0,1.1038075620480774,460.0
1999-12-15 00:00:00-05:00,31.630816980815887,32.38863863764793,31.630816980815887,32.25684356689453,488800,WHR,32.32273864746094,1,1.010841612802685,2.0,1.0210681126977657,3.0,0.953450019149666,30.0,1.0027788032124012,122.0,1.1277367563314498,460.0
1999-12-16 00:00:00-05:00,32.289789882274945,32.38863617783293,32.02619976078699,32.32273864746094,369700,WHR,32.65220260620117,1,1.0010203701898797,2.0,1.0227273221050588,3.0,0.9563504404196985,30.0,1.0042130370207294,123.0,1.129786794848078,460.0
1999-12-17 00:00:00-05:00,32.355663934701866,33.34412617303288,32.355663934701866,32.65220260620117,530000,WHR,32.751075744628906,1,1.0050706311138322,2.0,1.0246065377230085,4.0,0.9667335408371325,31.0,1.013739025204732,124.0,1.1410547785280298,460.0
1999-12-20 00:00:00-05:00,32.68517820791939,33.17940973324075,32.55338313450036,32.751075744628906,316400,WHR,33.442989349365234,1,1.0015117459081695,2.0,1.0136653406977172,5.0,0.9694983474145601,32.0,1.0160486307385932,125.0,1.144243156365651,461.0
1999-12-21 00:00:00-05:00,32.8169629477515,33.739528171182265,32.8169629477515,33.442989349365234,311500,WHR,33.113494873046875,0,1.010452804246934,2.0,1.0231854191626146,5.0,0.9897646736811359,32.0,1.0366419360903136,126.0,1.1680968598261259,462.0
1999-12-22 00:00:00-05:00,33.31118737975163,33.34413613086909,32.38862234846276,33.113494873046875,210700,WHR,33.17939758300781,1,0.9950494008184494,1.0,1.0078217286380668,4.0,0.97997465990621,31.0,1.025694156252379,125.0,1.1562848263957786,462.0
1999-12-23 00:00:00-05:00,33.21234633929679,33.6406801710536,32.9817050452739,33.17939758300781,156700,WHR,33.3770751953125,1,1.0009941142635257,1.0,1.0045890251474698,4.0,0.9820291958522568,31.0,1.0269432364792883,126.0,1.1582722588886063,463.0
1999-12-27 00:00:00-05:00,33.179382745981925,33.67361386930837,32.981690296651344,33.3770751953125,166300,WHR,33.113494873046875,0,1.002970073443692,2.0,1.0061577137266955,4.0,0.9883038623524744,31.0,1.0323351833313277,126.0,1.1648324924563318,464.0
1999-12-28 00:00:00-05:00,33.37708488198655,33.54182863757385,33.113494873046875,33.113494873046875,194600,WHR,33.60773086547852,1,0.9960358239973783,1.0,0.9960356639926038,3.0,0.9806351653299893,31.0,1.0235046179656961,125.0,1.1553187523041988,463.0
1999-12-29 00:00:00-05:00,33.50888459822711,33.970167178733675,33.50888459822711,33.60773086547852,157300,WHR,34.233768463134766,1,1.007407477709845,1.0,1.0099011306063517,3.0,0.9948772724329746,32.0,1.0381293101018387,125.0,1.1722178508956982,464.0
1999-12-30 00:00:00-05:00,33.54184436522733,34.695051195073056,33.475946832093285,34.233768463134766,126000,WHR,34.29965591430664,1,1.0092279446039927,2.0,1.0218335819131146,4.0,1.012581025969985,33.0,1.0567605401998224,125.0,1.193686731175207,464.0
1999-12-31 00:00:00-05:00,34.1019633730138,34.46439969871733,33.77247580419242,34.29965591430664,136600,WHR,32.586326599121094,0,1.000961391492843,2.0,1.0169989025194548,4.0,1.0144377619196685,33.0,1.0580827835457407,125.0,1.1955915367463545,465.0
2000-01-03 00:00:00-05:00,33.90427711880243,33.970174644786496,32.520429073137024,32.586326599121094,294400,WHR,31.33427047729492,0,0.9743843291104891,1.0,0.9707500288930272,3.0,0.9635104562234096,33.0,1.0047507887518523,125.0,1.1355741122385938,464.0
2000-01-04 00:00:00-05:00,32.454528307187694,32.78401590421498,31.07068039967309,31.33427047729492,472600,WHR,31.795555114746094,1,0.9804123212377167,0.0,0.9434523615359444,3.0,0.9269967331965536,32.0,0.9657310298368785,125.0,1.0916899505821942,464.0
2000-01-05 00:00:00-05:00,31.334272449868948,32.0591452089616,31.268374926315072,31.795555114746094,419500,WHR,32.05914306640625,1,1.0073069208274406,1.0,0.9679037163747505,3.0,0.9413094913234167,32.0,0.9795536821185602,125.0,1.107473645462203,465.0
2000-01-06 00:00:00-05:00,31.729655470656954,32.48747694088033,31.46606539405752,32.05914306640625,266600,WHR,32.157997131347656,1,1.0041279335611668,2.0,0.9890221417499802,3.0,0.9496465963016116,33.0,0.9871588514715066,126.0,1.1163779510183856,465.0
2000-01-07 00:00:00-05:00,32.125048363795045,32.45453603932115,31.82850945582155,32.157997131347656,298400,WHR,32.553367614746094,1,1.0015393719595265,2.0,1.0053565661972306,3.0,0.9527710546740691,34.0,0.9896663897601171,127.0,1.1195343120393797,466.0
2000-01-10 00:00:00-05:00,32.289777593574065,33.04759890444366,32.22388008828106,32.553367614746094,212700,WHR,33.73951721191406,1,1.006109753440524,2.0,1.0179268210900931,4.0,0.9656205170785147,34.0,1.0011715048867091,128.0,1.1330007020887638,466.0
2000-01-11 00:00:00-05:00,32.68515729904175,34.0360559374094,32.68515729904175,33.73951721191406,309500,WHR,32.553367614746094,0,1.0178925626825484,2.0,1.0393825394969765,5.0,1.0007801128064635,35.0,1.0367938675295092,129.0,1.1739220458300972,467.0
2000-01-12 00:00:00-05:00,33.60772769943423,33.64067645208073,32.553367614746094,32.553367614746094,357100,WHR,32.388641357421875,0,0.9821074373174518,1.0,0.9981813541308691,4.0,0.9665152323520719,34.0,0.9997944866042501,128.0,1.132346942661122,467.0
2000-01-13 00:00:00-05:00,32.68518029151831,32.81697537333895,32.2897950460564,32.388641357421875,174500,WHR,32.25684356689453,0,0.997463486887281,0.0,0.9911276180082651,3.0,0.9622126291153649,34.0,0.9942208579450319,127.0,1.1263206162463961,467.0
2000-01-14 00:00:00-05:00,32.42158740533628,32.78402384990813,32.223894799206185,32.25684356689453,239500,WHR,31.26837730407715,0,0.9979612220299431,0.0,0.9864976691371755,2.0,0.9590085103953299,33.0,0.9897105600044314,126.0,1.1214660469950688,466.0
2000-01-18 00:00:00-05:00,31.630813711184476,31.79555753259689,31.23542853979467,31.26837730407715,233500,WHR,31.433107376098636,1,0.9844397823531367,0.0,0.9638433009652958,1.0,0.9302233688591516,33.0,0.9588554498216604,126.0,1.0869018958203145,465.0
2000-01-19 00:00:00-05:00,32.42156987220236,33.31118611869572,31.433107376098636,31.433107376098636,548000,WHR,31.367210388183597,0,1.0026272116659076,1.0,0.982896844457586,1.0,0.9362018277866349,33.0,0.9632824477945976,127.0,1.0924700666449916,465.0
2000-01-20 00:00:00-05:00,31.56490289063013,31.927339145115443,31.169517885737054,31.367210388183597,471900,WHR,30.3128604888916,0,0.9989506902152568,1.0,0.9881666020525421,1.0,0.9356068580284318,32.0,0.9606786872937517,126.0,1.090002091941859,465.0
2000-01-21 00:00:00-05:00,29.522090215268346,30.576450580099355,27.545164531210197,30.3128604888916,2453200,WHR,30.54350471496582,1,0.9829061496801252,0.0,0.9676063040221321,1.0,0.9059593446081892,32.0,0.9278881928613189,126.0,1.0532350079381754,464.0
2000-01-24 00:00:00-05:00,30.44465842138988,31.59786517977586,30.246965834238,30.54350471496582,894400,WHR,28.270038604736328,0,1.0037899770270802,1.0,0.9857509385924468,2.0,0.9144049216266427,33.0,0.9342502353949208,127.0,1.0611062833656426,465.0
2000-01-25 00:00:00-05:00,30.543503247774566,30.77414458837265,27.28157571645884,28.270038604736328,1122600,WHR,31.564912796020508,1,0.9613445138329576,1.0,0.9303840138212881,2.0,0.8491244388636833,32.0,0.8641865144806077,127.0,0.9820800517916394,464.0
2000-01-26 00:00:00-05:00,29.0278582184698,31.597861556767924,28.99490945772239,31.564912796020508,920900,WHR,29.88453865051269,0,1.055066046084271,1.0,1.0379198529759386,2.0,0.9504573556672337,32.0,0.9639160284031183,128.0,1.096362175465654,465.0
2000-01-27 00:00:00-05:00,31.43313106128899,31.76261880826267,29.752743551723224,29.88453865051269,895100,WHR,29.91746711730957,1,0.9726543670292989,1.0,0.9923416539749375,2.0,0.9032031052208269,31.0,0.9119448771966133,127.0,1.037885444728109,465.0
2000-01-28 00:00:00-05:00,29.19259456600912,30.87298093493289,29.19259456600912,29.91746711730957,375500,WHR,30.7082462310791,1,1.0005506247888192,1.0,0.9960505761564576,3.0,0.9076759907115228,31.0,0.9123541780348743,127.0,1.0389142665582378,466.0
2000-01-31 00:00:00-05:00,29.785680893664708,30.971836327483214,29.653885845462653,30.7082462310791,391500,WHR,31.4660701751709,1,1.0130436257174458,2.0,1.021257929641037,3.0,0.9340198366984014,32.0,0.9356256360950432,128.0,1.0662189499104469,467.0
2000-02-01 00:00:00-05:00,30.708248589800288,31.861455350146866,30.708248589800288,31.4660701751709,531500,WHR,30.37874984741211,0,1.0121886976471142,2.0,1.0246781648363046,4.0,0.9592345387361565,32.0,0.9578387369426324,128.0,1.0923405773095933,468.0
2000-02-02 00:00:00-05:00,31.334263671246116,31.36721242379211,30.345801094866108,30.37874984741211,468300,WHR,30.34579849243164,0,0.9824185707491468,1.0,0.9969720549614602,3.0,0.9290738707236326,31.0,0.9239925732541309,128.0,1.0544369801592919,468.0
2000-02-03 00:00:00-05:00,30.34579849243164,30.70823473935536,30.082208494668933,30.34579849243164,355000,WHR,29.719776153564453,0,0.9994573635229684,0.0,0.9928846649570344,3.0,0.9308186724587592,31.0,0.9221941612676872,128.0,1.0531481890101726,467.0
2000-02-04 00:00:00-05:00,30.477597496726297,30.675290021029387,29.686827399513938,29.719776153564453,300100,WHR,29.291444778442383,0,0.9895776850124763,0.0,0.973661407884776,2.0,0.9149753606838118,30.0,0.9024033841953348,128.0,1.0312982343966974,467.0
2000-02-07 00:00:00-05:00,29.71977861659733,30.181061211533432,28.99490596741203,29.291444778442383,495300,WHR,28.66542625427246,0,0.9927415266392201,0.0,0.9686206492449981,1.0,0.9049108877891096,30.0,0.8886517004539588,128.0,1.0163257227541673,467.0
2000-02-08 00:00:00-05:00,29.42324786789116,29.62094046274821,28.66542625427246,28.66542625427246,372300,WHR,28.96195411682129,1,0.9891985451765235,0.0,0.9658084678039703,0.0,0.8887549181502669,30.0,0.8691119519965715,127.0,0.9945237343729617,466.0
2000-02-09 00:00:00-05:00,29.027851623344205,29.19259538965149,28.830159103775458,28.96195411682129,355200,WHR,28.66542625427246,0,1.005145607186017,1.0,0.9852050339052928,1.0,0.901034706083779,31.0,0.8774431583189514,128.0,1.0047318624313124,466.0
2000-02-10 00:00:00-05:00,28.994913912367547,29.225555273034107,28.533631191034427,28.66542625427246,288900,WHR,27.808752059936523,0,0.9948543928139831,1.0,0.986394759187042,1.0,0.8947942177546542,31.0,0.8677578351686868,128.0,0.9943638964905377,466.0
2000-02-11 00:00:00-05:00,28.9619586027064,29.192599911260377,27.74285454320681,27.808752059936523,253400,WHR,27.90758514404297,1,0.9848306921869743,0.0,0.9696690699057563,1.0,0.8714621273193307,30.0,0.8411765970889103,128.0,0.9645911600335615,466.0
2000-02-14 00:00:00-05:00,27.28155903101249,28.40181628590914,26.622584175190934,27.90758514404297,741400,WHR,27.775798797607425,0,1.00177386183418,1.0,0.9825981761280066,2.0,0.8774945817830605,31.0,0.843506725419644,129.0,0.9679659622117961,466.0
2000-02-15 00:00:00-05:00,27.97349131573986,28.500671364093023,27.38041376134255,27.775798797607425,711000,WHR,28.467729568481445,1,0.9976332913500078,1.0,0.9841232280110245,2.0,0.8766850115934992,30.0,0.8389696627327207,128.0,0.9633617961230314,465.0
2000-02-16 00:00:00-05:00,27.973498152361973,28.533627090630706,27.940549391287345,28.467729568481445,493300,WHR,30.049264907836918,1,1.0123024068897357,1.0,1.0121838397335141,2.0,0.9011862294466786,31.0,0.8591640175621326,129.0,0.9872923555406619,466.0
2000-02-17 00:00:00-05:00,28.467724649529707,30.80708628160912,28.467724649529707,30.049264907836918,575000,WHR,28.73130989074707,0,1.027026940694904,2.0,1.0580046792312479,3.0,0.9531154559834432,32.0,0.9060493088636639,129.0,1.042014988147674,466.0
2000-02-18 00:00:00-05:00,29.719772386988367,29.88451613636192,28.63246364112294,28.73130989074707,487000,WHR,28.76425170898437,1,0.9775783918138617,1.0,1.0050713816760766,3.0,0.9135323198739358,32.0,0.8656033993724674,129.0,0.9962409198412564,465.0
2000-02-22 00:00:00-05:00,28.73130296704968,29.12668787026596,28.599507999310923,28.76425170898437,473400,WHR,28.56657600402832,0,1.0005729454121455,1.0,1.000228834047747,3.0,0.9165580750267013,33.0,0.8659247244353628,129.0,0.9973146184132116,465.0
2000-02-23 00:00:00-05:00,28.764268571530245,28.961961139032173,28.533627242778,28.56657600402832,467700,WHR,28.599529266357425,1,0.9965520172507262,1.0,0.9879218249908338,3.0,0.9125035907560783,32.0,0.8593556600174378,128.0,0.9904098653852612,464.0
2000-02-24 00:00:00-05:00,28.56658049992153,28.83017063140869,27.70991257258824,28.599529266357425,673400,WHR,28.31570243835449,0,1.0005764475675445,1.0,0.9881606356540095,3.0,0.9159179876983822,32.0,0.8595913463599607,129.0,0.9914836895248755,465.0
2000-02-25 00:00:00-05:00,28.580954920212616,28.879363962303003,28.282545878122228,28.31570243835449,699900,WHR,28.448335647583008,1,0.9950131657290707,1.0,0.9902162340553264,2.0,0.9086918588168169,32.0,0.8504886958006781,128.0,0.981612327053847,464.0
2000-02-28 00:00:00-05:00,28.580961920998316,28.647275057705965,28.05045682733709,28.448335647583008,291900,WHR,28.81304359436035,1,1.0023365710703618,1.0,0.996827367836099,3.0,0.9147955688304092,32.0,0.853888369887363,128.0,0.9861903624275721,464.0
2000-02-29 00:00:00-05:00,28.183069108407707,29.17776566517504,28.183069108407707,28.81304359436035,486000,WHR,28.348859786987305,0,1.0063691785214668,2.0,1.0092616050500183,3.0,0.928499292747881,32.0,0.8642167390429504,128.0,0.9988088642354072,464.0
2000-03-01 00:00:00-05:00,28.813051643148498,28.87936476545724,27.45363263581928,28.348859786987305,317000,WHR,27.321008682250977,0,0.991879490011445,1.0,0.9945190723125837,3.0,0.9156248295802876,32.0,0.8498031266336633,127.0,0.9827075454010863,464.0
2000-03-02 00:00:00-05:00,28.216235908489782,28.31570560029409,27.12206929864235,27.321008682250977,353200,WHR,27.685731887817383,1,0.9815366708598514,0.0,0.9671362338559033,2.0,0.8849507729472237,31.0,0.8186835882373629,126.0,0.9471030769756676,463.0
2000-03-03 00:00:00-05:00,27.35416623646628,28.249393495114266,27.221539975925836,27.685731887817383,543900,WHR,27.752042770385746,1,1.0066305184016824,1.0,0.9844377246179473,3.0,0.8990951138162885,32.0,0.8293128797135153,126.0,0.9597704847791684,463.0
2000-03-06 00:00:00-05:00,27.652573083036685,28.01729526998321,27.652573083036685,27.752042770385746,321400,WHR,26.757343292236328,0,1.001196131752712,2.0,0.9917062094457816,3.0,0.903193027725153,33.0,0.8309115602294602,127.0,0.9620971341492051,463.0
2000-03-07 00:00:00-05:00,27.61941383201098,28.448327812563534,26.657873614570025,26.757343292236328,329400,WHR,26.326303482055664,0,0.9817517761618766,1.0,0.9704183776866931,2.0,0.8734258884912727,32.0,0.800823665784934,127.0,0.9276508527136789,463.0
2000-03-08 00:00:00-05:00,26.92312144512493,27.055747659140327,25.795798625994088,26.326303482055664,392600,WHR,27.420482635498047,1,0.991879988727726,0.0,0.9690014916480012,2.0,0.8617034285421289,32.0,0.7877117365168841,126.0,0.9127596451848775,462.0
2000-03-09 00:00:00-05:00,26.326315855605134,27.68573518819936,26.09421987199149,27.420482635498047,583700,WHR,26.55841445922852,0,1.0203580387308968,1.0,1.0085368019335423,3.0,0.8990494264724785,33.0,0.82024449183238,126.0,0.9507006996684862,463.0
2000-03-10 00:00:00-05:00,27.55311162998614,27.81836420885484,26.26000530800123,26.55841445922852,276400,WHR,26.293161392211918,0,0.9840295333423227,1.0,0.9849978077767547,2.0,0.8731732206238624,32.0,0.7942774881029021,126.0,0.9208419777387018,463.0
2000-03-13 00:00:00-05:00,26.260004820468897,26.85682311184319,25.994752246524765,26.293161392211918,388000,WHR,25.92842674255371,0,0.9949811701402774,0.0,0.9858281406373371,1.0,0.8672865317215358,31.0,0.7861919607152037,126.0,0.9116681087259567,463.0
2000-03-14 00:00:00-05:00,26.42577508160525,26.75734064097295,25.92842674255371,25.92842674255371,409500,WHR,28.68043327331543,1,0.9930156346697663,0.0,0.9782334196216139,1.0,0.8582727536866663,30.0,0.775202460578002,125.0,0.899066969971824,462.0
2000-03-15 00:00:00-05:00,26.061064222920148,29.90722637286765,26.061064222920148,28.68043327331543,650600,WHR,31.001384735107425,1,1.0503948723698315,1.0,1.0631760812304385,2.0,0.9514534337983556,30.0,0.8571501169739966,125.0,0.9944500424228627,462.0
2000-03-16 00:00:00-05:00,29.70827884776069,31.100854418749478,29.409869796834524,31.001384735107425,844400,WHR,30.271944046020508,0,1.0388887527096518,2.0,1.1194921675963527,2.0,1.02944528370178,30.0,0.9258426032123594,126.0,1.0747615201652387,463.0
2000-03-17 00:00:00-05:00,30.9682319156442,31.697676350488067,30.23878748080033,30.271944046020508,581700,WHR,30.17246437072754,0,0.9880952984994088,1.0,1.0645988916409972,2.0,1.0069904161130239,29.0,0.9035901545940624,125.0,1.0493352450227424,463.0
2000-03-20 00:00:00-05:00,30.33824714199527,30.603499576023644,29.24408085162823,30.17246437072754,486600,WHR,32.02922821044922,1,0.9983541955674861,0.0,1.0329169155630538,2.0,1.0053204659842896,29.0,0.9001794050010136,124.0,1.045735667897723,463.0
2000-03-21 00:00:00-05:00,30.17246135766955,32.85814198401157,30.106148255784564,32.02922821044922,611700,WHR,30.57034683227539,0,1.0298506963825542,1.0,1.052516595187218,3.0,1.0678682933016443,29.0,0.9549656448906451,124.0,1.109914463830797,463.0
2000-03-22 00:00:00-05:00,31.498730467095037,31.631356700640698,29.907215664547078,30.57034683227539,451700,WHR,30.769296646118164,1,0.9766950274474206,1.0,0.9922514123781028,2.0,1.0208206564702107,28.0,0.9111412277417698,123.0,1.0592492648752243,462.0
2000-03-23 00:00:00-05:00,30.702983506794634,31.36611490002994,30.23879153152992,30.769296646118164,237600,WHR,30.139312744140625,0,1.003243413273389,1.0,1.0002158664386924,2.0,1.028806316842243,29.0,0.9167413034109598,123.0,1.0660110838192345,463.0
2000-03-24 00:00:00-05:00,30.769287377956548,31.43241857144699,30.106156184466105,30.139312744140625,301200,WHR,29.973541259765625,0,0.9896568989460742,1.0,0.9805825580108056,2.0,1.0096936687201807,28.0,0.8976225970105902,123.0,1.0440876267026291,462.0
2000-03-27 00:00:00-05:00,30.172480692905665,30.868768708895796,29.973541259765625,29.973541259765625,311300,WHR,29.807750701904297,0,0.9972423288309648,0.0,0.9764530964347136,2.0,1.0065344102558653,27.0,0.8925012737643641,122.0,1.0382713097607497,461.0
2000-03-28 00:00:00-05:00,29.641967883762447,30.702977919870275,29.575654756505703,29.807750701904297,240600,WHR,31.26664352416992,1,0.9972267150404239,0.0,0.9853134270150259,1.0,1.0034898370321284,26.0,0.8873269879313931,122.0,1.032456781376709,461.0
2000-03-29 00:00:00-05:00,29.67512826525141,31.66452233889955,29.575658561569004,31.26664352416992,320500,WHR,31.66451644897461,1,1.0238871435525885,1.0,1.0288021338489868,2.0,1.05338403655456,27.0,0.9302767788278616,123.0,1.0828566553242818,462.0
2000-03-30 00:00:00-05:00,31.332950831707866,32.89130923286159,31.299794269981184,31.66451644897461,359800,WHR,31.100860595703125,0,1.0063223516772053,2.0,1.0357916545969141,2.0,1.0665907297591126,28.0,0.9417091459211726,123.0,1.0965056246404798,462.0
2000-03-31 00:00:00-05:00,31.79714851948752,32.12871419748009,31.100860595703125,31.100860595703125,325300,WHR,31.49873924255371,1,0.9910196372616346,1.0,1.0109937847392925,2.0,1.0480132177279888,27.0,0.9245527868954861,123.0,1.0768864263853515,461.0
2000-04-03 00:00:00-04:00,31.20033013394005,32.52659283888968,31.167173566316308,31.49873924255371,480700,WHR,32.924461364746094,1,1.0063559295567162,1.0,1.0138741236306517,3.0,1.0617548014178269,27.0,0.9359675654623426,123.0,1.0905396661307112,462.0
2000-04-04 00:00:00-04:00,32.06239087584036,33.95231463997986,31.797138417715512,32.924461364746094,563600,WHR,32.1618537902832,0,1.0221305695580551,2.0,1.0389200532605192,4.0,1.1093351527683435,27.0,0.9776935206717342,124.0,1.1396985909315387,463.0
2000-04-05 00:00:00-04:00,32.626045494472855,33.488115802253645,32.09554068968468,32.1618537902832,315800,WHR,32.22816848754883,1,0.9882831349009936,1.0,1.0091549015333785,3.0,1.0838786527002662,26.0,0.9544450738257501,124.0,1.113134962735095,462.0
2000-04-06 00:00:00-04:00,32.02922917589729,32.85814297444536,31.896602968129603,32.22816848754883,361400,WHR,31.929763793945312,0,1.0010298908886766,1.0,1.0076713628356329,3.0,1.0870362854983533,26.0,0.9557470651332272,125.0,1.1152826538420249,462.0
2000-04-07 00:00:00-04:00,32.161859688605354,32.26132935774537,31.399258891865223,31.929763793945312,202900,WHR,32.62605667114258,1,0.995348904134032,1.0,0.9931930609729487,3.0,1.0773489574191562,26.0,0.9463159507295723,124.0,1.1048375407835223,461.0
2000-04-10 00:00:00-04:00,31.896612314673945,32.8913091644039,31.830299191358613,32.62605667114258,229200,WHR,32.526588439941406,0,1.010785903922851,1.0,1.0077838813919124,3.0,1.1006957682449774,27.0,0.9664647061126287,124.0,1.1287871292469698,461.0
2000-04-11 00:00:00-04:00,32.75868438191856,33.38865908157084,32.32764906110384,32.526588439941406,268900,WHR,33.88600158691406,1,0.9984733047901343,1.0,1.0071870535938823,2.0,1.0971736272799049,27.0,0.9633513502133069,123.0,1.1252181933096677,460.0
2000-04-12 00:00:00-04:00,32.6592089658614,34.217567160171534,32.6592089658614,33.88600158691406,426600,WHR,33.95231246948242,1,1.0204692084200142,1.0,1.0381958310281825,3.0,1.1413491760785144,28.0,1.003556013174772,123.0,1.1720452806707604,461.0
2000-04-13 00:00:00-04:00,33.95231246948242,34.35019113123417,33.819686248898506,33.95231246948242,499100,WHR,32.62605667114258,0,1.000977484235726,2.0,1.0293525234370855,3.0,1.141967691538859,28.0,1.0053963101458898,124.0,1.174145418345565,461.0
2000-04-14 00:00:00-04:00,34.084945384079845,34.15125850739518,32.42711730119659,32.62605667114258,455900,WHR,32.36079406738281,0,0.980079779431987,1.0,0.9849850423260057,3.0,1.096585958706403,28.0,0.9663680707844505,123.0,1.1281371281787829,461.0
2000-04-17 00:00:00-04:00,32.5597333751741,33.023925093353775,32.128698208292974,32.36079406738281,298300,WHR,31.929763793945312,0,0.9959182111343254,0.0,0.9785440261228437,2.0,1.0864239301021203,28.0,0.9587104966830859,123.0,1.1188375946874638,460.0
2000-04-18 00:00:00-04:00,32.36079902688538,32.36079902688538,31.49872856100524,31.929763793945312,377700,WHR,30.802433013916016,0,0.9932955897759168,0.0,0.9690078490344741,2.0,1.0711224533445625,27.0,0.946175152265436,123.0,1.1038099728372204,460.0
2000-04-19 00:00:00-04:00,32.1618514784699,32.36079076596559,30.371397891008684,30.802433013916016,662900,WHR,32.758689880371094,1,0.9820294707121109,0.0,0.9526249117621249,1.0,1.0318438249113746,27.0,0.9131908654811082,122.0,1.0647655620898442,459.0
2000-04-20 00:00:00-04:00,30.76929575808135,33.38866468576284,30.76929575808135,32.758689880371094,625200,WHR,34.01862716674805,1,1.030777569328167,1.0,1.0206615074979541,1.0,1.0966451215319788,27.0,0.9714447868439563,122.0,1.1322206772496832,460.0
2000-04-24 00:00:00-04:00,32.692364899038566,34.94701075414468,32.659208342345835,34.01862716674805,518800,WHR,35.34489822387695,1,1.0188677434507876,2.0,1.0507988649488504,2.0,1.136202627721406,28.0,1.008970857296986,122.0,1.17553432505484,461.0
2000-04-25 00:00:00-04:00,34.54914066536565,35.77593356807057,34.18441845104797,35.34489822387695,701100,WHR,35.145938873291016,0,1.0191205831834516,2.0,1.0720034052522012,3.0,1.1769435169930902,28.0,1.048356241116024,122.0,1.2210615397103988,462.0
2000-04-26 00:00:00-04:00,35.311721603825404,35.84222634153546,34.61543413558096,35.145938873291016,657900,WHR,34.151248931884766,0,0.9971775147128459,1.0,1.045570776765613,3.0,1.1674431878707008,27.0,1.0423717517713138,122.0,1.2138852989666977,462.0
2000-04-27 00:00:00-04:00,34.21756203660687,34.847536531466886,33.985466170079505,34.151248931884766,503000,WHR,34.54914855957031,1,0.985646027307735,0.0,0.9961313689999646,3.0,1.1327187021463547,26.0,1.0131163174377726,121.0,1.1792914181295464,461.0
2000-04-28 00:00:00-04:00,34.28389597945845,35.47753258996184,34.21758283443048,34.54914855957031,545500,WHR,35.54384231567383,1,1.0057918096869096,1.0,0.9973204819124271,3.0,1.143280429881981,27.0,1.0250373378130295,122.0,1.1927710523600759,462.0
2000-05-01 00:00:00-04:00,35.24543319175493,36.07434742486299,34.78124122121441,35.54384231567383,476300,WHR,35.27859115600586,0,1.014191058816051,2.0,1.0170780516822429,3.0,1.172833927750254,28.0,1.0545367419647198,123.0,1.2268011251283906,463.0
2000-05-02 00:00:00-04:00,35.57700029172395,36.24013170443083,34.980182020287764,35.27859115600586,504000,WHR,35.67646026611328,1,0.9962547014178207,1.0,1.0098711747109583,2.0,1.1605336676278217,28.0,1.0467928677537377,122.0,1.2173387597668148,463.0
2000-05-03 00:00:00-04:00,34.947015911229926,36.17380868989739,34.947015911229926,35.67646026611328,509600,WHR,34.48283004760742,0,1.005607340170053,1.0,1.0181679393734155,3.0,1.1695278847298378,29.0,1.058614540253091,123.0,1.2307327158065142,464.0
2000-05-04 00:00:00-04:00,35.61015333762536,35.97487557851351,34.48283004760742,34.48283004760742,329300,WHR,35.44436264038086,1,0.9829868544398257,1.0,0.9822440231436422,3.0,1.1268174337013122,29.0,1.0234239031791146,122.0,1.189273795740469,464.0
2000-05-05 00:00:00-04:00,34.35019616036911,35.94171104038621,34.18441336036732,35.44436264038086,263500,WHR,33.55442810058594,0,1.0137504818342093,1.0,1.0045102557804444,3.0,1.1541632780121862,29.0,1.0520874596800158,122.0,1.2221182756166769,464.0
2000-05-08 00:00:00-04:00,35.576977620482914,35.64329071949593,33.35548880354689,33.55442810058594,399300,WHR,33.68706130981445,1,0.9726091643128927,1.0,0.9617939758692833,2.0,1.0897305530427335,29.0,0.9963241697436679,122.0,1.156701721693922,464.0
2000-05-09 00:00:00-04:00,34.21756621233122,34.66517972382974,33.18971296370499,33.68706130981445,445100,WHR,32.82499313354492,0,1.001972490651107,1.0,0.9744867818956111,3.0,1.0905680659253978,30.0,1.0007648350329588,122.0,1.1610280358909055,464.0
2000-05-10 00:00:00-04:00,33.75337677772599,34.08494236493352,32.725523457382664,32.82499313354492,298800,WHR,34.84756088256836,1,0.9870389182309253,1.0,0.9654768946185679,2.0,1.0598478836308547,29.0,0.9755829243499357,122.0,1.1311085304553168,464.0
2000-05-11 00:00:00-04:00,33.02394922839018,35.079656911281944,32.957636077329155,34.84756088256836,291500,WHR,33.8197135925293,0,1.0298875634063087,1.0,1.0227719807640365,3.0,1.1208866434839415,30.0,1.0357849230353726,123.0,1.2005040725688576,464.0
2000-05-12 00:00:00-04:00,34.78125446917964,34.847567633086555,33.68708726471545,33.8197135925293,252400,WHR,34.5159797668457,1,0.9850314826400774,1.0,1.0021620507363107,2.0,1.0847132950839309,29.0,1.0053169551942343,123.0,1.1648451547689789,464.0
2000-05-15 00:00:00-04:00,33.753378869019144,34.58229288839584,33.52128294359367,34.5159797668457,304000,WHR,34.73064041137695,1,1.010188909193542,1.0,1.0169986440478163,3.0,1.1044079120384875,29.0,1.026017814253587,123.0,1.1885287001793188,465.0
2000-05-16 00:00:00-04:00,34.49732516869016,35.79722437794515,34.49732516869016,34.73064041137695,321300,WHR,33.63071823120117,0,1.00309994399696,2.0,1.017068837145393,3.0,1.1077323931516432,30.0,1.0323482462362865,124.0,1.1956120200281934,466.0
2000-05-17 00:00:00-04:00,34.397325287016464,34.53064825324521,33.397403040300865,33.63071823120117,289400,WHR,34.597320556640625,1,0.9839101767136221,1.0,0.9802324207592672,3.0,1.0698827081183147,29.0,0.9998673631111618,123.0,1.1575043463685295,465.0
2000-05-18 00:00:00-04:00,34.13069002890173,35.06395108437951,33.997367020976334,34.597320556640625,246400,WHR,33.030765533447266,0,1.014167230109679,1.0,1.0098790765822183,3.0,1.097124771812509,30.0,1.0285950832661903,124.0,1.1904789631535921,466.0
2000-05-19 00:00:00-04:00,33.99735705763493,34.030687799848295,32.86411182238043,33.030765533447266,576800,WHR,32.59744644165039,0,0.9768357332912462,1.0,0.9686133338690891,3.0,1.0449999399636314,29.0,0.9822396997504184,123.0,1.1363480981014047,466.0
2000-05-22 00:00:00-04:00,33.06407655431205,33.43071449997479,32.33080066298658,32.59744644165039,352900,WHR,32.93076705932617,1,0.9933973655725788,0.0,0.9667847308467508,2.0,1.0289678450475996,29.0,0.9694773105736771,123.0,1.1212154582516765,466.0
2000-05-23 00:00:00-04:00,32.73078264398614,33.56405104123629,32.73078264398614,32.93076705932617,200300,WHR,33.39740753173828,1,1.0050866733559096,1.0,0.9872101404924216,2.0,1.0370438546978522,29.0,0.9794002581353103,124.0,1.1323903069119783,467.0
2000-05-24 00:00:00-04:00,32.86411559510374,33.93069946837283,32.26416216638988,33.39740753173828,364400,WHR,32.530792236328125,0,1.007035328128493,2.0,1.0026017465679655,3.0,1.0492145583528898,29.0,0.9933104899290327,124.0,1.148121923820563,468.0
2000-05-25 00:00:00-04:00,33.26406829083552,33.73069850734023,32.197484938824765,32.530792236328125,355600,WHR,31.464210510253903,0,0.9868551651879032,1.0,0.9888549512843742,2.0,1.0197560084472206,29.0,0.9677150606670781,123.0,1.118056676593767,468.0
2000-05-26 00:00:00-04:00,32.53079391738116,32.53079391738116,31.264226121417547,31.464210510253903,498200,WHR,32.3641357421875,1,0.9833333591640295,0.0,0.9656300651315151,2.0,0.984191013065188,29.0,0.9363411474168046,122.0,1.081154489000609,468.0
2000-05-30 00:00:00-04:00,32.0641592008078,32.49745864946737,31.63085975214824,32.3641357421875,337400,WHR,30.23098564147949,0,1.0140991469272036,1.0,0.9946730058263904,3.0,1.0098773278406663,29.0,0.9634546363817026,122.0,1.1117982179318677,468.0
2000-05-31 00:00:00-04:00,31.99751512218337,32.39748406121066,30.230985641479496,30.23098564147949,516300,WHR,30.1643123626709,0,0.9659214639487125,1.0,0.9447919262030313,2.0,0.942100824533968,28.0,0.9004677281336472,122.0,1.0383212372031385,468.0
2000-06-01 00:00:00-04:00,30.36429675402562,30.53095041348789,30.064320166993536,30.1643123626709,666900,WHR,31.86418342590332,1,0.9988960518283392,0.0,0.9621517909648867,1.0,0.9383625809498446,28.0,0.8990910728009229,121.0,1.035838962093275,467.0
2000-06-02 00:00:00-04:00,30.397631050652542,32.59745961352871,30.330969579050237,31.86418342590332,378800,WHR,31.130905151367188,0,1.027404679762451,1.0,1.0207132708233857,2.0,0.9884048506217027,29.0,0.9501951977901802,122.0,1.0939408845927328,468.0
2000-06-05 00:00:00-04:00,31.86418128983622,32.230819359070736,30.53095194716525,31.130905151367188,330500,WHR,29.489376068115234,0,0.9883597548460197,1.0,0.9993579861099333,2.0,0.963810242893815,28.0,0.9287180142264626,122.0,1.0685149398278087,468.0
2000-06-06 00:00:00-04:00,30.86426927276034,30.89760001711537,29.0977398219436,29.489376068115234,926500,WHR,28.764419555664062,0,0.9729211239171158,0.0,0.9644630380450395,1.0,0.9116099450664674,28.0,0.8801409839380662,122.0,1.0119953508887791,467.0
2000-06-07 00:00:00-04:00,29.76434144056548,29.997656547042475,28.49777371969035,28.764419555664062,724900,WHR,28.897748947143555,1,0.9875552055503274,0.0,0.949865012048631,1.0,0.8880685203276008,28.0,0.8588827770585253,122.0,0.9869606528214786,467.0
2000-06-08 00:00:00-04:00,28.831087473217043,29.397710001592404,28.831087473217043,28.897748947143555,186000,WHR,28.997737884521484,1,1.0023122507346043,1.0,0.9623175805288201,2.0,0.8908238166403676,29.0,0.863345518675558,122.0,0.9913720055059326,468.0
2000-06-09 00:00:00-04:00,29.26438375012628,29.531029615731075,28.63109981931489,28.997737884521484,330500,WHR,29.46437263488769,1,1.0017270592726624,2.0,0.9844412325823374,2.0,0.8937604462096309,29.0,0.8667893455320758,123.0,0.9946328319462052,469.0
2000-06-12 00:00:00-04:00,28.99774229904106,30.13098740038289,28.99774229904106,29.46437263488769,378100,WHR,28.497783660888672,0,1.0079818320998055,2.0,1.0117310981792658,3.0,0.9088605329371725,29.0,0.8812802773222077,123.0,1.0104398312228358,470.0
2000-06-13 00:00:00-04:00,29.331052188984835,29.497705894604067,28.43112217864098,28.497783660888672,900100,WHR,28.6977596282959,1,0.9833237920089343,1.0,0.9852502146692774,3.0,0.8798475551175156,29.0,0.8529702702107322,123.0,0.9771484661874332,469.0
2000-06-14 00:00:00-04:00,28.56443670319348,29.864335222942078,28.464444509366665,28.6977596282959,450100,WHR,28.464452743530277,0,1.0034963557631777,1.0,0.9926214821865904,4.0,0.886694521336954,30.0,0.8594939160198432,124.0,0.9838520703632011,470.0
2000-06-15 00:00:00-04:00,28.69776792995265,28.93108311637503,27.997822370685512,28.464452743530277,408500,WHR,27.46453094482422,0,0.9959185119839656,1.0,0.9875116810492797,3.0,0.8811033381695927,29.0,0.8531314316477162,123.0,0.9757053148322267,470.0
2000-06-16 00:00:00-04:00,28.39779170508524,28.43112244652313,27.0312313061316,27.46453094482422,479100,WHR,26.997901916503903,0,0.9821215811058219,0.0,0.9630669364682669,2.0,0.8515156416106167,29.0,0.823958275899601,122.0,0.9413407210899292,469.0
2000-06-19 00:00:00-04:00,27.331209347571853,27.531193806212624,26.66459448543596,26.997901916503903,748800,WHR,26.43128204345703,0,0.9914320935770818,0.0,0.9633683247426089,1.0,0.8386826241783714,28.0,0.8107824248577853,122.0,0.9252895559572643,468.0
2000-06-20 00:00:00-04:00,27.197889214957048,27.197889214957048,26.23129756393529,26.43128204345703,576300,WHR,25.93132209777832,0,0.989394936792007,0.0,0.9572671947108379,1.0,0.8226600852454078,28.0,0.7944877281333678,122.0,0.9058218431096333,468.0
2000-06-21 00:00:00-04:00,26.531275565336173,26.63126780992915,25.864660601383,25.93132209777832,437900,WHR,26.964569091796875,1,0.990451965598766,0.0,0.9583642508536789,0.0,0.8087950238646324,28.0,0.7802311645163483,121.0,0.8886410463843805,468.0
2000-06-22 00:00:00-04:00,25.99797761631837,27.53119168087048,25.964646875784627,26.964569091796875,601000,WHR,27.43120002746582,1,1.01953359648135,1.0,1.0077228672300245,1.0,0.8422667309470078,29.0,0.8121503342867925,121.0,0.9239584977167448,469.0
2000-06-23 00:00:00-04:00,26.964569650327885,27.66451521603479,26.66459297931064,27.43120002746582,361500,WHR,26.3979549407959,0,1.0085784417285444,2.0,1.025417311866888,2.0,0.8585567505513304,29.0,0.8271090064378567,121.0,0.939854062087834,469.0
2000-06-26 00:00:00-04:00,27.431208227619983,27.86450799306234,26.3979549407959,26.3979549407959,370100,WHR,27.66452407836914,1,0.980805102972931,1.0,0.9912392184954893,2.0,0.828493768477355,28.0,0.7971299906762453,120.0,0.9043869977331949,469.0
2000-06-27 00:00:00-04:00,26.86458603272955,27.931170093582335,26.86458603272955,27.66452407836914,265600,WHR,27.38953971862793,0,1.0234278775326644,1.0,1.0292660371539757,3.0,0.8698082111724013,29.0,0.8363713540603677,121.0,0.9476614134055051,470.0
2000-06-28 00:00:00-04:00,27.99782581520835,28.29780252037129,27.131226444737617,27.38953971862793,305800,WHR,27.131221771240234,0,0.9950051941532387,1.0,1.008096640758268,3.0,0.8630206992058279,28.0,0.8290731239178196,121.0,0.9381377112110192,469.0
2000-06-29 00:00:00-04:00,27.397867685453896,28.164474688818174,27.131221771240234,27.131221771240234,421700,WHR,24.864734649658203,0,0.9952620260552358,0.0,0.9973654879666861,2.0,0.8574900944092918,27.0,0.822265067429963,121.0,0.929193202553018,469.0
2000-06-30 00:00:00-04:00,26.26462587658266,27.397871155521504,24.856401963783654,24.864734649658203,1455400,WHR,26.931232452392575,1,0.9564103196172563,0.0,0.931626524122602,1.0,0.7888894422080963,27.0,0.7547142907725783,120.0,0.8515495596644198,468.0
2000-07-03 00:00:00-04:00,25.198034324268303,27.16454758502469,25.198034324268303,26.931232452392575,417100,WHR,26.63125991821289,0,1.0398968861545312,1.0,1.0050373434956281,2.0,0.8568537240021331,27.0,0.8184803819267703,120.0,0.9222337711024052,469.0
2000-07-05 00:00:00-04:00,26.997898039740228,27.497859114550234,26.597929179892223,26.63125991821289,396900,WHR,27.19788932800293,1,0.9943995784941421,1.0,1.0015668614716704,1.0,0.849697043199796,27.0,0.8104490108636426,119.0,0.9118898146202046,468.0
2000-07-06 00:00:00-04:00,26.49794364676756,27.531196795257863,26.49794364676756,27.19788932800293,431600,WHR,26.931232452392575,0,1.0105264418577053,1.0,1.0243537036822858,2.0,0.8702880251505714,27.0,0.8287534751875625,119.0,0.931183320648202,469.0
2000-07-07 00:00:00-04:00,27.197878318257853,27.63117785028892,26.664586586527307,26.931232452392575,247800,WHR,28.03115463256836,1,0.9950736892297607,1.0,1.0158409120370495,2.0,0.8643346477776961,27.0,0.8216325673844986,119.0,0.9219526553194447,469.0
2000-07-10 00:00:00-04:00,27.031232350788272,28.231139088924373,27.031232350788272,28.03115463256836,278800,WHR,28.63109397888184,1,1.020012270909477,1.0,1.0326622011841031,3.0,0.9024620045445985,27.0,0.8562932084173193,119.0,0.959465663943809,470.0
2000-07-11 00:00:00-04:00,27.731164366041543,28.664424705283327,27.731164366041543,28.63109397888184,337000,WHR,28.431121826171875,0,1.010587990434821,2.0,1.0417168523948053,3.0,0.9244164923055019,27.0,0.8755636730464912,120.0,0.9798282252939844,471.0
2000-07-12 00:00:00-04:00,28.39779108546124,28.46445256688251,27.731176271248533,28.431121826171875,543200,WHR,28.83109474182129,1,0.9964955417540542,1.0,1.0210678380060072,3.0,0.9200368290934304,27.0,0.870401716905741,120.0,0.9728261500434108,470.0
2000-07-13 00:00:00-04:00,28.397795052059813,28.83109474182129,28.131149089129675,28.83109474182129,480700,WHR,28.39780044555664,0,1.006984935959901,1.0,1.0234266425338032,3.0,0.9347595315198859,28.0,0.8836923803699352,120.0,0.9863439315290292,470.0
2000-07-14 00:00:00-04:00,28.73110796252327,28.76443871421993,28.13115443198334,28.39780044555664,196400,WHR,28.83109474182129,1,0.9924287495880191,1.0,0.9976583888982283,3.0,0.9224718816208878,28.0,0.8714939180908929,119.0,0.9713693588932115,470.0
2000-07-17 00:00:00-04:00,28.06448759839714,28.83109474182129,27.76451089010073,28.83109474182129,354300,WHR,26.33129501342773,0,1.007571250411981,1.0,1.007219480510048,3.0,0.9375476046638996,29.0,0.8859130509153947,119.0,0.9860327817521208,470.0
2000-07-18 00:00:00-04:00,26.39795651979085,27.164563842966587,26.164641247519967,26.33129501342773,1390100,WHR,25.664669036865234,0,0.9546828964538163,1.0,0.9349114113870477,2.0,0.859250751459233,28.0,0.8104708560062925,118.0,0.9004624436340712,470.0
2000-07-19 00:00:00-04:00,26.331283817043552,26.46460677307921,25.331361646776077,25.664669036865234,659300,WHR,25.59800720214844,0,0.987179274608358,0.0,0.9295024335088672,2.0,0.8413197322404615,27.0,0.7912911868574164,118.0,0.8776292940309907,469.0
2000-07-20 00:00:00-04:00,25.53134572505951,25.997976064682007,25.23136907815933,25.59800720214844,729300,WHR,25.43134117126465,0,0.9986996029156578,0.0,0.9493199439419493,1.0,0.8436270019304087,26.0,0.790553681812221,118.0,0.8753228064967443,468.0
2000-07-21 00:00:00-04:00,25.39801044889078,25.66465622788176,25.198026114647543,25.43134117126465,527900,WHR,25.031391143798828,0,0.9967339181040645,0.0,0.964357429341266,1.0,0.8426305298867387,26.0,0.7867140671067092,118.0,0.8695892821724875,468.0
2000-07-24 00:00:00-04:00,25.298037121362597,25.99798281246749,24.89806815501694,25.031391143798828,548000,WHR,22.99821281433105,0,0.9920743485515462,0.0,0.97735575125919,0.0,0.8335768438225519,26.0,0.7756401011623038,118.0,0.8558914098702051,468.0
2000-07-25 00:00:00-04:00,23.93147362418797,23.964804367397143,21.86496754521909,22.99821281433105,2039500,WHR,22.098278045654297,0,0.9576682262206405,0.0,0.9219670084145092,0.0,0.7708111245124367,25.0,0.7139145932286666,118.0,0.7863993265295437,468.0
2000-07-26 00:00:00-04:00,23.06486939305094,23.36484601810507,21.864962892834416,22.098278045654297,1374700,WHR,21.598331451416016,0,0.9800442395513466,0.0,0.9119669530599209,0.0,0.7462536962855709,24.0,0.6872860355978563,118.0,0.7556863915105926,467.0
2000-07-27 00:00:00-04:00,22.131623586018883,22.431600411732997,21.365016142527264,21.598331451416016,1368800,WHR,21.79829788208008,1,0.9885586868182118,0.0,0.9217643505908899,0.0,0.7350300930465179,24.0,0.6730260705950423,118.0,0.738654460202627,467.0
2000-07-28 00:00:00-04:00,21.73163642066699,22.03161299702589,21.63164422854736,21.79829788208008,990400,WHR,23.031538009643555,1,1.004607879315404,1.0,0.9600701040376003,1.0,0.7477211075101382,24.0,0.6805323520226851,119.0,0.7455548389914637,467.0
2000-07-31 00:00:00-04:00,21.73163933760868,23.39817609662775,21.73163933760868,23.031538009643555,613300,WHR,22.564903259277344,0,1.0275093607422987,2.0,1.032576041062379,2.0,0.7952295818646595,25.0,0.7202423800678363,120.0,0.7877632609578111,468.0
2000-08-01 00:00:00-04:00,22.53157253068166,22.96487200242554,22.49824180208598,22.564903259277344,468200,WHR,21.96495819091797,0,0.9897659831035043,1.0,1.0156012837129738,2.0,0.7849353658362946,24.0,0.7068187926961981,120.0,0.7718445860448776,467.0
2000-08-02 00:00:00-04:00,22.398257821391315,22.831557451864654,21.96495819091797,21.96495819091797,480300,WHR,21.73162841796875,0,0.9865271292381993,0.0,0.9897867882922124,2.0,0.7692344550674696,24.0,0.6891831477980629,120.0,0.7513778458625437,467.0
2000-08-03 00:00:00-04:00,21.964943446996024,22.13159703915836,21.531644107373943,21.73162841796875,533700,WHR,21.364994049072266,0,0.9946602288403514,0.0,0.9780974468222386,2.0,0.7664111747945928,23.0,0.683058619198256,119.0,0.7434576982958316,466.0
2000-08-04 00:00:00-04:00,21.864954908254923,21.998277804036963,21.298332601181244,21.364994049072266,898000,WHR,22.53157615661621,1,0.9914927354416956,0.0,0.9653612850223245,1.0,0.7585909275832372,23.0,0.6727628734472332,118.0,0.7309845645679515,466.0
2000-08-07 00:00:00-04:00,21.53165413783147,22.798222028292145,21.464992669912487,22.53157615661621,623400,WHR,22.7315673828125,1,1.0265757006089002,1.0,1.022693034967687,1.0,0.8058853767262782,23.0,0.7107336877126557,118.0,0.7709409415372354,467.0
2000-08-08 00:00:00-04:00,21.998291015625,23.398182262073863,21.998291015625,22.7315673828125,782300,WHR,22.66489791870117,0,1.0044184122126223,2.0,1.030211838197858,2.0,0.8184482421386291,24.0,0.7182519487029864,119.0,0.7778152544932795,468.0
2000-08-09 00:00:00-04:00,22.79822084763471,23.16485890220193,22.598236454234403,22.66489791870117,412400,WHR,22.598241806030277,0,0.998531395260214,1.0,1.0207145474440256,2.0,0.8218928033561852,23.0,0.717397283355818,118.0,0.7755751197015502,467.0
2000-08-10 00:00:00-04:00,22.764895506664715,23.298187348694928,22.49824958564961,22.598241806030277,379100,WHR,23.031538009643555,1,0.9985273643614592,0.0,1.0098303616093305,2.0,0.8255289228070641,22.0,0.7165579649742498,117.0,0.7733369682525689,467.0
2000-08-11 00:00:00-04:00,22.598238452298595,23.16486095036508,22.598238452298595,23.031538009643555,310800,WHR,24.29811286926269,1,1.0094959082722648,1.0,1.0140885828599737,3.0,0.8468222817372333,23.0,0.7315957836668614,117.0,0.7881967518926895,468.0
2000-08-14 00:00:00-04:00,24.498097337322477,24.93139701811865,23.898143933143142,24.29811286926269,1001300,WHR,23.99813461303711,0,1.0267607057330654,2.0,1.053468377951757,3.0,0.8990659493917617,23.0,0.773043452004571,118.0,0.8315380023532636,469.0
2000-08-15 00:00:00-04:00,24.264780553181964,24.46476500829061,23.798150157928465,23.99813461303711,454000,WHR,23.4648494720459,0,0.9937887874966782,1.0,1.0291596266364007,2.0,0.8929402969264197,23.0,0.7647167544774578,118.0,0.8212708055483369,469.0
2000-08-16 00:00:00-04:00,23.998141505501486,24.23145677013831,23.4648494720459,23.4648494720459,365100,WHR,23.631488800048828,1,0.9887641885298397,0.0,0.9994324140714906,2.0,0.8780704169872695,23.0,0.749014904745262,117.0,0.8030306647140781,469.0
2000-08-17 00:00:00-04:00,23.731480995253545,23.931465385662985,23.39817367790448,23.631488800048828,282800,WHR,23.26485061645508,0,1.0035382650566205,1.0,0.9977480959510808,3.0,0.8894648497243689,23.0,0.7557053440376065,117.0,0.8087407516048578,469.0
2000-08-18 00:00:00-04:00,23.898134515756865,23.964795978841263,23.26485061645508,23.26485061645508,355900,WHR,23.16486167907715,0,0.992181944515168,1.0,0.9803368136044831,2.0,0.8812665760861128,22.0,0.7453923835629686,116.0,0.7962087433013716,469.0
2000-08-21 00:00:00-04:00,23.398176832679365,23.53149977759492,23.09820020661937,23.16486167907715,322600,WHR,23.731489181518555,1,0.9978464450362844,0.0,0.9855359406860368,1.0,0.8826984024244355,22.0,0.7438242754432275,115.0,0.7928048564260165,469.0
2000-08-22 00:00:00-04:00,23.398181749193856,24.031465870610784,23.19819728979904,23.731489181518555,337400,WHR,23.33150863647461,0,1.0120825499648314,1.0,1.0119387304342404,2.0,0.9087525967145361,23.0,0.7635464959911338,116.0,0.8121967823922587,470.0
2000-08-23 00:00:00-04:00,23.864800262451173,23.931461715698244,23.29817790985108,23.33150863647461,281700,WHR,23.43151092529297,1,0.9915011672951478,1.0,0.9960157189075375,2.0,0.8986164316829306,22.0,0.7521894297486437,116.0,0.7985263510554275,469.0
2000-08-24 00:00:00-04:00,23.731487594322324,24.331440932381035,23.39818018428971,23.43151092529297,953900,WHR,22.83156394958496,0,1.0021384908364668,1.0,1.001995596682821,2.0,0.9064243158920928,23.0,0.7568496101554764,117.0,0.8019699843657868,469.0
2000-08-25 00:00:00-04:00,23.3648559542468,23.39818670453816,22.731571698710862,22.83156394958496,574700,WHR,20.4945125579834,0,0.9870318395971169,1.0,0.9799717064971429,2.0,0.887411358068291,23.0,0.7388297132777674,117.0,0.7814726612121535,469.0
2000-08-28 00:00:00-04:00,20.76329305054712,21.16646378939269,19.956951572855967,20.4945125579834,2865800,WHR,20.360126495361328,0,0.9460590115702419,0.0,0.9002990325877602,2.0,0.8024859341074493,22.0,0.6647328003024343,116.0,0.7015740093479977,468.0
2000-08-29 00:00:00-04:00,20.56171190620649,20.729699748577456,19.956955673671004,20.360126495361328,1419800,WHR,20.42732048034668,1,0.9967106290561862,0.0,0.9216962339157744,1.0,0.802867277010106,22.0,0.6618591057647419,116.0,0.697071059947717,467.0
2000-08-30 00:00:00-04:00,17.739515153985277,20.628905879823787,17.201954088712995,20.42732048034668,2669900,WHR,20.43570899963379,1,1.0016474182614414,1.0,0.9497100722820079,2.0,0.8103431855313816,23.0,0.6655939803309366,116.0,0.699477936176837,467.0
2000-08-31 00:00:00-04:00,20.72968755079992,20.830480196914017,19.923346381887114,20.43570899963379,1065600,WHR,20.25932884216309,0,1.0002052838322038,2.0,0.9773246782550151,2.0,0.8151647466430632,24.0,0.6674650408499035,116.0,0.6998743260335307,467.0
2000-09-01 00:00:00-04:00,20.42731664350772,20.628902005121283,20.05774348054952,20.25932884216309,774000,WHR,20.662498474121094,1,0.9956658067709292,1.0,0.9933283663749414,2.0,0.8127969698293841,23.0,0.6632484226903657,116.0,0.6939461581118953,467.0
2000-09-05 00:00:00-04:00,20.158535096703503,20.96487650057165,20.05774242121999,20.662498474121094,1252100,WHR,21.771217346191406,1,1.0098521903443343,1.0,1.0114299208963227,3.0,0.8336181162405208,23.0,0.6778859545675358,117.0,0.7078594457575176,468.0
2000-09-06 00:00:00-04:00,20.729693059568053,22.10719292252152,20.729693059568053,21.771217346191406,1268200,WHR,21.435243606567383,0,1.0261282532212177,2.0,1.0511801227730018,4.0,0.8829160951227427,23.0,0.7155795251042311,118.0,0.7459243845557328,468.0
2000-09-07 00:00:00-04:00,22.03999969578088,22.27518261936391,21.032072880425048,21.435243606567383,743800,WHR,21.40164375305176,0,0.9922239930738282,1.0,1.0249820285413158,3.0,0.8734604756975559,23.0,0.7059020714270785,117.0,0.7345103995815576,467.0
2000-09-08 00:00:00-04:00,21.40164375305176,21.636826651436945,21.233655968490915,21.40164375305176,602600,WHR,21.97279930114746,1,0.9992156327038063,0.0,1.0140082222629931,2.0,0.8764341697389191,22.0,0.7061672316637645,117.0,0.7334599638338658,466.0
2000-09-11 00:00:00-04:00,21.435238461975658,22.174384615836885,21.36804335707918,21.97279930114746,558000,WHR,21.46884536743164,0,1.0131680203335869,1.0,1.0244359463056065,3.0,0.9038286024490583,23.0,0.7262334706971801,118.0,0.7531277595263982,466.0
2000-09-12 00:00:00-04:00,21.83841860536865,21.939211306624195,21.267259964920544,21.46884536743164,551200,WHR,21.569625854492188,1,0.988399289723938,1.0,0.9934703917286579,2.0,0.8867438806908555,23.0,0.7108672262236087,117.0,0.735958708356217,466.0
2000-09-13 00:00:00-04:00,21.267247921952578,21.603223402552143,21.267247921952578,21.569625854492188,413300,WHR,21.267242431640625,0,1.0023416372421985,1.0,0.9999997347174949,2.0,0.89424812195927,24.0,0.7155236176111847,117.0,0.7395110230356566,467.0
2000-09-14 00:00:00-04:00,21.43523012857301,21.804803061824277,21.132852274094716,21.267242431640625,478300,WHR,20.864076614379883,0,0.9929410473979619,1.0,0.9875191066706197,2.0,0.8848691288211742,24.0,0.7068114554865791,117.0,0.7292277920216038,467.0
2000-09-15 00:00:00-04:00,20.696088879964588,21.40163736450884,20.696088879964588,20.864076614379883,980000,WHR,20.292924880981445,0,0.9904307335637804,0.0,0.9736593402442223,2.0,0.871155700383329,24.0,0.6946239027103149,117.0,0.7154974778340174,466.0
2000-09-18 00:00:00-04:00,20.89768092048089,20.9984735937308,20.292924880981445,20.292924880981445,369900,WHR,20.89768409729004,1,0.9861226106701965,0.0,0.9620900074649816,1.0,0.8512601265212197,23.0,0.6768752993826603,116.0,0.6960156570989611,466.0
2000-09-19 00:00:00-04:00,20.15853771442769,21.099269474434315,20.15853771442769,20.89768409729004,993200,WHR,20.93127822875977,1,1.0146819683250523,1.0,0.9961566648845736,2.0,0.8806516376530948,23.0,0.698266385181172,117.0,0.7168465854062662,467.0
2000-09-20 00:00:00-04:00,20.76329044201209,21.099266015507435,20.427314868516756,20.93127822875977,925500,WHR,21.233667373657227,1,1.0008031308835221,2.0,1.0038673620240364,2.0,0.8854671097208114,24.0,0.7004636483963862,118.0,0.7180824170763077,468.0
2000-09-21 00:00:00-04:00,20.864094049115725,21.46885039836545,20.864094049115725,21.233667373657227,877900,WHR,21.36804962158203,1,1.0071715767820206,2.0,1.0186980672534751,3.0,0.9023506180114986,24.0,0.7117041559021471,118.0,0.7285304638929848,469.0
2000-09-22 00:00:00-04:00,21.23365937238969,21.435244746178203,21.13286668549544,21.36804962158203,585300,WHR,21.771217346191406,1,1.003154385724402,2.0,1.0202117175183487,4.0,0.9119506820725252,25.0,0.7173302919876283,118.0,0.7332077252612315,470.0
2000-09-25 00:00:00-04:00,21.233656424063224,21.972802691989475,21.20005886643021,21.771217346191406,693600,WHR,20.964879989624023,0,1.0093457249728086,2.0,1.0249919271384282,5.0,0.9327132249630876,26.0,0.7320072287790699,118.0,0.7471008099450438,470.0
2000-09-26 00:00:00-04:00,21.636831271342743,21.67042883542868,20.964879989624023,20.964879989624023,973400,WHR,21.09926414489746,1,0.9811321714701444,1.0,0.9864053359552197,4.0,0.9006764856492139,26.0,0.7061573684064097,117.0,0.7195043489437367,470.0
2000-09-27 00:00:00-04:00,20.96487392741404,21.26725191675174,20.96487392741404,21.09926414489746,399100,WHR,21.09926414489746,0,1.0031947436002424,1.0,0.9911613719115995,4.0,0.9102508219035682,26.0,0.7118630519061917,118.0,0.7241812362073378,471.0
2000-09-28 00:00:00-04:00,21.132861699268314,21.435239688606018,20.7632886011889,21.09926414489746,586400,WHR,20.89768409729004,0,1.0,1.0,0.9924145415829845,3.0,0.9138859217727219,26.0,0.7129893559062066,118.0,0.724246137122359,471.0
2000-09-29 00:00:00-04:00,21.300854851578592,21.368049977293357,20.729696283003143,20.89768409729004,416200,WHR,20.696094512939453,0,0.9952001262938214,0.0,0.9873017111695956,2.0,0.909290281474071,25.0,0.7072939480157958,118.0,0.7173960259870514,471.0
2000-10-02 00:00:00-04:00,20.763289624994453,21.099265185269445,20.561704288829457,20.696094512939453,406200,WHR,20.528100967407227,0,0.9951533717039834,0.0,0.9878126325948781,1.0,0.904609156824839,25.0,0.7017459278534475,117.0,0.7105462088849686,471.0
2000-10-03 00:00:00-04:00,20.696088700364733,20.86407643332224,20.494503420815725,20.528100967407227,410900,WHR,20.46091079711914,0,0.9959248799503603,0.0,0.9838966980216345,1.0,0.9021975937545936,24.0,0.6971392424121283,117.0,0.7048600194538366,470.0
2000-10-04 00:00:00-04:00,20.628898570494503,20.964874117245227,20.32652057841885,20.46091079711914,786600,WHR,20.360126495361328,0,0.9983607760373907,0.0,0.9867141855894019,0.0,0.9046586253737904,23.0,0.6959903863441148,116.0,0.7026357568638171,470.0
2000-10-05 00:00:00-04:00,20.4945167692581,20.628907043154875,20.29293135841294,20.360126495361328,248900,WHR,20.32652473449707,0,0.9975310695552467,0.0,0.988903710638472,0.0,0.9055885509811883,23.0,0.6937770832610547,115.0,0.6992537633866212,470.0
2000-10-06 00:00:00-04:00,20.494512542220185,20.56170766530943,20.2257320498632,20.32652473449707,362300,WHR,20.32652473449707,0,0.9991741330424462,0.0,0.9927799048015172,0.0,0.909830029434971,22.0,0.6938493665005334,115.0,0.6981837926340656,469.0
2000-10-09 00:00:00-04:00,20.36012229604169,20.56170766530943,20.2257320498632,20.32652473449707,181100,WHR,20.124940872192383,0,1.0,0.0,0.9963769006859071,0.0,0.9153415475867558,22.0,0.6950117313502053,115.0,0.6982620223156054,469.0
2000-10-10 00:00:00-04:00,20.36012382061533,20.42731894873617,19.956953051890277,20.124940872192383,258200,WHR,19.721769332885746,0,0.9950166487349386,0.0,0.990410112228454,0.0,0.9122245428020522,21.0,0.6895157404053377,114.0,0.6914092861789127,469.0
2000-10-11 00:00:00-04:00,20.12494008585785,20.292927899596236,19.62097664464272,19.721769332885746,408300,WHR,19.08341217041016,0,0.9898819366208241,0.0,0.9776815184857203,0.0,0.8984357025138501,21.0,0.6769983023475756,114.0,0.6776366508954822,469.0
2000-10-12 00:00:00-04:00,19.72176574653303,19.75536330317108,18.915424387219925,19.08341217041016,348200,WHR,19.318580627441406,1,0.9835496926506743,0.0,0.9581645079658863,0.0,0.8737208784475206,21.0,0.6564726072660334,113.0,0.6557905795765872,469.0
2000-10-13 00:00:00-04:00,18.848215186077617,19.52016581659732,18.81461765455163,19.318580627441406,264900,WHR,19.385786056518555,1,1.006123860766007,1.0,0.9798902356533223,1.0,0.8887464695010462,22.0,0.6658731601803618,114.0,0.6639583027085147,469.0
2000-10-16 00:00:00-04:00,19.385786056518555,19.486578704992656,19.150603210078987,19.385786056518555,234700,WHR,18.713836669921875,0,1.0017363784718638,2.0,0.992773467822156,2.0,0.895991521299024,23.0,0.6695159822830501,114.0,0.6663545519731987,469.0
2000-10-17 00:00:00-04:00,19.184202403097647,19.38578771731584,18.57944646044308,18.713836669921875,466800,WHR,20.729692459106445,1,0.9823633585187614,1.0,0.9724162529565145,2.0,0.8691645005817698,23.0,0.6475492268936058,114.0,0.643350361877546,469.0
2000-10-18 00:00:00-04:00,18.71383905951749,20.830485129085893,18.64664394619786,20.729692459106445,839400,WHR,21.30084228515625,1,1.051107389062228,1.0,1.0659988479557374,3.0,0.964484619746921,24.0,0.7185987926511954,114.0,0.7127087061770795,469.0
2000-10-19 00:00:00-04:00,20.66248896746229,21.737610344631065,20.66248896746229,21.30084228515625,651300,WHR,21.73761749267578,1,1.013588925992139,2.0,1.0709458306114832,4.0,0.9916715662338844,25.0,0.7397323994310618,114.0,0.7323846198130978,470.0
2000-10-20 00:00:00-04:00,20.96487374873213,21.804812600844794,20.830483532394105,21.73761749267578,509200,WHR,21.50243377685547,0,1.0101484860232963,2.0,1.0669526010797024,4.0,1.0118964973106215,26.0,0.7562215825144861,115.0,0.7474262787379117,471.0
2000-10-23 00:00:00-04:00,21.70401909351349,21.838409304618835,21.435238671302795,21.50243377685547,192600,WHR,21.6704158782959,1,0.9945609750933382,1.0,1.0339257180019328,3.0,1.001178396875019,25.0,0.749337988600288,115.0,0.7393741535359339,470.0
2000-10-24 00:00:00-04:00,21.36803798231968,21.905598686277404,21.2672453503276,21.6704158782959,313700,WHR,21.267242431640625,0,1.0038909199365391,1.0,1.0131949156490372,4.0,1.0100667297407604,25.0,0.756580538131297,115.0,0.7451885287065594,470.0
2000-10-25 00:00:00-04:00,21.53602274673245,21.56962028611893,21.06565719532176,21.267242431640625,387800,WHR,21.603227615356445,1,0.9906102600252429,1.0,0.9893714635468875,3.0,0.9922749419200072,25.0,0.7440916327151892,114.0,0.7313766972979687,469.0
2000-10-26 00:00:00-04:00,21.30084962385068,21.93920316147397,21.26725206923893,21.603227615356445,238900,WHR,21.603227615356445,0,1.0078372171648105,1.0,1.0021822122545925,3.0,1.0082347548594552,26.0,0.7575069760725911,114.0,0.7429631979874268,470.0
2000-10-27 00:00:00-04:00,21.6368251699682,21.67042272457995,21.16645940540367,21.603227615356445,194500,WHR,22.711944580078125,1,1.0,1.0,1.0034333730945149,2.0,1.0083354629941401,26.0,0.7592022601724633,113.0,0.7429999030941309,469.0
2000-10-30 00:00:00-05:00,21.67042049430531,22.980724989309817,21.502432738535504,22.711944580078125,359000,WHR,23.38389015197754,1,1.0250189023260954,1.0,1.0432099495505014,3.0,1.058975458437624,27.0,0.7996245294781514,114.0,0.7811326273726839,470.0
2000-10-31 00:00:00-05:00,22.84632945882863,23.619072955230187,22.779134372185016,23.38389015197754,406600,WHR,23.182315826416016,0,1.0145771429415538,2.0,1.0574291871184542,3.0,1.0895841656834366,27.0,0.8247376556784248,114.0,0.8042148070981833,471.0
2000-11-01 00:00:00-05:00,23.28310850392217,23.55188897727193,23.115120708078575,23.182315826416016,323700,WHR,23.01432991027832,0,0.9956712315009075,1.0,1.030466154180406,3.0,1.0798137221136916,26.0,0.819190982296147,113.0,0.7972616733717004,470.0
2000-11-02 00:00:00-05:00,23.01432991027832,23.182317719842395,22.644756729237358,23.01432991027832,336300,WHR,23.215904235839844,1,0.9963636772008262,0.0,1.0103247215111635,2.0,1.0716983518225598,26.0,0.8147673475366037,113.0,0.7914801921624681,469.0
2000-11-03 00:00:00-05:00,23.081514052130206,23.31669687362207,22.879928776565748,23.215904235839844,197600,WHR,23.081523895263672,0,1.0043602272254217,1.0,1.004944545593552,3.0,1.0805669809561858,27.0,0.8234995135670964,113.0,0.7984026259139655,470.0
2000-11-06 00:00:00-05:00,22.98073121449833,23.41749949781482,22.98073121449833,23.081523895263672,132200,WHR,23.01432991027832,0,0.9970974556038915,1.0,0.9959410354899163,2.0,1.0742706921897038,26.0,0.8202381998487815,113.0,0.7937767714204031,469.0
2000-11-07 00:00:00-05:00,23.115122596016764,23.35030552940647,22.84634210071424,23.01432991027832,266900,WHR,22.913536071777344,0,0.9985422987223794,0.0,0.9962188532401184,1.0,1.0722110702110126,25.0,0.8193187968179033,113.0,0.7914633329072771,469.0
2000-11-08 00:00:00-05:00,23.115121433112627,23.249511674002814,22.57756046955187,22.913536071777344,288500,WHR,22.07358169555664,0,0.9978053881593288,0.0,0.9941691612564257,1.0,1.0684149885489918,25.0,0.817205697331202,113.0,0.7880103593704323,468.0
2000-11-09 00:00:00-05:00,22.241569379693296,22.241569379693296,21.77120386411066,22.07358169555664,555100,WHR,21.70401763916016,0,0.9813290022142603,0.0,0.9656079965518535,1.0,1.0303635319100939,25.0,0.7887144709367917,113.0,0.7591776882927511,467.0
2000-11-10 00:00:00-05:00,22.107188245460343,22.51035885176053,21.67042008863514,21.70401763916016,152300,WHR,21.83841133117676,1,0.9915581470429466,0.0,0.9621684996997862,0.0,1.0146342767123626,24.0,0.7770225440702033,112.0,0.7465281528007794,467.0
2000-11-13 00:00:00-05:00,21.56963088402381,22.006399110647347,21.435240660447334,21.83841133117676,418300,WHR,21.6704158782959,0,1.0030864996555005,1.0,0.978915740937639,1.0,1.0220529173860742,25.0,0.7832330225218453,113.0,0.751219575442741,467.0
2000-11-14 00:00:00-05:00,21.97279377427212,21.97279377427212,21.33444043832232,21.6704158782959,184100,WHR,21.70401763916016,1,0.9961388190936049,1.0,0.9832315439985497,1.0,1.0153742193830124,25.0,0.7787006489155648,112.0,0.745509739777923,467.0
2000-11-15 00:00:00-05:00,21.77121274021019,21.83840784126022,21.569627437060092,21.70401763916016,144500,WHR,21.435243606567383,0,1.0007746904832946,1.0,0.9956844291160283,2.0,1.0185613257059434,25.0,0.7812982140266432,113.0,0.7467387407784556,467.0
2000-11-16 00:00:00-05:00,21.704024090662276,21.704024090662276,21.166463122472493,21.435243606567383,235800,WHR,21.569625854492188,1,0.9937696190237983,1.0,0.9891475292552283,2.0,1.0074420834746385,25.0,0.7729941653346012,113.0,0.7375657069623196,467.0
2000-11-17 00:00:00-05:00,21.468833210312315,22.44316210405106,21.43523566225236,21.569625854492188,489800,WHR,20.93127822875977,0,1.0031248146921243,1.0,0.9965848009303376,3.0,1.0152386397878401,25.0,0.7791618865555711,114.0,0.7422515972968176,468.0
2000-11-20 00:00:00-05:00,21.63682693309998,21.70402204779905,20.66249776996349,20.93127822875977,421100,WHR,20.83047866821289,0,0.9849803753707921,1.0,0.9752662781841629,2.0,0.9866637383882383,25.0,0.7574057810742962,114.0,0.7203546949334081,468.0
2000-11-21 00:00:00-05:00,20.9648688531691,21.099259038125314,20.460905659583307,20.83047866821289,486400,WHR,20.39371490478516,0,0.9975863189665236,0.0,0.9782263864564484,2.0,0.9816531189878689,25.0,0.7551100134203411,113.0,0.7169546370309554,468.0
2000-11-22 00:00:00-05:00,20.830483098792087,20.830483098792087,20.091336924318817,20.39371490478516,981300,WHR,20.662498474121094,1,0.9894051593112592,0.0,0.9696485699783465,1.0,0.9610449204745871,25.0,0.7406786996941022,112.0,0.7019925548183032,468.0
2000-11-24 00:00:00-05:00,20.46091312315406,20.729693591110102,20.427315564659555,20.662498474121094,180100,WHR,20.83047866821289,1,1.006546720878892,1.0,0.9897008476138973,2.0,0.9735314069876141,25.0,0.7516959881304757,113.0,0.7113247041167771,468.0
2000-11-27 00:00:00-05:00,20.561698298300463,21.03206394564721,20.49450320582236,20.83047866821289,286200,WHR,20.89768409729004,1,1.0040484006128452,2.0,1.0048620543974032,2.0,0.981141785942529,25.0,0.7590655579558362,113.0,0.7171826558559711,469.0
2000-11-28 00:00:00-05:00,20.86408653443266,21.16646460014908,20.729696283003143,20.89768409729004,448100,WHR,21.2176456451416,1,1.0016105532720148,2.0,1.008430892224941,3.0,0.9838142350819827,26.0,0.7628361918289235,113.0,0.7195564988393487,470.0
2000-11-29 00:00:00-05:00,20.87870561886138,21.522691668793797,20.87870561886138,21.2176456451416,293900,WHR,21.2176456451416,0,1.0075972703955633,2.0,1.0200592873124974,4.0,0.9984423731957526,26.0,0.7758036907757485,114.0,0.7306063315183021,471.0
2000-11-30 00:00:00-05:00,21.2176456451416,21.2176456451416,21.2176456451416,21.2176456451416,404100,WHR,21.69215583801269,1,1.0,1.0,1.0120416334441669,4.0,0.9988760438544334,25.0,0.7770995502065143,113.0,0.7306406811095144,470.0
2000-12-01 00:00:00-05:00,21.25153392255306,21.96330778598785,21.217639929056165,21.69215583801269,322200,WHR,22.6072940826416,1,1.0110583171319814,1.0,1.0246105926637077,4.0,1.0210090343535787,26.0,0.7957370347162087,114.0,0.7469925514270441,471.0
2000-12-04 00:00:00-05:00,21.69215624121533,22.91234002978369,21.556580264707733,22.6072940826416,496000,WHR,23.522438049316406,1,1.020658004699111,2.0,1.0502083372134825,4.0,1.0630774195206794,27.0,0.830418760787243,115.0,0.7784892105241572,472.0
2000-12-05 00:00:00-05:00,22.539511963682145,24.132530102468703,22.539511963682145,23.522438049316406,617000,WHR,23.522438049316406,0,1.0198384843002548,2.0,1.0667077739125466,4.0,1.1047690905787055,27.0,0.8651444129091849,115.0,0.8099574477583827,473.0
2000-12-06 00:00:00-05:00,23.454650043410595,23.92916608475127,23.25128602569316,23.522438049316406,581600,WHR,23.522438049316406,0,1.0,1.0,1.0448661169263196,3.0,1.102996019343234,27.0,0.8661398348217967,115.0,0.8099141334652474,472.0
2000-12-07 00:00:00-05:00,23.522438049316406,23.861378078845465,23.454650043410595,23.522438049316406,529600,WHR,23.488527297973636,0,1.0,0.0,1.0239009621298187,3.0,1.101315233095142,26.0,0.8670364500753174,115.0,0.8098862242605642,471.0
2000-12-08 00:00:00-05:00,23.52242127675859,23.75967912825327,23.081799552554177,23.488527297973636,422000,WHR,23.963058471679688,1,0.999278662944012,0.0,1.0066816390436624,2.0,1.0978246423211417,26.0,0.8668186922724902,114.0,0.8086917416893978,471.0
2000-12-11 00:00:00-05:00,23.488542462339492,24.098634474348312,23.42075446100518,23.963058471679688,467800,WHR,23.963058471679688,0,1.0100003227712893,1.0,1.0152212267869816,2.0,1.1173064154689734,27.0,0.8854147587343941,114.0,0.8249885382662524,472.0
2000-12-12 00:00:00-05:00,23.963058471679688,24.53925648302135,23.895270470345373,23.963058471679688,486300,WHR,22.471717834472656,0,1.0,1.0,1.0114450237054962,1.0,1.1141288384712282,27.0,0.8865100707117951,113.0,0.8249528276605456,471.0
2000-12-13 00:00:00-05:00,22.031095916149663,22.641187803058425,21.28542805437229,22.471717834472656,1807200,WHR,22.064979553222656,0,0.9678831092590094,0.0,0.9569860951872705,1.0,1.0435182566654368,26.0,0.8325924304439385,112.0,0.7736213990049927,470.0
2000-12-14 00:00:00-05:00,22.200555464455977,22.234449442264307,21.42099397486439,22.064979553222656,749900,WHR,21.726051330566406,0,0.9908673452431978,0.0,0.9514758192197884,1.0,1.0237323167048682,25.0,0.8188192715350384,111.0,0.7596436250588143,469.0
2000-12-15 00:00:00-05:00,21.75994532640192,21.963309301415023,21.421005368046757,21.726051330566406,981200,WHR,22.30224227905273,1,0.9922603278384634,0.0,0.9513209192806851,1.0,1.0076236691757394,24.0,0.8076465196916958,110.0,0.748005118679218,469.0
2000-12-18 00:00:00-05:00,21.8277264858814,22.471712205185355,21.72604453020183,22.30224227905273,416000,WHR,22.33614921569824,1,1.0130868335165375,1.0,0.9909636923546723,1.0,1.033600222032678,24.0,0.830400850575146,111.0,0.76785992290055,469.0
2000-12-19 00:00:00-05:00,22.30225521081858,22.60730125473555,22.234467201059253,22.33614921569824,521900,WHR,22.43783187866211,1,1.0007595913631766,2.0,1.0070297371513142,2.0,1.0347201286854137,24.0,0.8330086061019668,111.0,0.7690728627781901,469.0
2000-12-20 00:00:00-05:00,22.471725884521117,22.641195913816144,22.302255855226083,22.43783187866211,506400,WHR,23.183481216430664,1,1.0022710212600834,2.0,1.0119233144625528,3.0,1.038249830377394,25.0,0.8381685699964093,111.0,0.7726170166420085,470.0
2000-12-21 00:00:00-05:00,22.437813691925584,23.38684508675023,22.40391971353899,23.183481216430664,599500,WHR,25.047664642333984,1,1.0163443199500708,2.0,1.0351084843731149,4.0,1.0710312008539897,25.0,0.8673092815958368,112.0,0.7983113809623683,471.0
2000-12-22 00:00:00-05:00,23.691904715820645,25.35271062579949,23.55632872316931,25.047664642333984,809500,WHR,25.42049789428711,1,1.038651029178577,2.0,1.0861259262579799,5.0,1.1536455632100795,26.0,0.9382514637468452,112.0,0.8624631955247847,472.0
2000-12-26 00:00:00-05:00,25.42049789428711,25.827225860595703,24.505359970092773,25.42049789428711,715800,WHR,25.62385368347168,1,1.0073874940797098,2.0,1.073268472386811,5.0,1.1667666661017113,27.0,0.9534763870655178,112.0,0.875272733343241,472.0
2000-12-27 00:00:00-05:00,25.45438375170269,25.793323615240677,25.1154438881647,25.62385368347168,341200,WHR,26.47121810913086,1,1.0039839038580947,2.0,1.0526313686283628,5.0,1.1716836151247991,28.0,0.9623565459739856,112.0,0.8822381838140745,473.0
2000-12-28 00:00:00-05:00,25.35271593550561,26.708476145960457,25.115457898676013,26.47121810913086,600200,WHR,25.86111831665039,0,1.0162657310279302,2.0,1.0525610149841278,5.0,1.2049727852588077,29.0,0.9950952165124051,113.0,0.9113489962949289,474.0
2000-12-29 00:00:00-05:00,26.5728922152738,26.8101501814816,25.86111831665039,25.86111831665039,443400,WHR,25.62385368347168,0,0.9883418201030308,1.0,1.0068619301497117,4.0,1.1723976998316659,29.0,0.9729613201271513,113.0,0.8903004783718133,474.0
2001-01-02 00:00:00-05:00,25.793323615240677,26.132263478778658,25.45438375170269,25.62385368347168,534000,WHR,26.844039916992188,1,0.9953915749788472,0.0,0.9931684529527673,3.0,1.157039757946522,29.0,0.9649310279528108,112.0,0.8820940537559362,474.0
2001-01-03 00:00:00-05:00,25.623856284401636,26.844039916992188,25.352704366048176,26.844039916992188,573200,WHR,27.28465461730957,1,1.0232558646781604,1.0,1.0291059424553297,3.0,1.206220560055184,30.0,1.0116749500107065,112.0,0.924015790179491,475.0
2001-01-04 00:00:00-05:00,27.11518471285423,27.72527636889345,26.91182082750782,27.28465461730957,560700,WHR,26.60679054260254,0,1.0081401316641427,2.0,1.03284545733375,3.0,1.2196636593099972,31.0,1.029036436462401,112.0,0.939086030658974,475.0
2001-01-05 00:00:00-05:00,27.58971656264773,27.58971656264773,26.09838053223434,26.60679054260254,581600,WHR,26.538990020751957,0,0.9874216756909078,1.0,1.0061525701390701,2.0,1.183646164523735,31.0,1.004371918915793,111.0,0.9156825736569959,475.0
2001-01-08 00:00:00-05:00,26.36952009724779,26.57288400545279,25.55606446442781,26.538990020751957,625700,WHR,25.86111831665039,0,0.9987242539081771,0.0,0.9984696671565892,2.0,1.1746923660572013,31.0,1.002902935472602,110.0,0.9132904308917484,474.0
2001-01-09 00:00:00-05:00,26.53899822010125,26.70846819596397,25.62386035044259,25.86111831665039,396300,WHR,25.72554397583008,0,0.9870635438435209,0.0,0.9712323223802665,2.0,1.1389928258093607,31.0,0.978275923086472,110.0,0.8899431439579212,473.0
2001-01-10 00:00:00-05:00,25.62386198383075,25.86111996516252,24.878194042502344,25.72554397583008,450900,WHR,26.64068031311035,1,0.9973719109786239,0.0,0.9743262224449102,1.0,1.1277181145931463,30.0,0.9741295342140953,110.0,0.8852511409768852,473.0
2001-01-11 00:00:00-05:00,25.861118420996437,26.77625629434755,25.047662533573217,26.64068031311035,717900,WHR,26.40342712402344,0,1.0174756983094835,1.0,1.0139319089967338,1.0,1.1616770447139155,30.0,1.0096411563934216,111.0,0.9166858590850623,474.0
2001-01-12 00:00:00-05:00,26.64068513412377,26.84404914278121,25.488289085064984,26.40342712402344,400300,WHR,26.03060340881348,0,0.995527247029878,1.0,1.006460146541121,1.0,1.1449331171545734,30.0,1.0013881428636846,111.0,0.9084832955502288,473.0
2001-01-16 00:00:00-05:00,26.301755527655285,26.40343757222096,25.657769245405994,26.03060340881348,574300,WHR,26.23396110534668,1,0.9928896613245003,0.0,0.9961093620696776,1.0,1.1244584748582467,29.0,0.9880580680954558,110.0,0.8956303328503709,472.0
2001-01-17 00:00:00-05:00,26.30174911853879,26.64068918449934,26.09838507896246,26.23396110534668,394900,WHR,26.776256561279297,1,1.0038909287472988,1.0,1.0010347648409996,2.0,1.1292323982955494,29.0,0.9965537255133248,111.0,0.9025957897963,473.0
2001-01-18 00:00:00-05:00,26.233952630924275,26.84404455257368,26.233952630924275,26.776256561279297,421800,WHR,26.30173683166504,0,1.0102300175287533,2.0,1.013599994443365,3.0,1.1484240350706063,29.0,1.0177008850713953,112.0,0.9211967537211104,474.0
2001-01-19 00:00:00-05:00,26.708464720814497,26.74235871157695,25.82722096099067,26.30173683166504,385400,WHR,26.572895050048828,1,0.9910599534895504,1.0,0.9981987999653524,2.0,1.1242152391769769,29.0,1.0003106131882857,111.0,0.9048303566842069,474.0
2001-01-22 00:00:00-05:00,26.301743059742208,26.67457704641381,25.759439079128963,26.572895050048828,394300,WHR,26.81015014648437,1,1.0051283235217674,1.0,1.0071941707496472,3.0,1.1318524238763097,29.0,1.0108843270207453,112.0,0.9141007929549152,475.0
2001-01-23 00:00:00-05:00,26.572892180586287,26.979620122125876,26.47121019520139,26.81015014648437,406400,WHR,27.14908599853516,1,1.0044443904532248,2.0,1.0102170469174847,4.0,1.1374822096104813,30.0,1.020648430861984,112.0,0.9221924505443644,476.0
2001-01-24 00:00:00-05:00,27.115192008524502,27.31855594858844,26.810146098428604,27.14908599853516,733900,WHR,27.216875076293945,1,1.006281331543313,2.0,1.0159816137530544,4.0,1.1473628477768028,30.0,1.033982246241078,113.0,0.9337613755506441,477.0
2001-01-25 00:00:00-05:00,27.31855705042705,27.623602972826355,27.013511128027737,27.216875076293945,491600,WHR,27.216875076293945,0,1.0012469029594728,2.0,1.015170615480135,4.0,1.1456976028336292,31.0,1.0369906467901806,113.0,0.9360089172214684,477.0
2001-01-26 00:00:00-05:00,27.182981084916243,27.386345033182447,27.11519310216084,27.216875076293945,405000,WHR,27.635805130004883,1,1.0,1.0,1.008287235430504,4.0,1.1420879275986922,30.0,1.0375427224226708,112.0,0.935940747149864,476.0
2001-01-29 00:00:00-05:00,27.223655092909965,28.09134047033354,27.1206160320924,27.635805130004883,542400,WHR,27.988306045532227,1,1.0076373670736847,1.0,1.0158071993424742,4.0,1.1562290189689775,30.0,1.054128554665973,112.0,0.9502681321630789,476.0
2001-01-30 00:00:00-05:00,27.500231683008536,28.009998699138908,26.871159209492056,27.988306045532227,469300,WHR,28.46551322937012,1,1.0063371963718204,2.0,1.0199303530490371,4.0,1.1670658819293844,31.0,1.0679637097642796,113.0,0.9622893517645412,477.0
2001-01-31 00:00:00-05:00,28.037092943733445,28.660740762643982,28.037092943733445,28.46551322937012,682700,WHR,28.525190353393555,1,1.0084530540177297,2.0,1.0274624524670133,4.0,1.182484877830949,32.0,1.0864845494883417,114.0,0.9785977942163536,477.0
2001-02-01 00:00:00-05:00,29.28441680166779,29.419992805379213,28.09134755526212,28.525190353393555,568000,WHR,28.77464485168457,1,1.0010471378711228,2.0,1.0199830377196926,4.0,1.180624089337531,32.0,1.0889609397070985,115.0,0.9805442437382307,478.0
2001-02-02 00:00:00-05:00,28.52518349262357,28.926489277328116,28.199801989465943,28.77464485168457,380200,WHR,28.742097854614254,0,1.004353494166226,2.0,1.0175668303372034,5.0,1.186289928166132,33.0,1.0985706633796464,116.0,0.9889879452475026,479.0
2001-02-05 00:00:00-05:00,28.611944048430026,28.83971269207129,28.47094598806129,28.742097854614254,633300,WHR,28.87225914001465,1,0.9994341300369439,1.0,1.0085247238501833,4.0,1.180302872122406,33.0,1.0973152219952613,116.0,0.9877331233754861,479.0
2001-02-06 00:00:00-05:00,28.742105300114705,29.01325723690824,28.61195146021476,28.87225914001465,416300,WHR,28.79633140563965,0,1.0022591814295962,1.0,1.006846089326649,4.0,1.1808322209022655,34.0,1.1022996156179625,116.0,0.9920586963531107,480.0
2001-02-07 00:00:00-05:00,28.87767780440961,28.91563890550897,28.742101852276235,28.79633140563965,316900,WHR,28.86139869689941,1,0.9986833780112089,1.0,1.0018866636628236,3.0,1.1723545673108515,34.0,1.0993788306891497,116.0,0.9893074276075398,479.0
2001-02-08 00:00:00-05:00,28.87766714315737,28.87766714315737,28.199787632754614,28.86139869689941,418000,WHR,28.68245887756348,0,1.0011285094148528,1.0,1.0018067854238923,3.0,1.1693247403159446,35.0,1.1016858560209806,117.0,0.9913979681896038,480.0
2001-02-09 00:00:00-05:00,28.60653664684284,28.93191822671004,28.552307073106853,28.68245887756348,451400,WHR,29.01327133178711,1,0.9968903749786955,1.0,0.9962331749703186,2.0,1.1567291797305377,34.0,1.0947259162897305,116.0,0.985125914963407,479.0
2001-02-12 00:00:00-05:00,28.687889677051903,29.12173257294088,28.57942843589813,29.01327133178711,324600,WHR,29.17594146728516,1,1.0057337423934711,1.0,1.0058286220392998,3.0,1.1643239565151202,35.0,1.107142899524052,117.0,0.9963372319134995,480.0
2001-02-13 00:00:00-05:00,29.013250755299435,29.186787790580823,28.87767481719056,29.17594146728516,588700,WHR,29.26272773742676,1,1.002795537655059,2.0,1.009342774138885,3.0,1.1650297189372623,35.0,1.1132300306654601,117.0,1.0017684141900904,480.0
2001-02-14 00:00:00-05:00,29.28442039717814,29.447111207861727,29.06749793711609,29.26272773742676,401900,WHR,29.21932029724121,0,1.00148508293092,2.0,1.0090888190784906,4.0,1.1624396484861403,36.0,1.116675476022215,117.0,1.0045977475965948,480.0
2001-02-15 00:00:00-05:00,29.273549832999493,29.92973673180595,29.165088692758744,29.21932029724121,463400,WHR,29.24100685119629,1,0.9992577647048233,1.0,1.0051108549294634,3.0,1.1548663404283122,35.0,1.114935981382155,117.0,1.0029609376402306,479.0
2001-02-16 00:00:00-05:00,29.013240349848505,29.7670419643908,28.87766446036323,29.24100685119629,404200,WHR,29.46879196166992,1,1.0003709618986567,1.0,1.0020064561787025,4.0,1.1494316025562101,36.0,1.1156823009015886,117.0,1.003555772949388,480.0
2001-02-20 00:00:00-05:00,29.55556049689345,29.685714334091276,29.30610121671644,29.46879196166992,318100,WHR,29.13257598876953,0,1.003879848254968,2.0,1.0066693054856484,4.0,1.1518667366308015,37.0,1.124218577542864,118.0,1.01120837511552,481.0
2001-02-21 00:00:00-05:00,29.468803940847984,29.555572511343257,28.98615363817265,29.13257598876953,453900,WHR,28.22690773010254,0,0.9942626599914061,1.0,0.995478930450345,3.0,1.1322787368979594,37.0,1.1113017235859832,117.0,0.9995197232297319,481.0
2001-02-22 00:00:00-05:00,29.137978129638228,29.137978129638228,27.95575587473417,28.22690773010254,510800,WHR,27.928661346435547,0,0.9842106623011843,0.0,0.9714081896474938,2.0,1.0917291607251332,36.0,1.0767683652902527,117.0,0.9683239661534323,481.0
2001-02-23 00:00:00-05:00,28.254042981233727,28.281159841405227,27.69547041629733,27.928661346435547,592600,WHR,28.736682891845703,1,0.9946889259859428,0.0,0.9697590324645174,2.0,1.0752738991749602,35.0,1.0654756850562992,116.0,0.9579727644593427,481.0
2001-02-26 00:00:00-05:00,28.064225184905546,28.79633457963044,27.65749728367503,28.736682891845703,527900,WHR,28.59027099609375,0,1.0142595365169296,1.0,1.0013226688441803,2.0,1.1008459329988969,35.0,1.096314402515068,116.0,0.9855399531452188,481.0
2001-02-27 00:00:00-05:00,28.74211547244648,28.79634505150793,28.443848650156827,28.59027099609375,225300,WHR,28.85773086547852,1,0.9974460199640443,1.0,1.0023577870063527,1.0,1.0901058559004897,34.0,1.0906885573736846,116.0,0.9803821129218826,480.0
2001-02-28 00:00:00-05:00,28.72673419627348,28.928688609221386,28.67760992478296,28.85773086547852,356600,WHR,28.37191772460937,0,1.004655686198264,1.0,1.0136883309184215,2.0,1.094987452046126,35.0,1.1006337724708661,117.0,0.9894255002115232,480.0
2001-03-01 00:00:00-05:00,28.7922022538124,28.819493024352376,28.071715084365017,28.37191772460937,513000,WHR,29.070587158203125,1,0.9915111633071727,1.0,0.995608842734875,2.0,1.0720250191944605,34.0,1.0819915929184216,116.0,0.9726508851450869,480.0
2001-03-02 00:00:00-05:00,28.38284979095444,29.201585842616588,28.38284979095444,29.070587158203125,358300,WHR,29.68736267089844,1,1.0121629346599543,1.0,1.0120154558420031,3.0,1.0939713357066971,34.0,1.108413112003211,116.0,0.9964602930691219,480.0
2001-03-05 00:00:00-05:00,29.070581058394428,29.993024815624548,28.928667755364494,29.68736267089844,560800,WHR,30.124025344848636,1,1.0104968861998966,2.0,1.0266911108513062,3.0,1.1128785057669368,34.0,1.1314241397564917,117.0,1.0174411510471042,480.0
2001-03-06 00:00:00-05:00,30.053069725095668,30.293231531808697,30.02031953602664,30.124025344848636,492400,WHR,30.533390045166016,1,1.0073006611021171,2.0,1.0308565659874267,4.0,1.1246090371546718,35.0,1.1474016422737685,118.0,1.032232488598218,480.0
2001-03-07 00:00:00-05:00,30.5115586702947,30.566140230702587,30.36418595860973,30.533390045166016,377000,WHR,31.27025604248047,1,1.0067487989339021,2.0,1.0330181811649015,4.0,1.1349407591460037,36.0,1.162442722656426,118.0,1.0460600784086331,481.0
2001-03-08 00:00:00-05:00,30.560685291070428,31.319380283540184,30.544309155948373,31.27025604248047,378700,WHR,30.9263858795166,0,1.0119226945974913,2.0,1.0375992009282016,5.0,1.1567538927178855,37.0,1.189642475358649,119.0,1.0710732601059436,482.0
2001-03-09 00:00:00-05:00,30.784472564278044,31.05738454771259,30.70805545990769,30.9263858795166,325100,WHR,30.8663387298584,0,0.9944712422996225,1.0,1.0137045362165047,4.0,1.1391428968110093,36.0,1.1757313479685925,119.0,1.059071851390407,482.0
2001-03-12 00:00:00-05:00,30.293224095827355,31.24841584659669,30.16768485844172,30.8663387298584,584900,WHR,29.829275131225582,0,0.999028248874964,0.0,1.0039766850929486,3.0,1.1321332233672345,36.0,1.17256804810946,119.0,1.0567951217703093,482.0
2001-03-13 00:00:00-05:00,30.87179863274965,30.970047095272573,29.474488785209168,29.829275131225582,689600,WHR,28.91229820251465,0,0.9829136978331519,0.0,0.972108508007132,2.0,1.0891962845988918,36.0,1.132973700872624,118.0,1.021105204362066,482.0
2001-03-14 00:00:00-05:00,29.69282669600409,29.829282697213383,28.55205444260824,28.91229820251465,1190400,WHR,29.16337776184082,1,0.9843896430301393,0.0,0.9522869190491496,1.0,1.051332481889843,36.0,1.0984937905281895,117.0,0.98956498489109,482.0
2001-03-15 00:00:00-05:00,29.03783848620958,29.4472065041106,28.983254834530733,29.16337776184082,1083600,WHR,28.54659652709961,0,1.0043233170369,1.0,0.9740758373336356,1.0,1.0557039939758026,37.0,1.1082200145960361,118.0,0.9979833469315197,483.0
2001-03-16 00:00:00-05:00,29.02146285309992,29.065129775200543,28.109937716860617,28.54659652709961,1035300,WHR,29.46903419494629,1,0.9893123980327364,1.0,0.9688774810000388,1.0,1.0294982090697915,36.0,1.085050234444595,118.0,0.9767094899019308,483.0
2001-03-19 00:00:00-05:00,28.57388122205871,29.61094749721882,28.57388122205871,29.46903419494629,748500,WHR,29.15244674682617,0,1.0158998127981422,1.0,1.0097627705383259,2.0,1.058227844829807,36.0,1.1205480726575847,118.0,1.0080487573461367,484.0
2001-03-20 00:00:00-05:00,29.46902552497988,30.020306602811733,28.84678469365905,29.15244674682617,567200,WHR,27.766063690185547,0,0.9945994634895938,1.0,1.0035697252972855,2.0,1.0426690944657753,35.0,1.1087490765116608,118.0,0.9970130727010891,483.0
2001-03-21 00:00:00-05:00,29.152457019741075,29.22887203942233,27.70602272267795,27.766063690185547,993900,WHR,26.985525131225582,0,0.9756426679827672,0.0,0.9634469732066511,2.0,0.9903781897199125,34.0,1.0565037528879546,117.0,0.949439509088787,483.0
2001-03-22 00:00:00-05:00,27.77151265450601,27.80972014998188,26.34145294727184,26.985525131225582,1556800,WHR,27.132905960083008,1,0.9857440016671309,0.0,0.9507324050505183,1.0,0.9614298466423913,33.0,1.0272972310044584,117.0,0.9226194429324887,483.0
2001-03-23 00:00:00-05:00,27.018283439148785,27.454942149007465,26.963701881223813,27.132905960083008,884100,WHR,27.935272216796875,1,1.0027233019488087,1.0,0.9655427756867293,2.0,0.9656987350197628,33.0,1.0333547734908763,118.0,0.9275189015938683,484.0
2001-03-26 00:00:00-05:00,27.072869305691643,28.437429292513876,27.01828773908008,27.935272216796875,623600,WHR,27.09470558166504,0,1.0145704158604385,2.0,1.005066821056464,2.0,0.9928947227930428,33.0,1.0642164054588226,119.0,0.9547956918037853,484.0
2001-03-27 00:00:00-05:00,27.29120257333763,27.564114599071008,27.018290547604256,27.09470558166504,923700,WHR,27.61869430541992,1,0.9847252957613345,1.0,0.9894755854185585,2.0,0.9626631730168134,32.0,1.0328509688103986,118.0,0.9259359890362435,484.0
2001-03-28 00:00:00-05:00,26.930956963183327,27.89160631271519,25.9266406930506,27.61869430541992,1463200,WHR,27.24753189086914,0,1.009576972457136,1.0,1.0096980070566839,3.0,0.9802600451996066,33.0,1.0534753310400184,118.0,0.9436953313540333,484.0
2001-03-29 00:00:00-05:00,27.40036402006035,27.57502752586183,26.90366428503367,27.24753189086914,665800,WHR,27.28573036193848,1,0.9932351386220202,1.0,0.9942242162942666,3.0,0.9661585428151946,33.0,1.0399292689745707,118.0,0.930871681908296,484.0
2001-03-30 00:00:00-05:00,27.111064845184988,27.56409956016137,26.745363929661533,27.28573036193848,449100,WHR,27.48223304748535,1,1.0007004618739341,1.0,0.9945088793905003,3.0,0.9672605234163886,33.0,1.042057376785657,118.0,0.9320239635192776,485.0
2001-04-02 00:00:00-04:00,27.56410746688184,27.84793615006254,27.263904732683024,27.48223304748535,430900,WHR,26.68533706665039,0,1.003587912957031,2.0,1.0049899478022828,3.0,0.9741126977833892,33.0,1.0504352219913335,118.0,0.938579987458577,485.0
2001-04-03 00:00:00-04:00,27.482239667847868,27.56411410696758,26.64167222603243,26.68533706665039,575700,WHR,27.34032249450684,1,0.985288319576532,1.0,0.9787789657892216,3.0,0.945822688602531,33.0,1.0208307365479092,118.0,0.9112509304944993,484.0
2001-04-04 00:00:00-04:00,26.745374289275595,27.78244065580266,26.745374289275595,27.34032249450684,589200,WHR,28.213647842407227,1,1.0121235989190471,1.0,1.0048548368451933,3.0,0.968579193785328,34.0,1.0466696222083571,118.0,0.9334942616530015,484.0
2001-04-05 00:00:00-04:00,27.88615420525152,28.51931009733197,27.842487276482085,28.213647842407227,649300,WHR,27.7005615234375,0,1.0157203048243717,2.0,1.0296405320312598,4.0,0.9981318391825532,35.0,1.0807181277530642,119.0,0.9631487909178174,485.0
2001-04-06 00:00:00-04:00,28.000764236817584,28.006223641547003,27.35123457825683,27.7005615234375,480200,WHR,28.208187103271484,1,0.9908236864155117,1.0,1.0078641326771498,3.0,0.9788401813463808,35.0,1.0618658284546585,118.0,0.9454729970794493,485.0
2001-04-09 00:00:00-04:00,27.618696129154458,28.77038520913407,27.291202531636227,28.208187103271484,483000,WHR,28.43197250366211,1,1.0090795375017834,1.0,1.0209404284737098,3.0,0.9958585335042139,35.0,1.0820414964964773,119.0,0.9626072807719631,486.0
2001-04-10 00:00:00-04:00,28.20818474489883,28.644843532467025,27.52044533259475,28.43197250366211,971400,WHR,27.782453536987305,0,1.0039510022913711,2.0,1.0161919728852264,4.0,1.002562376494091,36.0,1.091539161126661,119.0,0.9700595416092418,486.0
2001-04-11 00:00:00-04:00,28.426526280983374,28.426526280983374,27.61870460581727,27.782453536987305,710100,WHR,27.28573036193848,0,0.9884456889018999,1.0,0.9898490303588713,3.0,0.9786515951168453,36.0,1.0676148495101063,118.0,0.9477357002972882,486.0
2001-04-12 00:00:00-04:00,27.727846269830867,27.91888583290559,26.772654700914384,27.28573036193848,1146500,WHR,27.5258903503418,1,0.9909798518876067,0.0,0.9786222177200361,2.0,0.9605611264775067,35.0,1.0493883434415328,118.0,0.9306447346129543,486.0
2001-04-16 00:00:00-04:00,27.35668424766429,27.525890350341797,27.056481618267394,27.5258903503418,345000,WHR,27.018285751342773,0,1.004381552402254,1.0,0.9884742274938679,3.0,0.9685896511003589,35.0,1.0594126903013754,119.0,0.9386885681835931,486.0
2001-04-17 00:00:00-04:00,27.38944620702438,27.400362935974208,26.854538981401628,27.018285751342773,427300,WHR,29.529088973999023,1,0.9906936975626377,1.0,0.9786090186102555,2.0,0.9503285394115482,35.0,1.040662949770017,119.0,0.921255360668868,485.0
2001-04-18 00:00:00-04:00,27.61870423603207,29.796543753462213,27.072880025184368,29.529088973999023,1085700,WHR,30.0093994140625,1,1.044401764623938,1.0,1.0611176321509888,2.0,1.0368455075058955,35.0,1.13759469884446,120.0,1.0066469994096325,486.0
2001-04-19 00:00:00-04:00,29.52907377277936,30.12948134492155,29.207037570873496,30.0093994140625,972100,WHR,29.68736267089844,0,1.0080672259754546,2.0,1.0613899749497262,3.0,1.0517413860250464,35.0,1.1565884407225744,120.0,1.0227672206271814,487.0
2001-04-20 00:00:00-04:00,29.965734036059523,30.02031559518957,29.441741490507194,29.68736267089844,568300,WHR,29.67645835876465,0,0.9946054571149817,1.0,1.0324600772915842,3.0,1.0389145939053512,34.0,1.1449413671363042,119.0,1.0115669897371196,486.0
2001-04-23 00:00:00-04:00,29.823831128657645,30.02032815518164,29.47996133224066,29.67645835876465,442400,WHR,29.05967330932617,0,0.9998163138432693,0.0,1.0168701109113738,2.0,1.0370452925528764,33.0,1.1455225272185694,118.0,1.010988301861265,485.0
2001-04-24 00:00:00-04:00,29.638245469174095,29.638245469174095,28.939591352156143,29.05967330932617,396100,WHR,29.780160903930664,1,0.9894990522541756,0.0,0.981997969131479,2.0,1.0144029724533168,33.0,1.122769489437051,118.0,0.9898026563293673,484.0
2001-04-25 00:00:00-04:00,29.36533346011476,29.780160903930664,28.95596542280233,29.780160903930664,440500,WHR,30.124025344848636,1,1.0122448950483645,1.0,1.004640278579121,2.0,1.0382581522441847,33.0,1.151384546166338,119.0,1.014138331667616,485.0
2001-04-26 00:00:00-04:00,29.780157729313608,30.29868885557689,29.780157729313608,30.124025344848636,677400,WHR,30.74627113342285,1,1.0057402405816835,2.0,1.0154552820309095,2.0,1.0489449333794207,33.0,1.165476904837457,119.0,1.0256291757882976,486.0
2001-04-27 00:00:00-04:00,30.51156661468271,30.8936418013261,30.145863401840828,30.74627113342285,463300,WHR,30.440603256225582,0,1.0102224865751448,2.0,1.0290840472658398,3.0,1.0691968520993165,33.0,1.190434995869326,119.0,1.046568936325621,487.0
2001-04-30 00:00:00-04:00,31.101049764536505,31.111966493866426,30.3751049623993,30.440603256225582,388400,WHR,30.89908599853516,1,0.9950043554235058,1.0,1.0136681471972566,3.0,1.0573934476118019,32.0,1.1794838895471886,119.0,1.0359384398658888,486.0
2001-05-01 00:00:00-04:00,30.57704986962848,30.91546004643043,30.200432192969185,30.89908599853516,497100,WHR,31.783321380615234,1,1.0074744875280566,1.0,1.0164831958593799,4.0,1.0720009592058635,32.0,1.1981358919518768,119.0,1.0512978883812951,486.0
2001-05-02 00:00:00-04:00,31.139249094449013,31.930694064617946,31.04100063844721,31.783321380615234,681500,WHR,30.77901268005371,0,1.0141065957587039,2.0,1.0319708686157074,4.0,1.1007426052852505,33.0,1.2329390350909368,120.0,1.0811130794505284,486.0
2001-05-03 00:00:00-04:00,31.43945916997997,31.60320802321729,30.768095951027675,30.77901268005371,905900,WHR,31.19384002685547,1,0.9839470710989202,1.0,0.9951293931092586,3.0,1.0647887643083338,32.0,1.1948448423697464,119.0,1.0467349992714021,485.0
2001-05-04 00:00:00-04:00,30.56614164240902,31.30300315271297,30.12948289251952,31.19384002685547,464700,WHR,31.111970901489254,0,1.006693694556286,1.0,1.0056309483255836,3.0,1.0776498774705292,33.0,1.2113925279106763,120.0,1.0606060377608924,486.0
2001-05-07 00:00:00-04:00,31.19384534198616,31.439464499169844,31.030096460992358,31.111970901489254,195300,WHR,30.953676223754883,0,0.9986860113985135,1.0,0.9986686771101482,3.0,1.0734305629667178,32.0,1.2086966817426268,119.0,1.0575852010476572,486.0
2001-05-08 00:00:00-04:00,31.00825986896191,31.237504932371948,30.844511015493985,30.953676223754883,262300,WHR,30.97550392150879,1,0.9974495605046226,0.0,0.9932394571838837,2.0,1.0665760701391136,32.0,1.2028967553303545,119.0,1.0519740369431672,486.0
2001-05-09 00:00:00-04:00,30.817214503074283,31.193834297429,30.702591992684926,30.97550392150879,354600,WHR,31.70145034790039,1,1.000352462243206,1.0,0.9991195366688609,2.0,1.0661267906466652,32.0,1.204469965311399,119.0,1.0524891947138262,486.0
2001-05-10 00:00:00-04:00,31.002794400940815,31.86519708719539,30.839047661645814,31.70145034790039,318300,WHR,30.94821548461914,0,1.0115823500815182,2.0,1.0164862702685644,3.0,1.0895342501636898,32.0,1.2331043714721257,120.0,1.0769038775697273,486.0
2001-05-11 00:00:00-04:00,31.83790902284502,31.87611652919648,30.9427560796244,30.94821548461914,348900,WHR,31.15018844604492,1,0.9879770330252861,1.0,0.993899836385898,2.0,1.0626207054955406,31.0,1.2044740969783754,119.0,1.0510977303003342,486.0
2001-05-14 00:00:00-04:00,30.81177800855006,31.15018844604492,30.70261274679728,31.15018844604492,356200,WHR,31.72671890258789,1,1.0032524662252396,1.0,1.0001406790100351,3.0,1.0683750319020109,32.0,1.2130108068249832,119.0,1.0577279106971609,487.0
2001-05-15 00:00:00-04:00,31.435699126805343,32.17148675347131,31.353334011764453,31.72671890258789,613300,WHR,33.32459259033203,1,1.0091691923291692,2.0,1.0136197387903043,4.0,1.0866046585777864,32.0,1.2358278311176683,120.0,1.0770520324219033,487.0
2001-05-16 00:00:00-04:00,31.847527005687603,33.38499340772537,31.60043370482046,33.32459259033203,882900,WHR,33.93959426879883,1,1.024563281678311,2.0,1.0489250245185857,4.0,1.1388235552183674,32.0,1.298326105410083,120.0,1.1309723806573548,487.0
2001-05-17 00:00:00-04:00,33.32460578870861,34.01646730515182,32.89631196066586,33.93959426879883,635500,WHR,33.85721969604492,0,1.0091430775749177,2.0,1.0534403038168734,4.0,1.156673572360535,33.0,1.3220993190029453,121.0,1.1514881698945576,488.0
2001-05-18 00:00:00-04:00,33.934092711036314,33.934092711036314,33.53325335098651,33.85721969604492,553500,WHR,34.16471862792969,1,0.9987849787042113,1.0,1.0322429203724466,4.0,1.1501878579657274,33.0,1.3186316190441092,121.0,1.1483487813526916,487.0
2001-05-21 00:00:00-04:00,33.82427795017428,34.263555973777024,33.395984181257745,34.16471862792969,359700,WHR,33.76935577392578,0,1.004520584674024,1.0,1.0228171017314083,4.0,1.1565505455127418,34.0,1.3303519909009973,121.0,1.158426058287766,487.0
2001-05-22 00:00:00-04:00,34.20863152766833,34.25805018087887,33.49480816600769,33.76935577392578,496400,WHR,33.49479293823242,0,0.9941801981187646,1.0,0.9987654816855338,3.0,1.1399298732190761,33.0,1.3148806418280226,120.0,1.1446684852404236,487.0
2001-05-23 00:00:00-04:00,33.63206667978256,33.736393969293474,33.384973526066105,33.49479293823242,342400,WHR,34.18666076660156,1,0.9959181400352172,0.0,0.9896486360683454,2.0,1.1275503734967858,33.0,1.3039941786754856,120.0,1.1350377448129347,486.0
2001-05-24 00:00:00-04:00,33.43989317344186,34.47219047632363,33.39047452955474,34.18666076660156,399000,WHR,34.51063537597656,1,1.010222413829739,1.0,1.0086182353753625,2.0,1.147410463848718,33.0,1.3303654453205223,121.0,1.158157173643806,486.0
2001-05-25 00:00:00-04:00,34.19216122248008,34.53809181398444,34.15372472282761,34.51063537597656,329700,WHR,35.394683837890625,1,1.00471597322699,2.0,1.014265962080924,3.0,1.1543202291405104,34.0,1.3425242701812148,121.0,1.1687885297405989,487.0
2001-05-29 00:00:00-04:00,34.37336620716271,35.74610450768251,34.26354881882706,35.394683837890625,755200,WHR,34.45573043823242,0,1.01264636900104,2.0,1.0327813807401212,3.0,1.1797309593884473,34.0,1.375809832775911,122.0,1.1983329026893184,488.0
2001-05-30 00:00:00-04:00,35.25740908197196,35.25740908197196,34.32943876925693,34.45573043823242,791100,WHR,34.532615661621094,1,0.9865576545337804,1.0,1.0013726191471335,3.0,1.1454009113579389,33.0,1.3384191791103284,122.0,1.1662196728805594,487.0
2001-05-31 00:00:00-04:00,34.45574262675847,34.538107789615914,34.109811875243544,34.532615661621094,356500,WHR,34.713802337646484,1,1.0011144668300553,1.0,0.9975892824928977,4.0,1.145159665658824,33.0,1.340849816295142,122.0,1.1684995921566972,487.0
2001-06-01 00:00:00-04:00,34.53809202540756,34.90049480622937,34.1152884320101,34.713802337646484,293000,WHR,34.801666259765625,1,1.00261654943693,2.0,0.9997784890036414,4.0,1.148514487516663,33.0,1.3471353779056703,123.0,1.1742944468157444,488.0
2001-06-04 00:00:00-04:00,34.593009425937424,34.94992226580413,34.4557355790091,34.801666259765625,194800,WHR,35.92180252075195,1,1.0012639477787022,2.0,1.0006315912132484,4.0,1.1491836896031757,33.0,1.349432344014155,124.0,1.1769462921536253,488.0
2001-06-05 00:00:00-04:00,34.691830598382936,35.96573113672384,34.59299330707789,35.92180252075195,575100,WHR,35.4166374206543,0,1.0158382539813275,2.0,1.0297169387640082,4.0,1.1829195315268823,34.0,1.3913210376846177,125.0,1.2144615068182127,488.0
2001-06-06 00:00:00-04:00,35.691184997558594,35.71864143095445,35.25739932333818,35.4166374206543,348500,WHR,34.91695785522461,0,0.9929187531923522,1.0,1.009673849861424,4.0,1.1633788333812811,34.0,1.370370998781227,124.0,1.1970295522787129,488.0
2001-06-07 00:00:00-04:00,35.36172564490869,35.36721776895938,34.75771977186014,34.91695785522461,549300,WHR,34.73026657104492,0,0.992895577661433,0.0,0.9932521404584707,3.0,1.1437793273189076,34.0,1.3498003797395575,123.0,1.1798156230458887,487.0
2001-06-08 00:00:00-04:00,34.91695899687217,35.01030416246996,34.66986577230204,34.73026657104492,407200,WHR,34.82911682128906,1,0.9973194727325089,0.0,0.9878489663356697,2.0,1.134061699694518,34.0,1.341491043786555,122.0,1.1732036185954617,486.0
2001-06-11 00:00:00-04:00,34.730279494682215,34.922462021621946,34.12627547175811,34.82911682128906,498800,WHR,34.323936462402344,0,1.0014210915253028,1.0,0.9905059343063682,2.0,1.133793526336778,34.0,1.34399451577748,123.0,1.1762120884164577,487.0
2001-06-12 00:00:00-04:00,35.03226969948305,35.03226969948305,34.0438988611502,34.323936462402344,466200,WHR,34.2251091003418,0,0.9926947497630468,1.0,0.9850919595456256,1.0,1.1138569874641964,34.0,1.3233512710173088,122.0,1.1588395962238982,487.0
2001-06-13 00:00:00-04:00,32.94571611896518,34.45023807670277,32.89080742995313,34.2251091003418,878500,WHR,33.32459259033203,0,0.9985582970375556,0.0,0.9890198696063217,1.0,1.1078002611144713,33.0,1.3183697617599004,122.0,1.15520433670902,486.0
2001-06-14 00:00:00-04:00,34.18118200179402,34.20863634752764,33.291648213304626,33.32459259033203,701400,WHR,32.4789924621582,0,0.9866688306910155,0.0,0.9719420532264499,1.0,1.0762299807331515,33.0,1.2825233473717224,122.0,1.1245573296752844,485.0
2001-06-15 00:00:00-04:00,33.187323908197726,33.187323908197726,32.2922999497632,32.4789924621582,1055400,WHR,33.59365463256836,1,0.9871496343626368,0.0,0.9598846493279141,1.0,1.0462668824999868,33.0,1.2489259422134413,122.0,1.0958241735505228,484.0
2001-06-18 00:00:00-04:00,32.47899171076276,33.714456283274124,32.17698758399836,33.59365463256836,615900,WHR,33.26966857910156,0,1.016870251449319,1.0,1.0001309223065378,1.0,1.0783483833647347,34.0,1.290366875685858,123.0,1.1331862533850292,484.0
2001-06-19 00:00:00-04:00,33.59363473669828,33.851710075948766,33.22024994168405,33.26966857910156,278600,WHR,33.406951904296875,1,0.9951545026794264,1.0,0.9967423578576158,1.0,1.0644537527320117,33.0,1.2764830110042795,123.0,1.122025030902984,484.0
2001-06-20 00:00:00-04:00,33.37949756334447,33.49480705212372,32.973166195500326,33.406951904296875,487900,WHR,34.175689697265625,1,1.0020589424628907,1.0,1.0057859759028462,2.0,1.0657365440026596,33.0,1.2804842264521579,123.0,1.1264069287585552,485.0
2001-06-21 00:00:00-04:00,33.43990196953206,34.175689697265625,33.093971371328024,34.175689697265625,451000,WHR,34.10430145263672,0,1.0113747816710228,2.0,1.023684242760746,3.0,1.08617119600384,34.0,1.3085966787395298,123.0,1.1520580728234326,485.0
2001-06-22 00:00:00-04:00,34.175684411461354,34.68085096404959,33.80778955717918,34.10430145263672,483000,WHR,33.5881462097168,0,0.9989544778283264,1.0,1.0116952707402138,3.0,1.080191420168682,33.0,1.3043236932522404,123.0,1.149376439493073,485.0
2001-06-25 00:00:00-04:00,33.98898747537368,34.04389614743628,33.467346712252784,33.5881462097168,348700,WHR,33.97800827026367,1,0.9923749951324781,0.0,0.9964162231910162,2.0,1.0602942111898819,33.0,1.2834202310043568,122.0,1.1317168586591893,485.0
2001-06-26 00:00:00-04:00,33.19280204277415,34.18117288808148,32.780980682676784,33.97800827026367,401500,WHR,34.472206115722656,1,1.005770079169777,1.0,1.0037632623947106,3.0,1.0688378340676847,33.0,1.2970109759976,123.0,1.1445502644578003,486.0
2001-06-27 00:00:00-04:00,33.79681907260921,35.032283635662914,33.769364723467866,34.472206115722656,431200,WHR,34.927955627441406,1,1.0072198144285165,2.0,1.011993298502905,3.0,1.0804242656290566,33.0,1.314402241459071,124.0,1.160884571721305,486.0
2001-06-28 00:00:00-04:00,34.47220548048958,35.09268381388654,34.47220548048958,34.927955627441406,289700,WHR,34.318450927734375,0,1.0065669805411317,2.0,1.02086366735514,3.0,1.0900150903221668,34.0,1.3297387627169646,125.0,1.175898835061267,486.0
2001-06-29 00:00:00-04:00,34.933436981862414,35.11463940818422,34.318450927734375,34.318450927734375,462700,WHR,35.4715461730957,1,0.9911980313487982,1.0,1.0017951829161906,3.0,1.0671208391128848,33.0,1.3050662320311992,124.0,1.1550630700235658,486.0
2001-07-02 00:00:00-04:00,34.455720974257176,35.60881996183777,34.11528256467376,35.4715461730957,574800,WHR,35.1311149597168,0,1.0165223569746733,1.0,1.0241936137630676,4.0,1.0988428034017306,33.0,1.3471048024928647,125.0,1.1934803680350317,487.0
2001-07-03 00:00:00-04:00,35.41664475014359,35.499009878113085,34.785184354730006,35.1311149597168,352300,WHR,34.91148376464844,0,0.9951782098873226,1.0,1.0076542636808374,3.0,1.0841376749961695,33.0,1.3325703181456945,124.0,1.181623864532164,487.0
2001-07-05 00:00:00-04:00,35.1366127769827,35.1366127769827,34.73028129161638,34.91148376464844,293300,WHR,33.983516693115234,0,0.9968643197273039,0.0,0.9988376517028239,2.0,1.0736582561782833,32.0,1.3226379535875066,124.0,1.173839646349633,487.0
2001-07-06 00:00:00-04:00,34.91148933401561,34.92246939961838,33.983516693115234,33.983516693115234,341300,WHR,33.5881462097168,0,0.9865307051982372,0.0,0.9775709570519611,1.0,1.0421543478348543,31.0,1.2863211823660226,123.0,1.1422758267591706,487.0
2001-07-09 00:00:00-04:00,34.04389614743628,34.26353502494978,33.29712647744824,33.5881462097168,934900,WHR,32.81392288208008,0,0.9941488714882305,0.0,0.9702744158108828,1.0,1.0269823322896716,31.0,1.2704024176384061,122.0,1.128623266460253,487.0
2001-07-10 00:00:00-04:00,33.58814690410543,33.665021979066545,32.64370473838808,32.81392288208008,1154400,WHR,34.79067611694336,1,0.9883403734518211,0.0,0.9626906188246651,0.0,1.0004913563547475,31.0,1.2402965977136138,122.0,1.102289007364305,486.0
2001-07-11 00:00:00-04:00,32.39662044075648,34.92245780675919,31.710251363621808,34.79067611694336,3912400,WHR,36.756439208984375,1,1.0292399224924305,1.0,1.0227272982134312,1.0,1.0568606365676627,31.0,1.3138298612091803,122.0,1.1682939033382498,486.0
2001-07-12 00:00:00-04:00,35.169554192471324,36.756439208984375,34.87853227110522,36.756439208984375,1612400,WHR,37.70087814331055,1,1.0274750852369956,2.0,1.068919378672723,2.0,1.1110978607723052,32.0,1.3863142583580825,123.0,1.233786713506461,487.0
2001-07-13 00:00:00-04:00,36.756433736532,37.98640580176588,36.756433736532,37.70087814331055,1353100,WHR,37.38790893554688,0,1.0126842997828884,2.0,1.0731814607299155,3.0,1.1349742519876869,32.0,1.4200347289597417,123.0,1.2649085645962093,488.0
2001-07-16 00:00:00-04:00,37.61304009146758,37.777770409910346,37.09140106517553,37.38790893554688,1353200,WHR,39.09008407592773,1,0.9958320114102391,1.0,1.041737122780121,3.0,1.1214008284548198,31.0,1.4059044928736848,123.0,1.2538599596387643,487.0
2001-07-17 00:00:00-04:00,37.38788580276356,39.09557201101856,37.03646525083296,39.09008407592773,1977600,WHR,38.8045539855957,0,1.0222570581856856,1.0,1.0523590375433844,4.0,1.166970127197645,32.0,1.466949411787862,124.0,1.3103044631218352,487.0
2001-07-18 00:00:00-04:00,38.54099065455362,39.15048661782591,38.24447876518357,38.8045539855957,1285700,WHR,38.178592681884766,0,0.9963344063540482,1.0,1.0225725131263255,3.0,1.153208525431115,32.0,1.4533530382374438,124.0,1.3001283028204418,486.0
2001-07-19 00:00:00-04:00,38.21702918243805,38.875946006691336,37.739318988313606,38.178592681884766,972800,WHR,38.2170295715332,1,0.9918688527189633,0.0,0.9985925320526176,2.0,1.1295043830371916,32.0,1.4271833205997881,124.0,1.2785863941261535,486.0
2001-07-20 00:00:00-04:00,37.89306537632354,38.23899388482504,37.75029943455881,38.2170295715332,556100,WHR,37.936988830566406,0,1.000503129479343,1.0,0.9969061610138434,2.0,1.125957495066583,32.0,1.4258090202766212,125.0,1.2793012163264668,487.0
2001-07-23 00:00:00-04:00,38.21153645570328,38.271937268374536,37.92600876883722,37.936988830566406,485600,WHR,37.45927429199219,0,0.9963227056583126,1.0,0.9867744817450341,2.0,1.1134352414363378,31.0,1.412212875768406,125.0,1.2693684935486638,487.0
2001-07-24 00:00:00-04:00,37.83265918636958,37.88756786716488,37.20119888406407,37.45927429199219,556500,WHR,38.05778503417969,1,0.9936639493949763,0.0,0.9826855742286408,1.0,1.0958161468414598,30.0,1.3912476918385595,125.0,1.252870225187578,486.0
2001-07-25 00:00:00-04:00,37.54163842115257,38.29938825044581,37.42083681301951,38.05778503417969,843800,WHR,38.39274978637695,1,1.0079255038203014,1.0,1.0023136977788436,2.0,1.10920530695591,31.0,1.4100286937790625,126.0,1.2723581131303137,486.0
2001-07-26 00:00:00-04:00,38.12369421040129,38.43118629723062,37.89856308306876,38.39274978637695,373700,WHR,38.35980224609375,0,1.0043814572780096,2.0,1.0099962283306638,3.0,1.1149095885526443,31.0,1.4189494411992465,126.0,1.2830695022164205,486.0
2001-07-27 00:00:00-04:00,38.35431011949073,38.623365673326816,38.27194497750597,38.35980224609375,331500,WHR,39.42504501342773,1,0.999570730361262,1.0,1.0083720072787994,2.0,1.110418375616344,30.0,1.4145263439309743,125.0,1.281498015263778,485.0
2001-07-30 00:00:00-04:00,38.38176308446515,39.468969454475335,38.32685439120706,39.42504501342773,692300,WHR,38.73318099975586,0,1.0136947336771118,1.0,1.0283292648728186,3.0,1.1365136470265027,31.0,1.4502009262850049,126.0,1.3165850694991474,485.0
2001-07-31 00:00:00-04:00,39.37012933702549,39.49642309289499,38.60139930743533,38.73318099975586,766100,WHR,38.48607635498047,0,0.9911479053586096,1.0,1.0036137591938061,3.0,1.1125391925670727,30.0,1.421245089660966,126.0,1.2929981974520004,485.0
2001-08-01 00:00:00-04:00,38.29938601821127,38.56295352870929,38.16211223319976,38.48607635498047,736900,WHR,38.19508361816406,0,0.9967999608745236,0.0,0.9950026455770046,2.0,1.1015529462953921,30.0,1.4087138586934282,126.0,1.2842316769643356,485.0
2001-08-02 00:00:00-04:00,38.48610357795801,38.5135600300869,38.162139227022536,38.19508361816406,444400,WHR,38.38726806640625,1,0.9962051599516971,0.0,0.9884897542171537,1.0,1.0894606781039875,30.0,1.3946260357124367,126.0,1.2740405138855124,484.0
2001-08-03 00:00:00-04:00,38.05780741799239,38.42021245554117,37.88209702716254,38.38726806640625,354500,WHR,38.13466644287109,0,1.0025095135369277,1.0,0.9933222788179576,2.0,1.0910979822163573,30.0,1.3984049267943388,126.0,1.2799862376910003,484.0
2001-08-06 00:00:00-04:00,38.21703157471663,38.21703157471663,38.07975775139561,38.13466644287109,273800,WHR,37.48672103881836,0,0.996698964484431,1.0,0.9934199865833097,1.0,1.080624898526979,29.0,1.3860918923229824,125.0,1.2711391315266158,483.0
2001-08-07 00:00:00-04:00,38.10170906559886,38.10720118965189,37.28355853075133,37.48672103881836,653400,WHR,36.87174987792969,0,0.9914317175916717,0.0,0.9829240470014209,1.0,1.0589938107621948,29.0,1.3596109609476736,125.0,1.2491565191592864,482.0
2001-08-08 00:00:00-04:00,37.486733926880525,37.50321030470426,36.86625775198844,36.87174987792969,568800,WHR,36.24030303955078,0,0.9917296421872742,0.0,0.9750536694185746,1.0,1.038822505010111,28.0,1.3345429821831385,125.0,1.2283225096771748,481.0
2001-08-09 00:00:00-04:00,36.871763703093166,36.8772558310937,35.74611625115821,36.24030303955078,1181800,WHR,37.16827774047852,1,0.9913633003973832,0.0,0.9683669791742415,1.0,1.0188727355005798,27.0,1.3091846950100179,124.0,1.2069905101771252,480.0
2001-08-10 00:00:00-04:00,36.240304954857066,37.2012221316904,36.18539623974845,37.16827774047852,381300,WHR,37.13531494140625,0,1.0126412292822886,1.0,0.9996754767096315,1.0,1.0430835046170766,27.0,1.3402154192628128,124.0,1.23753048584031,481.0
2001-08-13 00:00:00-04:00,37.28357302362664,37.32750165460045,36.67956901016368,37.13531494140625,389900,WHR,36.6630859375,0,0.9995563767796075,1.0,1.0041871182231141,1.0,1.0406030171269762,26.0,1.3364944499633806,124.0,1.2360889486859707,480.0
2001-08-14 00:00:00-04:00,37.1408002862712,37.448292268415024,36.6575980015789,36.6630859375,384700,WHR,37.65695571899414,1,0.9936010943559452,0.0,0.9958533946698108,1.0,1.0260257168738889,26.0,1.3169966912787094,124.0,1.2200727394054525,479.0
2001-08-15 00:00:00-04:00,36.679566780204496,37.87659467124525,36.55876514700316,37.65695571899414,645800,WHR,37.272579193115234,0,1.0133728367119033,1.0,1.0185046432828462,2.0,1.0521256563740515,26.0,1.3499775159715766,124.0,1.25279720537911,480.0
2001-08-16 00:00:00-04:00,37.6569483314654,37.66792839175483,36.97057935862269,37.272579193115234,675100,WHR,36.58620834350586,0,0.9948701599932553,1.0,1.0025104461528096,2.0,1.0396902083548492,26.0,1.3335192631572363,124.0,1.2396634166528178,480.0
2001-08-17 00:00:00-04:00,37.272577281139824,37.272577281139824,36.45991880496879,36.58620834350586,515000,WHR,36.76742172241211,1,0.9907069846053315,0.0,0.9871402022326895,1.0,1.0190797832882195,26.0,1.306453296363578,124.0,1.216514514829846,480.0
2001-08-20 00:00:00-04:00,36.59720351563831,36.794878163817785,36.531310569823546,36.76742172241211,617800,WHR,37.00901412963867,1,1.0024704077868185,1.0,0.9940028938246854,2.0,1.022901815648364,26.0,1.3104841117308093,124.0,1.222208027591362,481.0
2001-08-21 00:00:00-04:00,36.84428390812411,37.71734737932958,36.79486735522788,37.00901412963867,495300,WHR,36.84429168701172,0,1.0032746554429797,2.0,0.9986663848379209,3.0,1.0284317394870954,26.0,1.3165278431501986,125.0,1.229896405074418,481.0
2001-08-22 00:00:00-04:00,37.06393063231536,37.49222427156203,36.84429168701172,36.84429168701172,938000,WHR,37.629512786865234,1,0.9977695996028141,1.0,0.9986011637090485,2.0,1.023167387564215,25.0,1.3081714461682092,124.0,1.2240868907438145,481.0
2001-08-23 00:00:00-04:00,37.06394510955023,37.96446136670024,37.03648865968857,37.629512786865234,773400,WHR,38.39823532104492,1,1.010543587848113,1.0,1.0179137572092953,3.0,1.043440262326893,26.0,1.3332490439236104,125.0,1.2497995262202153,482.0
2001-08-24 00:00:00-04:00,37.75030268556213,38.68925516601126,37.69539399223609,38.39823532104492,880700,WHR,38.233497619628906,0,1.0101110785642184,2.0,1.028624401778438,4.0,1.0628575925510093,26.0,1.3570422706551308,126.0,1.2749203684124004,482.0
2001-08-27 00:00:00-04:00,38.398227856850056,38.54099378315746,38.18408106202093,38.233497619628906,551500,WHR,37.85463333129883,0,0.9978502678316886,1.0,1.0162291355394584,3.0,1.0565820577819134,25.0,1.347814748147375,126.0,1.26903811947682,482.0
2001-08-28 00:00:00-04:00,38.43667303961973,38.45863735549702,37.73932381489176,37.85463333129883,880900,WHR,37.56216812133789,0,0.9950207176389387,0.0,1.0016564120862566,2.0,1.0446432298682315,24.0,1.3311876838468513,125.0,1.2560366408447297,482.0
2001-08-29 00:00:00-04:00,37.97051136054692,38.07535789616559,37.55113363812811,37.56216812133789,1193900,WHR,36.46405029296875,0,0.9961220151965128,0.0,0.9901559162947694,2.0,1.035790841043495,23.0,1.3177284284612878,124.0,1.2458843634021168,482.0
2001-08-30 00:00:00-04:00,37.57871822794731,37.57871822794731,36.21021510401378,36.46405029296875,966800,WHR,36.430938720703125,0,0.9851658256778262,0.0,0.9671516189131842,1.0,1.005026031567463,23.0,1.276302842784452,124.0,1.2090819353015985,481.0
2001-08-31 00:00:00-04:00,36.44749675905286,36.971720969383846,36.21573053245967,36.430938720703125,681000,WHR,37.38008117675781,1,0.999545763395898,0.0,0.9764636537997186,0.0,1.003415556430854,23.0,1.2723349645559046,123.0,1.207615288736843,480.0
2001-09-04 00:00:00-04:00,36.55787505249855,38.04777921968293,36.43095529424294,37.38008117675781,925100,WHR,37.58975601196289,1,1.012859088756303,1.0,1.0065082775569503,1.0,1.028306912875199,24.0,1.302642905169618,123.0,1.2386938605998827,480.0
2001-09-05 00:00:00-04:00,37.50698266299245,37.72219084429914,37.35798979284017,37.58975601196289,1406400,WHR,37.00484085083008,0,1.0027967892564214,2.0,1.013599884662323,2.0,1.0327677556907071,24.0,1.3070065967215132,124.0,1.245264573901774,480.0
2001-09-06 00:00:00-04:00,37.45181541332783,37.52355009643118,36.9772525311883,37.00484085083008,499200,WHR,34.76997756958008,0,0.9921587462667211,1.0,1.0008359251325056,2.0,1.0154507939008828,24.0,1.283882761296836,124.0,1.225703883605987,479.0
2001-09-07 00:00:00-04:00,36.640638393508766,36.6958192345626,34.76446032748036,34.76997756958008,1504400,WHR,34.08020782470703,0,0.9688628500853931,0.0,0.9490887062981692,2.0,0.9538861484072182,24.0,1.2042055317980933,123.0,1.151595161495595,478.0
2001-09-10 00:00:00-04:00,34.35059900816633,34.654097855508724,33.66082794374532,34.08020782470703,1768900,WHR,29.831212997436523,0,0.9899815847855323,0.0,0.9423540318938678,2.0,0.9346399613173826,24.0,1.1782578645737314,123.0,1.1287296422204474,477.0
2001-09-17 00:00:00-04:00,32.36405185670013,32.419232687353954,29.825693651362883,29.831212997436523,1404700,WHR,30.151269912719727,1,0.9335174406606472,0.0,0.8608005094306028,1.0,0.8191038071685757,24.0,1.0301800171388307,122.0,0.9881631598274918,476.0
2001-09-18 00:00:00-04:00,29.693263058807577,31.3983770718336,29.26836386601314,30.151269912719727,1247000,WHR,30.02435302734375,0,1.0053358397277852,1.0,0.9090606240500493,1.0,0.8291981871050622,24.0,1.039956518561919,123.0,0.9988959589703839,477.0
2001-09-19 00:00:00-04:00,30.57065260417353,31.177650262860755,28.286129206081263,30.02435302734375,1350300,WHR,29.08074951171875,0,0.9978908920394162,1.0,0.9450118344040709,1.0,0.8269378858772715,24.0,1.0342718779246876,123.0,0.9947948624864852,477.0
2001-09-20 00:00:00-04:00,30.029873098070524,30.029873098070524,28.280614628068108,29.08074951171875,1372500,WHR,28.319232940673828,0,0.9840351598239531,0.0,0.9493101940729356,1.0,0.8025426931235929,23.0,1.0005552890335785,123.0,0.9636610016192874,477.0
2001-09-21 00:00:00-04:00,28.19783259279049,28.97037681657119,27.701198824657467,28.319232940673828,1435500,WHR,29.522188186645508,1,0.9867331567274167,0.0,0.960580835065891,1.0,0.7836379586635944,22.0,0.9733602938819332,122.0,0.9385761301226981,477.0
2001-09-24 00:00:00-04:00,28.871044428333384,30.062968203631065,28.69446328421619,29.522188186645508,620200,WHR,29.88639259338379,1,1.0207974704377294,1.0,1.0034884775742747,2.0,0.8186556474073694,23.0,1.0135099966107874,122.0,0.9785645726708326,477.0
2001-09-25 00:00:00-04:00,30.007792941823254,31.177643764466676,29.080740711045102,29.88639259338379,1225300,WHR,29.53323745727539,0,1.0061305017214064,2.0,1.0177007088966026,2.0,0.8301753977490975,24.0,1.0247956275277033,122.0,0.9907445216692693,478.0
2001-09-26 00:00:00-04:00,30.2947452840196,30.43269949368269,29.51668362572036,29.53323745727539,720700,WHR,28.942790985107425,0,0.994056591469733,1.0,1.0090499542197646,2.0,0.8220571539548843,23.0,1.0115531753010767,121.0,0.979140038671944,478.0
2001-09-27 00:00:00-04:00,29.53875202223004,29.57737902903364,28.26405658768339,28.942790985107425,720400,WHR,30.54306411743164,1,0.9899027603635953,0.0,0.9898095206288294,2.0,0.8076939720770022,22.0,0.9903565189825924,120.0,0.9596819730209318,478.0
2001-09-28 00:00:00-04:00,29.025567665065733,30.54306411743164,29.025567665065733,30.54306411743164,599100,WHR,29.798120498657227,0,1.0269017420959274,1.0,1.0288871148542318,3.0,0.8540939893586231,22.0,1.043745903531705,121.0,1.0128107836577276,479.0
2001-10-01 00:00:00-04:00,30.51548223780709,30.87416415988951,29.38425771395365,29.798120498657227,658400,WHR,30.355438232421875,1,0.9876544747420191,1.0,1.001929992485203,2.0,0.8350218631399235,22.0,1.0170796292864375,120.0,0.9882075238837623,478.0
2001-10-02 00:00:00-04:00,30.04642220226604,30.625829363822067,29.94157567345131,30.355438232421875,628600,WHR,32.684120178222656,1,1.0092649170809025,1.0,1.0174599019905926,2.0,0.8526768008577241,22.0,1.034794477836825,121.0,1.006790250376045,478.0
2001-10-03 00:00:00-04:00,30.59825262240789,33.092465678442494,30.184389878475454,32.684120178222656,1317300,WHR,31.76809501647949,0,1.0369400104396602,2.0,1.0728519525972253,3.0,0.919141865487573,23.0,1.1123897337895308,122.0,1.0840502477539864,478.0
2001-10-04 00:00:00-04:00,32.47441989154001,33.522872719845374,31.48115000973261,31.76809501647949,894500,WHR,32.55718994140625,1,0.9857875302039507,1.0,1.0237941649176665,3.0,0.8946995980353754,23.0,1.0795859336245859,122.0,1.053707063622196,478.0
2001-10-05 00:00:00-04:00,31.784645609265606,32.62340736544249,31.03969380006952,32.55718994140625,729800,WHR,32.29781723022461,0,1.012267258908272,1.0,1.0357780592926176,3.0,0.9175375404906997,24.0,1.1045958289924995,123.0,1.079896594703689,478.0
2001-10-08 00:00:00-04:00,32.419217526908184,32.424734765388,31.47561187090252,32.29781723022461,509500,WHR,31.712913513183597,0,0.9960007295890779,1.0,1.0114392779471346,3.0,0.9107798131656982,24.0,1.0940384002701473,123.0,1.0713187541104299,478.0
2001-10-09 00:00:00-04:00,32.060556596302064,32.33646500799146,31.619103558601854,31.712913513183597,406600,WHR,33.63323211669922,1,0.9908624115011959,0.0,0.9847499301861476,2.0,0.8947488659417199,24.0,1.0725758246269774,123.0,1.0519617058788888,478.0
2001-10-10 00:00:00-04:00,31.839827637437303,33.749113131694344,31.78464469814399,33.63323211669922,743000,WHR,35.04035949707031,1,1.029386868728145,1.0,1.0382598107294199,2.0,0.9494455328186099,24.0,1.1354796316770535,124.0,1.1156394993714887,478.0
2001-10-11 00:00:00-04:00,34.21263446958046,35.48181452907578,34.102270711579095,35.04035949707031,1006500,WHR,34.78654479980469,0,1.0204900799172554,2.0,1.0602771364665908,3.0,0.9899671739989508,24.0,1.1806392371837604,125.0,1.1622102039528193,479.0
2001-10-12 00:00:00-04:00,34.764471614211146,34.94105288892976,34.21265460446176,34.78654479980469,1054100,WHR,34.6485710144043,0,0.99636508735678,1.0,1.038584960785949,2.0,0.9841468681541174,23.0,1.1697757878599864,125.0,1.1536842947356176,479.0
2001-10-15 00:00:00-04:00,34.626497841254405,34.6485710144043,33.909136553992106,34.6485710144043,1174300,WHR,34.72030258178711,1,0.9980129105599885,0.0,1.0201460456677935,2.0,0.98151121240181,23.0,1.1628014490343292,125.0,1.1490114669939342,478.0
2001-10-16 00:00:00-04:00,35.17831141135315,35.575620072662154,34.157451451617305,34.72030258178711,901200,WHR,33.401466369628906,0,1.0010340598551501,1.0,1.0044697524977217,3.0,0.9855765304582708,23.0,1.162767998716522,126.0,1.1512962974861194,478.0
2001-10-17 00:00:00-04:00,34.709273550073846,34.709273550073846,33.16970435082426,33.401466369628906,1280100,WHR,33.0262336730957,0,0.9806400181255013,1.0,0.9676129683389216,2.0,0.9505696787927934,23.0,1.116494453102312,125.0,1.1074872567590615,478.0
2001-10-18 00:00:00-04:00,33.30214206503473,33.30214206503473,32.281281856865924,33.0262336730957,1160800,WHR,33.26903533935547,1,0.9943512616530173,0.0,0.96803933400244,1.0,0.9421935342899929,23.0,1.1019420004754703,124.0,1.0949861046126743,477.0
2001-10-19 00:00:00-04:00,33.081417543368346,33.47872420750681,32.446827382084656,33.26903533935547,1121900,WHR,33.66080856323242,1,1.003662428252824,1.0,0.9839090143883504,2.0,0.9513585580215863,23.0,1.1078910760961849,125.0,1.1028654516373588,478.0
2001-10-22 00:00:00-04:00,33.16417284078607,33.66080856323242,32.805493356808626,33.66080856323242,737000,WHR,33.38491439819336,0,1.0058534907753132,2.0,1.001345782884159,3.0,0.9645274000789983,24.0,1.1190100371198528,125.0,1.1157221996573627,478.0
2001-10-23 00:00:00-04:00,33.66082278164951,33.99191199979131,33.12004260267713,33.38491439819336,559000,WHR,33.23039627075195,0,0.9958849848602901,1.0,1.001092185213473,2.0,0.9584868654523738,24.0,1.1080577795156648,124.0,1.1064695964532518,477.0
2001-10-24 00:00:00-04:00,33.44008506279627,33.82635710316132,33.12003252993147,33.23039627075195,369100,WHR,33.64978790283203,1,0.9976804412395627,0.0,0.9974821192565605,2.0,0.956259505245986,23.0,1.1012489811225534,123.0,1.101241075751021,477.0
2001-10-25 00:00:00-04:00,32.667554681443534,33.66082449133251,32.22610166649444,33.64978790283203,580300,WHR,33.77119445800781,1,1.0062707906274835,1.0,1.006304000732298,3.0,0.9705359435656216,23.0,1.1133547668452417,124.0,1.115017660183325,477.0
2001-10-26 00:00:00-04:00,33.66083065779903,33.8539657294036,33.495286009993066,33.77119445800781,580800,WHR,33.440093994140625,0,1.0018007236163664,2.0,1.006910499263332,3.0,0.9761908293097104,24.0,1.1155850889906107,124.0,1.1189230736157236,477.0
2001-10-29 00:00:00-05:00,34.102274510908664,34.10779385718112,32.77791558238642,33.440093994140625,436200,WHR,32.60684585571289,0,0.99507373729187,1.0,0.9983525017578554,2.0,0.9694151977815758,23.0,1.1028737178520276,124.0,1.1078464211179542,477.0
2001-10-30 00:00:00-05:00,33.30213390686533,33.30213390686533,32.0053656244325,32.60684585571289,349600,WHR,32.56822204589844,0,0.9873840008284717,0.0,0.978019639092588,2.0,0.9480659373237846,23.0,1.0738339085306725,123.0,1.0801395267976113,477.0
2001-10-31 00:00:00-05:00,32.93793822630023,33.02622881453153,32.19850376048298,32.56822204589844,583200,WHR,33.55044937133789,1,0.9994073836659018,0.0,0.9807569969695151,2.0,0.9496663390637436,23.0,1.0710149124143316,123.0,1.0787607273591755,476.0
2001-11-01 00:00:00-05:00,32.50199907833523,33.63322270460721,31.812228317801917,33.55044937133789,637200,WHR,33.605648040771484,1,1.0148555212073334,1.0,1.0109405573022745,2.0,0.9805206617834321,24.0,1.101744959851361,123.0,1.1110829931688533,477.0
2001-11-02 00:00:00-05:00,33.440101296667606,33.936737318950655,33.35733002962996,33.605648040771484,303500,WHR,33.9477653503418,1,1.0008219457586236,2.0,1.0136150313716599,2.0,0.9844266542292113,24.0,1.1020778753501412,123.0,1.112710372118327,477.0
2001-11-05 00:00:00-05:00,33.660820399254696,34.12434653485482,33.60563956847454,33.9477653503418,328100,WHR,35.04587936401367,1,1.0050643970807154,2.0,1.020807784088031,3.0,0.996485428253107,25.0,1.111727448598818,124.0,1.1237716154503077,478.0
2001-11-06 00:00:00-05:00,33.71600113772092,35.15072588922817,33.63874713283471,35.04587936401367,644000,WHR,35.178314208984375,1,1.0159161618177768,2.0,1.038593594224815,4.0,1.0299487910549932,26.0,1.1458827182950422,125.0,1.1597788410060534,479.0
2001-11-07 00:00:00-05:00,34.76445168887867,35.801865557000475,34.7092708615367,35.178314208984375,726400,WHR,34.278865814208984,0,1.0018858863054516,2.0,1.0266361202425456,5.0,1.034699106558694,27.0,1.1484161703447193,125.0,1.1638273947527362,479.0
2001-11-08 00:00:00-05:00,34.913456101870835,35.52045596507227,34.26231198053563,34.278865814208984,386200,WHR,34.0526008605957,0,0.987050317987643,1.0,0.9961515908318747,4.0,1.0092140356979873,27.0,1.1174193014867717,125.0,1.133789235271744,478.0
2001-11-09 00:00:00-05:00,34.240218583175285,34.4609460585677,33.9422371228995,34.0526008605957,330800,WHR,34.345062255859375,1,0.9966887151026613,0.0,0.9870123083793989,3.0,1.0040875785208792,26.0,1.1084481500600705,125.0,1.126084823899734,477.0
2001-11-12 00:00:00-05:00,34.05259805927191,34.90239603310721,33.57803549972717,34.345062255859375,395600,WHR,34.858272552490234,1,1.0042758974786277,1.0,0.9932018142703808,3.0,1.0141017806492145,27.0,1.1163065300726178,126.0,1.1355028725767045,478.0
2001-11-13 00:00:00-05:00,34.87482849089525,35.0679635638335,34.65410088895345,34.858272552490234,453600,WHR,35.90120315551758,1,1.0074159763839725,2.0,1.0091379688449702,3.0,1.0301702391839562,28.0,1.1311071733724987,127.0,1.1521902853324288,479.0
2001-11-14 00:00:00-05:00,35.040370210930604,35.906722502862706,34.99070660989564,35.90120315551758,505500,WHR,37.23108673095703,1,1.0147390945536545,2.0,1.0349985641768098,3.0,1.0619104174180138,28.0,1.1628062316306766,128.0,1.186348312243777,479.0
2001-11-15 00:00:00-05:00,35.9508716977418,37.25315991205042,35.812917473429685,37.23108673095703,848900,WHR,36.19365310668945,0,1.0181846292178718,2.0,1.0553733565186099,4.0,1.1012691525192446,29.0,1.2034799105724825,128.0,1.2299305197316113,479.0
2001-11-16 00:00:00-05:00,37.23107113331754,37.23107113331754,35.91222963821346,36.19365310668945,584600,WHR,36.833763122558594,1,0.9858707892385931,1.0,1.0136615560314157,4.0,1.070789826047802,29.0,1.167752443752847,128.0,1.1953293183567069,479.0
2001-11-19 00:00:00-05:00,36.36471978996964,36.833763122558594,36.19917310316077,36.833763122558594,357200,WHR,36.27644348144531,0,1.0087653384019462,1.0,1.0174062099674377,4.0,1.089691845615167,29.0,1.1860890209400363,128.0,1.2161048988827294,480.0
2001-11-20 00:00:00-05:00,36.83377975466865,36.83377975466865,36.11641606794439,36.27644348144531,414000,WHR,35.80187225341797,0,0.9923769926662639,1.0,0.9942230079276033,3.0,1.0735918627986094,28.0,1.1659139179442701,128.0,1.1973705550209537,479.0
2001-11-21 00:00:00-05:00,36.39231605747153,36.41990858131709,35.564590862441605,35.80187225341797,269000,WHR,36.18813705444336,1,0.9934158945975786,0.0,0.9817510393578645,2.0,1.0600921176890086,28.0,1.1485598448531027,127.0,1.181387063106974,479.0
2001-11-23 00:00:00-05:00,35.86808238582491,36.419899037914526,35.818420907949786,36.18813705444336,59600,WHR,37.19244384765625,1,1.0053655334224718,1.0,0.9980518715373561,2.0,1.0722921449539657,28.0,1.1586831114641103,128.0,1.1937814758058432,480.0
2001-11-26 00:00:00-05:00,36.36471885494889,37.23659019100713,36.28194551367275,37.19244384765625,511100,WHR,36.6627082824707,0,1.0136862747727875,2.0,1.0201300451899742,3.0,1.1027074411981697,28.0,1.1883490997383874,129.0,1.2265177032101977,480.0
2001-11-27 00:00:00-05:00,36.94413180960375,36.97172433266915,36.36472671548166,36.6627082824707,480900,WHR,36.04150390625,0,0.9928273715521946,1.0,1.0065447286907405,2.0,1.0878458560685715,28.0,1.1689926824434993,129.0,1.2087075645294505,479.0
2001-11-28 00:00:00-05:00,36.607250460516944,36.6127981984886,35.99713046584517,36.04150390625,328500,WHR,36.3853645324707,1,0.9914557305894709,0.0,0.9907681752820618,2.0,1.070373394268576,28.0,1.146935894800903,128.0,1.1879207579781927,478.0
2001-11-29 00:00:00-05:00,36.09694581518832,36.3853645324707,35.997107753113355,36.3853645324707,227400,WHR,36.47412872314453,1,1.0047476942415594,1.0,0.9970223352244852,3.0,1.081215281621395,29.0,1.1555903908345166,128.0,1.198932480667058,478.0
2001-11-30 00:00:00-05:00,36.357651633880906,36.74036086098039,36.113601981128426,36.47412872314453,312200,WHR,36.35211944580078,0,1.001218292726281,2.0,0.9978906007936642,3.0,1.0838475585470562,30.0,1.1561217672897495,128.0,1.201530118705879,479.0
2001-12-03 00:00:00-05:00,36.34657170631522,36.66272515002704,36.08033945460281,36.35211944580078,193600,WHR,36.85128021240234,1,0.9983246524376663,1.0,0.9991467061140692,2.0,1.0802641590137816,30.0,1.1500476408172613,127.0,1.1972046423328804,478.0
2001-12-04 00:00:00-05:00,36.38536780360533,36.94002281351298,36.3631810954072,36.85128021240234,285300,WHR,38.52080535888672,1,1.0068188194664756,1.0,1.0118174205539345,3.0,1.0953844427994939,30.0,1.1635373558897926,128.0,1.2133097740152357,479.0
2001-12-05 00:00:00-05:00,36.884574066648725,38.63173894772146,36.884574066648725,38.52080535888672,493800,WHR,38.853607177734375,1,1.0221504438125875,2.0,1.0434509038272666,4.0,1.1444822866538473,30.0,1.213671202915485,128.0,1.2678594242929278,480.0
2001-12-06 00:00:00-05:00,38.50417161498693,39.26959867115044,38.04380668000225,38.853607177734375,657000,WHR,38.80366897583008,0,1.004301187019548,2.0,1.0385780277675265,4.0,1.153314255110295,31.0,1.2216554370331019,128.0,1.2783758578404711,481.0
2001-12-07 00:00:00-05:00,38.82585568688162,39.09763549181871,38.44869006237033,38.80366897583008,415700,WHR,38.79254913330078,0,0.9993569411087051,1.0,1.0244842509406595,3.0,1.1495379229232099,31.0,1.2177448435865885,127.0,1.2762944821790794,481.0
2001-12-10 00:00:00-05:00,38.74817574391545,39.092063164132725,38.6705244283308,38.79254913330078,405000,WHR,38.71493911743164,0,0.9998566960761714,0.0,1.0111605332194438,3.0,1.146540873854201,31.0,1.2150667906379544,127.0,1.275490020916275,481.0
2001-12-11 00:00:00-05:00,38.74266934161959,38.87578542009972,38.49307616550887,38.71493911743164,410200,WHR,38.18801498413086,0,0.9989986771908015,0.0,0.9994275558258627,2.0,1.1392615573022122,31.0,1.2103320719848905,127.0,1.2724999787820312,481.0
2001-12-12 00:00:00-05:00,38.6594711233554,38.6594711233554,37.79975798281276,38.18801498413086,546100,WHR,37.91068649291992,0,0.9931481938573531,0.0,0.9875217492326474,1.0,1.119343782858314,30.0,1.1916685188723577,127.0,1.2547432858641852,481.0
2001-12-13 00:00:00-05:00,37.79975713266221,38.049350309084,37.63890659810983,37.91068649291992,358900,WHR,38.1325569152832,1,0.9963556738048339,0.0,0.9851544704712158,0.0,1.1069502004963436,30.0,1.1809583986720513,126.0,1.2451736483404159,481.0
2001-12-14 00:00:00-05:00,37.91069391962098,38.77041144093033,37.716565385298296,38.1325569152832,627100,WHR,38.23238754272461,1,1.0029176875211947,1.0,0.9943883952227279,1.0,1.1085453780880683,31.0,1.1857763163975854,127.0,1.2519842828794363,482.0
2001-12-17 00:00:00-05:00,38.18801410597038,38.88133318644074,37.993885609775454,38.23238754272461,420800,WHR,38.99226760864258,1,1.001307283442029,2.0,0.9999129225751795,2.0,1.1061347046896692,32.0,1.1865545616745963,128.0,1.2547984378759536,482.0
2001-12-18 00:00:00-05:00,38.4930770137372,39.48036272828121,38.43761233245525,38.99226760864258,508100,WHR,39.3805046081543,1,1.0098398635051014,2.0,1.0183093038738213,3.0,1.1229913736514072,32.0,1.207600065037608,129.0,1.2792125072027811,483.0
2001-12-19 00:00:00-05:00,38.936778919896746,39.65783210539482,38.68718586505298,39.3805046081543,478800,WHR,38.90351104736328,0,1.0049537229388514,2.0,1.0220823002064707,4.0,1.129027500338639,32.0,1.2169623013215367,130.0,1.291402670432894,484.0
2001-12-20 00:00:00-05:00,39.38051480465857,39.63010792412762,38.68719588204134,38.90351104736328,324700,WHR,39.10874557495117,1,0.9939068843518454,1.0,1.0045255213724724,4.0,1.1103806354570085,32.0,1.1997599126340535,129.0,1.2752620619729271,483.0
2001-12-21 00:00:00-05:00,39.10319783719494,39.241861659312654,38.82587019295951,39.10874557495117,450400,WHR,39.76877975463867,1,1.0026307984985168,1.0,1.0047596536329644,4.0,1.1108663497427123,33.0,1.2035989400570881,129.0,1.2815013864512408,483.0
2001-12-24 00:00:00-05:00,39.38052277209433,39.88526108108571,39.38052277209433,39.76877975463867,161000,WHR,40.78931427001953,1,1.008367835792636,2.0,1.0137141878545664,4.0,1.1247021442335523,33.0,1.2213063101535133,129.0,1.3026142391743578,483.0
2001-12-26 00:00:00-05:00,39.82421610832679,40.878056837045854,39.7964816758109,40.78931427001953,652400,WHR,40.54527282714844,0,1.0126683051248517,2.0,1.0302889123022134,4.0,1.1476184411034294,34.0,1.2499438370241496,129.0,1.3354458031522227,484.0
2001-12-27 00:00:00-05:00,40.79487007413341,41.15539237808764,40.07381700286275,40.54527282714844,604300,WHR,40.53974914550781,0,0.996999536709032,1.0,1.0181338892379301,3.0,1.1353274139394607,33.0,1.2401097062275137,128.0,1.3268925940766791,483.0
2001-12-28 00:00:00-05:00,40.54529688273615,40.67286944888605,40.34562065935239,40.53974914550781,414300,WHR,40.67287063598633,1,0.9999318779041277,0.0,1.009697963147269,3.0,1.131026227279741,32.0,1.237651429446598,127.0,1.3261602751716146,482.0
2001-12-31 00:00:00-05:00,40.53975032872276,40.96128950502324,40.49538112465199,40.67287063598633,384700,WHR,40.434349060058594,0,1.001639172468967,1.0,1.005181827516829,3.0,1.1300610775768933,33.0,1.2394377681029929,127.0,1.3299248437972975,483.0
2002-01-02 00:00:00-05:00,40.67285087173877,40.67285087173877,39.55799317233316,40.434349060058594,417800,WHR,40.634033203125,1,0.9970591819467908,1.0,0.996010422549563,2.0,1.119350936631025,32.0,1.2300756177749639,126.0,1.3215565488116066,482.0
2002-01-03 00:00:00-05:00,40.43435703157687,40.68395013017077,40.24022859581688,40.634033203125,477500,WHR,41.19424819946289,1,1.0024631568743798,1.0,1.0016954960298716,2.0,1.120568878157977,33.0,1.233932128785126,127.0,1.3274606250669834,483.0
2002-01-04 00:00:00-05:00,40.62850164262608,41.29408632498518,40.62850164262608,41.19424819946289,378900,WHR,40.87808609008789,0,1.0068462270835394,2.0,1.0122668027201294,3.0,1.131088929932992,34.0,1.2485827087648715,128.0,1.3450697829619527,484.0
2002-01-07 00:00:00-05:00,41.18314813934898,41.29962522224413,40.744970028448186,40.87808609008789,285600,WHR,40.21803283691406,0,0.996147762676524,1.0,1.0028302492963073,3.0,1.1186989682757293,33.0,1.2368954128045437,127.0,1.3341479705561006,483.0
2002-01-08 00:00:00-05:00,40.905803811035554,40.92799051751451,40.17365942395615,40.21803283691406,432900,WHR,39.88524627685547,0,0.9918608527521771,0.0,0.9888444179958475,2.0,1.098042343174721,32.0,1.2150214732802713,126.0,1.3120684824172673,482.0
2002-01-09 00:00:00-05:00,40.17921277333928,40.20694298655196,39.60237101932029,39.88524627685547,710200,WHR,39.40826034545898,0,0.9958455313722433,0.0,0.983317286535519,2.0,1.0864358857028291,32.0,1.2030372931757716,126.0,1.3006841693488584,482.0
2002-01-10 00:00:00-05:00,39.85198204180714,39.97400688360021,39.10874597878984,39.40826034545898,508600,WHR,38.62062454223633,0,0.9939845524341805,0.0,0.9774655981304065,1.0,1.0711287265193354,32.0,1.186807495296958,126.0,1.2846219352549522,482.0
2002-01-11 00:00:00-05:00,39.3805033844688,39.40823782600376,38.559612156204736,38.62062454223633,547100,WHR,38.25455474853516,0,0.9899058431456982,0.0,0.9703174716998065,0.0,1.047869097076141,31.0,1.1613023136334493,126.0,1.2585234939441412,481.0
2002-01-14 00:00:00-05:00,38.409857466275575,38.49305655983128,38.11589100316954,38.25455474853516,498500,WHR,38.62062454223633,1,0.9952381276105186,0.0,0.9739598225385382,0.0,1.0356638913838634,31.0,1.1485639391521072,126.0,1.246185224015291,481.0
2002-01-15 00:00:00-05:00,38.764836021191165,39.01442906827922,38.35439252289996,38.62062454223633,496800,WHR,37.91068649291992,0,1.0047618723894816,1.0,0.9913435304011337,1.0,1.0429418075289336,32.0,1.1578889881105148,126.0,1.257654137263595,482.0
2002-01-16 00:00:00-05:00,38.55963213696365,38.55963213696365,37.91068649291992,37.91068649291992,262900,WHR,39.10874557495117,1,0.9907235608574603,1.0,0.9830857432046506,1.0,1.0216357674196692,31.0,1.1350379072291565,126.0,1.234110176611826,482.0
2002-01-17 00:00:00-05:00,37.91068812064581,39.2141272022155,37.655547195751296,39.10874557495117,605500,WHR,39.14201354980469,1,1.0155552832559904,1.0,1.0157311807541105,2.0,1.051349110485182,31.0,1.1690765024424616,127.0,1.2726330688455745,482.0
2002-01-18 00:00:00-05:00,39.04772319042996,39.15865252714341,38.79812583530028,39.14201354980469,283000,WHR,39.630104064941406,1,1.0004251457139282,2.0,1.0138494072917206,3.0,1.0495362275304483,32.0,1.1682678296419118,127.0,1.273253524641178,482.0
2002-01-22 00:00:00-05:00,39.08654445228384,39.76876783596176,39.07544898086003,39.630104064941406,410700,WHR,39.9351692199707,1,1.006196234529632,2.0,1.0192289712038805,4.0,1.0595932489098272,33.0,1.1810234323983337,127.0,1.288673012149227,482.0
2002-01-23 00:00:00-05:00,39.65784165594312,40.01836833551553,39.04772186141902,39.9351692199707,493700,WHR,39.879695892333984,0,1.0038341495282357,2.0,1.0201767404031898,4.0,1.0647675152687317,33.0,1.1881837314249841,128.0,1.2981365331915944,482.0
2002-01-24 00:00:00-05:00,39.93516054675699,40.162571131077776,39.60236838853706,39.879695892333984,499200,WHR,40.1514778137207,1,0.9993049749873202,1.0,1.008612989133821,4.0,1.0604100275206236,32.0,1.1846571505643244,127.0,1.295880158415947,482.0
2002-01-25 00:00:00-05:00,39.54690585423937,40.21249020636147,39.54690585423937,40.1514778137207,346800,WHR,40.378902435302734,1,1.0033959507127177,1.0,1.0101587207747231,4.0,1.0644707285363086,33.0,1.190842849480985,127.0,1.3042522055071206,482.0
2002-01-28 00:00:00-05:00,40.21250417363496,40.42327163762171,40.15703949697355,40.378902435302734,278600,WHR,39.69112014770508,0,1.002824084784882,2.0,1.0095969966085832,4.0,1.0668364107982053,34.0,1.1957112884100023,127.0,1.3112125473523588,482.0
2002-01-29 00:00:00-05:00,40.48982489707354,40.76715246486171,39.53026965058599,39.69112014770508,406900,WHR,39.630104064941406,0,0.9914102398699258,1.0,0.9920976130190866,3.0,1.0453858838425332,34.0,1.173610404424028,126.0,1.2884796464793389,482.0
2002-01-30 00:00:00-05:00,39.60237384974682,39.907431606982094,39.40824541665483,39.630104064941406,627800,WHR,40.32344055175781,1,0.9992307723012431,0.0,0.9920854666920252,2.0,1.041000650495517,33.0,1.1700883602678533,126.0,1.2861153912204923,481.0
2002-01-31 00:00:00-05:00,39.60239116617746,40.32344055175781,39.33615474746433,40.32344055175781,631900,WHR,40.21803283691406,0,1.0086717416987614,1.0,1.0072044831825295,3.0,1.0561071075675599,33.0,1.1887779958544618,126.0,1.3082302252675244,481.0
2002-02-01 00:00:00-05:00,40.21248510237393,40.617385090172206,40.01835671028499,40.21803283691406,295300,WHR,39.879695892333984,0,0.9986912616518067,1.0,1.0042377015954427,2.0,1.0504711763942776,32.0,1.1839629745875713,125.0,1.3044301260311444,481.0
2002-02-04 00:00:00-05:00,40.18475360750147,40.4620811112984,39.879695892333984,39.879695892333984,334200,WHR,40.23466873168945,1,0.9957759483327705,0.0,0.9982782121212873,1.0,1.0394467355363932,31.0,1.1724269805779473,124.0,1.293107011654099,480.0
2002-02-05 00:00:00-05:00,39.935154564652805,40.29568111191995,39.18082352878597,40.23466873168945,549100,WHR,36.32992935180664,0,1.004430826369545,1.0,1.0044306733243742,2.0,1.0464004988938287,31.0,1.181236307634814,124.0,1.3042616204973247,480.0
2002-02-06 00:00:00-05:00,39.3805341065385,39.824260127173474,35.83073863651353,36.32992935180664,3795000,WHR,35.19841003417969,0,0.9490007199459916,1.0,0.9221460473482288,2.0,0.9440089768648618,31.0,1.0656528549781732,123.0,1.1775184014784355,479.0
2002-02-07 00:00:00-05:00,36.3354546138848,37.52241611839844,35.19841003417969,35.19841003417969,5567100,WHR,34.79351806640625,0,0.9841808250080997,0.0,0.9172905987081337,1.0,0.9141535827156628,31.0,1.031680880770131,123.0,1.1407169437984086,479.0
2002-02-08 00:00:00-05:00,35.63659416674223,36.26890071303382,34.30542093129773,34.79351806640625,2553700,WHR,36.64606475830078,1,0.9942151619656546,0.0,0.9331211949828389,1.0,0.9034625752709081,30.0,1.0191058366494055,122.0,1.1274891275168886,478.0
2002-02-11 00:00:00-05:00,34.99873832317375,36.884566636647165,34.943273655771,36.64606475830078,1263600,WHR,36.77918243408203,1,1.0259316560741987,1.0,1.000151378039898,2.0,0.9508308862698623,30.0,1.072380880655663,123.0,1.1873407079262617,478.0
2002-02-12 00:00:00-05:00,36.6072406880193,36.86792929120025,35.99712085622226,36.77918243408203,671800,WHR,37.74982833862305,1,1.001812968711327,2.0,1.0230813594123467,2.0,0.9539226233745287,30.0,1.0752797612272362,123.0,1.1914638961640083,479.0
2002-02-13 00:00:00-05:00,37.10643056196621,37.7997495028412,36.82910298561622,37.74982833862305,1028400,WHR,37.35601043701172,0,1.0130237325637026,2.0,1.0418516501875912,3.0,0.9788782613764679,30.0,1.102488604818643,124.0,1.2226897494110296,479.0
2002-02-14 00:00:00-05:00,37.74981494793566,37.91066539296344,37.0842306934662,37.35601043701172,656600,WHR,37.50024032592773,1,0.9947564941949748,1.0,1.0188487964767998,3.0,0.9681799397800395,30.0,1.0899248580856844,123.0,1.2097559734019823,478.0
2002-02-15 00:00:00-05:00,37.16744803526643,37.72210326359646,36.91785064350778,37.50024032592773,433300,WHR,36.32435989379883,0,1.001926758119008,1.0,1.0079012248365677,4.0,0.9716383123876258,30.0,1.0930710885023398,123.0,1.2142335184139654,479.0
2002-02-19 00:00:00-05:00,37.361566413648426,37.461404497011934,36.21343057080935,36.32435989379883,669000,WHR,36.5628662109375,1,0.9840719702019504,1.0,0.9779880981449187,3.0,0.9411515538528786,30.0,1.057925051595246,122.0,1.176039667107017,478.0
2002-02-20 00:00:00-05:00,36.44084140174081,36.6294263518674,35.99711982392362,36.5628662109375,564300,WHR,36.8291015625,1,1.0032722649754287,1.0,0.9855575695918951,3.0,0.9470199617743167,31.0,1.063961179590164,123.0,1.1836301662044366,479.0
2002-02-21 00:00:00-05:00,36.56286523755115,37.04541672515971,36.52403954762973,36.8291015625,666700,WHR,36.62942123413086,0,1.003627581595637,2.0,0.9976861643191631,3.0,0.9536518903130152,31.0,1.070762756072456,123.0,1.1921331307415157,479.0
2002-02-22 00:00:00-05:00,36.88456205785701,36.88456205785701,36.39091938539171,36.62942123413086,523100,WHR,37.85522079467773,1,0.9972817268743349,1.0,0.9961985406394884,3.0,0.948711892090008,30.0,1.064071183110966,122.0,1.1855439800906131,479.0
2002-02-25 00:00:00-05:00,36.62943320055689,37.91623321068371,36.60724648276528,37.85522079467773,1350200,WHR,40.71168899536133,1,1.0164570779580675,1.0,1.0275521583068665,3.0,0.9799559762767662,31.0,1.0985667468194307,123.0,1.2250308893444048,480.0
2002-02-26 00:00:00-05:00,38.82586063258489,40.905817452187655,38.82586063258489,40.71168899536133,2003100,WHR,41.73142623901367,1,1.0363571407901517,2.0,1.0793800372273634,4.0,1.0517819234636023,32.0,1.1797523264169352,124.0,1.3171782902982065,480.0
2002-02-27 00:00:00-05:00,41.37479534650736,42.628577023674254,41.2354862712666,41.73142623901367,2159500,WHR,41.84845352172852,1,1.0123689800021913,2.0,1.076901909226295,4.0,1.0756506644004111,32.0,1.2073708031266992,125.0,1.3498228551831275,481.0
2002-02-28 00:00:00-05:00,41.87631704276644,42.26638082903881,41.42495265993536,41.84845352172852,876900,WHR,42.28867721557617,1,1.0014001848656622,2.0,1.0526524616924882,4.0,1.0761824497246701,32.0,1.2089222154950494,125.0,1.3532751933435607,481.0
2002-03-01 00:00:00-05:00,42.01563252373371,42.51714621891777,41.95990972457482,42.28867721557617,660800,WHR,43.51457214355469,1,1.0052322166205327,2.0,1.0342793714924845,5.0,1.084743272666022,33.0,1.2197087835701013,126.0,1.3671467834565463,482.0
2002-03-04 00:00:00-05:00,42.288654223086894,43.82662730165766,42.24964785974586,43.51457214355469,1410200,WHR,42.62857055664063,0,1.0142872785953305,2.0,1.035593655615235,5.0,1.1130179908466336,33.0,1.252947908408124,126.0,1.4063656588575018,482.0
2002-03-05 00:00:00-05:00,43.23595599188573,43.31954227462472,42.622997004091374,42.62857055664063,1643500,WHR,43.21367263793945,1,0.9897147752085432,1.0,1.005335333419879,4.0,1.0884497640193196,32.0,1.2254244367259162,126.0,1.377365708513233,482.0
2002-03-06 00:00:00-05:00,42.37781826777718,43.464427248438064,42.35552830774117,43.21367263793945,933100,WHR,42.30537414550781,0,1.006816015746147,1.0,1.0120585017120256,4.0,1.1013458813023078,32.0,1.2402271727758267,126.0,1.395871916518871,483.0
2002-03-07 00:00:00-05:00,43.464426540244354,43.48671649991718,42.238508517864425,42.30537414550781,578600,WHR,41.78715896606445,0,0.9893789918550934,1.0,0.9886703147826579,3.0,1.0765955995126046,32.0,1.2124028999673346,125.0,1.3661919090630832,482.0
2002-03-08 00:00:00-05:00,42.68430996428745,42.68430996428745,41.70914620546911,41.78715896606445,708200,WHR,42.812461853027344,1,0.9938375601225402,0.0,0.9788542169270278,2.0,1.0620590098313394,32.0,1.195952728288161,124.0,1.3491488226811839,481.0
2002-03-11 00:00:00-05:00,41.78714494841452,43.07436356918864,41.59768666520219,42.812461853027344,557200,WHR,44.38945388793945,1,1.012119473787659,1.0,1.0061813780396673,2.0,1.0862326445589658,33.0,1.2235770026653627,124.0,1.38190910008744,481.0
2002-03-12 00:00:00-05:00,43.24154400722956,44.46746664422175,43.24154400722956,44.38945388793945,1297100,WHR,43.61490249633789,0,1.0180843737378036,2.0,1.034680029350539,3.0,1.1232981944205516,34.0,1.266747472625192,124.0,1.4323570213420656,482.0
2002-03-13 00:00:00-05:00,44.10527337670471,44.13313265312172,43.50903044374933,43.61490249633789,703500,WHR,43.30839538574219,0,0.9911987153429153,1.0,1.0147278892842326,2.0,1.1010488629136976,34.0,1.242843897063584,124.0,1.4069296781123546,482.0
2002-03-14 00:00:00-05:00,43.50342719304491,43.798761680013946,43.21366625810581,43.30839538574219,660300,WHR,43.44771957397461,1,0.9964738209655654,0.0,1.0029160178828556,2.0,1.090935409621645,33.0,1.232361994023127,124.0,1.3966310418816932,481.0
2002-03-15 00:00:00-05:00,43.492299503006926,43.57588155572248,43.1300950195274,43.44771957397461,620300,WHR,43.481143951416016,1,1.0016059293145747,1.0,0.998463341362201,3.0,1.0920538541657965,33.0,1.2344130960734527,125.0,1.4007210576540396,481.0
2002-03-18 00:00:00-05:00,43.408704769337554,43.66503293443272,43.09664957808567,43.481143951416016,544700,WHR,43.66502380371094,1,1.0003845026391223,2.0,0.9961698618423502,3.0,1.0908426893465384,33.0,1.2333207362585261,126.0,1.4014012117488213,481.0
2002-03-19 00:00:00-05:00,43.492281962597424,43.743036522367,43.35854222943762,43.66502380371094,529500,WHR,43.6483154296875,0,1.0021100165048176,2.0,1.003714344715286,3.0,1.0934968373704597,33.0,1.2365019449158812,126.0,1.40692763722791,481.0
2002-03-20 00:00:00-05:00,43.63716832418635,43.93807640209109,43.40313012516325,43.6483154296875,555300,WHR,41.59211730957031,0,0.9998086389299718,1.0,1.0031761760703006,3.0,1.090917968124783,33.0,1.2339180633671405,126.0,1.4059789107989997,481.0
2002-03-21 00:00:00-05:00,43.520154407496,43.520154407496,41.430518271559485,41.59211730957031,1009100,WHR,42.38340759277344,1,0.9758776668062339,0.0,0.9635195481514987,3.0,1.0384524317111554,32.0,1.1741806430625303,125.0,1.339446240924291,480.0
2002-03-22 00:00:00-05:00,41.458397196832514,43.04652040015503,41.29122454327133,42.38340759277344,1103900,WHR,41.25777053833008,0,1.0094228679621036,1.0,0.9867161614012081,3.0,1.0570589013455816,32.0,1.194734402320379,126.0,1.364579767680965,481.0
2002-03-25 00:00:00-05:00,42.43911286379685,42.59513832630897,40.9568624671817,41.25777053833008,496900,WHR,41.87073516845703,1,0.9865420707886374,1.0,0.9705580754453355,2.0,1.0287847394218246,31.0,1.161237584156738,126.0,1.3280616704589276,480.0
2002-03-26 00:00:00-05:00,41.20762261217982,42.29423594609946,41.06831353742414,41.87073516845703,456200,WHR,41.842891693115234,0,1.0073736996102036,1.0,0.9933634418651949,2.0,1.043494531750101,32.0,1.1765183864897057,127.0,1.3474795551716157,481.0
2002-03-27 00:00:00-05:00,41.8707552219615,42.07136072579737,41.45840135357783,41.842891693115234,438300,WHR,42.09920883178711,1,0.9996673961410388,1.0,1.0012804025078823,2.0,1.0422364823954275,32.0,1.1737953428389865,126.0,1.346261032163811,481.0
2002-03-28 00:00:00-05:00,41.73700434636559,42.238517922228,41.62555452318724,42.09920883178711,360500,WHR,41.51409530639648,0,1.0030534992223101,1.0,1.0049749838422575,3.0,1.0480003631201236,32.0,1.179111664784544,126.0,1.354132400356105,482.0
2002-04-01 00:00:00-05:00,41.90415893087317,41.90415893087317,40.85098289341147,41.51409530639648,347000,WHR,41.29121017456055,0,0.9930021480263039,1.0,0.995137586799872,2.0,1.0329720379440521,32.0,1.1608485780810789,126.0,1.3349875575962482,481.0
2002-04-02 00:00:00-05:00,41.514105551285546,41.64784107677026,41.09617831419207,41.29121017456055,394500,WHR,40.95686721801758,0,0.9973083230531986,0.0,0.9896361347611323,2.0,1.027146177306227,31.0,1.1528530543384101,125.0,1.3274962374292083,481.0
2002-04-03 00:00:00-05:00,41.29120814095079,41.65898613214016,40.55008285667559,40.95686721801758,457800,WHR,41.12961959838867,1,0.9959349450206949,0.0,0.9859418533453003,1.0,1.0189294548060785,30.0,1.141770058450002,125.0,1.3164898140139107,480.0
2002-04-04 00:00:00-05:00,40.94573480726425,41.235495880684994,40.69497586256927,41.12961959838867,402400,WHR,41.9041748046875,1,1.002104516675899,1.0,0.9935122631907599,2.0,1.0231205015736151,31.0,1.1448186562681817,125.0,1.3217795869381805,480.0
2002-04-05 00:00:00-05:00,41.26892566054266,42.405688405690334,41.23549283760123,41.9041748046875,501600,WHR,42.572872161865234,1,1.009328192356703,2.0,1.0131767894682493,2.0,1.0416597782623214,32.0,1.164508086371393,125.0,1.3464713075912507,480.0
2002-04-08 00:00:00-04:00,41.820603689226495,42.94621962031432,41.39152917612631,42.572872161865234,380700,WHR,42.75117874145508,1,1.007915728368707,2.0,1.0241015276169518,3.0,1.0571052740034266,33.0,1.181005335004358,126.0,1.367744839691025,480.0
2002-04-09 00:00:00-04:00,42.6843088406865,43.2471188142034,42.56728970287384,42.75117874145508,324500,WHR,42.868194580078125,1,1.0020897575502115,2.0,1.0212177210540963,4.0,1.060066177520212,34.0,1.1839271413690315,126.0,1.3732472887118274,481.0
2002-04-10 00:00:00-04:00,42.89048454528552,43.57588290706431,42.249661862545366,42.868194580078125,503000,WHR,41.83173370361328,0,1.0013666981441642,2.0,1.0147469176413577,5.0,1.0611050683737924,35.0,1.1852436598601668,126.0,1.3767659094128932,482.0
2002-04-11 00:00:00-04:00,42.81247089529945,42.84033016269258,41.80387018484408,41.83173370361328,399500,WHR,42.36111068725586,1,0.9877631433996809,1.0,0.9869319605655542,4.0,1.0339240140343988,35.0,1.154782289941742,126.0,1.343306861633535,481.0
2002-04-12 00:00:00-04:00,41.98218975241067,42.51714045567864,41.79273141067632,42.36111068725586,315100,WHR,41.83732223510742,0,1.0062876719212017,1.0,0.9972712941462539,4.0,1.045397435640663,35.0,1.1675712924489448,126.0,1.3600802204102667,482.0
2002-04-15 00:00:00-04:00,42.2663925186752,42.86263547195269,41.68129667744641,41.83732223510742,508600,WHR,42.77903747558594,1,0.9937791187559107,1.0,0.9883631744600839,3.0,1.0308064668938182,35.0,1.1514327192650904,125.0,1.3430310395030842,482.0
2002-04-16 00:00:00-04:00,41.95990352116051,42.8570544845267,41.40266710920022,42.77903747558594,807600,WHR,41.78715896606445,0,1.0111292336812678,1.0,1.0104772106521611,3.0,1.0524226826522773,35.0,1.175409777623474,126.0,1.372977071663493,483.0
2002-04-17 00:00:00-04:00,42.907205388006965,42.96292818109269,41.74815258576678,41.78715896606445,820800,WHR,41.12403106689453,0,0.9882709811809277,1.0,0.9921149244311905,2.0,1.0269073654813943,34.0,1.146329623414064,126.0,1.3409028202321998,483.0
2002-04-18 00:00:00-04:00,41.65340372810659,41.72584289974757,40.70610393918778,41.12403106689453,715200,WHR,41.86518859863281,1,0.9920019493278734,0.0,0.9796630028145772,2.0,1.0099931937873643,33.0,1.1264574943975023,125.0,1.3194020812551277,483.0
2002-04-19 00:00:00-04:00,41.73702654802307,42.099231226116295,41.56428029304974,41.86518859863281,520800,WHR,42.18278503417969,1,1.0089307687760576,1.0,0.9996810044624761,2.0,1.0273841434414335,33.0,1.144896630271572,126.0,1.342898896833423,484.0
2002-04-22 00:00:00-04:00,41.792721335597626,42.2106485489536,41.51410319336031,42.18278503417969,515900,WHR,42.32767105102539,1,1.003778751846349,2.0,1.005605674231699,3.0,1.034203860135921,34.0,1.151987459854979,126.0,1.3527966968222203,484.0
2002-04-23 00:00:00-04:00,42.04347933278067,42.72330833454704,41.91531735784978,42.32767105102539,434700,WHR,41.64784622192383,0,1.001714415275426,2.0,1.0112358741605134,3.0,1.036834069534699,34.0,1.1543908423498332,126.0,1.35717525765238,484.0
2002-04-24 00:00:00-04:00,42.32767529180173,42.42797801115054,41.51411067991749,41.64784622192383,436100,WHR,41.842891693115234,1,0.9919044877462094,1.0,0.9956571760713672,3.0,1.019653238347627,33.0,1.1343700650234183,126.0,1.335155441705142,483.0
2002-04-25 00:00:00-04:00,41.64785974532414,42.08250358650931,41.30794510001213,41.842891693115234,336700,WHR,41.67570877075195,0,1.0023361330377734,1.0,0.9968936228602805,4.0,1.0235298046094772,34.0,1.1381738850178311,127.0,1.341168516718684,484.0
2002-04-26 00:00:00-04:00,41.94317984853302,42.22737158862952,41.59769601878446,41.67570877075195,332300,WHR,40.84543228149414,0,0.9979982552217741,1.0,0.9938078114466696,3.0,1.0185908279493103,34.0,1.1320723459162314,127.0,1.3355783540922093,484.0
2002-04-29 00:00:00-04:00,41.62555988739588,41.64784985490401,40.823142313986,40.84543228149414,346100,WHR,41.76486587524414,1,0.9899386208349671,0.0,0.9802611236777731,2.0,0.9980859180197615,33.0,1.108186473164848,126.0,1.3087824993578454,483.0
2002-04-30 00:00:00-04:00,40.95687480748375,41.89303211599557,40.92901128733632,41.76486587524414,492500,WHR,42.43911743164063,1,1.0111297697050499,1.0,1.00504187576182,2.0,1.019910395071027,34.0,1.1317021267684206,126.0,1.3379736681787644,484.0
2002-05-01 00:00:00-04:00,41.90416685777081,42.49484020976756,41.44723327492924,42.43911743164063,700600,WHR,43.1579475402832,1,1.008007359389866,2.0,1.0173927487762473,3.0,1.0352973514324573,35.0,1.1485167255880862,126.0,1.3592376211243073,485.0
2002-05-02 00:00:00-04:00,42.43911649103936,43.352983636467954,42.37782016104564,43.1579475402832,658900,WHR,42.6843147277832,0,1.0083978359407342,2.0,1.0281426498504496,3.0,1.0515832684961173,35.0,1.1663645127886322,127.0,1.3818838559453546,486.0
2002-05-03 00:00:00-04:00,43.15796489893533,43.15796489893533,42.54500560383392,42.6843147277832,302800,WHR,41.37480545043945,0,0.9944825217790633,1.0,1.0119961859480904,3.0,1.0373658367126175,35.0,1.1520965776655896,126.0,1.3663505271244918,486.0
2002-05-06 00:00:00-04:00,42.68431022721507,43.01308193578626,41.32465621176637,41.37480545043945,317800,WHR,42.23852157592773,1,0.9844215681229197,0.0,0.9784930414869271,3.0,1.003031204709753,35.0,1.1155962395306294,125.0,1.3241380506663214,485.0
2002-05-07 00:00:00-04:00,41.51411254242216,42.322103636321415,41.4583897517009,42.23852157592773,418200,WHR,42.99077987670898,1,1.0103298858711351,1.0,0.9966865673178745,3.0,1.0208989296022137,36.0,1.1374789163919543,126.0,1.3514313746661213,486.0
2002-05-08 00:00:00-04:00,42.44468645139342,43.29168797824505,41.965462910211016,42.99077987670898,702600,WHR,42.74002456665039,0,1.0088262872974418,2.0,1.0118031210520821,3.0,1.0364319415769092,36.0,1.1562678123624506,126.0,1.37511094522346,487.0
2002-05-09 00:00:00-04:00,42.85147438284015,43.09108617342837,42.62857900183643,42.74002456665039,359000,WHR,41.83173370361328,0,0.9970750850678852,1.0,1.0078842092451359,2.0,1.0279247007910821,35.0,1.1480873352045478,126.0,1.3667007467490517,487.0
2002-05-10 00:00:00-04:00,42.62858187472528,42.68430466088761,41.79272732816204,41.83173370361328,433300,WHR,41.00701522827149,0,0.9892601161237005,0.0,0.9904477878965116,2.0,1.004436263875087,34.0,1.1223768559425304,126.0,1.337356041910572,486.0
2002-05-13 00:00:00-04:00,41.90973951968072,41.92088662589431,40.98472951859504,41.00701522827149,561000,WHR,41.842891693115234,1,0.9900442910355887,0.0,0.9726149066578612,2.0,0.9831971207678144,34.0,1.099065772045464,125.0,1.3106748832060386,486.0
2002-05-14 00:00:00-04:00,41.17978307062553,41.95991511316749,41.15191954177926,41.842891693115234,543500,WHR,41.97163772583008,1,1.0100890453098141,1.0,0.9943064840941609,2.0,1.001500408296763,34.0,1.120250865500247,125.0,1.337018062015754,487.0
2002-05-15 00:00:00-04:00,41.73093598906275,42.62656886864546,41.702945726598045,41.97163772583008,515800,WHR,41.7197265625,0,1.001536082509887,2.0,1.0022201555885153,2.0,1.0023239084874962,35.0,1.1223727823332559,126.0,1.3407753436649723,487.0
2002-05-16 00:00:00-04:00,41.89885308855408,41.97162604241912,41.53500113136863,41.7197265625,366800,WHR,41.89886474609375,1,0.9969899981261842,1.0,1.001082807723888,2.0,0.9942672743472963,34.0,1.114376490673134,125.0,1.332381857307381,487.0
2002-05-17 00:00:00-04:00,41.7197381702012,41.96043990693629,41.702945721010416,41.89886474609375,454900,WHR,42.04439926147461,1,1.0021423248202381,1.0,1.005057508573501,3.0,0.9965297798787537,34.0,1.117946432700108,125.0,1.337739559244028,488.0
2002-05-20 00:00:00-04:00,41.9828241111212,42.23471934750244,41.9548338534283,42.04439926147461,382100,WHR,41.08719253540039,0,1.001733724761617,2.0,1.0035539675970884,4.0,0.9978493014792399,35.0,1.120786529774174,125.0,1.34200189401295,489.0
2002-05-21 00:00:00-04:00,42.038801533629,42.08918314474506,41.02001847748359,41.08719253540039,601700,WHR,41.227142333984375,1,0.9884856442011472,1.0,0.9842572370190623,3.0,0.9738866613789251,34.0,1.0944359520137712,124.0,1.3111591023845275,488.0
2002-05-22 00:00:00-04:00,41.09279846589903,41.30550994626038,40.72894639706641,41.227142333984375,654000,WHR,41.67495727539063,1,1.0017001874437308,1.0,0.9911451223558148,3.0,0.9770049342866288,34.0,1.097302128318584,125.0,1.3153537422643273,488.0
2002-05-23 00:00:00-04:00,41.70294753907182,41.96044173622329,41.21035050157093,41.67495727539063,631200,WHR,41.37267303466797,0,1.0054017322060156,2.0,1.0021267964612783,4.0,0.9876393252351119,34.0,1.1083349844503123,125.0,1.3293278589122286,489.0
2002-05-24 00:00:00-04:00,41.64695960483378,41.94923643083248,41.372673034667976,41.37267303466797,265000,WHR,40.66735458374024,0,0.9963601099803321,1.0,0.9973819546519614,3.0,0.980659891324944,33.0,1.0994065746950845,125.0,1.3193820883403977,489.0
2002-05-28 00:00:00-04:00,41.42304440454546,41.507010889237776,40.66735458374024,40.66735458374024,529700,WHR,40.21953201293945,0,0.9914027521515673,0.0,0.9869312443123276,2.0,0.964559475619701,32.0,1.0798407046732779,125.0,1.2966175436870617,489.0
2002-05-29 00:00:00-04:00,40.19154603474957,40.41545094311818,39.87247684254066,40.21953201293945,501200,WHR,39.79973220825195,0,0.9944635949083598,0.0,0.9801912346046248,2.0,0.9551820640782815,31.0,1.0672658020659167,124.0,1.2820980890757927,488.0
2002-05-30 00:00:00-04:00,40.19157461799029,40.30352715179244,39.329526441424434,39.79973220825195,570500,WHR,39.96764755249024,1,0.9947537657491191,0.0,0.9767560530725611,1.0,0.9462717018904944,31.0,1.055533408467572,123.0,1.2685044850342355,487.0
2002-05-31 00:00:00-04:00,39.93965729609675,40.83528998141281,39.91167131041677,39.96764755249024,411100,WHR,39.26794052124024,0,1.0021050628056474,1.0,0.9891662882374769,1.0,0.9514879108614187,31.0,1.0594727392964756,123.0,1.2736630573801784,487.0
2002-06-03 00:00:00-04:00,39.96765434282073,40.074007939615285,39.24554916646395,39.26794052124024,328200,WHR,38.26035690307617,0,0.9911692832947878,1.0,0.9820805085718405,1.0,0.9359583624501625,31.0,1.0403938599906006,123.0,1.2511665584794665,487.0
2002-06-04 00:00:00-04:00,39.25674885776984,39.36310674193879,38.06443785648723,38.26035690307617,861200,WHR,39.36308670043945,1,0.9870036663819727,0.0,0.9685420443932063,1.0,0.9132218809179954,31.0,1.0132978787472002,122.0,1.2188909415032356,487.0
2002-06-05 00:00:00-04:00,38.26593632743458,39.48623697294119,38.064418476197694,39.36308670043945,435800,WHR,38.23794937133789,0,1.0142061437392007,1.0,1.0007966571822369,2.0,0.94083352725091,31.0,1.0419896668451494,122.0,1.2537640245529535,488.0
2002-06-06 00:00:00-04:00,39.12798733611934,39.27912360221492,38.17637422978074,38.23794937133789,310400,WHR,38.48424911499024,1,0.9855010011971894,1.0,0.9799728618510938,2.0,0.9161862608159562,30.0,1.0118377301062376,121.0,1.217697172521862,488.0
2002-06-07 00:00:00-04:00,38.23794855402613,39.01602975811217,37.89648796567609,38.48424911499024,492800,WHR,38.361106872558594,0,1.00321028005599,1.0,0.9938416663745753,2.0,0.9239807346951129,31.0,1.018079088664329,121.0,1.2252874344906317,489.0
2002-06-10 00:00:00-04:00,38.54023342605339,38.74735023850927,38.24355547220706,38.361106872558594,466100,WHR,37.549434661865234,0,0.9983975317590877,1.0,0.9953233884933361,2.0,0.9228511265926373,31.0,1.0145053335065028,121.0,1.2211266511686505,488.0
2002-06-11 00:00:00-04:00,38.68017005088687,38.92087171938779,37.53823685176943,37.549434661865234,430900,WHR,38.54582977294922,1,0.9893075165281849,0.0,0.9778711158236009,2.0,0.905466118821743,30.0,0.9927632307885147,121.0,1.195097208221837,487.0
2002-06-12 00:00:00-04:00,38.624197367980784,39.1279921008363,38.42827838040186,38.54582977294922,805000,WHR,37.68937683105469,0,1.0130940488673579,1.0,1.0081106322362288,2.0,0.9313404798430878,30.0,1.0186956945258754,122.0,1.2265614852330669,488.0
2002-06-13 00:00:00-04:00,38.456260253365386,38.73614571160156,37.68377792609028,37.68937683105469,478500,WHR,37.16880416870117,0,0.9887656506744542,1.0,0.9885479036374198,2.0,0.9128436009895421,29.0,0.9957601278910234,121.0,1.199100838215359,487.0
2002-06-14 00:00:00-04:00,37.504665995111445,37.504665995111445,36.44109998588323,37.16880416870117,804900,WHR,38.2827377319336,1,0.9930458814868182,0.0,0.9816679097231112,1.0,0.9025960502873944,29.0,0.9817113551076516,121.0,1.182346397568813,487.0
2002-06-17 00:00:00-04:00,37.280747145581486,38.34431288259925,37.23036980633526,38.2827377319336,358200,WHR,38.82011795043945,1,1.0147635626147895,1.0,1.0115068136374752,2.0,0.9308933157283379,30.0,1.0106995641209269,122.0,1.2176074934538121,487.0
2002-06-18 00:00:00-04:00,38.3107285618066,39.46385545382907,38.288337209347134,38.82011795043945,626600,WHR,38.640995025634766,0,1.0069696538960842,2.0,1.0188640092821355,3.0,0.9453255403513589,30.0,1.0242924514222798,123.0,1.2345298791893609,487.0
2002-06-19 00:00:00-04:00,38.820121591397005,39.575811657246646,38.48425981443207,38.640995025634766,374800,WHR,38.46745681762695,0,0.9976875761537274,1.0,1.0136564306114064,2.0,0.941964041187935,30.0,1.018903537247935,123.0,1.2286645659399795,487.0
2002-06-20 00:00:00-04:00,38.64658333426904,39.094397490517736,38.37229678987932,38.46745681762695,418000,WHR,37.55503463745117,0,0.9977494268934285,0.0,1.005001420394861,2.0,0.9390320565519562,29.0,1.0138064459692397,122.0,1.2229987686729284,486.0
2002-06-21 00:00:00-04:00,38.288337557343496,38.5402328010527,37.55503463745117,37.55503463745117,521800,WHR,37.37590408325195,0,0.9879979968728737,0.0,0.9791873332368419,2.0,0.9183609474931372,29.0,0.9893127058721556,122.0,1.1938514452305278,486.0
2002-06-24 00:00:00-04:00,37.55503061465432,37.9524717434569,36.95607587489829,37.37590408325195,440000,WHR,36.82733917236328,0,0.9976093912974064,0.0,0.9791470274175826,1.0,0.9157433794410713,28.0,0.9841822662682853,121.0,1.1880666712073014,485.0
2002-06-25 00:00:00-04:00,37.38151133533024,37.62781197252192,36.64261369446952,36.82733917236328,519900,WHR,35.825340270996094,0,0.9926072650355864,0.0,0.9749557061684967,0.0,0.9040332092746487,28.0,0.9694666904353826,120.0,1.170569163963235,484.0
2002-06-26 00:00:00-04:00,36.38511121273041,36.4914690582882,35.51746668011356,35.825340270996094,724300,WHR,36.04365158081055,1,0.9862083696149382,0.0,0.9627824046306077,0.0,0.8814073125363122,28.0,0.9429185449373341,120.0,1.1386806505977574,484.0
2002-06-27 00:00:00-04:00,35.965283988484934,36.41869709704219,35.71338663075493,36.04365158081055,618900,WHR,36.58663940429688,1,1.0030376286655671,1.0,0.9814351547808955,1.0,0.8885685641391456,29.0,0.948419291691597,121.0,1.1455925157663274,484.0
2002-06-28 00:00:00-04:00,36.18360352935005,37.22477811605785,36.16681107967968,36.58663940429688,623100,WHR,36.30673599243164,0,1.0074760518803054,2.0,1.0015018296291323,2.0,0.9036413471235438,29.0,0.9624427182508241,121.0,1.1627936905009078,485.0
2002-07-01 00:00:00-04:00,36.60901274992821,37.14639222857352,36.27315110961396,36.30673599243164,581600,WHR,34.92970275878906,0,0.9961600980837856,1.0,0.9996914667695405,2.0,0.8987990773458431,28.0,0.9548952918718163,120.0,1.1538586581609598,484.0
2002-07-02 00:00:00-04:00,36.42988884475303,36.46907263439448,34.890518969147614,34.92970275878906,507300,WHR,34.72258758544922,0,0.9806695385426046,0.0,0.9719322270973153,2.0,0.8674451586615376,27.0,0.9186780818627964,119.0,1.110079357849744,484.0
2002-07-03 00:00:00-04:00,34.9297043519796,35.19839412264326,33.47989766304935,34.72258758544922,570100,WHR,36.63700485229492,1,0.9970264413084446,0.0,0.9721350668160911,2.0,0.8651766694241982,26.0,0.9131919676504875,119.0,1.1034673014655334,484.0
2002-07-05 00:00:00-04:00,35.17040778129283,36.659396201486736,35.17040778129283,36.63700485229492,338600,WHR,36.665000915527344,1,1.026827749451006,1.0,1.022336722937332,2.0,0.9152462457676114,26.0,0.9634223553779375,119.0,1.164231304307109,484.0
2002-07-08 00:00:00-04:00,36.5530484225441,36.93369287768653,36.44109165884701,36.665000915527344,321600,WHR,35.93729019165039,0,1.0003819276558557,2.0,1.0226706966117187,2.0,0.9179202675602128,27.0,0.9640030168068665,120.0,1.1650693237693794,484.0
2002-07-09 00:00:00-04:00,36.664994072364216,36.91688926991966,35.93729019165039,35.93729019165039,425000,WHR,35.50625991821289,0,0.9899767526233755,1.0,1.0044432757904642,2.0,0.9021198105534146,26.0,0.9447679870484902,120.0,1.1418221158320125,484.0
2002-07-10 00:00:00-04:00,35.84772042770691,35.87011177087019,35.25996154948482,35.50625991821289,834300,WHR,35.444705963134766,0,0.9939668413345266,0.0,0.9892078681224661,2.0,0.8936669434305191,26.0,0.9332870363619052,120.0,1.1280058609050878,484.0
2002-07-11 00:00:00-04:00,35.433510284866,36.25637235172586,34.44831408614501,35.444705963134766,1018500,WHR,35.315948486328125,0,0.9991324437333092,0.0,0.9835355584988978,2.0,0.8948708917357289,25.0,0.9314872559268808,120.0,1.1259155622108112,484.0
2002-07-12 00:00:00-04:00,35.51746636522293,35.88691509807786,34.996879223196906,35.315948486328125,594000,WHR,35.21519088745117,0,0.9981803803567334,0.0,0.9872003510210998,1.0,0.8940546438716209,25.0,0.9278594689049695,120.0,1.121668666129702,484.0
2002-07-15 00:00:00-04:00,35.31035306071042,35.31594983073426,33.02648652676937,35.21519088745117,1311000,WHR,31.5039119720459,0,0.9985714451833396,0.0,0.9924278796794542,0.0,0.8937320620525229,25.0,0.9251709794597415,119.0,1.1182818312127745,484.0
2002-07-16 00:00:00-04:00,34.146031840386776,34.21320376414005,31.5039119720459,31.5039119720459,2155100,WHR,31.112062454223636,0,0.9443745680570554,0.0,0.9105912858457679,0.0,0.8030624724882226,24.0,0.8281256304433567,118.0,1.0003907544915118,483.0
2002-07-17 00:00:00-04:00,32.2148094911276,32.97050136121304,30.675439773055547,31.112062454223636,1469800,WHR,31.12327003479004,1,0.9937420199651502,0.0,0.9227037971927082,0.0,0.796821633626304,23.0,0.8183922730618619,117.0,0.9879395455599673,482.0
2002-07-18 00:00:00-04:00,31.38076634487205,31.794995732845628,30.843384505213304,31.12327003479004,727100,WHR,30.037309646606445,0,1.0001800838867276,1.0,0.9473183573395091,1.0,0.8009392968987962,23.0,0.8192270837982862,118.0,0.988290845042748,482.0
2002-07-19 00:00:00-04:00,31.12326454094399,31.403150021115632,29.95334314841225,30.037309646606445,846100,WHR,28.565109252929688,0,0.9822441122396046,1.0,0.9446185287018808,1.0,0.7768613820487849,23.0,0.7913967405203298,117.0,0.9538452669608468,481.0
2002-07-22 00:00:00-04:00,29.92535275405553,30.149261975325302,28.13408538996717,28.565109252929688,1019100,WHR,28.900989532470703,1,0.9748781633706862,0.0,0.937534375783843,1.0,0.7430382792263792,22.0,0.7534215252965601,117.0,0.9071828358249922,480.0
2002-07-23 00:00:00-04:00,28.772242404345032,29.95335791941736,28.63229959524872,28.900989532470703,827000,WHR,30.92735290527344,1,1.0058448422050592,1.0,0.965047166641881,2.0,0.7559619621733497,23.0,0.7630274228890624,118.0,0.9179094573178929,481.0
2002-07-24 00:00:00-04:00,28.68826853204097,31.067295678600463,27.988554665405825,30.92735290527344,1186100,WHR,30.737009048461918,0,1.0338696224939095,2.0,1.0339859320920057,3.0,0.8124784411115202,24.0,0.8171553835583595,118.0,0.9822752461413174,481.0
2002-07-25 00:00:00-04:00,30.843364712723037,30.95531927978281,29.225627731544368,30.737009048461918,1227100,WHR,30.289203643798828,0,0.9969132274983348,1.0,1.0302831827873131,2.0,0.811395799209829,23.0,0.8127446158905101,118.0,0.9762313126228069,481.0
2002-07-26 00:00:00-04:00,30.737019935295507,30.966525918147337,30.059697660947,30.289203643798828,698800,WHR,31.906946182250977,1,0.9926620810155589,0.0,1.0135614936924662,2.0,0.803871772400378,22.0,0.8015116296506144,118.0,0.9620102468143851,481.0
2002-07-29 00:00:00-04:00,30.56349496253977,32.05808460462025,30.54110574598484,31.906946182250977,752400,WHR,32.18683624267578,1,1.0260103325202066,1.0,1.04433859016058,3.0,0.8510418165064454,22.0,0.844870319806492,118.0,1.0133509282792101,481.0
2002-07-30 00:00:00-04:00,31.85097445776464,32.77459543394887,31.32478828995145,32.18683624267578,898200,WHR,32.114051818847656,0,1.0043668831801686,2.0,1.031316348870053,3.0,0.8625322997803437,23.0,0.8528421659632283,118.0,1.0221626417723726,482.0
2002-07-31 00:00:00-04:00,32.15883451007872,32.4667080385454,31.582269104938163,32.114051818847656,696500,WHR,31.0001277923584,0,0.9988680650295454,1.0,1.0212181281549049,2.0,0.8641560919052675,23.0,0.8514772733086641,118.0,1.0197659849892977,482.0
2002-08-01 00:00:00-04:00,32.11407121766638,32.28760104797476,30.7874141512316,31.0001277923584,1001900,WHR,29.572715759277344,0,0.982350653476743,0.0,0.9841487514561809,2.0,0.8384073055285014,22.0,0.8226775854274058,117.0,0.98434344681432,482.0
2002-08-02 00:00:00-04:00,30.675463654699136,30.6810625629232,29.192071143638422,29.572715759277344,794800,WHR,28.912166595458984,0,0.9764347857986186,0.0,0.943123737411955,2.0,0.8046693862575108,21.0,0.7855609774396333,117.0,0.9390504409182903,481.0
2002-08-05 00:00:00-04:00,29.572696399874204,29.807799142789914,28.912166595458984,28.912166595458984,749600,WHR,30.09328269958496,1,0.98870564259988,0.0,0.9400135816171585,1.0,0.7916603611158498,21.0,0.7687964192608675,117.0,0.918084601014038,481.0
2002-08-06 00:00:00-04:00,29.47193879314591,30.45713463939428,29.47193879314591,30.09328269958496,747900,WHR,29.5894832611084,0,1.0200170682239882,1.0,0.9919183056316676,1.0,0.8284390770421736,22.0,0.8008933470219172,118.0,0.9555889054905037,481.0
2002-08-07 00:00:00-04:00,30.28359782051371,30.389955633503572,28.716240090671104,29.5894832611084,706500,WHR,30.45154571533203,1,0.9915587116252561,1.0,0.9918188778160488,1.0,0.8188596098593183,22.0,0.7882236076368885,117.0,0.9395869964177487,481.0
2002-08-08 00:00:00-04:00,29.639877272659067,30.51311873660876,29.371187427185543,30.45154571533203,622500,WHR,29.930946350097656,0,1.0143578894119536,1.0,1.024482265360323,2.0,0.847167410448654,22.0,0.8118524199477002,118.0,0.9669068299717819,482.0
2002-08-09 00:00:00-04:00,30.31159067752636,30.3395787913816,29.567094463910863,29.930946350097656,581000,WHR,29.60628890991211,0,0.991378306071398,1.0,1.0045463742619172,2.0,0.8373591383852286,21.0,0.7986164926727717,118.0,0.9503496239547947,481.0
2002-08-12 00:00:00-04:00,29.248035798723613,29.779818694862712,28.85619565760233,29.60628890991211,1072500,WHR,28.805805206298828,0,0.994546984945342,0.0,0.9890419894759588,2.0,0.8329812191385876,21.0,0.7905670210102395,118.0,0.9400451865288486,480.0
2002-08-13 00:00:00-04:00,29.499921946308174,29.82458790387662,28.805805206298828,28.805805206298828,498400,WHR,29.8637809753418,1,0.9862959252578632,0.0,0.9706501956199874,1.0,0.815466033633957,20.0,0.7698032555710204,118.0,0.9146473201972966,480.0
2002-08-14 00:00:00-04:00,28.811413068760647,29.886172327062287,28.330009683554223,29.8637809753418,539300,WHR,30.59147834777832,1,1.0180327804898348,1.0,1.0044433268867339,2.0,0.850303083965877,20.0,0.7987001265220393,118.0,0.948226005755728,481.0
2002-08-15 00:00:00-04:00,29.891764772901013,30.89935189365306,29.86937342601941,30.59147834777832,777800,WHR,30.78740692138672,1,1.0120369572570542,2.0,1.027951206131714,2.0,0.8753826191668627,21.0,0.8187353883884891,119.0,0.9712689880393254,482.0
2002-08-16 00:00:00-04:00,30.59148791330253,30.81539504606203,29.85818708881006,30.78740692138672,814500,WHR,31.80618667602539,1,1.0031921168452178,2.0,1.0286143537024424,3.0,0.8853974919602906,21.0,0.8244977466870939,120.0,0.977370200414429,483.0
2002-08-19 00:00:00-04:00,31.067289158753844,31.82297912198621,31.01131291531323,31.80618667602539,764800,WHR,31.291200637817383,0,1.0162761026502365,2.0,1.0472575246740352,4.0,0.9190432314104919,21.0,0.8523152145293574,120.0,1.0095510386954192,484.0
2002-08-20 00:00:00-04:00,31.80618894738953,31.80618894738953,31.03370434767435,31.291200637817383,393700,WHR,31.789396286010746,1,0.9918382351451971,1.0,1.0137096598190396,4.0,0.9085738591894305,21.0,0.8390530022382382,120.0,0.9930748140657945,483.0
2002-08-21 00:00:00-04:00,31.34157990345333,32.15884506854023,30.94973976795673,31.789396286010746,433000,WHR,32.74659729003906,1,1.0078977636941984,1.0,1.0171586797051542,4.0,0.927022323002345,22.0,0.8528505775245863,121.0,1.0087366219366798,484.0
2002-08-22 00:00:00-04:00,31.78938957404656,33.08245897220456,31.739010108186083,32.74659729003906,401200,WHR,31.7838077545166,0,1.0148320487682636,2.0,1.033532206930092,4.0,0.9584166001225497,23.0,0.8789097426231344,121.0,1.0389140448410312,485.0
2002-08-23 00:00:00-04:00,32.690638627467,32.7186267601329,31.694244448771112,31.7838077545166,640300,WHR,31.716630935668945,0,0.9850800636559202,1.0,0.9968751809258327,3.0,0.933889617872153,23.0,0.8535475506697772,120.0,1.0081772752733096,485.0
2002-08-26 00:00:00-04:00,31.739022292504213,31.979724040090048,31.095284663312828,31.716630935668945,463000,WHR,32.119667053222656,1,0.9989421046494591,0.0,0.9953273753451397,2.0,0.935696566324573,22.0,0.8522129377655301,120.0,1.0058351536274717,485.0
2002-08-27 00:00:00-04:00,32.018908082081104,32.42754073821859,31.71663116865644,32.119667053222656,512300,WHR,31.77052497863769,0,1.006313588510785,1.0,1.0027612807038535,3.0,0.9509291476369677,23.0,0.8635537410935383,120.0,1.0183753485308782,486.0
2002-08-28 00:00:00-04:00,32.09712836855629,32.1027584985514,31.421398920653957,31.77052497863769,474000,WHR,31.06100845336914,0,0.9945352789922612,1.0,0.9919781106814242,2.0,0.9436142266109145,23.0,0.8547761253104015,119.0,1.0070596962653546,486.0
2002-08-29 00:00:00-04:00,31.67479569135613,31.67479569135613,30.835764602552334,31.06100845336914,793100,WHR,31.14548110961914,1,0.9887076363330148,0.0,0.9801415944641263,1.0,0.9263478968496698,22.0,0.8363323634159628,119.0,0.9843523635680971,485.0
2002-08-30 00:00:00-04:00,31.061014113150552,31.62975182537288,31.021596754287863,31.14548110961914,307800,WHR,30.18820571899414,0,1.0013579396111794,1.0,0.9867824396498964,2.0,0.9321533524438168,23.0,0.8392132354453246,120.0,0.9868231246405562,485.0
2002-09-03 00:00:00-04:00,30.830148186862527,30.88645810057236,29.73208768483662,30.18820571899414,614400,WHR,30.6274356842041,1,0.9843923390208068,1.0,0.965806938785189,2.0,0.9072574677751836,22.0,0.8140664946757984,120.0,0.9563051949913592,485.0
2002-09-04 00:00:00-04:00,30.19947466243414,30.64996051379357,29.647629226008103,30.6274356842041,466400,WHR,30.199447631835938,0,1.007222319046147,1.0,0.989305193365286,2.0,0.9240372679832396,23.0,0.8264312306878895,121.0,0.9699911225589566,486.0
2002-09-05 00:00:00-04:00,30.62740827055147,30.62740827055147,29.8728443393792,30.199447631835938,380800,WHR,30.40781593322754,1,0.9929638339326963,1.0,0.9854828513111829,2.0,0.914504633850913,23.0,0.8154311213370009,121.0,0.9562343540794899,485.0
2002-09-06 00:00:00-04:00,30.435970888733817,30.64432013718276,29.929175245364604,30.40781593322754,426700,WHR,30.45849609375,1,1.0034380087325327,1.0,0.9965306940359651,3.0,0.9246121158576818,23.0,0.8216761439923784,121.0,0.9626330886443273,485.0
2002-09-09 00:00:00-04:00,30.295194342449285,30.633060257011326,29.816553648593192,30.45849609375,590700,WHR,30.103734970092773,0,1.0008326471382067,2.0,1.002706581608175,3.0,0.9295595177750817,24.0,0.8236805097989344,121.0,0.9640366634812046,486.0
2002-09-10 00:00:00-04:00,30.464123528584043,30.509173172438075,29.61946203908816,30.103734970092773,553800,WHR,29.92917251586914,0,0.9941422051759743,1.0,0.9915791744931215,3.0,0.9220460985222243,24.0,0.814694973582496,121.0,0.9526166076606408,486.0
2002-09-11 00:00:00-04:00,30.40781316008077,30.509172709127856,29.917910105076665,29.92917251586914,391300,WHR,28.808582305908203,0,0.9970922205581255,0.0,0.9903850603524009,2.0,0.9206253008172749,23.0,0.810395471549827,121.0,0.9469017637984699,486.0
2002-09-12 00:00:00-04:00,29.929167280771257,29.929167280771257,28.600233112904057,28.808582305908203,908600,WHR,29.13518524169922,1,0.9809221477163871,0.0,0.9621603535655316,2.0,0.8907275484849311,22.0,0.7804987628599815,121.0,0.9113182711878017,485.0
2002-09-13 00:00:00-04:00,28.81421196571189,29.236542623276765,28.21168706609946,29.13518524169922,743100,WHR,29.495576858520508,1,1.0056365498760962,1.0,0.9814111110064573,2.0,0.9052601216601268,23.0,0.789406822335079,122.0,0.9214957076933852,486.0
2002-09-16 00:00:00-04:00,29.028196516760865,29.58004171015361,28.72975017443749,29.495576858520508,482000,WHR,28.52703285217285,0,1.0061468008245442,2.0,1.0000381929511513,2.0,0.9207356819750575,24.0,0.7992282924342924,122.0,0.9327238326924843,487.0
2002-09-17 00:00:00-04:00,30.058686314759907,30.058686314759907,28.52140272095092,28.52703285217285,486100,WHR,28.431304931640625,0,0.9833074725322264,1.0,0.9776526047686007,2.0,0.8947039588792188,24.0,0.7731095610330069,122.0,0.9019899236441757,486.0
2002-09-18 00:00:00-04:00,28.52140206571796,28.763538516316757,27.665478217940723,28.431304931640625,553100,WHR,27.479642868041992,0,0.9983193343721588,0.0,0.9844792693501114,2.0,0.8958903856831757,24.0,0.7705694937061153,122.0,0.8988400865742334,486.0
2002-09-19 00:00:00-04:00,28.09906234597922,28.20605198714741,27.31071106427163,27.479642868041992,758800,WHR,27.5078125,1,0.9829789674285573,0.0,0.9603650084372956,2.0,0.8701747143101418,24.0,0.7448445327741675,122.0,0.8686610581331262,486.0
2002-09-20 00:00:00-04:00,27.564124563384063,27.766843695395558,27.28257069072046,27.5078125,640800,WHR,26.76451110839844,0,1.000512291972223,1.0,0.9724104234136752,2.0,0.8749073504607559,25.0,0.7457709569514633,122.0,0.8694605650770252,486.0
2002-09-23 00:00:00-04:00,27.338881280574384,27.36703623891832,26.634996581547828,26.76451110839844,533400,WHR,26.16761779785156,0,0.9863042276029153,1.0,0.9647629010380433,1.0,0.8554740101120913,24.0,0.7258648764191057,121.0,0.8459098300441578,485.0
2002-09-24 00:00:00-04:00,25.79033448880894,27.001017009061,25.593247635784465,26.16761779785156,1236200,WHR,27.226247787475582,1,0.9887234214289008,0.0,0.9595690189570472,1.0,0.841063739000627,23.0,0.7099360804733148,121.0,0.8269898032470975,485.0
2002-09-25 00:00:00-04:00,26.505470847814337,27.43459911691525,26.4885783095675,27.226247787475582,917500,WHR,28.076534271240234,1,1.0198268092789098,1.0,1.007291433709624,2.0,0.879367111896699,24.0,0.7387946842019897,122.0,0.860342184892684,486.0
2002-09-26 00:00:00-04:00,27.648571460111416,28.25672846074157,27.434592202631187,28.076534271240234,431600,WHR,26.364696502685547,0,1.0153751122838972,2.0,1.0341819271987194,3.0,0.9101878853144677,25.0,0.7620715568227182,122.0,0.8870816568994542,486.0
2002-09-27 00:00:00-04:00,28.04275681924484,28.290525527141664,26.325279144262858,26.364696502685547,680300,WHR,25.82411193847656,0,0.9685562257829307,1.0,0.9793749401914799,2.0,0.858570475448755,25.0,0.7158745983612481,122.0,0.8328951113719832,486.0
2002-09-30 00:00:00-04:00,26.15634547056048,26.15634547056048,25.221587046947462,25.82411193847656,689900,WHR,27.085474014282227,1,0.9896417530816315,0.0,0.9660431281678944,2.0,0.8459307902810254,24.0,0.7015414940799845,121.0,0.81574574295834,485.0
2002-10-01 00:00:00-04:00,25.987415940580625,27.085474014282227,25.4637257140068,27.085474014282227,726700,WHR,25.779067993164062,0,1.0238399536320675,1.0,1.0063183541736527,3.0,0.891914452198706,24.0,0.7362557546525608,121.0,0.8554880712744628,485.0
2002-10-02 00:00:00-04:00,26.9447006777773,26.95033295730629,25.621398535716168,25.779067993164062,649900,WHR,25.232839584350582,0,0.9752876697402553,1.0,0.9681923802237247,2.0,0.8536542079157531,24.0,0.7012007544684655,121.0,0.8141733783287916,484.0
2002-10-03 00:00:00-04:00,25.818469560007685,26.111285621878206,25.018858202967525,25.232839584350582,626000,WHR,24.619070053100582,0,0.9892921391347017,0.0,0.9683620181834828,1.0,0.8403308971217037,24.0,0.6868905112344169,120.0,0.7968935345285775,483.0
2002-10-04 00:00:00-04:00,25.37363447914422,25.508779128178183,24.01091268819133,24.619070053100582,863700,WHR,23.52663803100586,0,0.9876881440307173,0.0,0.9576381714373048,1.0,0.824846814337876,24.0,0.6707432506067905,120.0,0.7775150913403737,482.0
2002-10-07 00:00:00-04:00,24.61906829792222,24.804892714117223,23.368968569011876,23.52663803100586,753800,WHR,24.39944648742676,1,0.9773098773376364,0.0,0.9317990430765144,1.0,0.7934691379312901,24.0,0.6415524391332916,120.0,0.743047882271557,481.0
2002-10-08 00:00:00-04:00,23.65051255865548,24.664105524409543,23.13245474321307,24.39944648742676,824500,WHR,22.8621768951416,0,1.0182115535869662,1.0,0.9873756328874799,1.0,0.8279393814702393,25.0,0.6660240353803374,120.0,0.770625476971027,482.0
2002-10-09 00:00:00-04:00,24.286841156790032,24.286841156790032,22.80586697172971,22.8621768951416,691600,WHR,22.90721702575684,1,0.9674731953271806,1.0,0.9475358289019634,1.0,0.7795857185468156,25.0,0.6248925868889608,119.0,0.7221390146657507,481.0
2002-10-10 00:00:00-04:00,22.86216738729372,23.14372118343322,22.090710587335277,22.90721702575684,1558000,WHR,24.65848159790039,1,1.000984066572808,1.0,0.968064254043203,2.0,0.7847809924430534,26.0,0.6269379322226765,120.0,0.7236233768678795,482.0
2002-10-11 00:00:00-04:00,22.907216669458236,25.508773103858868,22.907216669458236,24.65848159790039,1305200,WHR,25.080808639526367,1,1.036817804065061,2.0,1.0417260896949876,3.0,0.8479076481417265,26.0,0.6756064339167135,121.0,0.7789908010327904,482.0
2002-10-14 00:00:00-04:00,24.65284573533652,25.70585831006375,24.55711849113476,25.080808639526367,619900,WHR,27.5078125,1,1.0084908135924342,2.0,1.0458343610419265,4.0,0.8648865793198851,27.0,0.6879043032640926,121.0,0.7923754191383313,482.0
2002-10-15 00:00:00-04:00,26.466064030378888,27.57538697606088,25.90295628505168,27.5078125,1231000,WHR,25.767797470092773,0,1.046150741508023,2.0,1.118053807710122,4.0,0.9491561456532478,28.0,0.7549591441283063,122.0,0.8690326957492585,482.0
2002-10-16 00:00:00-04:00,27.45148978897371,27.457119918645,25.728380118139988,25.767797470092773,933700,WHR,27.220623016357425,1,0.9673393691619108,1.0,1.0231640809515923,4.0,0.8907219281925257,27.0,0.7077679512273514,122.0,0.8140839622358029,482.0
2002-10-17 00:00:00-04:00,26.71945756757926,27.64858387151295,26.69693274675919,27.220623016357425,988700,WHR,27.338865280151367,1,1.0274177930371817,1.0,1.045053697429569,4.0,0.9429558189571278,27.0,0.7481701099554986,122.0,0.859956727013815,483.0
2002-10-18 00:00:00-04:00,27.1643033517322,27.524691763018136,26.466049193802416,27.338865280151367,705900,WHR,28.03713035583496,1,1.0021672172427891,2.0,1.0284271430153007,4.0,0.9489135794185888,28.0,0.7519426815501489,122.0,0.8636650671543243,483.0
2002-10-21 00:00:00-04:00,27.321983383921854,28.155382446570105,26.88839023647445,28.03713035583496,630400,WHR,26.820810317993164,0,1.0126095263419486,2.0,1.0317461721241392,4.0,0.9744193620149375,29.0,0.7716021098808631,123.0,0.8856855801488224,483.0
2002-10-22 00:00:00-04:00,27.592266976904146,27.62042192175345,26.65187850081271,26.820810317993164,439300,WHR,27.153038024902344,1,0.9778278217719886,1.0,0.9920022706701587,3.0,0.93490096245918,28.0,0.738649282957191,123.0,0.8472298496195507,483.0
2002-10-23 00:00:00-04:00,26.76449256545645,27.2037177740438,26.494201286063397,27.153038024902344,443300,WHR,26.725082397460938,0,1.0061553459149057,1.0,0.9941035797237509,4.0,0.9492575407229681,28.0,0.7483344581172039,123.0,0.8576981409792609,483.0
2002-10-24 00:00:00-04:00,27.637318126953023,27.64857838704429,26.567412979166622,26.725082397460938,427700,WHR,26.50546646118164,0,0.992056968133139,1.0,0.981998782183696,3.0,0.9372392782685514,28.0,0.7371126121528477,122.0,0.8441673103058028,482.0
2002-10-25 00:00:00-04:00,26.730710291590476,27.091098701777117,26.128185515543866,26.50546646118164,633200,WHR,25.84664535522461,0,0.9958742500126666,0.0,0.9799307557339338,2.0,0.9319858474141136,28.0,0.7316150508672062,122.0,0.8372581458629428,481.0
2002-10-28 00:00:00-05:00,26.691306940060898,26.91654874049928,25.67771131978896,25.84664535522461,644500,WHR,25.914213180541992,1,0.9874155772690231,0.0,0.9713056304762823,1.0,0.9108092095608806,28.0,0.7139628890765808,122.0,0.8165045909565223,480.0
2002-10-29 00:00:00-05:00,25.846640866952967,26.071882628278093,25.221591059020398,25.914213180541992,534900,WHR,25.976154327392575,1,1.0013053845556037,1.0,0.9805260106965836,2.0,0.9148009629467755,29.0,0.7163559939732964,123.0,0.818717218840908,480.0
2002-10-30 00:00:00-05:00,25.91984227824256,26.161978719375064,25.576346296725053,25.976154327392575,271600,WHR,26.24644088745117,1,1.0011936925835245,2.0,0.9917018376875076,2.0,0.9192141874008302,29.0,0.7186701532707864,123.0,0.820784083891506,480.0
2002-10-31 00:00:00-05:00,25.931099914516068,26.443527652982716,25.931099914516068,26.24644088745117,367600,WHR,26.815187454223636,1,1.0051756631195106,2.0,1.0056961481806843,3.0,0.9306136320805303,30.0,0.7267399134346765,123.0,0.829410057513149,481.0
2002-11-01 00:00:00-05:00,26.24644963549533,26.91091687802069,26.071885479209744,26.815187454223636,380300,WHR,26.97285461425781,1,1.010718603716987,2.0,1.025056040613999,4.0,0.9528270615043859,30.0,0.7430749980991253,123.0,0.8474491434728267,482.0
2002-11-04 00:00:00-05:00,27.00100956434334,27.817516005333715,26.9615922046066,26.97285461425781,493000,WHR,27.350133895874023,1,1.002931267879828,2.0,1.0222810380082783,5.0,0.9601114248563445,31.0,0.7481135549738487,123.0,0.8524787852433314,483.0
2002-11-05 00:00:00-05:00,26.978482993848157,27.400813661972315,26.76450152053481,27.350133895874023,386200,WHR,27.40644073486328,1,1.0069451127775462,2.0,1.025419006430428,5.0,0.9748456710446879,32.0,0.7592370802827564,123.0,0.8644197939237356,484.0
2002-11-06 00:00:00-05:00,27.395180475284203,27.68799448220193,26.927800223621432,27.40644073486328,934100,WHR,25.86917304992676,0,1.001028311930923,2.0,1.016626815812358,5.0,0.9776653555737117,33.0,0.7613811713798762,124.0,0.8662097197073007,485.0
2002-11-07 00:00:00-05:00,26.803931965887838,26.83208907597959,25.795970578328745,25.86917304992676,808700,WHR,25.62139129638672,0,0.9711450028310064,1.0,0.962296096933433,4.0,0.9250235789707556,32.0,0.7193283202498281,124.0,0.817672198947674,485.0
2002-11-08 00:00:00-05:00,25.92546986247756,26.35343061809513,25.53692431199994,25.62139129638672,602200,WHR,25.244112014770508,0,0.9951878221440046,0.0,0.9616195964919444,3.0,0.9188851845323766,31.0,0.7131303510769538,123.0,0.8099071277732403,484.0
2002-11-11 00:00:00-05:00,25.627023165209035,25.779062458571364,25.238479736450724,25.244112014770508,515900,WHR,25.750917434692383,1,0.992582806478719,0.0,0.9599160333618197,2.0,0.9083642299443416,30.0,0.7033822727197356,122.0,0.7980693843244934,483.0
2002-11-12 00:00:00-05:00,25.28353911402483,26.2239280358502,25.27790683353457,25.750917434692383,514600,WHR,25.998680114746094,1,1.0099383297822022,1.0,0.9912431323345742,2.0,0.9299779010257468,30.0,0.718316119820558,122.0,0.814162824645038,484.0
2002-11-13 00:00:00-05:00,25.756545792680345,26.415380736055063,25.30605793783218,25.998680114746094,639400,WHR,26.955957412719727,1,1.004787721871982,2.0,1.0117456138193144,2.0,0.9419262918896246,31.0,0.7261374742361358,122.0,0.822064306644206,484.0
2002-11-14 00:00:00-05:00,26.24081057717614,26.984112360180458,26.21265562971541,26.955957412719727,443100,WHR,27.28820037841797,1,1.0180773081012429,2.0,1.0401997858140202,3.0,0.9794668774107887,31.0,0.7536518099708109,123.0,0.8523845232469947,484.0
2002-11-15 00:00:00-05:00,26.961599008453906,27.56412411429042,26.916549358480623,27.28820037841797,500400,WHR,27.834400177001957,1,1.0061249538978467,2.0,1.0396465947031497,4.0,0.9948276902295605,31.0,0.7637561980374952,123.0,0.8629511713449346,484.0
2002-11-18 00:00:00-05:00,27.693623320815654,27.918867149947477,27.50216671047891,27.834400177001957,825100,WHR,26.826440811157227,0,1.0099088176733397,2.0,1.0399306509662667,5.0,1.017181042303736,32.0,0.7797805060835258,124.0,0.8802635328289813,485.0
2002-11-19 00:00:00-05:00,27.564112405476397,27.564112405476397,26.730713567755803,26.826440811157227,562000,WHR,27.96953773498535,1,0.9815597537904133,1.0,0.9942812913288839,4.0,0.9832747877235549,32.0,0.7522991846473416,124.0,0.8484442394242278,485.0
2002-11-20 00:00:00-05:00,26.882742654276484,27.98643241418409,26.83206291284788,27.96953773498535,608100,WHR,29.52373504638672,1,1.0208609637815949,1.0,1.0217217331752155,4.0,1.0277786274663718,32.0,0.7850790446340753,124.0,0.8846380799938327,485.0
2002-11-21 00:00:00-05:00,28.14412083758556,29.64761942006809,27.986451378780377,29.52373504638672,811200,WHR,29.591297149658203,1,1.0270326811505663,2.0,1.0586361545557053,4.0,1.0863846067887004,33.0,0.8294180658679852,124.0,0.933775388566707,486.0
2002-11-22 00:00:00-05:00,29.518092577018404,30.047414974143,29.28158847045301,29.591297149658203,524200,WHR,30.165666580200195,1,1.0011428920997187,2.0,1.0438185249795675,4.0,1.0898530270589648,34.0,0.8319772249389907,125.0,0.9358732202823488,487.0
2002-11-25 00:00:00-05:00,29.59129671094811,30.278288502264537,29.45051984538881,30.165666580200195,465600,WHR,29.743350982666016,0,1.0096117572696386,2.0,1.0468615441727998,4.0,1.111675773788247,34.0,0.8486867904985537,126.0,0.9540048087575934,487.0
2002-11-26 00:00:00-05:00,29.957332527687623,30.154419379624912,29.732088569971665,29.743350982666016,753800,WHR,30.80885505676269,1,0.9929507173591853,1.0,1.011722738718144,4.0,1.0964120258634695,34.0,0.8374312359447635,125.0,0.9406309855746359,486.0
2002-11-27 00:00:00-05:00,30.038066587097905,30.820190435669826,29.98705846301707,30.80885505676269,474200,WHR,30.48013687133789,0,1.0175964534372681,1.0,1.0281071135430533,4.0,1.1355625202003028,34.0,0.867984559656719,125.0,0.9742771121980226,486.0
2002-11-29 00:00:00-05:00,30.80885638783924,30.80885638783924,30.42912874505329,30.48013687133789,232100,WHR,30.23641586303711,0,0.9946365868472689,1.0,1.010686286394995,3.0,1.1232528401665578,34.0,0.8592921307411213,125.0,0.963863767431406,485.0
2002-12-02 00:00:00-05:00,30.8881857857011,31.73265273369172,29.924700659067938,30.23641586303711,400500,WHR,28.876209259033203,0,0.9959859215102836,0.0,0.9983336283131893,2.0,1.1143885588085034,33.0,0.8530575102882311,124.0,0.956143052019615,485.0
2002-12-03 00:00:00-05:00,29.754680341476423,29.81135505827849,28.717516160384065,28.876209259033203,652800,WHR,29.170923233032227,1,0.9769895753877447,0.0,0.9616109563098357,1.0,1.0652924017408762,32.0,0.8155697867221836,123.0,0.9131454067442089,485.0
2002-12-04 00:00:00-05:00,28.706183625852933,29.27860606230482,28.47948042927683,29.170923233032227,434900,WHR,28.768516540527344,0,1.0050771495739141,1.0,0.9751430034483441,2.0,1.0767824895343934,33.0,0.8247958297273079,123.0,0.9224539138284464,486.0
2002-12-05 00:00:00-05:00,29.07456511783114,29.142575192120443,28.519144826799035,28.768516540527344,319500,WHR,28.842208862304688,1,0.9930547017009902,1.0,0.9749910933332444,1.0,1.062687318120204,33.0,0.8143421915319746,123.0,0.9097284998574108,486.0
2002-12-06 00:00:00-05:00,28.33779643174008,29.176594946679312,28.224444813612664,28.842208862304688,368800,WHR,28.21310806274414,0,1.0012791424038157,1.0,0.9884626764090555,2.0,1.0653874009457438,34.0,0.8173490419085909,124.0,0.9120563408887206,487.0
2002-12-09 00:00:00-05:00,28.79119934126188,28.79119934126188,28.077087857211843,28.21310806274414,476200,WHR,28.64951515197754,1,0.9889738444466627,1.0,0.980500404475307,2.0,1.0427413044010418,33.0,0.800474088138678,124.0,0.8921644320194052,487.0
2002-12-10 00:00:00-05:00,28.564503049818896,29.13125904555337,28.026084421470628,28.64951515197754,697600,WHR,29.11991310119629,1,1.0076747618129656,1.0,0.9972383438226422,3.0,1.0594228113759785,33.0,0.8137368998376956,125.0,0.9059234173390405,488.0
2002-12-11 00:00:00-05:00,28.196100557957003,29.233264691618576,28.196100557957003,29.11991310119629,525700,WHR,29.49396705627441,1,1.0081426796740525,2.0,1.0139721304691935,3.0,1.076424207490154,34.0,0.8279245742930674,126.0,0.920747853200995,488.0
2002-12-12 00:00:00-05:00,29.074566888282195,29.669659939053776,28.949882104826195,29.49396705627441,438900,WHR,29.11991310119629,0,1.0063816617168697,2.0,1.02183447314687,4.0,1.0895378847444241,35.0,0.8393841518241509,126.0,0.9325134986132096,489.0
2002-12-13 00:00:00-05:00,29.18792319064896,29.340947513418783,28.932882652699245,29.11991310119629,449400,WHR,30.55381202697754,1,0.9936183382831302,1.0,1.0069375787938522,3.0,1.0746346808809863,35.0,0.8295993377804991,125.0,0.9206257950395741,489.0
2002-12-16 00:00:00-05:00,29.244605053477954,30.553812026977543,29.187930325413987,30.55381202697754,471000,WHR,30.185413360595703,0,1.0240289829854154,1.0,1.0396900366625967,4.0,1.1254424668332081,35.0,0.8712876326892393,125.0,0.9658416562904147,490.0
2002-12-17 00:00:00-05:00,30.553805500325456,30.774839919362577,30.10606789345436,30.185413360595703,506900,WHR,29.743350982666016,0,0.9939347486894818,1.0,1.016528579934011,3.0,1.1095423994077598,35.0,0.8616859707351987,124.0,0.9540899081970395,490.0
2002-12-18 00:00:00-05:00,30.18541991675597,30.18541991675597,29.62999936412948,29.743350982666016,307700,WHR,29.561975479125977,0,0.992623535913445,0.0,0.9974533156372545,2.0,1.0909035414703516,35.0,0.8499556847405628,124.0,0.9400459228067063,489.0
2002-12-19 00:00:00-05:00,29.71499976852613,30.310092785970323,29.476961264347683,29.561975479125977,215600,WHR,30.247751235961918,1,0.9969416658779057,0.0,0.990918832073171,1.0,1.0827053047627295,34.0,0.8456955014900303,123.0,0.9342364650687204,489.0
2002-12-20 00:00:00-05:00,29.63565620152497,30.293092729920943,29.57897933407618,30.247751235961918,569300,WHR,29.573326110839844,0,1.0114659570357634,1.0,1.006297415603147,2.0,1.1063554921824093,34.0,0.8662576429290947,123.0,0.9558316308915578,489.0
2002-12-23 00:00:00-05:00,30.038065824216588,30.07773856838272,29.431637121102973,29.573326110839844,459600,WHR,29.669660568237305,1,0.9887259615668201,1.0,0.9903210164982946,1.0,1.0795757569056421,34.0,0.8480325458974406,122.0,0.9344661265689023,488.0
2002-12-24 00:00:00-05:00,29.573313135250796,29.868026364035373,29.53364040849147,29.669660568237305,181400,WHR,29.573326110839844,0,1.0016260904926908,1.0,0.9969907703035038,2.0,1.0805642558983686,35.0,0.8518576501465972,123.0,0.9374763892349802,488.0
2002-12-26 00:00:00-05:00,29.67534235641058,30.338445790617985,29.573326110839844,29.573326110839844,324800,WHR,29.573326110839844,0,0.9983739095073091,1.0,0.9948904717280036,2.0,1.0754317400025055,34.0,0.8501624859531148,123.0,0.9344102689053632,487.0
2002-12-27 00:00:00-05:00,29.641336220552866,29.78869398060056,29.493980622507586,29.573326110839844,316500,WHR,29.442975997924805,0,1.0,0.0,0.9948144973360298,2.0,1.072964317174665,34.0,0.8512489704000921,122.0,0.9343889933297028,486.0
2002-12-30 00:00:00-05:00,29.669677111237345,29.669677111237345,29.10292108495199,29.442975997924805,320000,WHR,29.59598922729492,1,0.9977912863351756,0.0,0.9958213895527656,1.0,1.065522378202073,34.0,0.8485708088563797,122.0,0.9302493588436999,486.0
2002-12-31 00:00:00-05:00,29.386288019981087,29.70367205337365,29.13124963389979,29.59598922729492,308400,WHR,30.735166549682617,1,1.0025917329137868,1.0,1.0008431766725643,2.0,1.0678542812468717,35.0,0.8540675788573675,122.0,0.9350323544526306,487.0
2003-01-02 00:00:00-05:00,29.89636823125999,30.78617465778948,29.618656940011103,30.735166549682617,353400,WHR,30.179744720458984,0,1.018882073577354,2.0,1.0319300545177106,2.0,1.1041705733306217,36.0,0.8880135323437709,122.0,0.9709550003591477,487.0
2003-01-03 00:00:00-05:00,30.37810837494771,30.52546608571221,29.919037585416174,30.179744720458984,409400,WHR,31.126239776611328,1,0.9908820054459164,1.0,1.0091723845038807,2.0,1.0804773536998364,35.0,0.8730454851796039,122.0,0.9533376618434362,487.0
2003-01-06 00:00:00-05:00,30.179758255013496,31.262262173548898,30.12308351745772,31.126239776611328,353600,WHR,30.616140365600582,0,1.0154388688790663,1.0,1.0301236372024707,3.0,1.1088951533491147,36.0,0.9013741555884102,123.0,0.9831315624544427,488.0
2003-01-07 00:00:00-05:00,31.06954445161812,31.11488594122048,30.44611410359416,30.616140365600582,332500,WHR,30.67282485961914,1,0.9917382613071308,1.0,1.0054345048256321,3.0,1.0857527064945338,35.0,0.8875553143168867,123.0,0.9669149247668503,488.0
2003-01-08 00:00:00-05:00,30.47446118427314,31.03554824425292,30.208085252806875,30.67282485961914,611900,WHR,31.398271560668945,1,1.000924872753362,1.0,1.0002217961281834,3.0,1.083909829089741,35.0,0.8901002157816184,124.0,0.9685933013380014,489.0
2003-01-09 00:00:00-05:00,30.729499557002587,31.415273542490407,30.67849144953645,31.398271560668945,402500,WHR,31.19990539550781,0,1.0116873511648279,2.0,1.0194692759551847,3.0,1.1054324708335457,35.0,0.9119165865118402,125.0,0.991397730778136,489.0
2003-01-10 00:00:00-05:00,31.284919627687,31.596634875674475,30.96186900460885,31.19990539550781,395600,WHR,32.378753662109375,1,0.9968311191346673,1.0,1.0063616766957473,3.0,1.096074049057831,34.0,0.9068985979287941,125.0,0.9850402987052999,488.0
2003-01-13 00:00:00-05:00,31.341589696047443,32.52044258674069,31.29058159670011,32.378753662109375,853400,WHR,32.021690368652344,0,1.0185415717172213,1.0,1.0360147198892145,3.0,1.133101796721581,35.0,0.9418481296897214,125.0,1.0221314809600215,488.0
2003-01-14 00:00:00-05:00,32.24839346615116,32.305068159525376,31.80632264222857,32.021690368652344,407500,WHR,31.99336242675781,0,0.994455577149647,1.0,1.0154562291454836,3.0,1.1174770814313209,34.0,0.9321003898574212,125.0,1.0106928551654344,488.0
2003-01-15 00:00:00-05:00,32.02169978177499,32.231398803304046,31.61363495112248,31.99336242675781,423300,WHR,32.361759185791016,1,0.9995574799885728,0.0,1.0061313073726255,2.0,1.1134741406629398,33.0,0.9320479822705826,124.0,1.0096124697372566,488.0
2003-01-16 00:00:00-05:00,31.99336916893122,32.82649882441553,31.936692284951366,32.361759185791016,716900,WHR,31.596635818481445,0,1.0057244357527773,1.0,1.0115865051573443,2.0,1.1234772913959166,33.0,0.9435258000987211,124.0,1.0210460209104673,488.0
2003-01-17 00:00:00-05:00,32.22006633305883,32.32208254991721,31.46628224405169,31.596635818481445,461100,WHR,31.24525451660156,0,0.9880371706128889,1.0,0.9852261313047875,2.0,1.093892353791715,33.0,0.9220820677085688,123.0,0.9967271662323518,488.0
2003-01-21 00:00:00-05:00,31.27925848816544,32.01037414482035,31.063892794920044,31.24525451660156,580900,WHR,30.332767486572266,0,0.9944084861227714,0.0,0.9812055387354434,1.0,1.079179139456713,32.0,0.9127536221998783,122.0,0.9854312038001435,488.0
2003-01-22 00:00:00-05:00,31.24524457456432,31.35292738692303,30.32143211232373,30.332767486572266,811000,WHR,30.264760971069336,0,0.9851816118747324,0.0,0.9627629644222742,1.0,1.0454915328783514,32.0,0.8870871468323218,122.0,0.9564409319170669,488.0
2003-01-23 00:00:00-05:00,30.548138874686085,30.774839900378385,29.913370813943256,30.264760971069336,956700,WHR,29.49396705627441,0,0.9988777345011609,0.0,0.971262263987591,1.0,1.0408996488296263,32.0,0.8861231345195234,121.0,0.9540826283369792,488.0
2003-01-24 00:00:00-05:00,30.378104561877425,30.463118781416828,29.301270032386327,29.49396705627441,470400,WHR,28.91588020324707,0,0.9871015675828603,0.0,0.9642749649640171,0.0,1.012273265908186,32.0,0.8646572956661422,120.0,0.9296224137507163,487.0
2003-01-27 00:00:00-05:00,29.48830259072062,29.83969273154768,28.825199364775965,28.91588020324707,528800,WHR,29.21626663208008,1,0.9901029213368965,0.0,0.9622420638580315,0.0,0.9907314273216139,31.0,0.848782355298583,120.0,0.9112768248653426,486.0
2003-01-28 00:00:00-05:00,29.074577655045736,29.255939372689514,28.81953706398349,29.21626663208008,348600,WHR,29.51097297668457,1,1.00516730320805,1.0,0.9855467781327687,1.0,0.9991747144044436,31.0,0.8586496460481918,121.0,0.9205721949118405,487.0
2003-01-29 00:00:00-05:00,29.017896058707407,29.74334275752454,28.502148390891787,29.51097297668457,463500,WHR,28.80253791809082,0,1.005018222320133,2.0,1.0010380944764963,2.0,1.0073789800215847,31.0,0.8684147325145702,121.0,0.9296953995548831,487.0
2003-01-30 00:00:00-05:00,29.49398088602531,29.595997132507524,28.66084892708801,28.80253791809082,436900,WHR,29.454294204711918,1,0.9878512706965613,1.0,0.986796353637722,2.0,0.9820856168503054,30.0,0.8487081249316714,121.0,0.9072323980286151,487.0
2003-01-31 00:00:00-05:00,28.70617685916153,29.686663953526786,28.547483794165014,29.454294204711918,432600,WHR,28.9952335357666,0,1.0111876369323898,1.0,1.0094004080916894,3.0,1.0028944247323337,30.0,0.8689808611807707,122.0,0.9275803610383175,488.0
2003-02-03 00:00:00-05:00,29.38629435242916,29.75468657482313,28.8478779440104,28.9952335357666,595300,WHR,28.44547843933105,0,0.9921460328818467,1.0,0.993128220560689,3.0,0.9863429659578912,29.0,0.856573474319654,121.0,0.9129435294955132,488.0
2003-02-04 00:00:00-05:00,28.859209995568925,28.98956575786509,28.411474468299208,28.44547843933105,543000,WHR,29.527971267700195,1,0.9904291733592389,0.0,0.9794700411657088,2.0,0.9670720251679042,28.0,0.8411163358022162,121.0,0.8954629389328612,488.0
2003-02-05 00:00:00-05:00,28.819526638801428,30.25908664360407,28.79118928604576,29.527971267700195,1442200,WHR,29.380613327026367,0,1.0186722169172184,1.0,1.016624771251955,2.0,1.0017970706125854,29.0,0.8737110083546047,122.0,0.9293626981752579,488.0
2003-02-06 00:00:00-05:00,29.18791631728656,29.89069428280857,29.148243594281418,29.380613327026367,678200,WHR,28.67217063903809,0,0.997498531976492,1.0,1.007540800982713,2.0,0.9946832958390235,29.0,0.8699081064221313,122.0,0.9245322973808082,488.0
2003-02-07 00:00:00-05:00,29.448625334270787,29.885027477985904,28.53614832123021,28.67217063903809,532300,WHR,29.0915641784668,1,0.987796576846299,0.0,0.9885491848508179,1.0,0.9688249195438683,29.0,0.8497348343223038,121.0,0.9020498601675716,488.0
2003-02-10 00:00:00-05:00,28.791182258967115,29.10289738720181,28.38311972247843,29.0915641784668,398500,WHR,28.97822380065918,0,1.0072604990095206,1.0,1.0023430829698732,2.0,0.9811502508596669,29.0,0.862950505498487,121.0,0.9150242354009508,489.0
2003-02-11 00:00:00-05:00,29.23326433550201,29.794351350154518,28.86487221161773,28.97822380065918,651500,WHR,28.31512451171875,0,0.9980482040360065,1.0,0.9947859843647495,2.0,0.975693594808733,28.0,0.8604840332235809,120.0,0.9112434354025907,489.0
2003-02-12 00:00:00-05:00,28.90455117214898,28.961225897881725,28.252781016211408,28.31512451171875,516500,WHR,27.958053588867188,0,0.9884262430374109,0.0,0.9801847165350682,1.0,0.9526405200884909,27.0,0.8416977101871113,120.0,0.8902238023729362,488.0
2003-02-13 00:00:00-05:00,28.315108044940825,28.43412619696537,27.589661599837758,27.958053588867188,613600,WHR,28.575822830200195,1,0.9936546871013164,0.0,0.9774508569623926,1.0,0.9402739665711475,26.0,0.8320274150680804,119.0,0.8788238473723571,488.0
2003-02-14 00:00:00-05:00,28.099750093165397,28.59282697223825,27.629341800140725,28.575822830200195,456400,WHR,29.227588653564453,1,1.010927416983645,1.0,0.9997223964797509,2.0,0.9606512978837098,26.0,0.8511972618577933,120.0,0.8980658746928672,488.0
2003-02-18 00:00:00-05:00,28.71750770453142,29.431621033177667,28.677834982051213,29.227588653564453,314500,WHR,28.870548248291016,0,1.0112755598092567,2.0,1.0215520876918327,2.0,0.9812420048670869,27.0,0.8713731950769609,120.0,0.9183395203508844,489.0
2003-02-19 00:00:00-05:00,29.255942479714037,29.425968837811848,28.706190660597848,28.870548248291016,457600,WHR,28.60416412353516,0,0.9938545291757535,1.0,1.0098330293990154,2.0,0.9687668746578627,26.0,0.8615462950272472,119.0,0.9069349063651913,488.0
2003-02-20 00:00:00-05:00,28.876206631030037,29.170919887983235,28.394462934048168,28.60416412353516,561400,WHR,28.93854522705078,1,0.9953651942956667,0.0,0.9984964913848966,2.0,0.9603220839951842,25.0,0.85441542605879,119.0,0.8983970969275374,487.0
2003-02-21 00:00:00-05:00,28.791187542443065,29.063230004025048,28.33778343980642,28.93854522705078,354800,WHR,28.03174591064453,0,1.0058110072898787,1.0,1.003300984939123,3.0,0.9719031792864858,25.0,0.8653253919632414,119.0,0.9086811397783664,488.0
2003-02-24 00:00:00-05:00,28.938556635408297,29.05757485389536,27.969402416579264,28.03174591064453,549700,WHR,28.111085891723636,1,0.9840829439643455,1.0,0.9755425683008865,2.0,0.9425741288000387,24.0,0.8394833084934672,118.0,0.8800605825837391,487.0
2003-02-25 00:00:00-05:00,27.99773646504871,28.13375664185931,27.340299845126196,28.111085891723636,853800,WHR,27.899948120117188,0,1.0014131809624138,1.0,0.9859658051014869,2.0,0.9461074110693889,25.0,0.8432351602908191,118.0,0.8824030882713148,487.0
2003-02-26 00:00:00-05:00,28.327948965920395,28.35077620015853,27.831468594327635,27.899948120117188,373300,WHR,28.019794464111328,1,0.9962304253915075,1.0,0.9852686268685159,2.0,0.9405360294139757,24.0,0.8383047685672874,117.0,0.8756367610974239,486.0
2003-02-27 00:00:00-05:00,28.173875066287756,28.248062506652413,27.734460499397667,28.019794464111328,772300,WHR,28.111087799072266,1,1.0021431848298232,1.0,0.9936018430522909,3.0,0.945883710597405,25.0,0.8433520670717071,117.0,0.8792743334909566,486.0
2003-02-28 00:00:00-05:00,28.305114889343564,28.52767710397704,27.93418221880314,28.111087799072266,600300,WHR,27.757265090942383,0,1.0016264368433208,2.0,1.0027235987398737,3.0,0.9501016660091008,26.0,0.8476718472220689,117.0,0.8820304410982307,486.0
2003-03-03 00:00:00-05:00,28.25374517491009,28.447772199679168,27.705904932123403,27.757265090942383,516800,WHR,26.501813888549805,0,0.9936668491224999,1.0,0.9920453007630993,3.0,0.9387348145125949,26.0,0.8385066118985585,117.0,0.8708443308604344,485.0
2003-03-04 00:00:00-05:00,27.711631285073548,27.71733700566585,26.490400270440137,26.501813888549805,1376900,WHR,26.80425453186035,1,0.9768619146140116,0.0,0.9581976736648344,2.0,0.8976266191730231,25.0,0.8022011928836053,116.0,0.8313874062282665,485.0
2003-03-05 00:00:00-05:00,26.690120590683605,27.049641743467003,26.53033437919048,26.80425453186035,933200,WHR,26.570283889770508,0,1.0056736625354787,1.0,0.9768726174254405,3.0,0.9088781990916567,26.0,0.8128816328175991,117.0,0.8407898568754302,486.0
2003-03-06 00:00:00-05:00,26.678709948649885,26.78713600752926,26.205054801964188,26.570283889770508,795500,WHR,26.80425453186035,1,0.9956164371813092,1.0,0.9786858297929502,2.0,0.9021029725866622,25.0,0.807276255362551,117.0,0.8333857689669739,485.0
2003-03-07 00:00:00-05:00,26.136572390976905,26.906974861227035,26.108039449913683,26.80425453186035,859000,WHR,25.92542839050293,0,1.0043835628186908,1.0,0.9969011762259276,2.0,0.9107727243616178,26.0,0.8159723738440777,117.0,0.84068517853051,485.0
2003-03-10 00:00:00-05:00,26.5189231974684,26.564575471968173,25.765642164367637,25.92542839050293,665300,WHR,24.48734474182129,0,0.9833333695055333,1.0,0.9775357639280492,2.0,0.8822724517475425,25.0,0.7909976541369763,116.0,0.8130897745783,485.0
2003-03-11 00:00:00-05:00,25.925427244227265,26.170814467470585,24.424570962351048,24.48734474182129,3673600,WHR,26.073802947998047,1,0.9714738238083642,0.0,0.9375546015632419,2.0,0.8355281679374335,24.0,0.7488691440538496,116.0,0.7679920811072483,485.0
2003-03-12 00:00:00-05:00,25.109375447458827,26.125163121217547,24.84116096765431,26.073802947998047,2552900,WHR,27.574657440185547,1,1.0313770212636253,1.0,1.003911103335167,2.0,0.891393157107977,24.0,0.7990706783265337,117.0,0.817721034060154,485.0
2003-03-13 00:00:00-05:00,26.621643621368477,27.64313694061619,26.507509669368016,27.574657440185547,1490900,WHR,27.454818725585938,0,1.0279757234658327,2.0,1.053549635223576,3.0,0.9435340857324231,25.0,0.8467141574178662,117.0,0.8647328676103575,485.0
2003-03-14 00:00:00-05:00,27.63172428926482,28.093965831336128,27.24937804022091,27.454818725585938,1118600,WHR,28.45918083190918,1,0.9978222813853687,1.0,1.0437820424465103,2.0,0.9410967375986032,24.0,0.8446970902487987,116.0,0.8609065900000424,485.0
2003-03-17 00:00:00-05:00,27.392033470813896,28.59043406439271,27.19230076419184,28.45918083190918,794700,WHR,28.44207191467285,0,1.0179626232119288,1.0,1.0615151919935235,3.0,0.9764872877131978,25.0,0.8772397192158989,116.0,0.8923299854485507,485.0
2003-03-18 00:00:00-05:00,28.459191245240707,28.579033089987785,28.076845016398405,28.44207191467285,653000,WHR,28.881481170654297,1,0.9996993226614442,1.0,1.0304760115940874,3.0,0.9766270108780521,25.0,0.8783591801244253,116.0,0.8917271011271258,484.0
2003-03-19 00:00:00-05:00,28.504840725371064,28.8814811706543,28.35076024635652,28.881481170654297,808700,WHR,29.366567611694336,1,1.0076654225415402,1.0,1.0255318467634613,3.0,0.9921015497177701,26.0,0.8933318439535226,117.0,0.9054412129341892,484.0
2003-03-20 00:00:00-05:00,28.88150080049717,29.50352885621449,28.36789885470301,29.366567611694336,889800,WHR,30.410877227783203,1,1.008327943187464,2.0,1.0296535457489429,3.0,1.0092738174464702,26.0,0.9098012604586905,117.0,0.9205966197434001,484.0
2003-03-21 00:00:00-05:00,29.87444828523664,30.490770344266952,29.67471549402727,30.410877227783203,851400,WHR,29.195369720458984,0,1.017469960766861,2.0,1.0446152748483253,4.0,1.04466360071799,27.0,0.9434229952943264,118.0,0.9532547147777386,484.0
2003-03-24 00:00:00-05:00,29.9885977543338,29.9885977543338,29.02416978558875,29.195369720458984,757000,WHR,29.617658615112305,1,0.9796077161445901,1.0,0.9978159468474056,3.0,1.00318132901892,26.0,0.9071416843346706,117.0,0.9150871117960733,484.0
2003-03-25 00:00:00-05:00,29.075523789416643,30.005712879172894,28.95568407823097,29.617658615112305,580600,WHR,28.961374282836918,0,1.0071801930049216,1.0,1.004179362324131,4.0,1.0176657496182864,27.0,0.9216631961672328,118.0,0.9282830895859628,484.0
2003-03-26 00:00:00-05:00,29.589107632976237,29.589107632976237,28.69315987365123,28.961374282836918,717200,WHR,28.852954864501957,0,0.9887966000835368,1.0,0.9813965321953382,3.0,0.9954646095339699,27.0,0.9027167166868519,117.0,0.9076737891200108,484.0
2003-03-27 00:00:00-05:00,28.64751417859339,29.16111371644065,28.499139382359804,28.852954864501957,625600,WHR,28.293701171875,0,0.9981246964215627,0.0,0.9811378285815214,2.0,0.9920733269964231,27.0,0.9007592340378134,117.0,0.904221687084923,484.0
2003-03-28 00:00:00-05:00,28.81871432858099,28.824420046839027,28.236633104673803,28.293701171875,664900,WHR,27.979829788208008,0,0.9902137109777525,0.0,0.9761763209056149,1.0,0.9735706461896193,26.0,0.884735908156945,117.0,0.8866883716713652,483.0
2003-03-31 00:00:00-05:00,28.151031797857478,28.504845075746672,27.711617515143537,27.979829788208008,739500,WHR,28.35647773742676,1,0.9944223975586385,0.0,0.9735127097739129,1.0,0.9642942445349798,25.0,0.8763436799631767,117.0,0.8768395893944219,483.0
2003-04-01 00:00:00-05:00,28.122504063311165,28.533385511289595,27.626023764953604,28.35647773742676,604600,WHR,29.64619445800781,1,1.0066857052895661,1.0,0.9953529275524041,1.0,0.9782995595788063,26.0,0.8895640236611579,117.0,0.8886272069855379,483.0
2003-04-02 00:00:00-05:00,28.81872566202987,29.7831535193038,28.81872566202987,29.64619445800781,656400,WHR,29.27524757385254,0,1.022235470742373,2.0,1.0356448283536044,2.0,1.0236660028551934,26.0,0.9314561429831377,117.0,0.9289794397018871,484.0
2003-04-03 00:00:00-05:00,29.64618238625971,29.84020945819322,29.218181684370272,29.27524757385254,373400,WHR,29.035552978515625,0,0.9937043821168753,1.0,1.0196778724669109,2.0,1.0116380724849712,26.0,0.921341075290133,116.0,0.9172857630843918,484.0
2003-04-04 00:00:00-05:00,29.41789902650168,29.60622028136502,28.830112401182163,29.035552978515625,771300,WHR,29.457860946655277,1,0.9958893619523943,0.0,1.0061296147570442,2.0,1.0043021833054722,25.0,0.9153779901442682,115.0,0.9096990556127083,484.0
2003-04-07 00:00:00-04:00,29.8173821447334,30.55924959046156,29.45215522849333,29.457860946655277,910200,WHR,29.50350570678711,1,1.007219752443923,1.0,1.010413371410871,3.0,1.0200503023452072,25.0,0.9302648902245746,115.0,0.9228518194254409,484.0
2003-04-08 00:00:00-04:00,29.457851268794,29.7317713659824,29.11545169153936,29.50350570678711,588700,WHR,29.18393898010254,0,1.0007741469155578,2.0,1.004078230000197,3.0,1.02263205401349,26.0,0.9331595180317931,116.0,0.9242489674832176,484.0
2003-04-09 00:00:00-04:00,29.509219318603957,30.04564822393359,29.14970031937018,29.18393898010254,613800,WHR,29.526342391967773,1,0.9945547684280764,1.0,0.996337392141783,2.0,1.0134258220618817,25.0,0.9245934160435271,115.0,0.9142918513312798,483.0
2003-04-10 00:00:00-04:00,29.18394052801522,29.54346172324196,28.852954454144285,29.526342391967773,611500,WHR,29.64619445800781,1,1.0058320860309848,1.0,1.0063017421740952,3.0,1.0267988442909526,26.0,0.9369029846360845,116.0,0.9251311960306118,483.0
2003-04-11 00:00:00-04:00,29.572007029932887,30.07990105467848,29.503527499284893,29.64619445800781,417500,WHR,30.690509796142575,1,1.0020254677663034,2.0,1.0061983653244222,4.0,1.0323712265734128,27.0,0.9422766810648296,116.0,0.9289815955559703,484.0
2003-04-14 00:00:00-04:00,29.78885591552608,30.69621769251541,29.703254885330537,30.690509796142575,528200,WHR,30.970134735107425,1,1.0173081269692144,2.0,1.0329992691624024,4.0,1.0697751294444968,27.0,0.976847394758332,117.0,0.9618286653009398,484.0
2003-04-15 00:00:00-04:00,30.690506618753236,30.99296196438621,30.33098755377208,30.970134735107425,604900,WHR,29.703248977661133,0,1.0045349013311584,2.0,1.0322200113064897,4.0,1.0799150304500116,28.0,0.9870235462838717,118.0,0.9706877051219098,485.0
2003-04-16 00:00:00-04:00,29.9486362266971,30.64485141483861,29.61765014141494,29.703248977661133,1667800,WHR,30.63342666625977,1,0.9791195796258241,1.0,0.9865800891799756,4.0,1.0366682903838444,28.0,0.9481176516805494,117.0,0.9311060216277077,485.0
2003-04-17 00:00:00-04:00,29.70323818075004,30.913052477382585,29.674705245706157,30.63342666625977,1121700,WHR,31.232627868652344,1,1.015416455724013,1.0,1.0100473713089921,4.0,1.0689453262019144,29.0,0.9792526208178042,117.0,0.9603866838642245,485.0
2003-04-21 00:00:00-04:00,30.639133224957774,31.352467505285823,29.669000345250407,31.232627868652344,2246800,WHR,31.41526222229004,1,1.0096854600943468,2.0,1.0191424152842472,4.0,1.0892411697296718,30.0,0.9998256104574839,117.0,0.9792876383581597,485.0
2003-04-22 00:00:00-04:00,30.901662504068828,31.500863263789363,30.462248033093797,31.41526222229004,1076800,WHR,30.77038955688477,0,1.0029152514693245,2.0,1.0202761632606883,4.0,1.0943883969552335,31.0,1.0069915723077842,118.0,0.9851365995983031,485.0
2003-04-23 00:00:00-04:00,31.21551167275315,31.21551167275315,30.502177320893725,30.77038955688477,1229000,WHR,30.393754959106445,0,0.9896298800936388,1.0,1.0006308251496139,3.0,1.0707705475749434,31.0,0.9877229371283347,117.0,0.96506470541315,484.0
2003-04-24 00:00:00-04:00,30.770395482340952,30.913062380186204,30.13124838953296,30.393754959106445,706900,WHR,29.80597305297852,0,0.9938422322300307,0.0,0.9839640060818607,3.0,1.0569423357324348,30.0,0.9770483926228108,117.0,0.9533741335789787,484.0
2003-04-25 00:00:00-04:00,30.39376007441047,30.95872204280802,29.73178564407441,29.80597305297852,749300,WHR,30.445112228393555,1,0.9902361368474966,0.0,0.9701327828363913,2.0,1.03632504168415,29.0,0.9595153926515156,117.0,0.9351242857854565,483.0
2003-04-28 00:00:00-04:00,29.80596519648777,30.53071322971371,29.7888458669933,30.445112228393555,653800,WHR,30.496479034423828,1,1.0106079280137488,1.0,0.9960418181627803,2.0,1.057540681301988,30.0,0.9815212826264301,117.0,0.9553283223037184,484.0
2003-04-29 00:00:00-04:00,30.873119603783174,30.901654728386024,30.028531726338716,30.496479034423828,853300,WHR,30.5250301361084,1,1.000842885867695,2.0,1.0037566975233223,2.0,1.0586861937005259,30.0,0.9846938035071224,117.0,0.9570888199335356,485.0
2003-04-30 00:00:00-04:00,30.353828006579988,30.753296013937103,30.079907647030243,30.5250301361084,1228700,WHR,30.074180603027344,0,1.0004678858663554,2.0,1.0063217798361648,3.0,1.0587402385708535,31.0,0.9872264475385482,117.0,0.9581582392651027,485.0
2003-05-01 00:00:00-04:00,30.38234160538524,30.38234160538524,29.76601960066944,30.074180603027344,835200,WHR,30.64483642578125,1,0.992560141830529,1.0,0.9935520790618715,3.0,1.0421216590282736,31.0,0.974234572651647,117.0,0.9441762192207597,485.0
2003-05-02 00:00:00-04:00,30.09128841239332,30.9529973101574,30.045636157443035,30.64483642578125,657500,WHR,30.251087188720703,0,1.0093983046939503,1.0,1.006824189929492,4.0,1.061211352709776,31.0,0.9941027805391215,118.0,0.9622644383516118,485.0
2003-05-05 00:00:00-04:00,30.559248201639864,30.70762299019681,30.136955415275715,30.251087188720703,489500,WHR,30.64483642578125,1,0.9935340624841631,1.0,0.9951564600963974,3.0,1.0470500277846773,31.0,0.982858559173815,117.0,0.9500855290484003,484.0
2003-05-06 00:00:00-04:00,30.25107457010401,31.03859610453536,30.171181491248664,30.64483642578125,812200,WHR,30.399459838867188,0,1.006465937515837,1.0,1.0071264069786057,3.0,1.059472826095916,32.0,0.9972515516536906,117.0,0.9626255181974858,485.0
2003-05-07 00:00:00-04:00,30.59348688776874,30.604900499695173,30.18831346053793,30.399459838867188,712300,WHR,30.199722290039062,0,0.9959803519422966,1.0,0.9998875021854012,2.0,1.0501980564562128,31.0,0.9908581216638781,117.0,0.9551431288583183,484.0
2003-05-08 00:00:00-04:00,30.31956411646521,30.622017187187684,29.9885759299266,30.199722290039062,690600,WHR,30.456527709960938,1,0.9967039563602815,0.0,0.9924981520124091,2.0,1.0425645562702162,31.0,0.9858428495475379,117.0,0.9490558367361394,484.0
2003-05-09 00:00:00-04:00,30.302447204280647,30.644849053655967,30.24538131784677,30.456527709960938,822400,WHR,31.40384101867676,1,1.0042337833268933,1.0,1.0021783582638295,2.0,1.0501361993069274,32.0,0.9955976120494515,118.0,0.9572802345030039,485.0
2003-05-12 00:00:00-04:00,30.46224067427292,31.49514775832061,30.416586215988804,31.40384101867676,1137400,WHR,31.12247085571289,0,1.015313735242533,2.0,1.0255695991442368,3.0,1.0806595209813383,33.0,1.0279676160546598,118.0,0.9871517921711209,486.0
2003-05-13 00:00:00-04:00,31.51293744947316,31.51293744947316,30.961689076221376,31.12247085571289,813200,WHR,30.628637313842773,0,0.9954999718593811,1.0,1.0132198583054097,2.0,1.0694151349143737,32.0,1.0202065391364583,117.0,0.9784125017876092,485.0
2003-05-14 00:00:00-04:00,31.151173031921232,31.23730618376835,30.43340406805208,30.628637313842773,554000,WHR,30.73773956298828,1,0.9920028391957898,0.0,0.9956569312082338,2.0,1.0516024946634286,31.0,1.0054807372847356,117.0,0.9629993318955246,485.0
2003-05-15 00:00:00-04:00,30.72051380759388,31.007621413272325,30.55399087059065,30.73773956298828,423300,WHR,30.301353454589844,0,1.0017778831780224,1.0,0.9957206219676122,3.0,1.0542220048015076,32.0,1.010543407190511,117.0,0.9665721700314616,485.0
2003-05-16 00:00:00-04:00,30.433422762212363,30.640140701259224,29.98553535458309,30.301353454589844,725600,WHR,29.600793838500977,0,0.9928507111291321,1.0,0.9825721221493469,2.0,1.0382478751222846,32.0,0.9977374208309246,116.0,0.9529759278052307,485.0
2003-05-19 00:00:00-04:00,30.15778329693118,30.15778329693118,29.31942961034557,29.600793838500977,735000,WHR,29.813257217407227,1,0.9883049331660658,0.0,0.97121204023642,1.0,1.0138604164517688,31.0,0.9761467556464228,116.0,0.9310987205384408,484.0
2003-05-20 00:00:00-04:00,29.830485165856416,30.077397919205414,29.37111336559928,29.813257217407227,823400,WHR,29.39409065246582,0,1.0035759786638068,1.0,0.9866595741605281,2.0,1.0201001049144098,32.0,0.9846356228861471,116.0,0.9378954719620435,485.0
2003-05-21 00:00:00-04:00,29.57209824600677,29.76733160359874,29.34241116985447,29.39409065246582,798200,WHR,30.03721046447754,1,0.9929203624208492,1.0,0.9808019048941127,2.0,1.0050224288836944,31.0,0.9723694666771041,115.0,0.9248142235784745,485.0
2003-05-22 00:00:00-04:00,29.60080550328281,30.146310609547182,29.35389268876797,30.03721046447754,616500,WHR,29.97977828979492,0,1.0108212305624311,1.0,1.0069686198603844,2.0,1.0257622304018144,32.0,0.9951367872575269,116.0,0.945156360385651,485.0
2003-05-23 00:00:00-04:00,29.951067964799343,30.203721891400782,29.796029581274347,29.97977828979492,428400,WHR,30.69755172729492,1,0.9990430680399883,1.0,1.0072149171513585,2.0,1.0226601112462783,31.0,0.9946427874183186,116.0,0.943471226314959,484.0
2003-05-27 00:00:00-04:00,29.951072219091923,30.80665404441552,29.750097725118778,30.69755172729492,686700,WHR,31.27176856994629,1,1.0118293510491947,1.0,1.0237848543948112,3.0,1.0456070167726634,31.0,1.0197450433510509,117.0,0.9661797671554929,484.0
2003-05-28 00:00:00-04:00,30.203727629720557,31.421065793019675,30.203727629720557,31.27176856994629,970100,WHR,31.8057918548584,1,1.0092661471821394,2.0,1.0328869731846868,3.0,1.063044804640742,32.0,1.0399985001360237,118.0,0.984376480010769,484.0
2003-05-29 00:00:00-04:00,31.524427524905157,33.02312793543344,31.524427524905157,31.8057918548584,1330000,WHR,32.672847747802734,1,1.008466137265228,2.0,1.0340515432005712,4.0,1.0779589559821454,33.0,1.058908105699919,118.0,1.0012883586469805,485.0
2003-05-30 00:00:00-04:00,32.173278916221655,32.99440687751125,32.06417881013588,32.672847747802734,869900,WHR,32.76473617553711,1,1.0134471803109901,2.0,1.0443431620861554,4.0,1.103686453650075,33.0,1.0887311504050243,119.0,1.0286873832616272,485.0
2003-06-02 00:00:00-04:00,32.81641565651028,33.1724286418487,32.69008754958514,32.76473617553711,423900,WHR,33.64902114868164,1,1.001404214859797,2.0,1.0289611627458484,5.0,1.102943955040365,34.0,1.0925934047074455,120.0,1.0316764875367181,486.0
2003-06-03 00:00:00-04:00,33.18964927244059,33.79257499691059,32.8393775322887,33.64902114868164,1092300,WHR,33.44229507446289,0,1.0133147861041445,2.0,1.0374986682659002,5.0,1.1283780250827098,34.0,1.122937204436322,120.0,1.0595535574401183,487.0
2003-06-04 00:00:00-04:00,33.64326952346427,33.66049527896233,33.1666698437507,33.44229507446289,658300,WHR,33.419342041015625,0,0.9969187357491812,1.0,1.0175056364297577,4.0,1.116754076591823,34.0,1.1167532338039943,120.0,1.0530374553939261,487.0
2003-06-05 00:00:00-04:00,33.44231118638398,33.66051149600852,32.95997008593994,33.419342041015625,867500,WHR,34.28065490722656,1,0.9996567084738349,0.0,1.0069206398479384,3.0,1.110467271300148,34.0,1.1167422724041682,119.0,1.052282898402962,487.0
2003-06-06 00:00:00-04:00,33.99354724835609,34.86635479417725,32.54652438479396,34.28065490722656,1301300,WHR,33.90742492675781,0,1.0127224949045335,1.0,1.0229608253727882,3.0,1.1339334970272903,34.0,1.1461490642853291,120.0,1.0793790629407485,487.0
2003-06-09 00:00:00-04:00,34.223243014503026,34.30937621591458,33.66625546753873,33.90742492675781,855500,WHR,34.452919006347656,1,0.9945264629627724,1.0,1.0049697261822834,2.0,1.1176856990096957,33.0,1.134222836162397,120.0,1.0676104697520479,487.0
2003-06-10 00:00:00-04:00,33.99354719102121,34.56776250779367,33.84999336182809,34.452919006347656,489000,WHR,35.63581466674805,1,1.0079796860022185,1.0,1.0162944904092688,2.0,1.1313172552503932,34.0,1.1531014118428298,120.0,1.0847913667467524,487.0
2003-06-11 00:00:00-04:00,34.45292994990305,35.68749414929123,34.2806657382452,35.63581466674805,866900,WHR,36.669395446777344,1,1.0168771155991716,2.0,1.037758083545607,3.0,1.1655815998593149,34.0,1.1930196194317482,121.0,1.121992032926769,488.0
2003-06-12 00:00:00-04:00,35.72193916957787,36.71533153930367,35.72193916957787,36.669395446777344,1437100,WHR,36.30189895629883,0,1.0142946929883268,2.0,1.04801915017344,4.0,1.1940328677394412,35.0,1.2277040526718368,122.0,1.154434613653122,489.0
2003-06-13 00:00:00-04:00,36.8072069404584,36.83591946335257,35.91717349218815,36.30189895629883,747900,WHR,37.341217041015625,1,0.9949638211370001,1.0,1.025665972479636,3.0,1.1773252306558297,34.0,1.2157226458186343,121.0,1.1428030468116777,488.0
2003-06-16 00:00:00-04:00,36.63493254571868,37.341217041015625,36.301888839449134,37.341217041015625,446500,WHR,37.4273681640625,1,1.014112902077021,1.0,1.034948983216801,4.0,1.205834134951102,34.0,1.2507763983403217,121.0,1.1754541581086533,488.0
2003-06-17 00:00:00-04:00,37.38142987055738,37.70299354417642,37.2551017538767,37.4273681640625,566700,WHR,36.7210807800293,0,1.001152236902846,2.0,1.020510605619149,4.0,1.204069213129296,34.0,1.2538659908505982,122.0,1.178093152030474,489.0
2003-06-18 00:00:00-04:00,37.37568389335589,37.410139801550585,36.491393709369454,36.7210807800293,769000,WHR,36.10665130615234,0,0.990474684311121,1.0,0.9953618560467392,3.0,1.1765996246349337,34.0,1.230492400059681,122.0,1.1557622375893657,489.0
2003-06-19 00:00:00-04:00,36.63492822288495,36.96223289228661,35.83102828127571,36.10665130615234,667300,WHR,36.18130874633789,1,0.9915632485555108,0.0,0.9817020535301598,2.0,1.1529171743998952,33.0,1.210138319281591,122.0,1.1363538600634377,488.0
2003-06-20 00:00:00-04:00,36.462675235579205,36.5488084154684,35.98607543698577,36.18130874633789,769300,WHR,36.1181526184082,0,1.0010327783510744,1.0,0.9843774110711342,3.0,1.150879013173835,34.0,1.2128347490384466,123.0,1.138677665340536,488.0
2003-06-23 00:00:00-04:00,36.187057858960166,36.34783748373413,35.9229192781292,36.1181526184082,607600,WHR,36.399513244628906,1,0.9991264647517764,1.0,0.9892426762411399,2.0,1.144462086923901,34.0,1.2108328294446378,123.0,1.136703875153793,487.0
2003-06-24 00:00:00-04:00,36.08943640812306,36.57752080420623,36.03201574526993,36.399513244628906,625600,WHR,36.238731384277344,0,1.0038798908220805,1.0,1.0025938856940626,2.0,1.1484611636655329,35.0,1.2201712776278553,124.0,1.1456390475173504,487.0
2003-06-25 00:00:00-04:00,36.40525436284417,36.70958779987767,36.19853648468642,36.238731384277344,651400,WHR,36.68661117553711,1,0.997786539843123,1.0,1.0008246576905724,2.0,1.1384439619901907,35.0,1.2147498315221321,123.0,1.1406244459693013,487.0
2003-06-26 00:00:00-04:00,36.26743431499259,36.78422671449829,36.26743431499259,36.68661117553711,473200,WHR,36.433963775634766,0,1.0061416206703782,1.0,1.0099586813962318,3.0,1.1475092557415199,35.0,1.2297466185257762,123.0,1.1547517317925071,488.0
2003-06-27 00:00:00-04:00,36.60622793961199,36.738297205009786,36.3363460287578,36.433963775634766,577000,WHR,36.57752227783203,1,0.9965447837346594,1.0,1.0016101361054544,2.0,1.1355884471712632,34.0,1.221256965840314,123.0,1.1468301866195685,488.0
2003-06-30 00:00:00-04:00,36.54881194524879,36.922052840204834,36.20428138287598,36.57752227783203,512200,WHR,36.388031005859375,0,1.0019662454492726,1.0,1.0030233661903758,3.0,1.1357546359421047,35.0,1.2257981840978462,124.0,1.1513758850435014,488.0
2003-07-01 00:00:00-04:00,36.520100291251424,36.54881281497589,35.77362067403383,36.388031005859375,953000,WHR,36.40524673461914,1,0.9974030036990755,1.0,0.9978900047385345,2.0,1.125587971939573,35.0,1.219175706173531,124.0,1.145448274519257,487.0
2003-07-02 00:00:00-04:00,36.33059814082427,36.45692619332985,36.11239573843936,36.40524673461914,398200,WHR,36.1181526184082,0,1.000236501628916,1.0,0.9974511601084461,3.0,1.1221014567905225,35.0,1.2197904034690517,124.0,1.1460349779810224,487.0
2003-07-03 00:00:00-04:00,36.261706480658695,36.2731888620356,35.74491170037367,36.1181526184082,342400,WHR,36.703834533691406,1,0.9960413588059568,1.0,0.992677374865226,2.0,1.109482469490668,34.0,1.2102597585534443,123.0,1.1370543095532621,486.0
2003-07-07 00:00:00-04:00,36.20426792300429,36.7440316129132,35.97458315727163,36.703834533691406,755600,WHR,36.749778747558594,1,1.0080426522014556,1.0,1.0072801207920832,3.0,1.1231494554974724,35.0,1.2297586455819571,124.0,1.1555018320069033,487.0
2003-07-08 00:00:00-04:00,36.58899916648443,36.83591191768119,36.43396077453826,36.749778747558594,445800,WHR,36.5430793762207,0,1.0006254860968005,2.0,1.0075883517478657,3.0,1.1204277165405339,35.0,1.231092833362607,125.0,1.1570153557596399,487.0
2003-07-09 00:00:00-04:00,36.74979733671309,36.81870478384963,36.43397920394244,36.5430793762207,444400,WHR,36.669395446777344,1,0.9971798156514948,1.0,1.0010700458697677,3.0,1.1102350021232072,34.0,1.2239883981718567,125.0,1.1505405893930358,487.0
2003-07-10 00:00:00-04:00,36.39951351038981,36.77849777363591,36.3765443688977,36.669395446777344,678200,WHR,36.78423309326172,1,1.0017253353456774,1.0,1.0030786927199282,3.0,1.1107100457847765,34.0,1.2279966042146322,126.0,1.154543614211838,488.0
2003-07-11 00:00:00-04:00,36.66939177820621,36.933530307566166,36.57751741188719,36.78423309326172,899100,WHR,37.85226058959961,1,1.0015634033167167,2.0,1.0025666036762722,4.0,1.1109277366588135,34.0,1.231583472339712,127.0,1.1582216727035888,488.0
2003-07-14 00:00:00-04:00,37.0655886596436,38.397767595559415,37.03687615057221,37.85226058959961,925700,WHR,37.1689567565918,0,1.014309722277095,2.0,1.025257786219856,4.0,1.138513451538318,35.0,1.266265823996418,128.0,1.1918758821410966,488.0
2003-07-15 00:00:00-04:00,37.99008477680684,38.35183882368896,37.1000493463174,37.1689567565918,1239900,WHR,36.92204284667969,0,0.9908918589010006,1.0,1.0044690724930294,3.0,1.1143104123027974,34.0,1.2424004240347886,128.0,1.1704332006552298,487.0
2003-07-16 00:00:00-04:00,37.26657112534259,37.68574581042611,36.80719716651555,36.92204284667969,523900,WHR,36.81293487548828,0,0.9966674236920242,0.0,0.9957568085155677,3.0,1.103770264060415,33.0,1.2331910307334495,127.0,1.1627741033930366,486.0
2003-07-17 00:00:00-04:00,36.8359040079832,37.2435962527112,36.57750674355803,36.81293487548828,511100,WHR,36.749778747558594,0,0.99852026847282,0.0,0.9920461874600495,2.0,1.0975568025087916,32.0,1.2284348364327258,127.0,1.1594327560859081,486.0
2003-07-18 00:00:00-04:00,36.87036343336422,37.07708128929244,36.50286599636184,36.749778747558594,558800,WHR,36.709598541259766,0,0.999141465494961,0.0,0.9905281752281003,1.0,1.0924280143527392,32.0,1.2249890644327754,127.0,1.1575298431661745,486.0
2003-07-21 00:00:00-04:00,36.784244982080345,36.97948053787407,36.45694449983808,36.709598541259766,510300,WHR,37.243614196777344,1,0.9994530282207423,0.0,0.9955776501655214,0.0,1.0878296947881319,32.0,1.2223770565486127,126.0,1.1563435322787434,486.0
2003-07-22 00:00:00-04:00,37.03689628564001,37.32400400878451,36.698109084711184,37.243614196777344,376300,WHR,37.86951446533203,1,1.0072209933246472,1.0,1.009651493040014,1.0,1.0996150883348428,33.0,1.2391165569240747,126.0,1.1732135378157251,487.0
2003-07-23 00:00:00-04:00,36.97948297504325,37.88100122985641,36.96225720917374,37.86951446533203,522600,WHR,36.06644821166992,0,1.0083327679155831,2.0,1.021372398407241,2.0,1.1140247539778532,33.0,1.258745805905929,127.0,1.1929130965320753,488.0
2003-07-24 00:00:00-04:00,37.8694809343695,37.89819343934033,35.91715107146531,36.06644821166992,1097100,WHR,37.2780647277832,1,0.9756131361738127,1.0,0.9766749485568713,2.0,1.058093579421964,32.0,1.1978935124906487,127.0,1.1361637679380132,488.0
2003-07-25 00:00:00-04:00,36.15260300877289,37.32400301368144,36.09518234185813,37.2780647277832,741900,WHR,37.64556121826172,1,1.0165195250135957,1.0,1.0066052909529266,3.0,1.0900399423342648,32.0,1.2372526831531456,127.0,1.174321550499953,489.0
2003-07-28 00:00:00-04:00,37.49626836457062,37.794858452868766,37.08283256468399,37.64556121826172,640700,WHR,37.98435592651367,1,1.004904948016573,2.0,1.0114162638755944,4.0,1.0967389876367915,33.0,1.2485450133274556,127.0,1.1858678698478213,490.0
2003-07-29 00:00:00-04:00,37.86951019879418,38.24275114727855,37.10006353719811,37.98435592651367,1046300,WHR,37.593875885009766,0,1.004479638759929,2.0,1.016472758003626,4.0,1.1026795295440308,33.0,1.2588010889915462,128.0,1.1964831951344816,491.0
2003-07-30 00:00:00-04:00,38.024537354202494,38.11067052422404,37.593875885009766,37.593875885009766,732900,WHR,37.19767379760742,0,0.9948334324296223,1.0,1.0075097077637696,3.0,1.08748050440555,33.0,1.2447725706797803,128.0,1.1841159224836053,491.0
2003-07-31 00:00:00-04:00,37.66853026159298,37.85802239952906,37.12877075175135,37.19767379760742,785600,WHR,37.69150161743164,1,0.9947025821889819,0.0,0.9908835011309783,3.0,1.0726308432738125,32.0,1.2304113354882422,128.0,1.1715688076952813,491.0
2003-08-01 00:00:00-04:00,37.243614269399465,37.846542241545045,36.8703733524006,37.69150161743164,1444300,WHR,38.24848937988281,1,1.006594114798132,1.0,1.0018315570966871,3.0,1.0830751530937195,33.0,1.24529945694332,129.0,1.1870474213668851,491.0
2003-08-04 00:00:00-04:00,37.869505100802186,38.472433042642834,37.26658153987752,38.24848937988281,773400,WHR,37.60536575317383,0,1.007334577672927,2.0,1.0133881158842581,3.0,1.0948599593498265,34.0,1.2623414111471507,129.0,1.2044993986228067,491.0
2003-08-05 00:00:00-04:00,38.19106792124358,38.21403706321846,37.519232565996994,37.60536575317383,634700,WHR,37.92692565917969,1,0.9915215432942615,1.0,0.9983536011443065,2.0,1.0727917525800121,33.0,1.239803977191531,129.0,1.1841993863698708,490.0
2003-08-06 00:00:00-04:00,37.490520766071,38.156608294685405,37.18044395103973,37.92692565917969,634500,WHR,38.4379768371582,1,1.004257250773055,1.0,1.005113013794116,3.0,1.0786197875481098,33.0,1.2491739656798915,129.0,1.1942559236291561,491.0
2003-08-07 00:00:00-04:00,37.92692552737769,38.58153067430813,37.76040255057392,38.4379768371582,701800,WHR,38.725093841552734,1,1.0066922258953062,2.0,1.0120036955770884,4.0,1.0893763969250974,34.0,1.264588816316836,130.0,1.2102731532511566,491.0
2003-08-08 00:00:00-04:00,38.43798609807958,38.79399689619974,38.27720646268125,38.725093841552734,413200,WHR,38.79399871826172,1,1.0037209121133868,2.0,1.0140440119760779,4.0,1.093332302945797,35.0,1.272507783094335,131.0,1.2192319451211093,491.0
2003-08-11 00:00:00-04:00,38.7250956603785,38.8916186851241,38.00158288618785,38.79399871826172,519300,WHR,39.20743179321289,1,1.0008888762037018,2.0,1.0129544156996402,4.0,1.0911413030190875,35.0,1.2731006101144002,132.0,1.2213334017536583,491.0
2003-08-12 00:00:00-04:00,38.61599055700391,39.2591134638564,38.40352925487637,39.20743179321289,438200,WHR,38.92032241821289,0,1.0053003268304208,2.0,1.015255633897186,5.0,1.0981848771352118,36.0,1.2850920299616306,132.0,1.2342506351905957,492.0
2003-08-13 00:00:00-04:00,39.190204380091984,39.190204380091984,38.501147593907405,38.92032241821289,438200,WHR,39.38542556762695,1,0.9963251295535382,1.0,1.002662693934837,4.0,1.0854208171374984,36.0,1.2742900329192242,131.0,1.2251192594348987,492.0
2003-08-14 00:00:00-04:00,38.81695364376909,39.56917867044131,38.415004683650416,39.38542556762695,419700,WHR,39.28779983520508,0,1.0059395786564502,1.0,1.0097155997648188,4.0,1.0935264384814942,36.0,1.288067568601283,131.0,1.2396662809999888,492.0
2003-08-15 00:00:00-04:00,39.50600439778741,39.50600439778741,38.98920988234764,39.28779983520508,230000,WHR,40.04005432128906,1,0.9987590983854799,1.0,1.0043151457706188,3.0,1.0858445921676239,36.0,1.2836184975121525,130.0,1.2365372195286088,491.0
2003-08-18 00:00:00-04:00,39.59216248891541,40.14341330092649,39.48880350927799,40.04005432128906,631700,WHR,39.97689056396485,0,1.0094828543401662,1.0,1.0170657388032132,3.0,1.1015599277117805,36.0,1.3067022465836657,131.0,1.2601354267588518,491.0
2003-08-19 00:00:00-04:00,40.05153701280833,40.08024954439588,39.70700853834396,39.97689056396485,468100,WHR,40.0457878112793,1,0.9992106202328171,1.0,1.0115072842660493,2.0,1.0948037113389864,36.0,1.3032480047788222,130.0,1.2581611873079097,490.0
2003-08-20 00:00:00-04:00,39.96539799161625,40.08024372036104,39.78164920654119,40.0457878112793,443300,WHR,40.16635894775391,1,1.0008609715234895,1.0,1.0075123846298855,3.0,1.0920310112393328,36.0,1.3042526495887565,130.0,1.260300356841393,491.0
2003-08-21 00:00:00-04:00,40.08023015648861,40.22378398315094,39.91370719185048,40.16635894775391,804300,WHR,39.71271896362305,0,1.001503153092721,2.0,1.0065904357747701,3.0,1.090908905359654,36.0,1.3067525007425158,131.0,1.264046570711386,492.0
2003-08-22 00:00:00-04:00,40.18931417366675,40.19505755140133,39.70123220815388,39.71271896362305,524300,WHR,39.53471755981445,0,0.9943209161148034,1.0,0.9931069155290505,3.0,1.0747414655881125,35.0,1.2906509975215825,131.0,1.249708791451947,492.0
2003-08-25 00:00:00-04:00,39.695497122660136,39.78737366195168,39.356712241080245,39.53471755981445,596000,WHR,39.43710708618164,0,0.9977538528485278,0.0,0.9911606637774759,2.0,1.0666229950239028,34.0,1.2836286569235829,130.0,1.2440106276661649,492.0
2003-08-26 00:00:00-04:00,39.50601449949793,39.57491753189913,38.713594579563406,39.43710708618164,766600,WHR,40.33156967163086,1,0.9987639835590685,0.0,0.9913967651519362,2.0,1.060806809537243,33.0,1.2791857341732418,130.0,1.240893909859497,491.0
2003-08-27 00:00:00-04:00,39.73141414509693,40.37773649737444,39.500584419089904,40.33156967163086,488000,WHR,40.37773513793945,1,1.0112132057570031,1.0,1.0124276805155044,2.0,1.081626282520892,33.0,1.3066269920368705,131.0,1.2689314212521527,492.0
2003-08-28 00:00:00-04:00,40.33734026745155,40.62587631456821,40.09497104452412,40.37773513793945,774200,WHR,40.152679443359375,0,1.0005719968275966,2.0,1.0125120573693072,2.0,1.079517911287785,34.0,1.3065594605795545,131.0,1.2703025802559227,492.0
2003-08-29 00:00:00-04:00,40.377737219495714,40.377737219495714,39.875682886654936,40.152679443359375,638900,WHR,40.57394409179688,1,0.9972053329695344,1.0,1.0046518070340202,2.0,1.0702897328813425,34.0,1.2976034464889097,131.0,1.2631685398948678,491.0
2003-09-02 00:00:00-04:00,40.27964044614192,40.59702750762084,39.979560443141736,40.57394409179688,764800,WHR,41.45109176635742,1,1.0052184103581894,1.0,1.0099400351261332,3.0,1.0785034229518986,34.0,1.3095336050004538,131.0,1.2763210585931528,492.0
2003-09-03 00:00:00-04:00,40.7066681973037,41.52033760357392,40.59125113075802,41.45109176635742,674600,WHR,40.36619186401367,0,1.0106936579226542,2.0,1.0215313858831943,4.0,1.0981490390638176,35.0,1.3359032226930372,132.0,1.3037252568345012,493.0
2003-09-04 00:00:00-04:00,41.456857787013895,41.456857787013895,40.17576141598832,40.36619186401367,1081800,WHR,40.37196731567383,1,0.9867399667380178,1.0,0.9946251027193673,3.0,1.0666222522753286,34.0,1.2992706463887977,131.0,1.2694213126085077,493.0
2003-09-05 00:00:00-04:00,40.360427809800974,40.8163153392235,40.03726441011637,40.37196731567383,484700,WHR,40.42391586303711,1,1.000071533110475,1.0,0.9947956861160713,3.0,1.0645544405704077,34.0,1.2978001026367874,131.0,1.2694342858404402,493.0
2003-09-08 00:00:00-04:00,40.37197706728593,40.81632519816526,40.37197706728593,40.42391586303711,368200,WHR,39.38516998291016,0,1.0006429603256934,2.0,0.9947460664165153,4.0,1.064168346807322,34.0,1.2977479158826135,132.0,1.270896828958536,494.0
2003-09-09 00:00:00-04:00,40.27963347987002,40.27963347987002,39.33900315924667,39.38516998291016,656000,WHR,38.74462127685547,0,0.9869846162361514,1.0,0.9748884720636843,3.0,1.035422420748415,34.0,1.2628670942148323,132.0,1.2380573020872723,494.0
2003-09-10 00:00:00-04:00,39.38517167387827,39.494816784108906,38.60612520262943,38.74462127685547,958700,WHR,38.53688049316406,0,0.9918014793623985,0.0,0.9720572644457025,2.0,1.017956659375233,33.0,1.2407470184353797,132.0,1.2177860981650073,493.0
2003-09-11 00:00:00-04:00,38.95237317816498,39.15434756595392,38.22526097941337,38.53688049316406,860400,WHR,39.31016159057617,1,0.9973118950986535,0.0,0.975802235175806,2.0,1.0120069030472085,32.0,1.232609941713476,131.0,1.2111406613706397,492.0
2003-09-12 00:00:00-04:00,38.39261446251513,39.38517939492363,38.31759665816767,39.31016159057617,428300,WHR,39.87569046020508,1,1.0099333394913104,1.0,1.0007640436553533,2.0,1.0311453552878644,33.0,1.2557666459966135,131.0,1.2352888137171942,493.0
2003-09-15 00:00:00-04:00,39.41403531496385,40.10074827908642,39.41403531496385,39.87569046020508,522400,WHR,40.36619186401367,1,1.0071417918098076,2.0,1.0180029770811032,2.0,1.0442590600515662,34.0,1.2719879616155039,132.0,1.2528281475662022,494.0
2003-09-16 00:00:00-04:00,39.81797512697298,40.389275276470535,39.81220317318108,40.36619186401367,594500,WHR,40.18730545043945,0,1.006112785363468,2.0,1.0253890342617522,3.0,1.0551769070586616,34.0,1.2856765093748277,133.0,1.2679990093082019,494.0
2003-09-17 00:00:00-04:00,40.33157349252252,40.389279828813486,40.01418203885529,40.18730545043945,651900,WHR,40.39505386352539,1,0.9977792843323002,1.0,1.013417127185133,3.0,1.048641761312452,34.0,1.277910016408382,133.0,1.26213383179467,494.0
2003-09-18 00:00:00-04:00,40.18730752001034,40.42967678654074,40.10074580976049,40.39505386352539,615600,WHR,40.05457305908203,0,1.0025780879941293,1.0,1.0091981491396211,4.0,1.0522343024721312,34.0,1.2824140464371163,133.0,1.2683404148005668,495.0
2003-09-19 00:00:00-04:00,40.3892715016485,40.3892715016485,39.82951090933979,40.05457305908203,412300,WHR,39.65065002441406,0,0.9957677764650058,1.0,0.9969835076796493,3.0,1.04163965378589,34.0,1.2694624360758773,133.0,1.2573713969136777,494.0
2003-09-22 00:00:00-04:00,39.76029520573216,40.08922634697279,39.55254875834717,39.65065002441406,349500,WHR,39.85835647583008,1,0.9949322890139228,0.0,0.98803648648903,2.0,1.02981243991389,33.0,1.254516443496514,133.0,1.2444331872774954,493.0
2003-09-23 00:00:00-04:00,39.65061023690858,40.00839640454211,39.65061023690858,39.85835647583008,536500,WHR,39.57560729980469,0,1.002612363813342,1.0,0.9957323316228696,2.0,1.0336747916828715,34.0,1.2590752577660473,133.0,1.2506983144461152,493.0
2003-09-24 00:00:00-04:00,39.87568286693443,39.99109993330042,39.442878774161535,39.57560729980469,592200,WHR,39.38516998291016,0,0.9964404498707375,1.0,0.9916996490545456,2.0,1.0250137866775662,33.0,1.248329788192977,132.0,1.2416184280237623,492.0
2003-09-25 00:00:00-04:00,39.57560482848906,39.96801402420744,39.27552487738704,39.38516998291016,482600,WHR,39.19475173950195,0,0.9975882036189605,0.0,0.9919480563850305,1.0,1.018763385876864,33.0,1.240285282608491,132.0,1.2354115832422259,492.0
2003-09-26 00:00:00-04:00,39.385186665745564,39.62178843520809,39.12550587738609,39.19475173950195,546400,WHR,39.05047607421875,0,0.9975767570234942,0.0,0.9914462307541301,1.0,1.012620135296026,32.0,1.232213459179467,132.0,1.2291922692261479,492.0
2003-09-29 00:00:00-04:00,39.22359950131879,39.35632364641207,38.808106798448016,39.05047607421875,444700,WHR,39.108184814453125,1,0.9981561090776465,0.0,0.990805129924482,1.0,1.007620425118059,32.0,1.2258332581301343,131.0,1.2244189730476633,492.0
2003-09-30 00:00:00-04:00,38.99277212444848,39.29861971540151,38.40416036108574,39.108184814453125,566500,WHR,39.78912353515625,1,1.0007383537483654,1.0,0.9960610802562258,1.0,1.008067151982192,32.0,1.2255935697087357,132.0,1.2260364871759561,492.0
2003-10-01 00:00:00-04:00,39.1024106609429,39.84683427312829,39.1024106609429,39.78912353515625,479600,WHR,39.99687576293945,1,1.0086306964704772,2.0,1.0123031585568998,2.0,1.024281855568037,32.0,1.244662074095335,133.0,1.2470812928788637,493.0
2003-10-02 00:00:00-04:00,39.81798477643485,40.13537627124477,39.71411159656176,39.99687576293945,496000,WHR,40.14691162109375,1,1.002603868217618,2.0,1.014431243659648,3.0,1.0281064845310843,33.0,1.248758056377862,134.0,1.2532960366622374,493.0
2003-10-03 00:00:00-04:00,40.10651674436615,40.43544771277983,40.031498945503856,40.14691162109375,621100,WHR,40.27964401245117,1,1.0018720834521502,2.0,1.013342245071239,4.0,1.0304279681810031,33.0,1.2508460880324246,135.0,1.257724812413143,493.0
2003-10-06 00:00:00-04:00,40.14691546038959,40.302723027607136,39.91031813199083,40.27964401245117,384500,WHR,40.3084831237793,1,1.0016503552876515,2.0,1.0104228005515559,5.0,1.0322912063381242,33.0,1.2525027664270247,135.0,1.2616031627209663,494.0
2003-10-07 00:00:00-04:00,40.27963216196656,40.389272861191735,39.82951225004092,40.3084831237793,401400,WHR,40.56818389892578,1,1.0003578580661066,2.0,1.0050936179733634,5.0,1.0319476416969084,33.0,1.2506855559976078,136.0,1.2622007108011637,495.0
2003-10-08 00:00:00-04:00,40.38352094154765,40.643201711928334,40.07766892843221,40.56818389892578,680900,WHR,40.71820831298828,1,1.0032110716812004,2.0,1.0076543483462728,5.0,1.037092100205741,34.0,1.25599047280643,136.0,1.2701088077752638,495.0
2003-10-09 00:00:00-04:00,40.68358539386102,40.97212146048415,40.56817272829616,40.71820831298828,582900,WHR,40.6662712097168,0,1.0018456276626397,2.0,1.0077695251843957,5.0,1.039246441436892,35.0,1.258133006894756,136.0,1.2745253032404578,496.0
2003-10-10 00:00:00-04:00,40.71820558492816,40.914412386496025,40.47583636185375,40.6662712097168,421200,WHR,41.49148178100586,1,0.9993618303689342,1.0,1.0039032408659272,4.0,1.0362223447909655,35.0,1.2541124648916782,135.0,1.272653020129894,495.0
2003-10-13 00:00:00-04:00,40.770141709718246,41.49725373433508,40.71243538455732,41.49148178100586,435200,WHR,41.47994995117188,0,1.0100442203109212,1.0,1.0181827376119936,4.0,1.0551248996870404,36.0,1.2773578291324466,135.0,1.2981583985545337,496.0
2003-10-14 00:00:00-04:00,41.49149386119129,41.5780555754902,41.34722580493034,41.47994995117188,304700,WHR,41.52034378051758,1,0.9998610144528879,1.0,1.012080837054289,3.0,1.0527032620627959,36.0,1.2745367610909517,135.0,1.297484003944536,495.0
2003-10-15 00:00:00-04:00,41.59536598561099,42.32824575568454,41.439554023272045,41.52034378051758,1204000,WHR,41.23179244995117,0,1.000486670920422,1.0,1.0083810727317282,3.0,1.05182569346458,36.0,1.273539646395122,135.0,1.2983842226091113,496.0
2003-10-16 00:00:00-04:00,41.52032844862881,41.52032844862881,40.712431174499365,41.23179244995117,1045100,WHR,41.43377685546875,1,0.9965130648740864,1.0,0.9988813551891254,2.0,1.0430351963010047,35.0,1.2625369724767679,134.0,1.289059530762105,495.0
2003-10-17 00:00:00-04:00,41.37606612564797,41.67614607095808,41.27219297576533,41.43377685546875,532800,WHR,41.11060333251953,0,1.00244339217905,1.0,1.0000557038382523,3.0,1.0457782321546973,36.0,1.2666434628318963,134.0,1.295085964620956,495.0
2003-10-20 00:00:00-04:00,41.31834958091119,41.78578084114715,41.00096265893632,41.11060333251953,524100,WHR,40.33736801147461,0,0.9960848512980143,1.0,0.9940832255792386,2.0,1.035951246578989,35.0,1.2545717419281293,134.0,1.2847116039549198,495.0
2003-10-21 00:00:00-04:00,41.02408128209007,41.02408128209007,40.33736801147461,40.33736801147461,598200,WHR,37.97711944580078,0,0.9905063894375076,0.0,0.9808054767651703,2.0,1.015318555258652,34.0,1.2289970015585183,133.0,1.2602964019044438,495.0
2003-10-22 00:00:00-04:00,38.121387493417664,39.5294450470261,37.85593481412797,37.97711944580078,1780400,WHR,38.61766815185547,1,0.9698619164562436,0.0,0.9396060022741252,1.0,0.9559124208205775,33.0,1.155500516097752,133.0,1.1864366268277264,494.0
2003-10-23 00:00:00-04:00,37.97711769770429,38.88312081892632,37.97711769770429,38.61766815185547,1305100,WHR,39.0216064453125,1,1.0083628237135327,1.0,0.9679752056435399,2.0,0.9716182057069949,34.0,1.1732604771845725,134.0,1.2063696166083715,494.0
2003-10-24 00:00:00-04:00,38.61765344281372,39.298598512965256,38.33488942296125,39.0216064453125,507000,WHR,39.35055923461914,1,1.0052027571812445,2.0,0.9900726183723838,2.0,0.9810309431026051,35.0,1.1836375864001702,135.0,1.2189211463403435,494.0
2003-10-27 00:00:00-05:00,39.02739577175577,39.55830560263417,39.02739577175577,39.35055923461914,341000,WHR,40.08342361450195,1,1.0041973165658082,2.0,1.00741650197227,3.0,0.9886138006929585,35.0,1.1916729435287925,135.0,1.2291265322745617,494.0
2003-10-28 00:00:00-05:00,39.517895477371134,40.164213348377785,39.40247842704116,40.08342361450195,506300,WHR,40.7874641418457,1,1.009226081251331,2.0,1.0275146414271685,4.0,1.0062526040626232,35.0,1.2117958452399467,135.0,1.2518459218429008,495.0
2003-10-29 00:00:00-05:00,40.0892072932817,40.85671439229851,39.96225070214069,40.7874641418457,718300,WHR,41.23756790161133,1,1.008705735115273,2.0,1.0307114978269551,5.0,1.0225653772292909,36.0,1.2309158372003752,135.0,1.2736401241262054,495.0
2003-10-30 00:00:00-05:00,40.931720421496046,41.51456442103686,40.527771750157065,41.23756790161133,978800,WHR,40.6662712097168,0,1.0054873951103995,2.0,1.02846767997864,5.0,1.0324215611313576,36.0,1.242336511790303,135.0,1.2875129319903462,495.0
2003-10-31 00:00:00-05:00,41.20294843378766,41.39338328165071,40.60856488080061,40.6662712097168,502600,WHR,40.64319610595703,0,0.9930247873836782,1.0,1.0059669424323223,4.0,1.0171728493224408,35.0,1.2231071549051271,134.0,1.2694968820566588,495.0
2003-11-03 00:00:00-05:00,40.81054757592173,40.96635513611694,40.61434073424493,40.64319610595703,638800,WHR,40.48161697387695,0,0.9997162064330076,0.0,0.999007253437182,3.0,1.0157834432533848,34.0,1.2204613145115717,133.0,1.268628334968517,494.0
2003-11-04 00:00:00-05:00,40.64896844542497,40.72398624878996,40.32003745726828,40.48161697387695,1032500,WHR,40.36619186401367,0,0.9980082649691769,0.0,0.9930916578681024,2.0,1.0110344175768087,33.0,1.213703161189425,132.0,1.2634087411810426,494.0
2003-11-05 00:00:00-05:00,40.45275356004924,40.51045988983604,39.90453682300855,40.36619186401367,1188900,WHR,40.10651397705078,0,0.9985723161638836,0.0,0.9923110895835532,1.0,1.0076656240840034,32.0,1.208142087978222,132.0,1.2596199217364954,494.0
2003-11-06 00:00:00-05:00,40.48161175090354,40.677814166410826,39.86991228489205,40.10651397705078,785000,WHR,40.23345184326172,1,0.9967730936315754,0.0,0.991440780160189,0.0,1.0006893994649617,32.0,1.198292047054654,132.0,1.2513403661843512,494.0
2003-11-07 00:00:00-05:00,40.22190794024071,40.5392992326834,39.85835424384099,40.23345184326172,483300,WHR,38.3926010131836,0,1.0015800089645899,1.0,0.9967115475621078,1.0,1.0035027160593744,32.0,1.1999351114557244,133.0,1.2550998039620074,495.0
2003-11-10 00:00:00-05:00,38.692680930875646,39.090857633187206,38.25987691331645,38.3926010131836,1781500,WHR,39.0216064453125,1,0.9765872663932511,1.0,0.9618330681068019,1.0,0.9579447004002701,32.0,1.1433087530870867,132.0,1.1975591841442923,494.0
2003-11-11 00:00:00-05:00,38.3983676890295,39.25820365298633,38.3983676890295,39.0216064453125,903000,WHR,38.77924728393555,0,1.008125193718041,1.0,0.9847954403168588,2.0,0.9740517303199683,32.0,1.1602403252917308,132.0,1.217000623840596,495.0
2003-11-12 00:00:00-05:00,39.096638732144434,39.096638732144434,38.57727290903497,38.77924728393555,678600,WHR,39.2120475769043,1,0.9968848778675311,1.0,0.9865814977650355,2.0,0.9684845496488194,32.0,1.1514150949323363,131.0,1.209300669857971,494.0
2003-11-13 00:00:00-05:00,38.77924350032605,39.24090294309381,38.606124511321205,39.2120475769043,843000,WHR,38.790809631347656,0,1.0055493410353167,1.0,1.0021533734103572,3.0,0.9796334006688147,32.0,1.1626191549154967,131.0,1.222601649046959,495.0
2003-11-14 00:00:00-05:00,39.21207004170813,39.396733044067496,38.78503767426082,38.790809631347656,748100,WHR,38.37530517578125,0,0.9945997113358037,1.0,0.9987524799440741,2.0,0.9696650063880744,31.0,1.148637093290944,130.0,1.20927789903228,495.0
2003-11-17 00:00:00-05:00,38.67538081289486,38.69269667892136,38.02906270135418,38.37530517578125,819000,WHR,38.35798263549805,0,0.9946154545086929,0.0,0.988142435364737,2.0,0.9598133256576004,31.0,1.1347813013704293,130.0,1.1961366483322835,495.0
2003-11-18 00:00:00-05:00,38.467627741776354,38.577268445344,38.15023633029213,38.35798263549805,746200,WHR,38.49070739746094,1,0.9997742499927045,0.0,0.9910835044931686,1.0,0.9598508998761779,31.0,1.1328770171047544,129.0,1.1953910176895575,495.0
2003-11-19 00:00:00-05:00,38.5022513050055,38.779243448124696,37.9598021208902,38.49070739746094,677300,WHR,38.467506408691406,0,1.001727092054607,1.0,0.9959978883886249,2.0,0.9635524555437786,32.0,1.1355939798975065,129.0,1.1993294362013118,495.0
2003-11-20 00:00:00-05:00,38.3747041101066,38.83292292700911,38.003481639962885,38.467506408691406,458800,WHR,38.48490905761719,1,0.9996985248536566,1.0,0.9992478311155817,1.0,0.9637211712978044,31.0,1.133721903978962,128.0,1.1984188953256931,494.0
2003-11-21 00:00:00-05:00,38.46750890208395,38.71111993008616,38.33410033421505,38.48490905761719,502500,WHR,39.74356842041016,1,1.000226148182878,1.0,1.0012911814315062,2.0,0.9649197772031767,31.0,1.133123492621106,128.0,1.1987247790320807,495.0
2003-11-24 00:00:00-05:00,38.80392466771031,39.86537835342583,38.79812314107427,39.74356842041016,685000,WHR,39.71456527709961,0,1.0160895290739427,2.0,1.0267285483894015,3.0,0.9966481250337555,32.0,1.1688060318811333,129.0,1.2376395140847964,495.0
2003-11-25 00:00:00-05:00,39.76096863455637,39.94657763911566,39.169336890152046,39.71456527709961,351300,WHR,39.45356750488281,0,0.999634988364804,1.0,1.0188381023755193,3.0,0.9962786544582806,31.0,1.166730796094848,128.0,1.2364694813860515,494.0
2003-11-26 00:00:00-05:00,39.5985747433862,39.71458318935075,38.98374546821815,39.45356750488281,284200,WHR,39.627567291259766,1,0.9967032470888817,0.0,1.0071668097229227,2.0,0.9905585494101389,30.0,1.1578423035050271,128.0,1.2280810330144893,494.0
2003-11-28 00:00:00-05:00,39.499960247692506,39.78417311955778,39.499960247692506,39.627567291259766,78100,WHR,39.9059944152832,1,1.0022002692149714,1.0,1.0056523971771918,3.0,0.9952347564260485,31.0,1.1616680374406665,129.0,1.2332281401091292,494.0
2003-12-01 00:00:00-05:00,39.84798797878078,39.981396587358645,39.59277824430323,39.9059944152832,310400,WHR,39.75518035888672,0,1.0035007500990683,2.0,1.0054660370904305,3.0,1.0024228909636206,31.0,1.1683189994428305,130.0,1.2416062737721014,495.0
2003-12-02 00:00:00-05:00,39.9059891082516,40.11479986113552,39.441964229560845,39.75518035888672,356600,WHR,39.45936965942383,0,0.998106806021578,1.0,1.001607537895912,2.0,0.9989141700380306,30.0,1.1624627864195363,129.0,1.2366051730054632,495.0
2003-12-03 00:00:00-05:00,39.84798800271264,40.01039982963927,39.41296628030194,39.45936965942383,562100,WHR,39.064937591552734,0,0.9962657024575092,0.0,0.9954347968385859,2.0,0.9914506331116651,30.0,1.1523721678928764,129.0,1.2271289064275974,494.0
2003-12-04 00:00:00-05:00,39.465158867309874,39.47096039420636,38.91993039601968,39.064937591552734,438700,WHR,38.7749252319336,0,0.9949769430424846,0.0,0.9874206410181645,2.0,0.9814085445916342,30.0,1.1394924084691305,128.0,1.2145706458350158,494.0
2003-12-05 00:00:00-05:00,39.03594085272896,39.03594085272896,38.60091924333867,38.7749252319336,578800,WHR,39.32596206665039,1,0.996274243695974,0.0,0.9843329878304709,1.0,0.974025629304342,30.0,1.129640906883282,128.0,1.205245400919719,494.0
2003-12-08 00:00:00-05:00,38.716929937967855,39.35496085713516,38.600925925489946,39.32596206665039,421000,WHR,39.041725158691406,0,1.007055449096374,1.0,1.0012701647245605,1.0,0.9878611327639908,30.0,1.1442707637272742,128.0,1.2220785301201735,494.0
2003-12-09 00:00:00-05:00,39.32594236986731,39.64495545703543,39.01852348276273,39.041725158691406,517100,WHR,38.51972198486328,0,0.9963730343714027,1.0,0.9976577854065558,1.0,0.9810636918343413,29.0,1.1346899781065427,127.0,1.212989940755882,493.0
2003-12-10 00:00:00-05:00,39.06494615033888,39.07654920667397,38.26450784872403,38.51972198486328,615700,WHR,39.05914306640625,1,0.9932698113166716,0.0,0.9890684951977005,1.0,0.9686955971672421,28.0,1.1183452699036662,126.0,1.1965414141434443,492.0
2003-12-11 00:00:00-05:00,38.57772245414093,39.15194981231281,38.57772245414093,39.05914306640625,388500,WHR,38.86773300170898,0,1.006953196352982,1.0,1.0029490214989825,2.0,0.9827256643979999,29.0,1.1326988781495484,127.0,1.213056075655529,492.0
2003-12-12 00:00:00-05:00,39.00693868134783,39.0301403654991,38.7111227400051,38.86773300170898,402200,WHR,39.041725158691406,1,0.9975437220846635,1.0,0.9975585965418505,2.0,0.9785365074086841,28.0,1.1260620906250285,126.0,1.2068822068550482,491.0
2003-12-15 00:00:00-05:00,39.73196063545117,39.73196063545117,38.98372318150332,39.041725158691406,509200,WHR,40.381614685058594,1,1.0022332610326234,1.0,1.0034882910315417,2.0,0.9833348544648636,29.0,1.1299432373544869,127.0,1.2120741236514412,491.0
2003-12-16 00:00:00-05:00,39.093949784769656,40.60202407982349,38.46171596581515,40.381614685058594,1490000,WHR,40.46862030029297,1,1.0168702239039955,2.0,1.0308272703478776,3.0,1.0167703506144352,30.0,1.1672846482802453,128.0,1.25338899092869,492.0
2003-12-17 00:00:00-05:00,40.38161949283642,40.51502368111644,39.82479219876468,40.46862030029297,651500,WHR,41.6402702331543,1,1.0010761331151374,2.0,1.022870750712811,4.0,1.0187001819001267,30.0,1.1683263036786784,129.0,1.2558054012721573,492.0
2003-12-18 00:00:00-05:00,40.60201809651126,41.70987528584508,40.567217782800256,41.6402702331543,640700,WHR,41.24586486816406,0,1.0142694649172497,2.0,1.0389290878866817,4.0,1.0472864752716295,31.0,1.2005722783362345,129.0,1.2918323032204744,492.0
2003-12-19 00:00:00-05:00,41.733087131488666,41.733087131488666,41.037054062376285,41.24586486816406,543500,WHR,41.675071716308594,1,0.9952416002446233,1.0,1.0170197332768267,4.0,1.036558380682606,31.0,1.187602067848869,129.0,1.2792736622690974,492.0
2003-12-22 00:00:00-05:00,41.18784960960755,41.76207692829632,41.13564471230735,41.675071716308594,190600,WHR,41.84327697753906,1,1.0051760974468407,1.0,1.0144291708025073,4.0,1.0462579194526642,32.0,1.1983034308306895,129.0,1.292262514218014,492.0
2003-12-23 00:00:00-05:00,41.7620733001436,41.92448065493453,41.47205890222593,41.84327697753906,414500,WHR,41.50107192993164,0,1.002013991701956,2.0,1.0113271408696756,4.0,1.0492546164102317,33.0,1.2014444211147735,130.0,1.2971721550544608,492.0
2003-12-24 00:00:00-05:00,41.84328687630254,41.84328687630254,41.33866011145082,41.50107192993164,114000,WHR,41.69827651977539,1,0.9958940821772171,1.0,0.9980751063912471,3.0,1.0396338466593056,32.0,1.189988507194265,130.0,1.2862763884595088,491.0
2003-12-26 00:00:00-05:00,41.55907082534527,41.77948021029873,41.51266745211214,41.69827651977539,58200,WHR,42.15068817138672,1,1.0023702660359528,1.0,1.00253804359789,3.0,1.0437420111880726,32.0,1.1939648298995165,131.0,1.2920236246553332,492.0
2003-12-29 00:00:00-05:00,41.7620699712189,42.342098720819166,41.64606599140612,42.15068817138672,315800,WHR,42.11008071899414,0,1.0053955544147466,2.0,1.0090250879239087,4.0,1.0541190896754784,32.0,1.2051859479370897,131.0,1.3056040573442305,493.0
2003-12-30 00:00:00-05:00,42.16808270116383,42.16808270116383,41.84906958659674,42.11008071899414,242800,WHR,42.139102935791016,1,0.9995180740346031,1.0,1.0059579027918264,3.0,1.052242556080035,31.0,1.202460556770281,130.0,1.303929663173508,492.0
2003-12-31 00:00:00-05:00,42.25510695247118,42.25510695247118,41.66347938697105,42.139102935791016,316900,WHR,41.28644561767578,0,1.0003444806885702,1.0,1.0052304316859253,3.0,1.0521529735248818,31.0,1.2016478328926181,131.0,1.3044211890167585,492.0
2004-01-02 00:00:00-05:00,42.27249269905957,42.42910293597591,41.17044164054877,41.28644561767578,293400,WHR,41.8896713256836,1,0.9897794220967121,1.0,0.9858997941569805,3.0,1.0304439811215285,30.0,1.175970412539333,130.0,1.277666042366126,491.0
2004-01-05 00:00:00-05:00,41.90707147776996,42.02307544185745,41.26904082475362,41.8896713256836,565800,WHR,41.704063415527344,0,1.0072523908325584,1.0,0.999390998263386,3.0,1.0449251356112457,30.0,1.1916216667499064,131.0,1.2959592596852496,491.0
2004-01-06 00:00:00-05:00,41.762065399083646,42.01147791111666,41.44304785162246,41.704063415527344,327700,WHR,41.89549255371094,1,0.9977796432862959,1.0,0.9970877024424206,2.0,1.039868997484794,29.0,1.1848545008606999,130.0,1.2898991911855153,490.0
2004-01-07 00:00:00-05:00,41.70988346872381,42.06369705315926,41.50107269495458,41.89549255371094,480500,WHR,42.21450805664063,1,1.0022898343892404,1.0,1.002693380197169,3.0,1.0441088174400708,30.0,1.188874931499723,130.0,1.2954457406818518,491.0
2004-01-08 00:00:00-05:00,41.90129187937399,42.47552375033111,41.38506644608356,42.21450805664063,623400,WHR,42.52192687988281,1,1.0037928367686926,2.0,1.0099639098081425,3.0,1.0517433833062324,30.0,1.1964318424428542,131.0,1.3049135179157398,492.0
2004-01-09 00:00:00-05:00,42.21451220125489,43.02655373034602,42.21451220125489,42.52192687988281,522300,WHR,42.28411102294922,0,1.003627941433605,2.0,1.0113400625911415,4.0,1.058944325454428,31.0,1.203760417129835,131.0,1.3139993491635942,493.0
2004-01-12 00:00:00-05:00,42.63212750528537,42.759734581371546,41.19945530148637,42.28411102294922,306400,WHR,42.20289611816406,0,0.9971957673909247,1.0,1.0038004595891141,3.0,1.0526881705725204,30.0,1.1956386172286222,131.0,1.3062057988840432,493.0
2004-01-13 00:00:00-05:00,42.19709459117257,42.29569842368544,41.83167804554155,42.20289611816406,409900,WHR,43.53117370605469,1,0.9990387290598481,0.0,0.999505236038114,3.0,1.050243095522404,30.0,1.191965734919289,131.0,1.3032633906559477,492.0
2004-01-14 00:00:00-05:00,42.31891092062229,43.56017249788555,42.31891092062229,43.53117370605469,586000,WHR,43.92558288574219,1,1.0154929958488381,1.0,1.023037115921213,3.0,1.082356481067654,30.0,1.2279317216936538,131.0,1.3437770287497084,493.0
2004-01-15 00:00:00-05:00,43.53696022729344,44.029988246550005,43.29334919383138,43.92558288574219,649300,WHR,44.54621887207031,1,1.0045097622534573,2.0,1.0240701615310492,3.0,1.090890496445249,31.0,1.2373359915362365,132.0,1.3553826131020585,494.0
2004-01-16 00:00:00-05:00,44.11119722068396,44.65642134790522,44.05319079361718,44.54621887207031,741600,WHR,44.40121841430664,0,1.0070150711751875,2.0,1.02882863992261,3.0,1.104380019055225,32.0,1.252940857520188,133.0,1.3739395251480626,494.0
2004-01-20 00:00:00-05:00,44.256211175102855,44.62162782479928,44.15760288923927,44.40121841430664,558100,WHR,46.04269790649414,1,0.9983698186008797,1.0,1.0155484530499548,3.0,1.0978709955435184,32.0,1.2468888887534348,133.0,1.3687862564946984,494.0
2004-01-21 00:00:00-05:00,44.37221607103468,46.40231745990555,44.37221607103468,46.04269790649414,702100,WHR,45.80487060546875,0,1.018149142130967,1.0,1.0349143909608813,4.0,1.1349855452337105,32.0,1.2906978941148768,134.0,1.4187560359202602,494.0
2004-01-22 00:00:00-05:00,45.89767290333639,46.08328192433981,45.665664946033225,45.80487060546875,642700,WHR,45.34084701538086,0,0.9974106304077672,1.0,1.019151624550575,3.0,1.125984955468078,31.0,1.2816868282760134,134.0,1.4107355828444466,494.0
2004-01-23 00:00:00-05:00,45.47425557702892,45.8338705753295,44.91162697292457,45.34084701538086,577000,WHR,45.54386901855469,1,0.994908991862699,0.0,1.0025134548817067,2.0,1.111849482488103,30.0,1.2663746990010096,134.0,1.3957811812370688,493.0
2004-01-26 00:00:00-05:00,45.329261149538944,45.76428284113668,45.30025793332463,45.54386901855469,433300,WHR,44.89422607421875,0,1.0022338409804572,1.0,1.002579285419954,2.0,1.114341133491807,30.0,1.2697289786817119,134.0,1.4013910299135266,493.0
2004-01-27 00:00:00-05:00,45.47425482343277,45.68886262847033,44.82462103121653,44.89422607421875,746100,WHR,43.24116134643555,0,0.9928167113242542,1.0,0.9861379052886796,2.0,1.0966095545208647,29.0,1.249473954169552,133.0,1.3808308881222842,492.0
2004-01-28 00:00:00-05:00,44.89424302063757,44.9522450323996,43.06134935712246,43.24116134643555,849100,WHR,43.57756805419922,1,0.9812440294850759,0.0,0.9616627673864275,1.0,1.0553700972232947,28.0,1.2015353307308383,133.0,1.329460915915221,492.0
2004-01-29 00:00:00-05:00,43.32815545940145,43.768978646193375,42.8061330088998,43.57756805419922,758800,WHR,44.05319213867188,1,1.0038748172207321,1.0,0.978841507164611,2.0,1.0623225905998863,29.0,1.2089851885536629,133.0,1.3392589992742208,493.0
2004-01-30 00:00:00-05:00,43.32815603089078,44.23880120525307,43.0729463301349,44.05319213867188,772600,WHR,43.44416809082031,0,1.0054275928158771,2.0,0.9952823828102803,3.0,1.0724314126371555,30.0,1.2201416737781234,134.0,1.3532801134860095,494.0
2004-02-02 00:00:00-05:00,43.9081885833837,44.14020104230019,42.96274301299077,43.44416809082031,691000,WHR,42.52192687988281,0,0.9930395151778958,1.0,0.9909243538842971,2.0,1.0563356022066166,30.0,1.2012773959570278,134.0,1.3339913969674244,494.0
2004-02-03 00:00:00-05:00,44.08220639058339,44.45342461669299,42.34211929621826,42.52192687988281,1839200,WHR,42.313106536865234,0,0.9892720355478308,0.0,0.9804998118934531,2.0,1.0330090648043613,30.0,1.1740890616447721,133.0,1.3051178729493824,494.0
2004-02-04 00:00:00-05:00,42.19710252683048,42.85833511962112,42.121700362834815,42.313106536865234,876100,WHR,42.35370635986328,1,0.9975385128689493,0.0,0.979878515183376,2.0,1.0270185024202851,30.0,1.1666568659987306,133.0,1.2981766149364709,493.0
2004-02-05 00:00:00-05:00,42.45811173401533,42.80613259803491,42.19710051126976,42.35370635986328,653000,WHR,42.64371109008789,1,1.0004795246402811,1.0,0.9864100740257327,2.0,1.027122963430751,30.0,1.1660168707801932,134.0,1.2988767515240793,494.0
2004-02-06 00:00:00-05:00,42.382699926751954,42.8931236257221,42.12748586463282,42.64371109008789,536000,WHR,42.49291229248047,0,1.0034119240198724,2.0,0.9997277549345828,2.0,1.0323820171594662,31.0,1.1722513804782884,134.0,1.307175735155773,495.0
2004-02-09 00:00:00-05:00,43.19474662869666,43.19474662869666,42.26670140829792,42.49291229248047,572800,WHR,42.64371109008789,1,0.9982287434993775,1.0,1.000655589615633,2.0,1.0272923882638418,30.0,1.166372725559641,134.0,1.301971137202311,494.0
2004-02-10 00:00:00-05:00,42.53930573969989,42.76552101993064,42.23189121502082,42.64371109008789,294900,WHR,42.84673690795898,1,1.0017712565006225,1.0,1.003631058786181,3.0,1.0293352678086183,31.0,1.168673389632343,135.0,1.3059966257382811,495.0
2004-02-11 00:00:00-05:00,42.64952477864709,43.03234598099229,41.86648664007752,42.84673690795898,626800,WHR,42.74812698364258,0,1.0023748362843499,2.0,1.0058827224344304,4.0,1.0327258211355743,31.0,1.1723240353288267,136.0,1.3116368452168743,495.0
2004-02-12 00:00:00-05:00,42.88153557409023,43.17735154402602,42.47551712536989,42.74812698364258,479500,WHR,42.05207443237305,0,0.9988479457781335,1.0,1.0017126477526748,3.0,1.0287136943203754,31.0,1.167814623975343,135.0,1.3081096531427476,494.0
2004-02-13 00:00:00-05:00,42.78870882358812,42.78870882358812,41.8200621021755,42.05207443237305,412300,WHR,42.12749481201172,1,0.9917918526177218,0.0,0.9881419902719856,2.0,1.0104734080613875,31.0,1.1471918588127714,134.0,1.2862858520825151,494.0
2004-02-17 00:00:00-05:00,42.05209265276569,42.40591061393462,41.77367685084279,42.12749481201172,443400,WHR,41.86067581176758,0,1.0008959463717344,1.0,0.9916171465836718,3.0,1.0107598154218604,32.0,1.1475892303766477,135.0,1.2880663031142496,494.0
2004-02-18 00:00:00-05:00,42.127488518395936,42.144893098947065,41.68086830682135,41.86067581176758,435800,WHR,41.675071716308594,0,0.9968231359456637,1.0,0.9889823106359368,2.0,1.0030064211504914,31.0,1.1386760617826726,135.0,1.279388160706648,494.0
2004-02-19 00:00:00-05:00,42.08109456382837,42.191297035428526,41.61706971673974,41.675071716308594,280000,WHR,41.37346649169922,0,0.9977781476678999,0.0,0.9900786324822265,1.0,0.9972818004182898,31.0,1.1320585166118193,134.0,1.2732067323523122,493.0
2004-02-20 00:00:00-05:00,41.69828129095841,41.96509407967415,41.12405386361956,41.37346649169922,343600,WHR,40.7180290222168,0,0.9963683259077486,0.0,0.9893755620412334,1.0,0.9889251155946956,30.0,1.1222388768973126,134.0,1.263488414537387,493.0
2004-02-23 00:00:00-05:00,41.38506317523613,41.40826486341511,40.654225486042016,40.7180290222168,631000,WHR,40.78182601928711,1,0.9920157689249148,0.0,0.9799542826992157,1.0,0.9728809159952035,29.0,1.1029517412103247,133.0,1.2430065073427468,492.0
2004-02-24 00:00:00-05:00,40.82242786077267,41.553265432781664,40.66002049483041,40.78182601928711,643700,WHR,40.94524002075195,1,1.0007827866324157,1.0,0.9878884247857269,1.0,0.9739912761270247,30.0,1.1031401332692579,134.0,1.244499342966237,492.0
2004-02-25 00:00:00-05:00,41.13199121270237,41.13199121270237,40.0114796085002,40.94524002075195,686100,WHR,42.404239654541016,1,1.001999508967871,2.0,0.9962654163329013,2.0,0.9773137989773075,31.0,1.1060136636527846,134.0,1.2490059819314654,493.0
2004-02-26 00:00:00-05:00,40.974421652494776,42.672694243527225,40.92189996122578,42.404239654541016,846200,WHR,42.56764221191406,1,1.0175046039816076,2.0,1.0281171482019908,3.0,1.0110215995803085,31.0,1.1436579861824205,134.0,1.2929168724102353,494.0
2004-02-27 00:00:00-05:00,42.55013498321703,42.80691509160624,42.141613686121126,42.56764221191406,699500,WHR,43.09870147705078,1,1.0019230191656794,2.0,1.0261368872072736,4.0,1.013845204926025,31.0,1.1462336011163514,135.0,1.2973104019453836,494.0
2004-03-01 00:00:00-05:00,42.54428528582029,43.12204592597079,42.39254859408943,43.09870147705078,636100,WHR,42.27001190185547,0,1.0061991587625694,2.0,1.027149293704888,5.0,1.0251330058752082,32.0,1.1584627024951368,136.0,1.3128811506310027,494.0
2004-03-02 00:00:00-05:00,42.95282063191333,42.95282063191333,42.153294059153374,42.27001190185547,829800,WHR,42.392555236816406,1,0.9902928187342217,1.0,1.000303968522467,4.0,1.0043030270016537,32.0,1.1343019545614583,135.0,1.2870292595941961,494.0
2004-03-03 00:00:00-05:00,42.264162973887046,42.57346917867192,41.65722056435675,42.392555236816406,334900,WHR,42.08908081054688,0,1.0014474323080733,1.0,0.9963786824180924,4.0,1.0058891085020978,33.0,1.1356616231612464,136.0,1.2901293274200458,495.0
2004-03-04 00:00:00-05:00,42.39254974978333,42.39254974978333,41.88481799005285,42.08908081054688,498200,WHR,42.59099197387695,1,0.9964078059982245,1.0,0.9907136510884204,3.0,0.9973810739183697,33.0,1.1256880608346895,135.0,1.2803221674249827,494.0
2004-03-05 00:00:00-05:00,41.98988218122511,42.84777211425712,41.76811650260127,42.59099197387695,838600,WHR,41.63970565795898,0,1.005927146102104,1.0,1.0024176954723274,3.0,1.0079750140761743,33.0,1.137084545218278,136.0,1.294958423211006,495.0
2004-03-08 00:00:00-05:00,42.62598744809682,42.62598744809682,41.5930167614144,41.63970565795898,337200,WHR,40.97442626953125,0,0.988706180256562,1.0,0.9868054491308595,2.0,0.9844526864805468,33.0,1.1096547452057701,136.0,1.2654445630660356,495.0
2004-03-09 00:00:00-05:00,41.49382827560737,41.66890950456587,40.81685672546908,40.97442626953125,560200,WHR,39.964786529541016,0,0.9919471478679744,0.0,0.9770389479896041,2.0,0.9677879579695561,33.0,1.0901941394200652,135.0,1.2446573769822669,495.0
2004-03-10 00:00:00-05:00,41.02693453949895,41.347910716039216,39.91809762849923,39.964786529541016,417900,WHR,38.95515823364258,0,0.9875259505859463,0.0,0.9641267259421898,1.0,0.9436045513020338,32.0,1.0619306549283598,134.0,1.2135721251984657,494.0
2004-03-11 00:00:00-05:00,39.97061729146044,40.19822010696274,38.95515823364258,38.95515823364258,991900,WHR,39.65549087524414,1,0.9872069310371663,0.0,0.9541982885419035,1.0,0.9197346774916032,32.0,1.0338394613183957,134.0,1.182628082819449,493.0
2004-03-12 00:00:00-05:00,39.188615046008586,39.976471625500125,38.972682136518166,39.65549087524414,658200,WHR,38.9785041809082,0,1.008908877480855,1.0,0.9855255258762703,1.0,0.9360435210552589,32.0,1.051176350696792,134.0,1.2035464165028438,494.0
2004-03-15 00:00:00-05:00,39.68465710389832,39.94727437726291,38.86761915537716,38.9785041809082,383500,WHR,39.20029067993164,1,0.9913906613309866,1.0,0.9816860166838896,1.0,0.9205718146032787,31.0,1.0320779581028208,134.0,1.1826837430381048,494.0
2004-03-16 00:00:00-05:00,39.10108005287533,39.36369746625992,38.92599880895161,39.20029067993164,564400,WHR,40.367462158203125,1,1.0028369137618227,1.0,0.9961740233096936,2.0,0.9262722765758041,31.0,1.0368173216764562,134.0,1.1891544364527207,494.0
2004-03-17 00:00:00-05:00,39.4337064900374,40.55421329183628,39.39285481869572,40.367462158203125,598800,WHR,40.06401062011719,0,1.0146689008629648,2.0,1.0237394913270192,3.0,0.9543299929876898,31.0,1.0664469076282228,134.0,1.2241971586908869,495.0
2004-03-18 00:00:00-05:00,40.47836473851969,40.47836473851969,39.42205359797951,40.06401062011719,455800,WHR,39.74885177612305,0,0.9962272040085317,1.0,1.0103613180691127,3.0,0.9475973431922821,31.0,1.057351592042314,133.0,1.2146522062441831,494.0
2004-03-19 00:00:00-05:00,40.44333467485749,40.665100265315424,39.71383732828718,39.74885177612305,416200,WHR,39.3403434753418,0,0.9960512775192863,0.0,1.0019416272186896,2.0,0.9408575904161985,30.0,1.0478666405967587,133.0,1.2047462962685824,494.0
2004-03-22 00:00:00-05:00,39.75469752270751,39.75469752270751,39.18860674803201,39.3403434753418,592200,WHR,39.55044937133789,1,0.9948348405938081,0.0,0.989838810429868,2.0,0.9321085485925731,29.0,1.036035278706687,132.0,1.192026421220805,494.0
2004-03-23 00:00:00-05:00,39.59713829749215,39.92395632807093,39.34619088503932,39.55044937133789,552500,WHR,39.54460906982422,0,1.0026632498979244,1.0,0.9933748774726767,2.0,0.937809061015683,30.0,1.040407922113637,133.0,1.198039034916734,495.0
2004-03-24 00:00:00-05:00,39.55044184510776,39.77221197588835,39.26448001870671,39.54460906982422,688800,WHR,39.77219772338867,1,0.9999261609811185,1.0,0.9973507008223059,1.0,0.9384693267173553,29.0,1.039085304704808,133.0,1.1975618337616507,494.0
2004-03-25 00:00:00-05:00,39.690494373695614,39.91809719819752,39.39285819838597,39.77219772338867,408600,WHR,39.75468826293945,0,1.0028693622797726,1.0,1.0045693747006346,2.0,0.9447592415689668,29.0,1.043806189593201,134.0,1.2041584287413971,494.0
2004-03-26 00:00:00-05:00,39.59711434560891,40.04064997078218,39.2469565162609,39.75468826293945,551200,WHR,39.8597297668457,1,0.9997798296735493,1.0,1.0040975148370854,2.0,0.9452247489565074,29.0,1.0420585648805873,134.0,1.203313029557371,494.0
2004-03-29 00:00:00-05:00,40.005629210424935,40.41414587144772,39.80136642741587,39.8597297668457,398500,WHR,40.09317779541016,1,1.0013193779029692,1.0,1.0041161212651435,3.0,0.9485790712661244,29.0,1.0435533029248938,134.0,1.2061872187351,494.0
2004-03-30 00:00:00-05:00,39.88891940131399,40.23324451064671,39.503747065661095,40.09317779541016,334700,WHR,40.19239044189453,1,1.00291981912456,2.0,1.0072427618908943,3.0,0.9545864458807339,30.0,1.0485180068109556,134.0,1.2129884074178674,494.0
2004-03-31 00:00:00-05:00,40.32661547039109,40.51920385301531,39.88891702942628,40.19239044189453,622300,WHR,40.61258316040039,1,1.0012357469550583,2.0,1.0064594286155333,4.0,0.9575935731240063,30.0,1.0499135947384994,135.0,1.2156946476771753,495.0
2004-04-01 00:00:00-05:00,40.25075524574494,40.75264988784713,39.7897122860232,40.61258316040039,523500,WHR,40.670928955078125,1,1.0052000848434648,2.0,1.0127191346746667,4.0,0.968024322245927,31.0,1.059608176139284,136.0,1.2280927215858408,495.0
2004-04-02 00:00:00-05:00,40.75846505629638,40.81682839377191,40.25657508348748,40.670928955078125,697000,WHR,41.02693939208984,1,1.0007178060243613,2.0,1.0095608699401935,5.0,0.9698868483992336,31.0,1.0598901458365613,136.0,1.2295320554617497,496.0
2004-04-05 00:00:00-04:00,40.67094427141246,41.114475526273466,40.58340368472964,41.02693939208984,613800,WHR,41.00943756103516,0,1.0043576465850843,2.0,1.0125307358889533,5.0,0.9788387068499573,31.0,1.0678850746380957,136.0,1.2399797711285798,496.0
2004-04-06 00:00:00-04:00,40.82268634243041,41.21953323852803,40.64760957951986,41.00943756103516,458900,WHR,40.6534423828125,0,0.9997866576791333,1.0,1.007542091800896,4.0,0.9790099437214902,30.0,1.0661168996748411,136.0,1.2391331124551106,496.0
2004-04-07 00:00:00-04:00,40.89271526849885,40.93940418119367,40.40249504270256,40.6534423828125,369300,WHR,39.98814392089844,0,0.9956406732352883,0.0,0.9965381771610584,3.0,0.9711414299920295,30.0,1.0556406807034966,135.0,1.2281253004964714,495.0
2004-04-08 00:00:00-04:00,41.06196684943865,41.06196684943865,39.63798591577685,39.98814392089844,514100,WHR,40.42582321166992,1,0.9917499333481806,0.0,0.9832397778500305,2.0,0.9560916441451534,30.0,1.0372507896596725,134.0,1.2078066508907053,494.0
2004-04-12 00:00:00-04:00,40.10484704898505,40.50169378571243,39.88891423036184,40.42582321166992,272300,WHR,39.2236213684082,0,1.0054428267423983,1.0,0.9952011214212031,2.0,0.9677538306558515,30.0,1.0475456132848529,134.0,1.220738780362145,495.0
2004-04-13 00:00:00-04:00,40.50170242372328,40.70596083490391,38.95516682049944,39.2236213684082,731600,WHR,39.62630844116211,1,0.9849063373938152,1.0,0.9742555909441231,1.0,0.9407391500392621,29.0,1.0155244527761902,133.0,1.1841904775674645,495.0
2004-04-14 00:00:00-04:00,38.93182533763924,39.95895915118992,38.49412680062898,39.62630844116211,503100,WHR,39.87726211547852,1,1.0051070061029406,1.0,0.9910673224985356,2.0,0.9522699783707019,29.0,1.0248970338306442,134.0,1.1960699774655785,496.0
2004-04-15 00:00:00-04:00,39.5796258163284,39.99397996289009,39.42205627707272,39.87726211547852,494400,WHR,40.26826477050781,1,1.003156508224214,2.0,1.0012310439536232,3.0,0.9600402450447406,30.0,1.0304023065538659,134.0,1.2033150938453274,497.0
2004-04-16 00:00:00-04:00,39.818896238690414,40.44334596355338,39.15359037661709,40.26826477050781,606100,WHR,39.84223937988281,0,1.0048786584881466,2.0,1.0096280795419914,4.0,0.9717050071962839,30.0,1.0395347375760247,134.0,1.2148384939995658,497.0
2004-04-19 00:00:00-04:00,40.12236842031741,40.18072733842877,39.31700466438051,39.84223937988281,457700,WHR,39.35783386230469,0,0.9946820283414366,1.0,1.0018784205980384,3.0,0.9637357648185563,30.0,1.0276425602592718,133.0,1.2017747501106857,496.0
2004-04-20 00:00:00-04:00,39.848053837316805,40.19237882666842,39.35783386230469,39.35783386230469,429100,WHR,38.95515823364258,0,0.993883774373581,0.0,0.9890299124458974,3.0,0.9543204297738184,30.0,1.0142497882902917,133.0,1.18701978393188,495.0
2004-04-21 00:00:00-04:00,39.71383725364922,39.9764545169216,38.14979476744199,38.95515823364258,1176000,WHR,40.46669769287109,1,0.9948581248412938,0.0,0.9822241365957263,2.0,0.947078368374883,29.0,1.002987708867736,133.0,1.174740254855829,495.0
2004-04-22 00:00:00-04:00,38.75092198534808,40.93941527007217,38.64003690078841,40.46669769287109,1003300,WHR,40.39081954956055,0,1.019031782141015,1.0,1.0173125404372572,2.0,0.9855951302059252,30.0,1.0407629822222213,134.0,1.220090202486579,496.0
2004-04-23 00:00:00-04:00,40.50754182829589,40.653441337340325,39.97646547817432,40.39081954956055,563100,WHR,39.83055877685547,0,0.9990615820779775,1.0,1.014779701544171,1.0,0.9848866124211271,30.0,1.0377496732073495,133.0,1.2175879875870466,495.0
2004-04-26 00:00:00-04:00,40.396649482127806,40.507534513778765,39.74885542274388,39.83055877685547,515100,WHR,39.83640670776367,1,0.9930160664851031,0.0,1.000762436958153,1.0,0.9727064748779719,29.0,1.0223743205056106,132.0,1.2005436944137267,494.0
2004-04-27 00:00:00-04:00,39.91811008383072,40.12236852399834,39.57378489683384,39.83640670776367,351500,WHR,39.39286804199219,0,1.0000734047151492,1.0,0.9985080812235188,2.0,0.974521869193206,29.0,1.021547804599093,132.0,1.2005550282109687,495.0
2004-04-28 00:00:00-04:00,39.544604780409415,39.98813608886018,39.31116467188285,39.39286804199219,580500,WHR,38.34822845458984,0,0.9944018335751225,1.0,0.9852288430807912,2.0,0.9652659556906962,29.0,1.0092092279529177,132.0,1.187055092716604,494.0
2004-04-29 00:00:00-04:00,39.24697001221795,39.33451061278235,37.87551544504191,38.34822845458984,871400,WHR,38.23148727416992,0,0.9865625822829976,0.0,0.9693742491821401,1.0,0.9412729628308577,29.0,0.9816715710784061,131.0,1.155441593126421,494.0
2004-04-30 00:00:00-04:00,38.35987948292183,38.80924776105636,37.97470285666608,38.23148727416992,557700,WHR,38.59916687011719,1,0.9984755600186163,0.0,0.9770899447397984,1.0,0.9399770296626884,29.0,0.9778840430983251,131.0,1.1518274258042827,493.0
2004-05-03 00:00:00-04:00,38.23150177582024,38.72172190154951,38.09727229234738,38.59916687011719,402500,WHR,37.96305847167969,0,1.0047855846086742,1.0,0.9927352688420674,2.0,0.9504792960498644,29.0,0.9864857183320926,131.0,1.1627280536634756,494.0
2004-05-04 00:00:00-04:00,38.45327874216862,38.64586718521792,37.78797725936211,37.96305847167969,674600,WHR,38.05058288574219,1,0.991691615602894,1.0,0.9858751943781726,1.0,0.9366147477999307,28.0,0.9694789662348546,131.0,1.143419192436617,493.0
2004-05-05 00:00:00-04:00,37.96887953253498,38.27818572003353,37.57786999182922,38.05058288574219,627200,WHR,37.216041564941406,0,1.0011514303551248,1.0,0.9950855320692212,2.0,0.9404920930469651,29.0,0.9709354603391616,132.0,1.1458750126472461,494.0
2004-05-06 00:00:00-04:00,37.933866776798574,37.933866776798574,37.00011094663872,37.216041564941406,793200,WHR,36.23560333251953,0,0.9889121994391075,1.0,0.9790586015821512,2.0,0.9219261784046431,28.0,0.9489857642067676,131.0,1.1206632698920123,493.0
2004-05-07 00:00:00-04:00,37.21604824325004,37.21604824325004,36.183079418507184,36.23560333251953,1087100,WHR,36.24142837524414,1,0.9866519227201709,0.0,0.9633825725809803,2.0,0.9000953415704597,27.0,0.923530061836158,130.0,1.0910605769309205,493.0
2004-05-10 00:00:00-04:00,36.11887335164049,36.56240899837174,35.62865103097659,36.24142837524414,930800,WHR,37.18686676025391,1,1.0000803708787096,1.0,0.9757705435537533,2.0,0.9026716367741752,28.0,0.9231967407822467,131.0,1.0911792793629334,493.0
2004-05-11 00:00:00-04:00,36.38733586536473,37.35027349439194,36.37566586399755,37.18686676025391,934800,WHR,37.42029571533203,1,1.0128756684771878,2.0,1.005428043282015,3.0,0.9280942562019225,29.0,0.946647791721084,132.0,1.119562325768848,493.0
2004-05-12 00:00:00-04:00,37.05846344571856,37.49616183287272,36.45735837309324,37.42029571533203,1198100,WHR,37.607059478759766,1,1.0031287740658212,2.0,1.0151993447919132,3.0,0.9357522860930916,29.0,0.951942320962401,132.0,1.1264615104486082,494.0
2004-05-13 00:00:00-04:00,37.42030828229012,37.92220295764599,37.06431089206691,37.607059478759766,979300,WHR,37.57204818725586,0,1.0024892755841464,2.0,1.0181061293666203,4.0,0.942092748316341,30.0,0.9559827587958923,133.0,1.1319810919827802,494.0
2004-05-14 00:00:00-04:00,37.60706710478869,37.787981110789175,37.00012448006049,37.57204818725586,764700,WHR,37.35028076171875,0,0.9995342949312535,1.0,1.009850911633289,4.0,0.9428308244174262,30.0,0.95431925997158,133.0,1.1307726746602003,494.0
2004-05-17 00:00:00-04:00,37.29192183852865,37.52536198378948,37.05848169326782,37.35028076171875,857700,WHR,37.98481750488281,1,0.9970400356122386,0.0,0.9979418927362536,3.0,0.9388455317531523,30.0,0.9479605273218823,132.0,1.1239375666616906,494.0
2004-05-18 00:00:00-04:00,37.64404003875559,38.13170388001181,37.55003284832536,37.98481750488281,727000,WHR,37.3267707824707,0,1.0084228567794324,1.0,1.0105865919190924,3.0,0.955889934355868,31.0,0.9632251792123651,133.0,1.142858113842572,494.0
2004-05-19 00:00:00-04:00,38.21984259353164,38.57236905258532,37.19751227618226,37.3267707824707,814600,WHR,37.62053298950195,1,0.9912623443831603,1.0,0.9935736982215264,2.0,0.9406933227461981,30.0,0.9458389706269315,132.0,1.1229265512541668,493.0
2004-05-20 00:00:00-04:00,37.32676027587772,37.89668005752728,37.13287145036584,37.62053298950195,581700,WHR,37.84968948364258,1,1.0039195833905517,1.0,1.0013213140353145,2.0,0.9494224266526428,30.0,0.9525450386187259,133.0,1.1315907318379534,494.0
2004-05-21 00:00:00-04:00,38.01420154749567,38.08470863884023,37.602921387862935,37.84968948364258,424500,WHR,38.40786743164063,1,1.003036382915423,2.0,1.0059338940367026,3.0,0.957039011723492,30.0,0.9576535502007909,133.0,1.1382649208656848,495.0
2004-05-24 00:00:00-04:00,37.96720811752982,38.51362584633196,37.9202033815296,38.40786743164063,578800,WHR,40.07648849487305,1,1.0073196411028242,2.0,1.0150624441739913,4.0,0.9728581187831876,30.0,0.971074958497802,133.0,1.154841273499648,495.0
2004-05-25 00:00:00-04:00,38.42548664266455,40.099990858931584,38.08470908774211,40.07648849487305,1252100,WHR,39.888458251953125,0,1.021260556241231,2.0,1.0475796167851719,4.0,1.0164205290590476,30.0,1.012416263993066,133.0,1.20465647194406,496.0
2004-05-26 00:00:00-04:00,40.10585167134968,40.32911731746972,39.6240646056895,39.888458251953125,1138500,WHR,39.74746322631836,0,0.9976485916571015,1.0,1.0288855081145765,4.0,1.012671142269961,30.0,1.0069320449418524,132.0,1.198654119980541,496.0
2004-05-27 00:00:00-04:00,39.95310330267628,40.06473840810665,39.60057681711734,39.74746322631836,571200,WHR,39.08940505981445,0,0.998229504688117,0.0,1.0141212925995933,3.0,1.0102222693909053,29.0,1.0026658506779305,131.0,1.19413431549361,495.0
2004-05-28 00:00:00-04:00,39.71807862440615,39.71807862440615,38.57824329580153,39.08940505981445,1218500,WHR,39.248043060302734,1,0.9916529134044806,0.0,0.9910620150922673,2.0,0.9947610573631138,29.0,0.9855247276791037,130.0,1.1740835324418188,495.0
2004-06-01 00:00:00-04:00,39.03064960121816,39.3067967165747,38.89551215743767,39.248043060302734,813900,WHR,39.27154541015625,1,1.0020250595889342,1.0,0.9908626907932654,2.0,1.0002163160739888,29.0,0.9889452925727356,131.0,1.1785029288985642,496.0
2004-06-02 00:00:00-04:00,39.30680119402874,39.45368759274887,38.86614199786837,39.27154541015625,782500,WHR,39.08940505981445,0,1.0002993183014752,2.0,0.9955020997234569,2.0,1.00182295096376,30.0,0.9889541647053581,132.0,1.1788367145084067,497.0
2004-06-03 00:00:00-04:00,39.26567051937419,39.2715427474405,38.84263700252429,39.08940505981445,709600,WHR,38.85437774658203,0,0.997675623518482,1.0,0.9949154616539213,2.0,0.9979763545884852,30.0,0.9838908407926306,131.0,1.173010444436757,496.0
2004-06-04 00:00:00-04:00,39.089396815555375,39.089396815555375,38.090571375688526,38.85437774658203,1279200,WHR,39.62406921386719,1,0.9969846560588905,0.0,0.9934499134824117,2.0,0.9924448844292788,30.0,0.9774882878462796,131.0,1.1656128838781292,495.0
2004-06-07 00:00:00-04:00,38.93076535752032,39.68869957626857,38.8720117051417,39.62406921386719,640800,WHR,39.44778823852539,0,1.0098076796508608,1.0,1.0103673421078159,3.0,1.0118167382883665,31.0,0.9963335149336556,131.0,1.1883410726286316,495.0
2004-06-08 00:00:00-04:00,39.56529549700514,39.56529549700514,38.84261734038703,39.44778823852539,1030500,WHR,39.27742385864258,0,0.9977706230633582,1.0,1.0048487909204977,2.0,1.0074043825281727,30.0,0.9915208386902956,130.0,1.1826659569845122,495.0
2004-06-09 00:00:00-04:00,39.30092622139146,39.59469903182652,39.20692125301327,39.27742385864258,1028800,WHR,39.571197509765625,1,0.997835961627229,0.0,1.0004791568984066,1.0,1.0029260733592065,30.0,0.9869799297131143,129.0,1.1771849567584498,494.0
2004-06-10 00:00:00-04:00,39.33617835990115,39.77683758491551,39.154040647999466,39.571197509765625,568500,WHR,38.819122314453125,0,1.0037257931213588,1.0,1.0054942536882252,2.0,1.0102679429959416,30.0,0.9940353505475013,130.0,1.1855949948905697,495.0
2004-06-14 00:00:00-04:00,39.24803240577536,39.24803240577536,38.40784234958147,38.819122314453125,769300,WHR,39.765098571777344,1,0.99040601955702,1.0,0.9865609691809297,2.0,0.9917205468546539,29.0,0.9749983029173523,129.0,1.1626664913634048,495.0
2004-06-15 00:00:00-04:00,38.924907927028805,39.923733960033445,38.87203095848296,39.765098571777344,1025900,WHR,39.41256332397461,0,1.012037737940976,1.0,1.009878383469471,2.0,1.016016919076445,30.0,0.998523347306854,129.0,1.1905440528693931,496.0
2004-06-16 00:00:00-04:00,39.76508981786385,39.89435057823401,39.34793294378953,39.41256332397461,492300,WHR,39.40080261230469,0,0.995547541574707,1.0,1.0011044760766485,2.0,1.0071537080608877,30.0,0.9894035209051933,129.0,1.1795309243247432,496.0
2004-06-17 00:00:00-04:00,39.41255603341013,39.55944241891096,39.23629057776244,39.40080261230469,524300,WHR,39.45368957519531,1,0.9998507777008353,0.0,1.0001788543771921,2.0,1.006827247848169,30.0,0.9887812114700386,129.0,1.178703802818512,496.0
2004-06-18 00:00:00-04:00,39.400808138038,39.62995057294584,39.23629608042389,39.45368957519531,592500,WHR,39.67108154296875,1,1.0006706905519709,1.0,1.0021192216068169,2.0,1.0082202411874535,30.0,0.989783302526335,129.0,1.179845139844574,496.0
2004-06-21 00:00:00-04:00,39.17166862154172,39.8943517657514,39.15991968052997,39.67108154296875,531200,WHR,39.94722366333008,1,1.0027474577771454,2.0,1.0032987426157054,3.0,1.0137209845366049,31.0,0.9948823543648897,130.0,1.185912073193661,496.0
2004-06-22 00:00:00-04:00,39.62994850479578,40.1293658455695,39.57707155301531,39.94722366333008,512300,WHR,40.90492630004883,1,1.003468324522179,2.0,1.0093526756712263,3.0,1.020701200624956,31.0,1.0014511245481177,130.0,1.1936834741308624,497.0
2004-06-23 00:00:00-04:00,39.86496807741948,41.06943835088762,39.78858876313495,40.90492630004883,743300,WHR,41.60408782958984,1,1.0118451103298123,2.0,1.0258148589072054,4.0,1.0446599835024681,32.0,1.0249805090573083,131.0,1.2218176737894022,497.0
2004-06-24 00:00:00-04:00,40.92841421396462,41.703973953153366,40.73452315851353,41.60408782958984,980400,WHR,41.02831268310547,0,1.0084737593451605,2.0,1.0319446274805342,5.0,1.061727373525053,32.0,1.041986264501299,131.0,1.2421740079745731,498.0
2004-06-25 00:00:00-04:00,41.539474515624136,41.60410489394999,40.94605665298482,41.02831268310547,447700,WHR,40.405494689941406,0,0.9930320897987719,1.0,1.009775418858672,4.0,1.0466174332832383,31.0,1.0270930743044113,131.0,1.2244750127931758,498.0
2004-06-28 00:00:00-04:00,41.3338174863802,41.351443130945455,40.246859406238485,40.405494689941406,531600,WHR,39.99422836303711,0,0.9923518497629499,0.0,0.9908648226803225,3.0,1.030636192010707,30.0,1.0111140216075891,130.0,1.2053281959419544,498.0
2004-06-29 00:00:00-04:00,40.33500588303384,40.33500588303384,39.87084432633839,39.99422836303711,535300,WHR,40.30562210083008,1,0.9948847295576715,0.0,0.9805532734088859,2.0,1.0204141297560605,29.0,1.000461287670509,130.0,1.1925950627786748,497.0
2004-06-30 00:00:00-04:00,40.01772604883877,40.47601084091947,39.67107185827991,40.30562210083008,344300,WHR,39.72395706176758,0,1.0038778868951082,1.0,0.9911003480616849,2.0,1.0285188113828667,29.0,1.0078575057827313,130.0,1.2013906914759913,498.0
2004-07-01 00:00:00-04:00,40.30562593141112,40.4701379767554,39.40080519940059,39.72395706176758,742300,WHR,40.02360534667969,1,0.9927318743251077,1.0,0.985913515399897,1.0,1.0142379321118828,28.0,0.9929546317637471,130.0,1.183611068301596,497.0
2004-07-02 00:00:00-04:00,39.74745821497947,40.452511097204656,39.67695113371019,40.02360534667969,375000,WHR,40.158729553222656,1,1.0037574601136694,1.0,0.998329379040045,2.0,1.0223174655517524,29.0,1.0001127841507893,130.0,1.1920743317043385,498.0
2004-07-06 00:00:00-04:00,40.02359661354696,40.30561591185377,39.84145448066555,40.158729553222656,489000,WHR,39.00126266479492,0,1.0016852116705213,2.0,1.0029345020760023,3.0,1.0259850036125788,30.0,1.0031474728319802,130.0,1.1956670209135136,498.0
2004-07-07 00:00:00-04:00,40.15285112938076,40.15285112938076,38.96013466543885,39.00126266479492,1015700,WHR,37.890811920166016,0,0.9853781328674224,1.0,0.978882604692966,3.0,0.996832644701553,30.0,0.9739952268407698,130.0,1.160846730222653,497.0
2004-07-08 00:00:00-04:00,38.68987424060521,38.68987424060521,37.84381168214133,37.890811920166016,1868300,WHR,38.20809173583984,1,0.9855583198837752,0.0,0.9626810573955625,2.0,0.9694975851728403,29.0,0.9461480238240497,129.0,1.1274774457659604,497.0
2004-07-09 00:00:00-04:00,37.873190904868615,38.40198287024882,37.79093487498918,38.20809173583984,687000,WHR,37.42665100097656,0,1.0041693086290446,1.0,0.9782774057327867,3.0,0.9780392570288111,30.0,0.9539349558875138,129.0,1.1366012747151273,497.0
2004-07-12 00:00:00-04:00,38.21396210696544,38.21396210696544,37.35026945391489,37.42665100097656,997800,WHR,37.42665100097656,0,0.9896682304112221,1.0,0.9711846998378186,2.0,0.9589360720916236,29.0,0.934464576336287,128.0,1.113056289761894,497.0
2004-07-13 00:00:00-04:00,37.485404657911175,37.62641657238593,37.37377181321207,37.42665100097656,644700,WHR,36.78034591674805,0,1.0,0.0,0.9851531359612807,1.0,0.9599406328563075,28.0,0.9344405272682432,128.0,1.11277183299347,496.0
2004-07-14 00:00:00-04:00,37.3091377418966,37.32676338896551,36.73921791271517,36.78034591674805,813300,WHR,36.615848541259766,0,0.9912905101799889,0.0,0.9795942581143561,1.0,0.9447724807253158,27.0,0.9183170623090678,128.0,1.0932162129664393,496.0
2004-07-15 00:00:00-04:00,36.88024455955132,36.97425178368732,36.60409735807914,36.615848541259766,954300,WHR,36.49245071411133,0,0.9977587751421854,0.0,0.9818814266440349,1.0,0.9418479978194796,27.0,0.9142279520342447,128.0,1.0879727490886753,496.0
2004-07-16 00:00:00-04:00,37.25038493353548,37.30913858596649,36.48657400408332,36.49245071411133,992800,WHR,36.45720291137695,0,0.998312122858755,0.0,0.9876601192182543,0.0,0.939828402022584,27.0,0.9111703605177531,128.0,1.0839553236498845,496.0
2004-07-19 00:00:00-04:00,36.49833092280837,36.55121011483569,36.10467645873384,36.45720291137695,1061700,WHR,37.5617790222168,1,0.9995168201494783,0.0,0.9919112787006036,0.0,0.9399284269123896,27.0,0.9103132146185865,128.0,1.0825537945923487,496.0
2004-07-20 00:00:00-04:00,36.662835243429456,37.58528137701974,36.63345617927182,37.5617790222168,1544900,WHR,36.81559753417969,0,1.0149228762945,1.0,1.021213193094643,1.0,0.9696165727571902,27.0,0.9378639759825169,128.0,1.1149380433341527,497.0
2004-07-21 00:00:00-04:00,37.89668124381048,38.3079612627124,36.69808799679,36.81559753417969,1281000,WHR,37.44427490234375,1,0.989967628295261,1.0,1.000734515783877,1.0,0.9518187706929532,27.0,0.9193296578383129,127.0,1.0923412908758316,497.0
2004-07-22 00:00:00-04:00,36.81560138898731,37.55590774183317,36.65108936420118,37.44427490234375,1138200,WHR,37.0271110534668,0,1.0084659096162796,1.0,1.013260010402445,2.0,0.9690688282984624,28.0,0.9348998216812622,128.0,1.1104888993326736,498.0
2004-07-23 00:00:00-04:00,37.29738139719168,37.30325810627272,36.76271517751514,37.0271110534668,877100,WHR,36.3455696105957,0,0.9943983337556724,1.0,0.9990803849414104,2.0,0.9594351072373066,27.0,0.9245073440577831,127.0,1.0976147872034312,498.0
2004-07-26 00:00:00-04:00,37.05062474851766,37.05649921808909,36.0987993037342,36.3455696105957,929000,WHR,36.45720291137695,1,0.9907112369794483,0.0,0.9812819105742092,2.0,0.9430162348266269,27.0,0.9076081907265553,126.0,1.0769470688329543,497.0
2004-07-27 00:00:00-04:00,36.42782608054145,36.53945893423978,36.0459205557543,36.45720291137695,1058300,WHR,36.3984375,0,1.001533366064425,1.0,0.9902018368965576,2.0,0.9466867954351416,28.0,0.9105347512410265,126.0,1.0798252807993376,497.0
2004-07-28 00:00:00-04:00,36.2221743305776,36.574700669422405,36.09291362705753,36.3984375,449400,WHR,36.750972747802734,1,0.9991933992887149,1.0,0.990851065893431,2.0,0.9459112359123668,28.0,0.9091756387068173,126.0,1.0776431607108472,497.0
2004-07-29 00:00:00-04:00,36.4571999804481,37.00949421751216,36.33969042524458,36.750972747802734,790600,WHR,36.68634796142578,0,1.0048193860566814,1.0,1.0042385665589062,2.0,0.9558379648712972,28.0,0.9180223866958972,127.0,1.0876045019621199,498.0
2004-07-30 00:00:00-04:00,36.65697112848292,36.84498554888763,36.486582359582194,36.68634796142578,856800,WHR,36.93898391723633,1,0.9991200007604739,1.0,1.004343054407808,2.0,0.9546855148163732,28.0,0.9165001362247076,126.0,1.0852117222428936,498.0
2004-08-02 00:00:00-04:00,36.68046471138715,37.06237017215603,36.53945280918242,36.93898391723633,975000,WHR,36.357303619384766,0,1.003431372726807,1.0,1.0079842766938796,3.0,0.9617235010045235,28.0,0.922932271712485,126.0,1.0921817388278072,499.0
2004-08-03 00:00:00-04:00,36.93897220849792,36.93897220849792,36.16928930357976,36.357303619384766,903700,WHR,36.58059310913086,1,0.9920639869030073,1.0,0.9926526914312249,2.0,0.9469320386312265,28.0,0.9085121256774559,126.0,1.074543829920055,498.0
2004-08-04 00:00:00-04:00,36.210440943881245,36.71573058809883,36.13405937779259,36.58059310913086,632000,WHR,35.08234786987305,0,1.003061364527376,1.0,0.9977566614791081,3.0,0.952604993025991,29.0,0.9142148074014338,126.0,1.0807008326647887,498.0
2004-08-05 00:00:00-04:00,36.498332701720734,36.58646543983133,34.69456785654198,35.08234786987305,2064100,WHR,34.49480438232422,0,0.979093165605682,1.0,0.9656813160629149,2.0,0.9140486149305113,28.0,0.877065178445321,125.0,1.0360580816736338,498.0
2004-08-06 00:00:00-04:00,35.01771964931543,35.01771964931543,34.16578025458617,34.49480438232422,1197000,WHR,35.25273513793945,1,0.9915555111336096,0.0,0.9611041843216894,2.0,0.8997923944315379,27.0,0.8627414500073964,124.0,1.018348865910509,498.0
2004-08-09 00:00:00-04:00,34.59468470959764,35.98716711997986,34.4948007945597,35.25273513793945,1119500,WHR,35.54651641845703,1,1.010866774094519,1.0,0.9915389144528508,2.0,0.9204302778674074,27.0,0.8820103557189848,124.0,1.0403490000067561,498.0
2004-08-10 00:00:00-04:00,35.49951168455468,35.61702127800148,35.11173159509661,35.54651641845703,560300,WHR,34.90608596801758,0,1.0041494969799725,2.0,1.0043829019935344,3.0,0.9289336908687922,27.0,0.8896866168496153,124.0,1.0486707156763042,498.0
2004-08-11 00:00:00-04:00,35.38199873763426,35.41725004117783,34.60643868135363,34.90608596801758,672100,WHR,34.63581848144531,0,0.9909097687133499,1.0,0.9957094405865532,2.0,0.9132578179718484,27.0,0.8740086636983557,124.0,1.0294458688090622,498.0
2004-08-12 00:00:00-04:00,34.90608895786984,35.058849849363604,34.38904812895981,34.63581848144531,651100,WHR,34.95308303833008,1,0.9961136024572252,0.0,0.9905232997989755,2.0,0.9072606158838317,27.0,0.867654215706181,123.0,1.0211387572798571,498.0
2004-08-13 00:00:00-04:00,34.78269430416254,35.076467056323864,34.612305569994994,34.95308303833008,392900,WHR,35.94015884399414,1,1.004559125808224,1.0,0.9969832217223878,3.0,0.9167845625885007,27.0,0.8759824246591326,124.0,1.0301485536519486,498.0
2004-08-16 00:00:00-04:00,34.95895888882487,35.96953791341796,34.84144933505455,35.94015884399414,501700,WHR,36.280948638916016,1,1.0139234118719316,2.0,1.0211336306954026,3.0,0.9432463339085743,28.0,0.9010905358359823,124.0,1.0588444173029343,499.0
2004-08-17 00:00:00-04:00,36.39845823256704,36.89787120394751,36.27507416782255,36.280948638916016,1221000,WHR,36.95661926269531,1,1.0047187007621354,2.0,1.0265320950231174,3.0,0.9527485997500171,28.0,0.9099720954735736,125.0,1.0684716577013622,500.0
2004-08-18 00:00:00-04:00,36.39845049252798,37.056500939208185,36.22218726018792,36.95661926269531,1019200,WHR,36.439571380615234,0,1.0092257381442131,2.0,1.0336554317015152,4.0,0.9708713991028749,28.0,0.9272061302664085,125.0,1.0879463825748696,500.0
2004-08-19 00:00:00-04:00,36.92723296945096,36.92723296945096,36.32793854493192,36.439571380615234,561600,WHR,36.42782974243164,0,0.9929553853197529,1.0,1.0090129717178937,4.0,0.9581139639885964,27.0,0.9145759518195298,124.0,1.0723114982500677,500.0
2004-08-20 00:00:00-04:00,36.439580924208826,36.63346982026058,36.016547345465014,36.42782974243164,964600,WHR,36.32794189453125,0,0.9998388629482783,0.0,1.0005164699797608,3.0,0.959339142032272,26.0,0.914582868329834,124.0,1.0715561652777614,499.0
2004-08-23 00:00:00-04:00,36.48657721833143,36.53358193746361,35.951910865398936,36.32794189453125,901200,WHR,36.022430419921875,0,0.9986270800837793,0.0,0.9956520923635069,2.0,0.9582060367143719,26.0,0.9123688383665846,124.0,1.0681937966035182,499.0
2004-08-24 00:00:00-04:00,36.47484091236697,36.480715383638845,35.78153675421051,36.022430419921875,649400,WHR,36.21767044067383,1,0.9957773337601976,0.0,0.9886798546710142,1.0,0.9517061708528702,26.0,0.9050064295503072,124.0,1.0587270785519494,499.0
2004-08-25 00:00:00-04:00,36.06383064872378,36.35376009509002,35.60230675859654,36.21767044067383,349500,WHR,36.43068313598633,1,1.0027026543211603,1.0,0.998086968745546,1.0,0.958075875656592,27.0,0.9102878573131508,124.0,1.0639694542696028,500.0
2004-08-26 00:00:00-04:00,36.27092511792374,36.57269101553264,36.27092511792374,36.43068313598633,457200,WHR,36.44252395629883,1,1.0029321063014556,2.0,1.0040063597296907,2.0,0.964909310606101,27.0,0.9160051639027446,124.0,1.069724233880744,500.0
2004-08-27 00:00:00-04:00,36.43068977608477,36.44843991783632,36.27684994758019,36.44252395629883,535400,WHR,36.17626190185547,0,1.0001624852368238,2.0,1.0042513482172921,3.0,0.9664298375348561,27.0,0.9166449323863105,125.0,1.0695692082265797,500.0
2004-08-30 00:00:00-04:00,36.44252532381567,36.44844128557515,36.12892743636208,36.17626190185547,295600,WHR,36.17626190185547,0,0.9963334273453229,1.0,0.99774802077259,3.0,0.9606056086171434,27.0,0.9103503941267476,124.0,1.0612587837851026,500.0
2004-08-31 00:00:00-04:00,36.21768040558937,36.270933089981405,35.915916698793914,36.17626190185547,475600,WHR,36.13484191894531,0,1.0,0.0,0.9969021092899949,3.0,0.9617454900926092,27.0,0.9108340011256196,123.0,1.0607760157967328,499.0
2004-09-01 00:00:00-04:00,36.17626042098375,36.18217863964014,35.90999700992302,36.13484191894531,599500,WHR,36.537208557128906,1,0.9994271974742247,0.0,0.9962154772144705,2.0,0.9621318132179422,26.0,0.9101790080736277,123.0,1.059115406688527,498.0
2004-09-02 00:00:00-04:00,36.13485531066544,36.56679288995771,35.86267583721661,36.537208557128906,795900,WHR,36.4543571472168,0,1.005536745358741,1.0,1.0067171655986626,2.0,0.9741034657218589,27.0,0.920669696937557,123.0,1.070434991110112,499.0
2004-09-03 00:00:00-04:00,36.537194149328094,36.537194149328094,36.37152014510551,36.4543571472168,334700,WHR,36.70286560058594,1,0.9988649180338492,1.0,1.004368850438162,1.0,0.9731152842588444,27.0,0.9189496690972049,122.0,1.0675368983907803,499.0
2004-09-07 00:00:00-04:00,36.45435461153789,36.96321302584259,36.44843639343359,36.70286560058594,727200,WHR,36.28277206420898,0,1.0033969093417587,1.0,1.008289818637411,2.0,0.9810008662616954,27.0,0.9254644316324042,123.0,1.074350840946331,499.0
2004-09-08 00:00:00-04:00,36.72062777785161,36.744293885155415,36.28277206420898,36.28277206420898,483600,WHR,35.96916961669922,0,0.9942441615937323,1.0,0.9961661790908087,2.0,0.9708694833907611,27.0,0.9150989753543376,123.0,1.0615937039581083,499.0
2004-09-09 00:00:00-04:00,36.288685725125774,36.57269929134743,35.94550125522929,35.96916961669922,965600,WHR,36.19401168823242,1,0.9956595983413878,0.0,0.988455252677627,2.0,0.9641101054862978,26.0,0.9074245743745526,123.0,1.0519748314077007,498.0
2004-09-10 00:00:00-04:00,36.04017185546828,36.37743810092046,35.732489932800846,36.19401168823242,573200,WHR,36.306434631347656,1,1.0031157450027475,1.0,0.9965137301597988,2.0,0.9715336188539511,27.0,0.9133840730775723,123.0,1.0580887749072878,499.0
2004-09-13 00:00:00-04:00,36.28276627068368,36.33010299201163,36.05792135865412,36.306434631347656,798500,WHR,35.945499420166016,0,1.001550651738331,2.0,1.0004239037125549,3.0,0.9759022964800623,28.0,0.9165513795513154,123.0,1.0608963956721975,500.0
2004-09-14 00:00:00-04:00,36.211762830261726,36.25909729364592,35.868578377885235,35.945499420166016,489900,WHR,35.98691940307617,1,0.9950044906628478,1.0,0.9946297638911228,2.0,0.9677214188883868,27.0,0.9078448768228291,122.0,1.0498694592941569,500.0
2004-09-15 00:00:00-04:00,35.945500899483285,36.19993013991908,35.762074485615415,35.98691940307617,746900,WHR,36.15851211547852,1,1.0005758180190205,1.0,0.9974089109096596,3.0,0.9704407379711458,27.0,0.9092768306880417,123.0,1.0506162008927185,500.0
2004-09-16 00:00:00-04:00,35.98691987995464,36.26501748531132,35.909998833488906,36.15851211547852,515000,WHR,36.57861328125,1,1.0023784279723689,2.0,1.0011140250556043,4.0,0.9767311720126706,27.0,0.9140037965672019,123.0,1.0551566759424564,500.0
2004-09-17 00:00:00-04:00,36.33010227063008,36.59636342282597,36.08158900287111,36.57861328125,1128900,WHR,36.418853759765625,0,1.0057756085833767,2.0,1.0105930497909152,4.0,0.9900074253158686,27.0,0.924948064649785,124.0,1.0669380625887017,500.0
2004-09-20 00:00:00-04:00,36.57861179889236,36.71470147878426,36.140758438742616,36.418853759765625,586100,WHR,37.62591552734375,1,0.9978114374654313,1.0,1.005554584558224,3.0,0.987994411035161,26.0,0.9212094214892208,124.0,1.0618119966334758,499.0
2004-09-21 00:00:00-04:00,36.41885621079786,37.63183148898113,36.41885621079786,37.62591552734375,1688700,WHR,37.29457473754883,0,1.0163017830860912,1.0,1.0293308438673539,4.0,1.0223130696996408,27.0,0.9519568923229867,124.0,1.0964976969158664,499.0
2004-09-22 00:00:00-04:00,37.330077287824814,37.51941970835069,36.898139749928944,37.29457473754883,806300,WHR,36.5667839050293,0,0.9955774343090465,1.0,1.0130185258001205,3.0,1.014739907692051,27.0,0.9437916535818982,124.0,1.0863247731188206,499.0
2004-09-23 00:00:00-04:00,36.51944943556188,36.76204451657319,36.14076465126514,36.5667839050293,1368300,WHR,36.35376739501953,0,0.990146527955959,0.0,0.9910517169335784,2.0,0.9964864218307927,27.0,0.9256379611488512,124.0,1.0646458507913488,498.0
2004-09-24 00:00:00-04:00,36.65553333652178,36.81529137782197,36.27093039370958,36.35376739501953,784900,WHR,35.756160736083984,0,0.997078786347442,0.0,0.9864807350225638,1.0,0.9924628270769335,26.0,0.9205105368245604,124.0,1.05797396730558,498.0
2004-09-27 00:00:00-04:00,36.389274766904514,36.44252745440994,35.64965536107312,35.756160736083984,866800,WHR,35.75025177001953,0,0.9917125606081726,0.0,0.9737664922981314,1.0,0.9779135659670839,26.0,0.905680781034562,124.0,1.0401325413794547,498.0
2004-09-28 00:00:00-04:00,35.70883325314383,35.76800417520904,35.057968910405755,35.75025177001953,1031900,WHR,35.51355743408203,0,0.9999173645291749,0.0,0.9836547735760602,0.0,0.9796602410490022,25.0,0.9058392928152695,123.0,1.039505432234397,498.0
2004-09-29 00:00:00-04:00,35.51947339481688,35.738402313365555,35.41296804447936,35.51355743408203,614800,WHR,35.55499267578125,1,0.9966786179607716,0.0,0.9868137868365046,0.0,0.975243128925597,24.0,0.9002320393712117,122.0,1.032173352664786,498.0
2004-09-30 00:00:00-04:00,35.51949012323537,35.80942199284375,35.312397542900705,35.55499267578125,603600,WHR,35.98691940307617,1,1.00058303203928,1.0,0.9935518089688044,1.0,0.9779234757689879,25.0,0.9016884902255351,122.0,1.0329244936694855,499.0
2004-10-01 00:00:00-04:00,35.55498196765101,36.12300909447266,35.43072645687237,35.98691940307617,531900,WHR,35.27687072753906,0,1.0060373942314937,2.0,1.0076876149647185,2.0,0.9906680354426627,26.0,0.913027614693644,122.0,1.0449981867722258,500.0
2004-10-04 00:00:00-04:00,35.99282370671862,36.15257944044825,35.235452239959045,35.27687072753906,1114300,WHR,35.14080047607422,0,0.9900363329787021,1.0,0.9904637598002695,2.0,0.9724292108981049,25.0,0.8954675329275635,121.0,1.0239350723089757,500.0
2004-10-05 00:00:00-04:00,35.164468841217385,35.265056007366546,34.850870903058784,35.14080047607422,1144000,WHR,35.679237365722656,1,0.9980676689652034,0.0,0.9900315150279152,2.0,0.9696967064279269,25.0,0.8924818179191417,120.0,1.0195471415240778,500.0
2004-10-06 00:00:00-04:00,35.14079456357693,35.73840826862497,35.123044421275814,35.679237365722656,1069000,WHR,34.927791595458984,0,1.0076028890418167,1.0,1.0042635172743004,3.0,0.9853465397603206,26.0,0.9066069461128542,120.0,1.0347019794973304,501.0
2004-10-07 00:00:00-04:00,35.620076641977974,35.702913667325284,34.89229130296137,34.927791595458984,1142200,WHR,34.26508712768555,0,0.9893573517917487,1.0,0.9865960121919203,2.0,0.9654172138055005,26.0,0.8880354023369944,119.0,1.012463493397931,501.0
2004-10-08 00:00:00-04:00,34.91595129027222,34.96328801482215,34.12899743031339,34.26508712768555,1206700,WHR,34.61418151855469,1,0.990422360219683,0.0,0.9773840124100442,1.0,0.9481265713016257,26.0,0.8717537211023126,119.0,0.9928165439423698,501.0
2004-10-11 00:00:00-04:00,34.347918132368804,34.649684055759096,34.17632592158914,34.61418151855469,621300,WHR,34.78577423095703,1,1.0050682069907284,1.0,0.9910884936656362,2.0,0.9586164905024822,27.0,0.8812519562911586,119.0,1.002487121783143,501.0
2004-10-12 00:00:00-04:00,34.54317919940912,34.83310869077329,34.288749988622406,34.78577423095703,1103200,WHR,34.643768310546875,0,1.00247251904629,2.0,0.9980306615972752,3.0,0.9641124335142315,28.0,0.886224735375798,120.0,1.0070076102699943,501.0
2004-10-13 00:00:00-04:00,34.89819753582592,34.969200358164095,34.41300744509356,34.643768310546875,1078400,WHR,34.235504150390625,0,0.9979546758452964,1.0,0.999897474147014,2.0,0.9614726193785587,27.0,0.8832258379023725,119.0,1.0024344288327947,501.0
2004-10-14 00:00:00-04:00,34.64377325857022,34.73252849202373,34.205919824952566,34.235504150390625,934300,WHR,34.247344970703125,1,0.9940727573685134,0.0,0.9920785881383392,2.0,0.9512772959190424,27.0,0.8734405155054986,119.0,0.9902341242969493,500.0
2004-10-15 00:00:00-04:00,34.235510786806024,34.342016184740146,33.80357323169089,34.247344970703125,795300,WHR,34.484012603759766,1,1.0001729019815102,1.0,0.9925237700844938,3.0,0.9530172628616485,27.0,0.8743838638201376,119.0,0.9902058109344528,500.0
2004-10-18 00:00:00-04:00,34.306504407318464,34.484012603759766,33.96923815693824,34.484012603759766,722900,WHR,35.093467712402344,1,1.0034433720125524,2.0,1.0001372346049913,3.0,0.960736283089431,28.0,0.881022556157916,120.0,0.9966813493367809,500.0
2004-10-19 00:00:00-04:00,34.72661480623169,35.282810128491874,34.61419345203467,35.093467712402344,1396200,WHR,33.77989959716797,0,1.008759373088436,2.0,1.0159998566927122,3.0,0.9782846834990734,29.0,0.8970740990412792,121.0,1.0138979753663617,501.0
2004-10-20 00:00:00-04:00,34.17041857632612,34.28283992011094,32.602424440097806,33.77989959716797,3073700,WHR,33.442623138427734,0,0.9809277785224269,1.0,0.9828868300216541,3.0,0.9428397387760935,28.0,0.8638668549569573,121.0,0.9756058824063317,500.0
2004-10-21 00:00:00-04:00,33.19410990519011,33.5491284873669,32.898262215278834,33.442623138427734,2398100,WHR,32.95743560791016,0,0.994982686679778,0.0,0.9775837955124638,3.0,0.9347111619929209,28.0,0.8556945318690741,120.0,0.9655253975009843,500.0
2004-10-22 00:00:00-04:00,33.489960135868,33.489960135868,32.78584339303021,32.95743560791016,801700,WHR,32.566925048828125,0,0.9926929653425296,0.0,0.9707213971926049,2.0,0.9227809981491891,27.0,0.8438037761322279,119.0,0.9512056853086275,499.0
2004-10-25 00:00:00-04:00,32.957444038751404,32.957444038751404,32.265159041032256,32.566925048828125,1667900,WHR,33.57871627807617,1,0.9940402232823332,0.0,0.9701756709417749,1.0,0.9136032815429238,27.0,0.8343852638520591,118.0,0.9396375798171751,499.0
2004-10-26 00:00:00-04:00,32.69117311654112,33.73847431800916,32.43674389632995,33.57871627807617,1378900,WHR,34.927791595458984,1,1.0152964157418565,1.0,1.0094271821239653,1.0,0.9434694482322735,27.0,0.8608818766481963,118.0,0.9685266322093495,499.0
2004-10-27 00:00:00-04:00,33.555057942773075,35.0697995368684,33.549141979736696,34.927791595458984,1632200,WHR,34.62603759765625,0,1.019692659270755,2.0,1.0427856745398765,2.0,0.982032143587404,28.0,0.8960075220254375,118.0,1.0071033117914223,499.0
2004-10-28 00:00:00-04:00,34.92780145476517,34.92780145476517,34.424860940536874,34.62603759765625,894200,WHR,34.76210403442383,1,0.9956615760583803,1.0,1.0265229688072097,2.0,0.974440504629482,27.0,0.888869616822475,117.0,0.9980732460368329,499.0
2004-10-29 00:00:00-04:00,34.64376450543208,34.886359524152724,34.4366720225506,34.76210403442383,630000,WHR,34.28284454345703,0,1.0019609465474526,1.0,1.0196463374600953,3.0,0.9784166271756992,28.0,0.892903843463191,118.0,1.0016560906786465,500.0
2004-11-01 00:00:00-05:00,34.76211882406983,34.76211882406983,34.11125452341123,34.28284454345703,1175800,WHR,34.71476745605469,1,0.9930587320167789,1.0,0.9955669506284627,3.0,0.9650233086616065,28.0,0.8811693594060003,118.0,0.9875315072174605,499.0
2004-11-02 00:00:00-05:00,34.40708783946431,34.89819383956788,34.25916399192945,34.71476745605469,963900,WHR,35.35380172729492,1,1.0062599690058942,1.0,1.001501856377594,3.0,0.9774281397914222,28.0,0.8928003823267563,119.0,0.9996382460764613,500.0
2004-11-03 00:00:00-05:00,35.20587787069536,35.95141311481602,35.15854115315682,35.35380172729492,1142100,WHR,36.38926315307617,1,1.009120127307981,2.0,1.0174367504931738,3.0,0.995510801559239,28.0,0.9097042541687012,120.0,1.0176781200627025,501.0
2004-11-04 00:00:00-05:00,35.294627684660206,36.448431783802974,35.28279350708713,36.38926315307617,1255800,WHR,36.95137405395508,1,1.014432913167396,2.0,1.0367147165275998,4.0,1.0239551224857173,29.0,0.9367065532363124,121.0,1.04707826388661,502.0
2004-11-05 00:00:00-05:00,36.38926303531518,37.07562953236241,36.33009440477985,36.95137405395508,1267300,WHR,36.69103240966797,0,1.0076643852887743,2.0,1.0397587809854703,4.0,1.0386444042337692,30.0,0.9514975613599905,121.0,1.0627976703313289,503.0
2004-11-08 00:00:00-05:00,36.56677691179753,37.028300879391736,36.56677691179753,36.69103240966797,1041500,WHR,37.732421875,1,0.9964647862992404,1.0,1.018628088838992,4.0,1.0304876085784282,29.0,0.9449593812832262,121.0,1.0548550050185175,503.0
2004-11-09 00:00:00-05:00,36.862628777647394,38.21760974174942,36.68512058110216,37.732421875,1710400,WHR,37.685089111328125,0,1.013992759074965,1.0,1.03027675809581,4.0,1.0588472840017282,29.0,0.9719089300668331,121.0,1.0842991387264422,503.0
2004-11-10 00:00:00-05:00,37.827097037767246,38.06377616278598,37.3537410448692,37.685089111328125,1243400,WHR,37.619998931884766,0,0.9993723902704711,1.0,1.016048951760991,3.0,1.0568249974580741,28.0,0.9707991773284258,121.0,1.0824408129821612,503.0
2004-11-11 00:00:00-05:00,37.720586077999336,37.75017039996603,37.513493567093406,37.619998931884766,627700,WHR,37.92768478393555,1,0.9991356469909973,0.0,1.007607022250231,2.0,1.0546726246706997,27.0,0.969281410870232,120.0,1.0800774390501715,502.0
2004-11-12 00:00:00-05:00,37.66142358560567,38.04602660541019,37.57858431057342,37.92768478393555,621600,WHR,38.099266052246094,1,1.0040727370703801,1.0,1.0105629151687048,2.0,1.062559747187574,28.0,0.9772958885628087,121.0,1.0883958026305196,503.0
2004-11-15 00:00:00-05:00,37.89809178517246,38.22352154325233,37.86850520976629,38.099266052246094,958700,WHR,37.84313201904297,0,1.0022568479522513,2.0,1.0075734461205588,3.0,1.0665343087153922,29.0,0.981745014785762,122.0,1.0928012382509111,503.0
2004-11-16 00:00:00-05:00,38.11118551515192,38.11118551515192,37.73591062059939,37.84313201904297,670700,WHR,39.57058334350586,1,0.9966272590844092,1.0,1.0002140301847493,2.0,1.058615840504875,29.0,0.9751966826127523,122.0,1.0849282659130597,503.0
2004-11-17 00:00:00-05:00,38.3732785612246,40.80362707478357,38.3732785612246,39.57058334350586,3561900,WHR,39.1714973449707,0,1.022314538404116,1.0,1.0355502352212091,3.0,1.1051110664112647,30.0,1.0195986596389133,122.0,1.1338435575108543,504.0
2004-11-18 00:00:00-05:00,39.57059756765024,39.58250904005502,38.89153002485466,39.1714973449707,883400,WHR,38.50433349609375,0,0.9949317316097597,1.0,1.0168490043486584,3.0,1.092463541055022,29.0,1.0092423493796578,122.0,1.1218046774299841,504.0
2004-11-19 00:00:00-05:00,39.34423528676838,39.35614675676686,38.16479979328716,38.50433349609375,978800,WHR,38.60558319091797,1,0.9914109209820741,0.0,0.9965466697186013,2.0,1.072822776216049,28.0,0.9920510789803303,121.0,1.102135099496612,503.0
2004-11-22 00:00:00-05:00,38.385186989484666,38.76045951367954,38.146916772457566,38.60558319091797,732800,WHR,38.420928955078125,0,1.001313056726999,1.0,0.9965553421914788,2.0,1.0745644705409074,28.0,0.9947764095833618,121.0,1.1044712943056587,503.0
2004-11-23 00:00:00-05:00,38.54601980632084,38.67706866323039,37.83121137129858,38.420928955078125,771400,WHR,38.76045608520508,1,0.9976027184576416,1.0,0.9888389926680451,2.0,1.0683122728729835,28.0,0.9901503205885326,121.0,1.0986377274495525,502.0
2004-11-24 00:00:00-05:00,38.48048894580912,39.08212016804559,38.48048894580912,38.76045608520508,728700,WHR,38.68898010253906,0,1.0043990805548482,1.0,1.0017547629590169,2.0,1.0764638361080627,29.0,0.9989716901151531,122.0,1.1077907245097405,502.0
2004-11-26 00:00:00-05:00,38.73663505858637,39.004690777882445,38.677068635840605,38.68898010253906,213700,WHR,38.81407165527344,1,0.9990771271401802,1.0,1.0024075966645702,2.0,1.0732100034216618,29.0,0.9972260347322388,121.0,1.1051960430094565,502.0
2004-11-29 00:00:00-05:00,38.68897627187847,39.19530217665217,38.59962891891962,38.81407165527344,940800,WHR,38.450721740722656,0,1.001614020995267,1.0,1.0040371369789183,3.0,1.0755477979239976,29.0,1.0005629689196973,121.0,1.10822738734466,502.0
2004-11-30 00:00:00-05:00,38.77833940058559,38.82003635891824,38.391150761995206,38.450721740722656,560400,WHR,38.71876525878906,1,0.9952973417959128,1.0,0.9954355807514566,2.0,1.0644978164558416,29.0,0.9913297463423705,121.0,1.0973565400772463,501.0
2004-12-01 00:00:00-05:00,38.45071408638659,38.95703549238387,38.31370722506589,38.71876525878906,916000,WHR,38.27202606201172,0,1.003473439159549,1.0,1.0008314582088074,3.0,1.070922398828955,29.0,0.9983166451504683,122.0,1.1045272882722268,501.0
2004-12-02 00:00:00-05:00,38.64134530365696,38.74856672577147,38.20054359905918,38.27202606201172,523700,WHR,38.07542419433594,0,0.9941974983096888,1.0,0.9917881360858186,2.0,1.0575962090998416,29.0,0.9868787180337307,122.0,1.0913240070864176,501.0
2004-12-03 00:00:00-05:00,38.33156381405227,38.40304622349351,37.92055018517176,38.07542419433594,597900,WHR,37.71209716796875,0,0.9974249059134829,0.0,0.9898410144546378,2.0,1.0511437084927322,29.0,0.9818800032373055,122.0,1.085267557863159,501.0
2004-12-06 00:00:00-05:00,38.015889710062666,38.02184771867472,37.54530701154893,37.71209716796875,689800,WHR,37.71209716796875,0,0.9952059782423772,0.0,0.9860452750178617,1.0,1.0403866792240384,28.0,0.9726725347105347,121.0,1.0744760023641284,501.0
2004-12-07 00:00:00-05:00,37.71209716796875,38.09332791581778,37.58700398257526,37.71209716796875,899700,WHR,38.12309265136719,1,1.0,0.0,0.9898686552633318,1.0,1.0397146965099164,27.0,0.9728059797211798,121.0,1.0740552612068146,500.0
2004-12-08 00:00:00-05:00,37.71803461016134,38.331577405378994,37.71803461016134,38.12309265136719,595400,WHR,38.15882873535156,1,1.005419587982539,1.0,1.003795397511511,1.0,1.0499951352146695,28.0,0.9834481004679086,122.0,1.0853228805481925,501.0
2004-12-09 00:00:00-05:00,38.09330658351304,38.18861421710289,37.74781499155407,38.15882873535156,651000,WHR,38.07542419433594,0,1.0004684738314757,2.0,1.0053356283240642,2.0,1.049932617368352,28.0,0.9844614285775731,122.0,1.08585531040417,502.0
2004-12-10 00:00:00-05:00,38.057554728131926,38.688966772008136,38.003944057207285,38.07542419433594,473300,WHR,39.231056213378906,1,0.9989059440105938,1.0,1.0031382454528928,2.0,1.04671763284045,27.0,0.9823899942748132,122.0,1.0829885282862592,502.0
2004-12-13 00:00:00-05:00,38.32562996823978,39.44549903224722,38.301807028034894,39.231056213378906,830200,WHR,40.166259765625,1,1.0149487082188733,1.0,1.02537778066876,3.0,1.0771776100365498,27.0,1.0121868593647987,122.0,1.1153031417537866,503.0
2004-12-14 00:00:00-05:00,39.04639534774435,40.35687508238399,39.04639534774435,40.166259765625,1003300,WHR,40.89894104003906,1,1.0117787804375327,2.0,1.0365237007000878,4.0,1.1009677033797065,28.0,1.0363387543161293,122.0,1.141310502304265,503.0
2004-12-15 00:00:00-05:00,40.14243321758693,41.029985380852025,39.85055450114121,40.89894104003906,1267700,WHR,40.309226989746094,0,1.0090381725713664,2.0,1.0405239637018318,4.0,1.1193769502568025,28.0,1.0551959670880842,122.0,1.1615167413162961,503.0
2004-12-16 00:00:00-05:00,40.68450422505112,40.68450422505112,40.14839713506424,40.309226989746094,634300,WHR,39.481231689453125,0,0.9927382421670111,1.0,1.0144212484808866,3.0,1.101721833499116,28.0,1.0401241728891093,121.0,1.1441883289159673,502.0
2004-12-17 00:00:00-05:00,40.01138064469357,40.01138064469357,39.195311006321845,39.481231689453125,1384600,WHR,39.61822509765625,1,0.9896228782989962,0.0,0.9866030223864576,3.0,1.077660550999158,28.0,1.0189444789458137,121.0,1.1201672506288065,501.0
2004-12-20 00:00:00-05:00,39.83862126916356,40.02328304821454,39.49313427324313,39.61822509765625,314200,WHR,40.410491943359375,1,1.0017319133881264,1.0,0.9881143666208679,3.0,1.0797962682095497,29.0,1.0226972038979005,121.0,1.1235895577959305,501.0
2004-12-21 00:00:00-05:00,39.624203029556206,40.49984388587468,39.13575089438498,40.410491943359375,567900,WHR,41.1610107421875,1,1.0098997819157476,2.0,1.0066478451376502,3.0,1.0990658506884503,30.0,1.0433029759922896,121.0,1.1455715710746948,501.0
2004-12-22 00:00:00-05:00,40.88700165860602,41.46480529893822,40.86317418899566,41.1610107421875,850700,WHR,40.69641876220703,0,1.0092007474929245,2.0,1.0240066811234536,3.0,1.1167391373510505,31.0,1.062716910605913,122.0,1.1663338402307208,501.0
2004-12-23 00:00:00-05:00,41.2503953728258,41.26826485306693,40.69641876220703,40.69641876220703,510500,WHR,40.38666534423828,0,0.9943243761404024,1.0,1.0105017783650407,3.0,1.101552692915949,31.0,1.0508305525027624,121.0,1.1527045769202915,500.0
2004-12-27 00:00:00-05:00,40.83342047174256,40.83342047174256,40.32114089530073,40.38666534423828,287900,WHR,41.1014518737793,1,0.9961798022191397,0.0,0.9983216470602967,3.0,1.0907908349857307,30.0,1.0430223814595818,120.0,1.1434605226899863,500.0
2004-12-28 00:00:00-05:00,40.624911483479295,41.1014518737793,40.59513054947678,41.1014518737793,343800,WHR,41.09551239013672,0,1.0087716657832286,1.0,1.0085946935099066,3.0,1.1075463990748522,30.0,1.061593006705086,121.0,1.163188421416367,501.0
2004-12-29 00:00:00-05:00,40.92276653441516,41.09551239013672,40.75597868602967,41.09551239013672,321500,WHR,41.25038909912109,1,0.9999277408393878,1.0,1.0050699347901741,2.0,1.1045000538805088,30.0,1.0615540527178395,120.0,1.1625514481574253,500.0
2004-12-30 00:00:00-05:00,41.161037166876085,41.43504642636687,41.07168523463108,41.25038909912109,313800,WHR,41.226539611816406,0,1.0018808065268987,1.0,1.008416879401531,2.0,1.1056367545936752,31.0,1.0655587026073448,121.0,1.1664719112279143,500.0
2004-12-31 00:00:00-05:00,41.33971896856536,41.56011513323359,41.11336025506745,41.226539611816406,295400,WHR,41.13124847412109,0,0.9997108344396738,1.0,1.0052284054465603,2.0,1.1022660139815026,30.0,1.0650156084802658,120.0,1.1653157403141532,500.0
2005-01-03 00:00:00-05:00,42.26302425401547,42.29280974069783,41.12529046785918,41.13124847412109,757900,WHR,40.42239761352539,0,0.9988429614258716,0.0,0.9992765045745658,2.0,1.096686614452863,30.0,1.0626168254822512,120.0,1.1621428806630478,500.0
2005-01-04 00:00:00-05:00,41.23251380762814,41.36356268382527,39.67780585752121,40.42239761352539,1012200,WHR,40.4581413269043,1,0.9913081646915713,0.0,0.9853061150709675,1.0,1.0748454428584469,30.0,1.0444628150846709,119.0,1.1416449561883697,500.0
2005-01-05 00:00:00-05:00,40.62492917274575,41.19677970795637,40.362835934121165,40.4581413269043,1550900,WHR,40.98233413696289,1,1.0004419321860012,1.0,0.9892511942340234,2.0,1.0730168937084095,30.0,1.0455761891506834,119.0,1.1421792111443838,501.0
2005-01-06 00:00:00-05:00,40.65471192993289,41.5005671167388,40.50579357121518,40.98233413696289,984400,WHR,40.47004318237305,0,1.00643651460865,2.0,1.0033836415842947,2.0,1.0839503601825338,30.0,1.0592917067351346,119.0,1.1565095197261417,501.0
2005-01-07 00:00:00-05:00,40.90488212194966,40.964448539677456,40.3330363314354,40.47004318237305,656500,WHR,41.38142395019531,1,0.993710546316145,1.0,0.9945250859114261,2.0,1.0676585595606065,30.0,1.0462464864268324,119.0,1.1415996537533126,501.0
2005-01-10 00:00:00-05:00,40.47004454877251,41.81626290445349,40.434301061227934,41.38142395019531,948800,WHR,42.05453872680664,1,1.0111345685025557,1.0,1.0156728266538573,3.0,1.0882827290369634,31.0,1.069898724023593,120.0,1.166803094569357,502.0
2005-01-11 00:00:00-05:00,41.04189582255062,42.44172732359645,40.95254390873342,42.05453872680664,1407500,WHR,42.20344924926758,1,1.0080674418441973,2.0,1.0239897575991892,4.0,1.1022130819250375,31.0,1.087467882240734,120.0,1.1852537214851897,502.0
2005-01-12 00:00:00-05:00,41.95326757263221,42.26301566590082,41.69712789094564,42.20344924926758,935400,WHR,41.28017807006836,0,1.001767316381958,2.0,1.0189551551755485,4.0,1.102398614245408,31.0,1.091512915297201,120.0,1.1889336319207389,502.0
2005-01-13 00:00:00-05:00,41.98902649112273,41.99498449900862,40.48793117249681,41.28017807006836,1884500,WHR,41.26231002807617,0,0.9889406916200756,1.0,0.9952324385109591,3.0,1.0753853648956393,30.0,1.0679950952765884,119.0,1.1624332102753123,502.0
2005-01-14 00:00:00-05:00,41.39931696154254,41.637587320606734,40.97043122415281,41.26231002807617,835300,WHR,41.94732666015625,1,0.9997835291568756,0.0,0.9910157901152125,3.0,1.071439076507505,30.0,1.0678797032568048,119.0,1.1614496220666062,501.0
2005-01-18 00:00:00-05:00,41.26230122817614,41.99498163073167,40.74406819320996,41.94732666015625,1170200,WHR,40.77979278564453,0,1.0082324194569756,1.0,1.004736962753397,3.0,1.0852322468204036,31.0,1.0860685649371533,119.0,1.1802285665633365,501.0
2005-01-19 00:00:00-05:00,41.87583399969811,41.88178746045205,40.56535003821288,40.77979278564453,1088300,WHR,40.69044876098633,0,0.985886927015794,1.0,0.9827732192303287,2.0,1.0514800692910877,31.0,1.0563894262769136,119.0,1.1469390067509435,500.0
2005-01-20 00:00:00-05:00,40.785758687019445,41.1431618203888,40.565357891538426,40.69044876098633,614100,WHR,40.23773956298828,0,0.9989033538754507,0.0,0.9878237919284355,1.0,1.0455264648139944,31.0,1.0545831647970465,119.0,1.1439926777571265,499.0
2005-01-21 00:00:00-05:00,40.607054158527234,41.065725216675546,40.20199606901907,40.23773956298828,475800,WHR,40.279441833496094,1,0.9944060381509376,0.0,0.9818028336314709,1.0,1.0309543057425914,30.0,1.0434241697654656,118.0,1.1308509964928553,499.0
2005-01-24 00:00:00-05:00,40.279441833496094,40.55940454799313,40.13647692801019,40.279441833496094,388100,WHR,40.30326461791992,1,1.0005179300837974,1.0,0.9875570963716215,2.0,1.029669684421775,30.0,1.0450057871906324,119.0,1.131620897104579,499.0
2005-01-25 00:00:00-05:00,39.11787127412647,40.75597313195046,39.11787127412647,40.30326461791992,556800,WHR,40.60704803466797,1,1.0002956314756963,2.0,0.9961720211603814,2.0,1.0277926478078923,31.0,1.0459427322137396,120.0,1.131898566683795,499.0
2005-01-26 00:00:00-05:00,40.26751443324245,40.7261854222196,40.10072663529681,40.60704803466797,439100,WHR,40.4879264831543,0,1.0037545698043762,2.0,1.004538426180912,3.0,1.032973413854135,31.0,1.054151521976307,120.0,1.1400414415530749,499.0
2005-01-27 00:00:00-05:00,40.60705935930346,40.90489609430431,40.32709210126221,40.4879264831543,668600,WHR,39.75522994995117,0,0.9985310858999347,1.0,1.0025961953879658,3.0,1.0272407255829998,31.0,1.0514484098610661,119.0,1.1363154727858913,498.0
2005-01-28 00:00:00-05:00,40.31516423835048,40.31516423835048,39.46930934560442,39.75522994995117,1533400,WHR,40.660675048828125,1,0.990869046461128,0.0,0.9868106896866549,3.0,1.0065058211872921,30.0,1.0328164715768349,119.0,1.1154082077024299,497.0
2005-01-31 00:00:00-05:00,40.0888290248123,40.66662851179343,39.78503426233794,40.660675048828125,827200,WHR,41.14912033081055,1,1.0112595275634926,1.0,1.0073792206983594,3.0,1.0271294547315297,30.0,1.0565437326898148,120.0,1.1404308253272182,498.0
2005-02-01 00:00:00-05:00,40.57131639488473,41.24442571338331,40.39857056030493,41.14912033081055,752300,WHR,40.666622161865234,0,1.0059704987613745,2.0,1.0152255097649456,3.0,1.0373891661072463,30.0,1.0693650700492539,121.0,1.153733229657978,498.0
2005-02-02 00:00:00-05:00,41.01211383429065,41.32782001802759,40.44622590622945,40.666622161865234,838500,WHR,38.92725372314453,0,0.9941026243331043,1.0,1.0030265298149927,2.0,1.023627217983911,29.0,1.0570114928954706,120.0,1.1398256601088426,498.0
2005-02-03 00:00:00-05:00,39.01660563734633,39.40975224198336,38.12309558458267,38.92725372314453,3836200,WHR,38.432838439941406,0,0.9781469564161747,0.0,0.9675747254558797,2.0,0.9789268772690912,29.0,1.0121927351066358,119.0,1.0907659797187945,497.0
2005-02-04 00:00:00-05:00,38.48049339356507,38.80811551894462,38.3017941344161,38.432838439941406,2015100,WHR,37.75973129272461,0,0.9936089103647805,0.0,0.9616070280839848,2.0,0.9662098774403899,28.0,0.9997590501360903,119.0,1.0766180097944222,497.0
2005-02-07 00:00:00-05:00,38.42092903976986,38.42688704544981,37.63464044120615,37.75973129272461,1534900,WHR,37.43212127685547,0,0.9911657114390747,0.0,0.9586823769202171,1.0,0.9492581296866744,28.0,0.9827488392658145,118.0,1.057503174993328,496.0
2005-02-08 00:00:00-05:00,37.75974123379114,37.890790125490994,37.30703039240414,37.43212127685547,1278200,WHR,36.83048629760742,0,0.9956430117802194,0.0,0.968647109811343,0.0,0.9410962826700384,28.0,0.9747718092040607,117.0,1.048085750934407,495.0
2005-02-09 00:00:00-05:00,37.515509323479016,37.66442766897027,36.80665881697355,36.83048629760742,1012900,WHR,37.20575714111328,1,0.9918985476150324,0.0,0.9723839243493485,0.0,0.9263962438645945,27.0,0.959696164354315,117.0,1.031021723011447,494.0
2005-02-10 00:00:00-05:00,36.93174794366072,37.31297852660577,36.84239603164581,37.20575714111328,909000,WHR,37.63466644287109,1,1.005068745064253,1.0,0.9913026717709011,1.0,0.9361860918638913,27.0,0.9699645918936126,118.0,1.0412941417607062,495.0
2005-02-11 00:00:00-05:00,37.05090646015376,38.00398351921982,36.93772699717314,37.63466644287109,1162300,WHR,37.68824768066406,1,1.0057309844228297,2.0,1.0070135416280492,2.0,0.94706127541943,28.0,0.981606277912187,118.0,1.0530508382975678,495.0
2005-02-14 00:00:00-05:00,37.63463699601906,37.84907973459905,37.49167441286135,37.68824768066406,678300,WHR,38.3911361694336,1,1.0007113537549157,2.0,1.0088331723754091,3.0,0.949158958624438,28.0,0.9834319078953204,119.0,1.0543076105060203,495.0
2005-02-15 00:00:00-05:00,37.80737897466399,38.76045519187775,37.77163776440113,38.3911361694336,1413400,WHR,38.00396347045898,0,1.009238882509281,2.0,1.0223988310851242,4.0,0.9671776393276029,29.0,1.0021164703166925,120.0,1.0736924325238082,496.0
2005-02-16 00:00:00-05:00,38.27201696200974,38.27797496866295,37.8550451165212,38.00396347045898,886300,WHR,37.20575714111328,0,0.9949319694483068,1.0,1.005801527475903,4.0,0.9576248929521936,29.0,0.9923593014135945,120.0,1.0625737509361488,496.0
2005-02-17 00:00:00-05:00,37.98609005279447,38.09331143828695,37.17001819415813,37.20575714111328,1091800,WHR,37.46190643310547,1,0.9893869260136184,0.0,0.9846764375646653,3.0,0.9380631378205129,28.0,0.9718730731370596,120.0,1.0399865051755872,496.0
2005-02-18 00:00:00-05:00,37.02110931111035,37.545300360384864,36.97941234747065,37.46190643310547,735700,WHR,36.8126220703125,0,1.0034305250724442,1.0,0.9923630675013887,3.0,0.9449021819467893,29.0,0.9789036648728165,120.0,1.046891140812442,496.0
2005-02-22 00:00:00-05:00,37.22959397732132,37.42616732423233,36.65178995165278,36.8126220703125,741500,WHR,37.6644172668457,1,0.9912583172740963,1.0,0.979708491737276,2.0,0.9292862078262496,28.0,0.9623531378548038,119.0,1.0285102458483193,496.0
2005-02-23 00:00:00-05:00,37.46784628668912,37.90864319510872,37.295100508272775,37.6644172668457,1301000,WHR,38.3541374206543,1,1.0114370174232774,1.0,1.0062699883204003,2.0,0.9511986827451432,29.0,0.9851089637100777,119.0,1.0520497498703625,496.0
2005-02-24 00:00:00-05:00,37.72439833465978,38.3541374206543,37.63443462757252,38.3541374206543,753100,WHR,38.3961296081543,1,1.0090730500815746,2.0,1.0227833236924317,3.0,0.9688048206194223,29.0,1.0035909215384358,119.0,1.071016519429083,497.0
2005-02-25 00:00:00-05:00,38.35414942967389,38.61204074246971,37.904335329141055,38.3961296081543,582100,WHR,38.23418045043945,0,1.0005471275752595,2.0,1.0174436852688773,4.0,0.9698878113571067,30.0,1.0051844571338804,119.0,1.0719099900027698,497.0
2005-02-28 00:00:00-05:00,38.39611143666712,38.39611143666712,37.856336144207496,38.23418045043945,1493800,WHR,38.46209716796875,1,0.9978866174808504,1.0,1.0090224956243876,3.0,0.9659940419421482,29.0,1.001367938127135,119.0,1.067134212185309,496.0
2005-03-01 00:00:00-05:00,38.234193037133245,38.654017640184165,38.18021526133063,38.46209716796875,1508200,WHR,38.24018859863281,0,1.0029716789993808,1.0,1.0062765835814307,4.0,0.9716746330230055,30.0,1.007752117769715,119.0,1.0732457112053366,496.0
2005-03-02 00:00:00-05:00,38.43211135394119,38.49808444359837,38.054266932732496,38.24018859863281,932600,WHR,38.37213516235352,1,0.9971068845326045,1.0,0.997465707488152,3.0,0.9660015024408979,30.0,1.0023421794098555,119.0,1.066824157289052,495.0
2005-03-03 00:00:00-05:00,38.24018898171733,38.51607665830867,38.06026382767773,38.37213516235352,1000900,WHR,39.45768356323242,1,1.0017222629107605,1.0,1.0008134636188448,3.0,0.9690653649823316,31.0,1.006245826648571,119.0,1.0702931452142233,495.0
2005-03-04 00:00:00-05:00,38.53406495909246,39.583630930740895,38.49208250325631,39.45768356323242,1132300,WHR,40.33932495117188,1,1.0139477184792933,2.0,1.0234591483405984,3.0,0.9957486363257743,32.0,1.0349494182705559,120.0,1.1003099292438643,496.0
2005-03-07 00:00:00-05:00,39.40370862341272,41.34690859785821,39.36772496394913,40.33932495117188,1999500,WHR,39.5836181640625,0,1.0110485518737249,2.0,1.0350240942553555,4.0,1.0170495814354303,32.0,1.058144806942199,121.0,1.1245981477056186,497.0
2005-03-08 00:00:00-05:00,40.33930670112993,40.50123767120143,39.48166145787885,39.5836181640625,816300,WHR,39.18180465698242,0,0.9905445575744154,1.0,1.0098224980875223,3.0,0.9973992818876809,31.0,1.0383633159157064,121.0,1.1032302002713823,497.0
2005-03-09 00:00:00-05:00,39.49367372662677,39.69159301207649,39.10983275979745,39.18180465698242,531400,WHR,39.50566864013672,1,0.9948986053437052,0.0,0.9947924672081269,3.0,0.9868161728239996,31.0,1.0277984418894328,121.0,1.0917188330165568,497.0
2005-03-10 00:00:00-05:00,39.187796214360965,39.76356220113727,39.12182769944915,39.50566864013672,435900,WHR,39.54765319824219,1,1.004115826440778,1.0,0.9972748929536412,3.0,0.9948581940938319,31.0,1.0363101787433027,121.0,1.1004255183557499,497.0
2005-03-11 00:00:00-05:00,39.56564502833133,39.74556790496795,39.24777716143598,39.54765319824219,590000,WHR,39.451690673828125,0,1.0005310916370005,2.0,0.9978814709882381,3.0,0.9961741200836928,31.0,1.0373495649713034,122.0,1.101257531303047,498.0
2005-03-14 00:00:00-05:00,39.5776380602092,39.77555734269882,39.33773631559256,39.451690673828125,657600,WHR,39.21777725219727,0,0.9987852744122855,1.0,0.9999392612274055,2.0,0.9943610586973455,30.0,1.034805137153329,121.0,1.0982800254864962,497.0
2005-03-15 00:00:00-05:00,39.5836262854404,40.00345079453385,39.21777725219727,39.21777725219727,544600,WHR,38.486087799072266,0,0.99702663018071,0.0,0.9958573431828884,2.0,0.9889187929380844,30.0,1.028793760120135,120.0,1.0914623692343486,497.0
2005-03-16 00:00:00-05:00,39.04385738641005,39.10383167602535,38.34814510265908,38.486087799072266,873800,WHR,38.38412094116211,0,0.990583615723076,0.0,0.980742774664246,2.0,0.9708744958460899,30.0,1.0097666568953938,120.0,1.0707793979303109,497.0
2005-03-17 00:00:00-05:00,38.91789975694064,38.91789975694064,38.28816073032408,38.38412094116211,860200,WHR,38.30617141723633,0,0.9986735191749676,0.0,0.983767653384303,1.0,0.9688049004603184,29.0,1.007235596564513,120.0,1.0676038472308258,497.0
2005-03-18 00:00:00-05:00,38.38413984189462,38.66002529791872,38.07226843113447,38.30617141723633,813800,WHR,39.9434928894043,1,0.9989835803003397,0.0,0.9880575672876043,0.0,0.9676940860409852,28.0,1.0052992532590366,120.0,1.0651047814519408,496.0
2005-03-21 00:00:00-05:00,38.98389034978942,40.177395865443366,38.67801546737454,39.9434928894043,1686800,WHR,40.19538879394531,1,1.0209243258316318,1.0,1.027682819771002,1.0,1.009573779434212,28.0,1.0482255303142953,120.0,1.1102598733415223,496.0
2005-03-22 00:00:00-05:00,40.171402733578624,41.34691644862304,39.94349397838136,40.19538879394531,1608000,WHR,39.99147033691406,0,1.0031432420723854,2.0,1.02898740260001,2.0,1.0161549299526185,29.0,1.0547639076993371,121.0,1.1168548168676493,497.0
2005-03-23 00:00:00-05:00,39.84153231144209,40.0994258982837,39.54765506272574,39.99147033691406,699400,WHR,40.14739990234375,1,0.9974569591671065,1.0,1.0159368816000496,2.0,1.0111681637143628,29.0,1.0493887477839374,120.0,1.1108069315543745,496.0
2005-03-24 00:00:00-05:00,40.05743618818504,40.60320812279063,40.03344555935974,40.14739990234375,420000,WHR,39.751564025878906,0,1.0019457419971627,1.0,1.0108421474189044,3.0,1.015519066121035,29.0,1.053436966424402,121.0,1.114738626439651,497.0
2005-03-28 00:00:00-05:00,40.16539439299927,40.16539439299927,39.40370674846599,39.751564025878906,578400,WHR,39.06184768676758,0,0.9950457946260675,1.0,0.9936434526456149,3.0,1.0060765142639463,29.0,1.0430623783900297,120.0,1.1033658830972162,496.0
2005-03-29 00:00:00-05:00,39.81153771697707,39.81153771697707,39.01986522810564,39.06184768676758,836400,WHR,40.74116516113281,1,0.9912487440383112,0.0,0.9807256981834837,2.0,0.9895339160408906,28.0,1.0250755062505117,119.0,1.0838733760515513,495.0
2005-03-30 00:00:00-05:00,39.22379290054496,40.83112890193658,38.95390167813366,40.74116516113281,1204400,WHR,40.62120056152344,0,1.0210432841372281,1.0,1.020092690825031,2.0,1.0322867568847391,29.0,1.0690831946445218,119.0,1.1300297127518484,496.0
2005-03-31 00:00:00-05:00,40.879094076543815,41.06501571211288,40.56722050799892,40.62120056152344,643600,WHR,40.10541534423828,0,0.9985255517272162,1.0,1.0138916799691142,2.0,1.029468869663953,29.0,1.0659342562796723,118.0,1.1262873886806195,495.0
2005-04-01 00:00:00-05:00,40.81911706747707,41.07701059415418,39.70957685298043,40.10541534423828,832200,WHR,40.4052963256836,1,0.9936107167196595,0.0,1.0012276936153515,1.0,1.0165333538727321,29.0,1.052462093309781,117.0,1.111619901961491,494.0
2005-04-04 00:00:00-04:00,40.19537945241964,40.51325187522838,39.79354668634818,40.4052963256836,568000,WHR,40.50725936889648,1,1.0037247339543436,1.0,1.0054323883647467,2.0,1.024157161210713,29.0,1.0604008830292737,117.0,1.1195376013162446,495.0
2005-04-05 00:00:00-04:00,40.441286268602624,40.66319620374976,40.29734703875493,40.50725936889648,402200,WHR,40.55523681640625,1,1.0012601634238047,2.0,1.0007706286366724,3.0,1.0269477333001917,29.0,1.0631328569894163,118.0,1.1219804148628914,495.0
2005-04-06 00:00:00-04:00,40.711169060822336,40.77114792870795,40.483264920390624,40.55523681640625,399600,WHR,40.77114486694336,1,1.0005918575144799,2.0,1.0028773083778069,3.0,1.0281270567407694,30.0,1.064403022387838,119.0,1.1229322333688738,495.0
2005-04-07 00:00:00-04:00,40.66918354464185,40.78313789417274,40.489260681732105,40.77114486694336,478200,WHR,40.2553596496582,0,1.0026548340903418,2.0,1.0074693046394234,4.0,1.0338671903732541,30.0,1.0699817388716446,120.0,1.1285046430687407,496.0
2005-04-08 00:00:00-04:00,40.771146783924834,40.84311410217456,40.24936084788904,40.2553596496582,783700,WHR,39.931488037109375,0,0.993634364207585,1.0,0.9939874910199027,4.0,1.0215647888589148,29.0,1.0564645811139908,119.0,1.1138283732195675,496.0
2005-04-11 00:00:00-04:00,40.41728567801584,40.41728567801584,39.48766827614486,39.931488037109375,969900,WHR,40.92708206176758,1,0.9959610382264438,0.0,0.9883029262615062,3.0,1.0143205538318,28.0,1.047887003339055,119.0,1.1044880298156463,495.0
2005-04-12 00:00:00-04:00,39.93149595420704,40.98705635667561,39.85952405487016,40.92708206176758,1328000,WHR,40.42329406738281,0,1.0123127829671086,1.0,1.0108431905751722,3.0,1.0397655875760805,29.0,1.0738668777161962,119.0,1.1315904027087593,496.0
2005-04-13 00:00:00-04:00,40.92708365511805,41.21496668792789,40.31533850204732,40.42329406738281,834000,WHR,39.29576110839844,0,0.993807182973746,1.0,0.999051456214112,2.0,1.0273316603138714,29.0,1.0605874358099991,118.0,1.1173246461450101,495.0
2005-04-14 00:00:00-04:00,40.49526547719351,40.53125371976467,39.09784636511424,39.29576110839844,1806800,WHR,38.3001594543457,0,0.985856167556199,0.0,0.9783194011483468,1.0,0.9997990498457613,28.0,1.0311095501527514,117.0,1.0858802189292687,494.0
2005-04-15 00:00:00-04:00,39.30174410119431,39.30774290183399,38.3001594543457,38.3001594543457,1844200,WHR,39.11582565307617,1,0.9871694072725422,0.0,0.9629069306693683,1.0,0.9754937503672315,28.0,1.0051479352216184,117.0,1.0581164065319832,494.0
2005-04-18 00:00:00-04:00,38.486084231134605,39.18779296364465,38.45010057585037,39.11582565307617,1291000,WHR,38.76798629760742,0,1.0105361469933976,1.0,0.9874635591591554,2.0,0.9969348985480954,29.0,1.0265803283624362,118.0,1.0803690323184787,495.0
2005-04-19 00:00:00-04:00,39.11584371176631,39.13383554771476,38.44411952329536,38.76798629760742,1462400,WHR,36.96871566772461,0,0.9955338683770512,1.0,0.9894687941846453,1.0,0.9886868644679125,29.0,1.0174714058897385,118.0,1.0704747606030809,495.0
2005-04-20 00:00:00-04:00,38.76797180175045,38.76797180175045,36.72881622257799,36.96871566772461,2771600,WHR,40.183380126953125,1,0.9762430818454912,0.0,0.9604836000788596,1.0,0.9441292570282847,28.0,0.9706057140510401,117.0,1.02059011112168,494.0
2005-04-21 00:00:00-04:00,38.98387624256647,40.24335440602363,38.75597215180091,40.183380126953125,5369800,WHR,38.701995849609375,0,1.0416665863203975,1.0,1.0392106529571017,2.0,1.0262796571321713,28.0,1.0550290250224779,118.0,1.1090289134347313,494.0
2005-04-22 00:00:00-04:00,39.70358059199299,39.78754550598055,38.40211984944101,38.701995849609375,3195200,WHR,38.73797225952149,1,0.9812210532179769,1.0,0.9988235428241221,2.0,0.9892474401585261,27.0,1.0162552006152925,118.0,1.0679094184459919,493.0
2005-04-25 00:00:00-04:00,38.7619628841369,38.80994413336774,38.12023083471357,38.73797225952149,1666200,WHR,37.68241500854492,0,1.0004645716003062,1.0,1.0017056837534324,2.0,0.9909057390472401,28.0,1.0173172568724933,118.0,1.0686574508215974,494.0
2005-04-26 00:00:00-04:00,38.737975114968016,38.7439739155,37.54447005077403,37.68241500854492,1717200,WHR,37.49650192260742,0,0.9861874914703861,1.0,0.979912030491631,2.0,0.9647574563543688,28.0,0.9897745791539428,118.0,1.0393434905648329,493.0
2005-04-27 00:00:00-04:00,37.68842241340006,37.90433353750996,36.77679893819866,37.49650192260742,2108800,WHR,37.130653381347656,0,0.99752705820293,0.0,0.9724082310465343,2.0,0.9612955612802793,27.0,0.9849794876642324,118.0,1.0340527543836997,492.0
2005-04-28 00:00:00-04:00,37.48450722102909,37.502499052375896,37.08267440179858,37.130653381347656,1033700,WHR,37.22061920166016,1,0.9950976485735029,0.0,0.978412218817679,1.0,0.9535535947800757,26.0,0.9754820029764038,118.0,1.0237843075339699,492.0
2005-04-29 00:00:00-04:00,37.28059350142887,37.32257596884154,36.62086705248153,37.22061920166016,1008700,WHR,36.96871566772461,0,1.0012100104972927,1.0,0.9885000961129929,2.0,0.9572759430223554,27.0,0.9779872275637589,118.0,1.026094379126948,492.0
2005-05-02 00:00:00-04:00,37.33456478103613,37.72440452522405,36.836769485776856,36.96871566772461,1369200,WHR,36.75281524658203,0,0.9966045856270441,1.0,0.9911242007471982,1.0,0.9515961338975262,27.0,0.9714698830732238,118.0,1.0189854036993287,492.0
2005-05-03 00:00:00-04:00,37.11866446621562,37.12466326961432,36.58488535738884,36.75281524658203,1307600,WHR,37.9763069152832,1,0.9970714061622846,0.0,0.990271940809787,1.0,0.9467210776972635,27.0,0.9659281809179492,117.0,1.0128725410087502,492.0
2005-05-04 00:00:00-04:00,36.89675347555893,38.0242881866755,36.80678973563485,37.9763069152832,1364200,WHR,37.65842056274414,0,1.0163723543553884,1.0,1.020598992144167,2.0,0.9781462282707394,28.0,0.9980039141780036,118.0,1.0463889191645983,492.0
2005-05-05 00:00:00-04:00,37.9343058745608,38.04226139446677,37.39452827503097,37.65842056274414,671000,WHR,37.78437805175781,1,0.9957970847104406,1.0,1.009193128547574,2.0,0.9698642910676021,28.0,0.989501978861425,118.0,1.0374596790745925,491.0
2005-05-06 00:00:00-04:00,37.66442718766981,37.8383558262038,37.51448917952792,37.78437805175781,638200,WHR,38.10224914550781,1,1.001669576040747,1.0,1.009518263101715,2.0,0.9727099591639059,29.0,0.9926506255255282,118.0,1.0407337059169859,492.0
2005-05-09 00:00:00-04:00,37.84435556648587,38.222200019822864,37.78438127326467,38.10224914550781,820400,WHR,37.73639678955078,0,1.0041887629677322,2.0,1.0118820112530165,3.0,0.9805159835542916,29.0,1.0009052811844932,118.0,1.0492882282307217,492.0
2005-05-10 00:00:00-04:00,37.808368680724335,38.06626223774847,37.616448213339744,37.73639678955078,954000,WHR,37.38856506347656,0,0.9951759112857802,1.0,0.9969577599192981,3.0,0.9710588400153066,28.0,0.9912618072747051,117.0,1.0390411522081304,491.0
2005-05-11 00:00:00-04:00,37.87436533573626,37.89835369318052,36.8787764337726,37.38856506347656,989000,WHR,36.6628303527832,0,0.9953699580339926,0.0,0.9908454751277284,2.0,0.9622318685873895,27.0,0.9821474916443028,116.0,1.029348704808526,490.0
2005-05-12 00:00:00-04:00,36.63883973026872,37.7243913763963,36.54887603977526,36.6628303527832,1534400,WHR,37.09169006347656,1,0.9901995808908955,0.0,0.9767668515878266,2.0,0.9442543667697371,26.0,0.9631754311830258,116.0,1.0092927520909958,489.0
2005-05-13 00:00:00-04:00,36.9044489808201,37.51449109600647,36.71116890379162,37.09169006347656,1103400,WHR,38.25136566162109,1,1.0058146905202954,1.0,0.991853315904788,2.0,0.9556739225306036,27.0,0.9744685574726963,117.0,1.0210079384266482,490.0
2005-05-16 00:00:00-04:00,37.09168311268839,38.25136566162109,37.0554422410068,38.25136566162109,1438200,WHR,38.55940628051758,1,1.0153919374119333,2.0,1.0220486382807425,2.0,0.9851108489244168,28.0,1.0049072712553089,117.0,1.0528114268898132,490.0
2005-05-17 00:00:00-04:00,38.25136692532682,38.60168614683631,37.961444550455646,38.55940628051758,1001200,WHR,39.59224319458008,1,1.0040103830635698,2.0,1.0257678881782248,3.0,0.9925764282981736,28.0,1.0128686539197533,118.0,1.0611498816880682,491.0
2005-05-18 00:00:00-04:00,38.716439514972045,39.82176177536058,38.716439514972045,39.59224319458008,1168600,WHR,39.56806564331055,0,1.0132158044135922,2.0,1.041037976208667,4.0,1.0179492542900423,29.0,1.0397835392081034,118.0,1.0893906193105782,492.0
2005-05-19 00:00:00-04:00,39.72510242209116,39.98482276626787,39.2298223015864,39.56806564331055,719600,WHR,41.22306060791016,1,0.9996945748238673,1.0,1.0247461349082132,4.0,1.0164984315476895,28.0,1.038961033913781,117.0,1.0885641833681974,491.0
2005-05-20 00:00:00-04:00,40.61905971988217,41.61566210676057,40.58885783221634,41.22306060791016,3406000,WHR,41.663970947265625,1,1.0204848606696408,1.0,1.0452405004977343,4.0,1.0577157683410412,28.0,1.0820972158582505,117.0,1.1338856570718383,491.0
2005-05-23 00:00:00-04:00,41.42236974195914,42.03844843773896,41.42236974195914,41.663970947265625,1852900,WHR,41.19890213012695,0,1.0053194128331397,2.0,1.0384488966131058,4.0,1.067536963676047,28.0,1.0934887578385524,117.0,1.1458157926255683,491.0
2005-05-24 00:00:00-04:00,41.6700221096196,41.6700221096196,41.078103789597,41.19890213012695,1240100,WHR,41.23512268066406,1,0.9943874886319196,1.0,1.0135218643814672,3.0,1.054285925811406,28.0,1.0811340931178932,117.0,1.1328156918878942,491.0
2005-05-25 00:00:00-04:00,41.19284281914925,41.34384298286777,40.87876450620481,41.23512268066406,1078500,WHR,41.94180679321289,1,1.0004393883547509,1.0,1.0062789638680023,3.0,1.053966286815093,28.0,1.0819156390774813,118.0,1.1336027055039788,491.0
2005-05-26 00:00:00-04:00,41.27136570014125,42.12904552091711,41.24116382424606,41.94180679321289,1053600,WHR,41.7122917175293,0,1.0084961553283927,2.0,1.0118022629312329,4.0,1.0703412693983152,29.0,1.1001280829348614,119.0,1.1528012255975009,491.0
2005-05-27 00:00:00-04:00,41.857255220260015,42.05657197223446,41.65793386012541,41.7122917175293,455200,WHR,41.55525207519531,0,0.9972563797856943,1.0,1.0038958178577997,3.0,1.0629739927437114,28.0,1.0938251267048922,118.0,1.14627510831852,490.0
2005-05-31 00:00:00-04:00,41.74249082691989,41.81497257347127,41.51900889783968,41.55525207519531,667500,WHR,41.58544921875,1,0.9981140353710337,0.0,1.0006399673430186,2.0,1.0580294909017482,27.0,1.0894460926418723,117.0,1.1417828191525836,489.0
2005-06-01 00:00:00-04:00,41.494848187879725,41.990128600722734,41.27740755705501,41.58544921875,694900,WHR,41.27739715576172,0,1.0003632053023936,1.0,0.9995064345053112,3.0,1.058238749570521,27.0,1.089952466777727,118.0,1.1424188883781041,490.0
2005-06-02 00:00:00-04:00,41.30155773178301,41.398200035868165,41.16264017985896,41.27739715576172,765500,WHR,41.07205581665039,0,0.996282386178288,1.0,0.9919008343918195,2.0,1.049645613157614,27.0,1.081603679645861,118.0,1.133758101666788,490.0
2005-06-03 00:00:00-04:00,41.174734850233484,41.26533589499056,40.95729418608073,41.07205581665039,488800,WHR,40.92105102539063,0,0.9975064638355264,0.0,0.9911093380587891,1.0,1.0435879336648237,27.0,1.0760597491301125,117.0,1.127921560571433,490.0
2005-06-06 00:00:00-04:00,40.96937219160042,41.03581264309888,40.74589025400015,40.92105102539063,503800,WHR,40.86064910888672,0,0.9981583233386843,0.0,0.9912507164412789,1.0,1.039128259944998,26.0,1.0719380262606029,117.0,1.123586691716201,489.0
2005-06-07 00:00:00-04:00,40.87876839295024,41.27740646682673,40.661327767868606,40.86064910888672,660300,WHR,40.619049072265625,0,0.9992614250326818,0.0,0.9931295930176314,1.0,1.037018181363329,25.0,1.0701782476087252,117.0,1.1217268816243289,489.0
2005-06-08 00:00:00-04:00,40.98144858845313,41.07809091712171,40.619049072265625,40.619049072265625,405400,WHR,40.34121322631836,0,0.9970348437461815,0.0,0.9919171908012061,0.0,1.0303777402085694,25.0,1.063733745566573,116.0,1.114898659397829,489.0
2005-06-09 00:00:00-04:00,40.62509433428532,40.62509433428532,40.08149270287627,40.34121322631836,757300,WHR,40.40763854980469,1,0.9965682442465095,0.0,0.9896574723562962,0.0,1.022844099548416,25.0,1.0562893488597436,116.0,1.107059501473099,489.0
2005-06-10 00:00:00-04:00,40.34119811928206,40.54655609860031,40.28079898466838,40.40763854980469,335800,WHR,40.49825286865234,1,1.0008226163224028,1.0,0.9945291143656373,1.0,1.0236970497974773,26.0,1.0579574242365146,116.0,1.1086411521363175,490.0
2005-06-13 00:00:00-04:00,40.40765183286957,40.64321176100872,40.31705079708679,40.49825286865234,911200,WHR,41.07205581665039,1,1.0011199965448618,2.0,0.9988381482893098,2.0,1.0250776436452897,27.0,1.0602093501676242,117.0,1.1109168358161652,490.0
2005-06-14 00:00:00-04:00,40.528454156268495,41.45861597333073,40.49221558162989,41.07205581665039,589200,WHR,41.059967041015625,0,1.0070344584597781,2.0,1.0119350099477369,3.0,1.0383899312001124,28.0,1.075042875754766,118.0,1.1264158699637834,491.0
2005-06-15 00:00:00-04:00,41.16264604762405,41.60356395042935,40.818365854521,41.059967041015625,1116700,WHR,42.72700119018555,1,0.9998528128832804,1.0,1.009443976509407,3.0,1.0375961661031181,27.0,1.0745457463125496,117.0,1.125848030441189,490.0
2005-06-16 00:00:00-04:00,41.06599953876778,42.77532234418492,41.06599953876778,42.72700119018555,1613100,WHR,43.796085357666016,1,1.0198961029902636,1.0,1.0382479708301282,4.0,1.0785725383109186,27.0,1.1178147062155406,117.0,1.1712828115527352,490.0
2005-06-17 00:00:00-04:00,42.8840431496909,43.796085357666016,42.406882116595554,43.796085357666016,2285000,WHR,43.826290130615234,1,1.0123560567489605,2.0,1.0469849702979113,4.0,1.1037929744010682,28.0,1.145322554224506,117.0,1.2002709131216112,491.0
2005-06-20 00:00:00-04:00,43.75984968372962,43.98937290321074,43.42765205746125,43.826290130615234,1577400,WHR,44.35780334472656,1,1.0003447152942488,2.0,1.031297097682249,4.0,1.102849971356821,28.0,1.1457623141993232,117.0,1.2007617856133388,492.0
2005-06-21 00:00:00-04:00,43.8262798937934,44.72624406115663,43.8262798937934,44.35780334472656,1602000,WHR,43.13169097900391,0,1.006027313919828,2.0,1.02790911286245,4.0,1.1140727937898907,29.0,1.1593239608796502,117.0,1.2149787697651435,492.0
2005-06-22 00:00:00-04:00,44.50277050163482,44.5631696482946,42.7813694769539,43.13169097900391,1484500,WHR,42.74512100219727,0,0.9859856046123006,1.0,0.9899906931341207,4.0,1.0814359033479317,29.0,1.127030781768454,117.0,1.1811148947114687,491.0
2005-06-23 00:00:00-04:00,43.18000217727925,43.59072277506124,42.74512100219727,42.74512100219727,551900,WHR,42.038455963134766,0,0.995498552311289,0.0,0.9810362486520072,3.0,1.0708467349256596,28.0,1.1166566463732148,117.0,1.1702785770439736,490.0
2005-06-24 00:00:00-04:00,42.58205762034576,42.58205762034576,41.67605639438095,42.038455963134766,757200,WHR,41.99013900756836,0,0.991665071652362,0.0,0.9726649742729596,2.0,1.0525206009354287,28.0,1.097961472234498,117.0,1.1506882496629387,490.0
2005-06-27 00:00:00-04:00,42.04450148282768,42.17738241328267,41.833102097177,41.99013900756836,418100,WHR,42.46728515625,1,0.9994249938894819,0.0,0.9798728150632172,1.0,1.050484713838079,28.0,1.0965065600159158,116.0,1.1491606613109067,489.0
2005-06-28 00:00:00-04:00,42.09884438303424,42.4793677500836,41.95388551414653,42.46728515625,890700,WHR,42.3404426574707,0,1.0056495465426005,1.0,0.999829232626171,1.0,1.0615090333068449,28.0,1.1086487983900453,117.0,1.1619856137542455,490.0
2005-06-29 00:00:00-04:00,42.467282235042425,42.56996584292728,42.15924523586498,42.3404426574707,854400,WHR,42.34648513793945,1,0.9985043521144924,1.0,1.0005707943880666,1.0,1.057530849591987,27.0,1.1050701016619813,116.0,1.1582795179979537,490.0
2005-06-30 00:00:00-04:00,42.40084298349325,42.60620559684567,42.0505261153307,42.34648513793945,673500,WHR,42.038455963134766,0,1.0000713508049712,1.0,1.0026025687069,2.0,1.056893685918535,27.0,1.1049754334771895,116.0,1.1581798495233404,491.0
2005-07-01 00:00:00-04:00,42.461259300148,42.56393833313214,41.84517588592203,42.038455963134766,468500,WHR,42.80553817749024,1,0.9963497139325399,1.0,0.9953096176888907,2.0,1.048653007894861,26.0,1.0965901943774834,116.0,1.149489560076383,491.0
2005-07-05 00:00:00-04:00,42.044495882360174,42.92029519546544,41.845174513227946,42.80553817749024,472800,WHR,42.286109924316406,0,1.0090410903225995,1.0,1.0095731177305787,3.0,1.0666570287137966,27.0,1.1160275347673474,117.0,1.1701447807105394,492.0
2005-07-06 00:00:00-04:00,42.88406960457376,42.890110904662514,42.2196694478254,42.286109924316406,521100,WHR,42.038455963134766,0,0.9938956611516988,1.0,0.9981753958339651,2.0,1.0526841475252418,27.0,1.1020163072649176,116.0,1.1557087355227749,491.0
2005-07-07 00:00:00-04:00,42.02033667592116,42.12905700736336,41.682097692839,42.038455963134766,529000,WHR,42.28005599975586,1,0.9970630864377982,0.0,0.9937462351706302,2.0,1.0460366261956744,26.0,1.0950357683463472,116.0,1.1487743424396695,490.0
2005-07-08 00:00:00-04:00,42.068656641389154,42.31629457314432,41.88141325984117,42.28005599975586,842500,WHR,42.97465133666992,1,1.0028653261424658,1.0,0.9997714053184138,2.0,1.0512388431350834,27.0,1.1007724155806935,117.0,1.1552319272010012,490.0
2005-07-11 00:00:00-04:00,42.2558890188558,43.0048486072028,42.2558890188558,42.97465133666992,935200,WHR,42.50353240966797,0,1.0081472960099798,2.0,1.011716681930139,3.0,1.066882579283982,28.0,1.1181351002063125,118.0,1.1740313708668177,491.0
2005-07-12 00:00:00-04:00,42.823652054597545,42.85384932576158,42.28005048388704,42.50353240966797,494700,WHR,42.582069396972656,1,0.9944884307743361,1.0,1.0020504086292894,2.0,1.0533546474845021,28.0,1.1052000857480955,118.0,1.1610525264771385,490.0
2005-07-13 00:00:00-04:00,42.527711520298446,42.76930822751069,42.37066997408104,42.582069396972656,428500,WHR,42.79344940185547,1,1.0009230349863796,1.0,1.0025029897805287,3.0,1.0537922772197255,28.0,1.1065413836158533,119.0,1.1630778741741454,491.0
2005-07-14 00:00:00-04:00,42.7330502524592,43.18605078517079,42.72700895507166,42.79344940185547,413800,WHR,42.27400970458984,0,1.0024758854512017,2.0,1.0039106356029461,4.0,1.0572679593563283,29.0,1.1113024002501493,120.0,1.1687041498190383,492.0
2005-07-15 00:00:00-04:00,42.90217101531542,42.90217101531542,42.12905082001006,42.27400970458984,662100,WHR,44.27930450439453,1,0.9938937908487938,1.0,0.9917530024216329,3.0,1.042157857522672,29.0,1.0972759763604663,119.0,1.1543901654393274,491.0
2005-07-18 00:00:00-04:00,43.14982577061752,44.6537867213326,43.14982577061752,44.27930450439453,2596400,WHR,45.55979537963867,1,1.0231683190658982,1.0,1.0324771733545615,3.0,1.089759318561811,29.0,1.148436020690564,120.0,1.2089400259599299,492.0
2005-07-19 00:00:00-04:00,44.279311607296414,45.63831385029592,43.97127441675976,45.55979537963867,1738000,WHR,46.52011489868164,1,1.014253157888904,2.0,1.0474063797596558,4.0,1.1181282701895796,30.0,1.180653020928331,120.0,1.2436257060462432,493.0
2005-07-20 00:00:00-04:00,45.559756348291934,46.56239474791594,45.010113700088056,46.52011489868164,1710600,WHR,47.0516471862793,1,1.0104291969457866,2.0,1.0504632093685395,4.0,1.1380737617265602,30.0,1.204353979327999,121.0,1.269545870221661,493.0
2005-07-21 00:00:00-04:00,46.50804573013941,47.11204632403732,46.35704558166493,47.0516471862793,1293700,WHR,46.61677551269531,0,1.0056804774833141,2.0,1.04241916698634,4.0,1.1466966593214871,31.0,1.216765762231206,122.0,1.2837481684879546,493.0
2005-07-22 00:00:00-04:00,47.02145488704284,47.38385439553554,46.4657753334767,46.61677551269531,1503500,WHR,49.93879318237305,1,0.9953573289583241,1.0,1.0132864038219338,4.0,1.1319052427950502,31.0,1.2042543179031953,121.0,1.2715967452253993,493.0
2005-07-25 00:00:00-04:00,47.081866978672366,49.950871172440166,47.081866978672366,49.93879318237305,3110000,WHR,48.48918151855469,0,1.0344052416093057,1.0,1.0594298041663432,4.0,1.2063147521277375,32.0,1.2882697353300563,122.0,1.361823069543238,493.0
2005-07-26 00:00:00-04:00,50.01126605334424,50.01126605334424,48.01806165098276,48.48918151855469,2052400,WHR,48.1328125,0,0.9852723611531885,1.0,1.01604832480913,3.0,1.1660083009480053,31.0,1.249360864166119,121.0,1.321940691292917,493.0
2005-07-27 00:00:00-04:00,48.92405186418013,48.93612984939605,47.63149086259403,48.1328125,1485500,WHR,48.2838134765625,1,0.9963117194778007,0.0,1.0018101570590807,2.0,1.1522830683370902,31.0,1.2387174192816177,121.0,1.311880130797487,493.0
2005-07-28 00:00:00-04:00,48.28985016519296,48.36837319898148,47.63149166805102,48.2838134765625,1307100,WHR,48.30797958374024,1,1.0015661300634935,1.0,0.9998247802276266,2.0,1.1506042769646914,32.0,1.2411540024873773,121.0,1.3156339628984295,494.0
2005-07-29 00:00:00-04:00,48.34421815230701,48.440855871205,48.21737855416351,48.30797958374024,1013300,WHR,48.16301345825195,0,1.0002501879964343,2.0,0.9933676116420534,3.0,1.146475707876178,32.0,1.2402511971531278,122.0,1.3159367167897362,494.0
2005-08-01 00:00:00-04:00,48.32005492704954,48.36233479078432,48.01805458375548,48.16301345825195,903700,WHR,47.53486251831055,0,0.9984973086632872,1.0,0.9976727952123002,2.0,1.13830558791722,32.0,1.235060304781699,121.0,1.3116294493345553,494.0
2005-08-02 00:00:00-04:00,48.19926710442897,48.19926710442897,47.414064198012944,47.53486251831055,1062300,WHR,47.64962768554688,1,0.9934361036383373,0.0,0.988569417769315,2.0,1.1191611367345677,31.0,1.2173974426615897,121.0,1.2941687958406403,494.0
2005-08-03 00:00:00-04:00,47.53486604703252,47.6858662626942,46.92482849363516,47.64962768554688,672700,WHR,47.71003341674805,1,1.0012057128949323,1.0,0.9929517243828792,3.0,1.117675916017559,31.0,1.2186943219262856,122.0,1.2969127955459239,495.0
2005-08-04 00:00:00-04:00,47.64963424380252,47.84895566186814,47.450312825736894,47.71003341674805,756500,WHR,48.1448974609375,1,1.0006334516136375,2.0,0.9965937049319985,3.0,1.1147463503375168,32.0,1.2186861269379705,122.0,1.298151643596112,496.0
2005-08-05 00:00:00-04:00,47.74625937682451,48.65226046854293,47.70397951020405,48.1448974609375,1674300,WHR,49.80590438842773,1,1.0045366893513736,2.0,1.0063630320812615,3.0,1.1202147177855557,33.0,1.228213125786741,122.0,1.309592815013145,496.0
2005-08-08 00:00:00-04:00,49.52806457913378,51.76286564980619,49.02070612950838,49.80590438842773,4067800,WHR,50.14413070678711,1,1.0169575633494519,2.0,1.033981130653866,4.0,1.1529857848359288,34.0,1.2686577853250842,123.0,1.354307216913357,497.0
2005-08-09 00:00:00-04:00,49.80589182568554,50.36157130411216,49.703212823659584,50.14413070678711,1264200,WHR,49.24415969848633,0,1.0033839539729743,2.0,1.0298456470518775,5.0,1.154999035449349,34.0,1.2752580462527465,124.0,1.3630045255258023,498.0
2005-08-10 00:00:00-04:00,50.132041164855934,50.25283942078513,48.95424204099303,49.24415969848633,1741600,WHR,48.74285888671875,0,0.9909448989953344,1.0,1.004781379316636,4.0,1.1295029107486707,33.0,1.2505520726831496,123.0,1.338120296325017,497.0
2005-08-11 00:00:00-04:00,49.1596208805826,49.250221915095615,48.56166142585276,48.74285888671875,1153500,WHR,50.9776725769043,1,0.9948840079124188,0.0,0.9903785844643128,3.0,1.1136692450327745,32.0,1.2362138831083886,122.0,1.3240856640992662,497.0
2005-08-12 00:00:00-04:00,48.730788681333024,51.18907195242078,48.67642620867976,50.9776725769043,2209500,WHR,49.6428108215332,0,1.0224107679470278,1.0,1.0239987272630138,3.0,1.1597019834219302,32.0,1.2909683435650277,122.0,1.3842525719834737,498.0
2005-08-15 00:00:00-04:00,50.98369289172788,50.98369289172788,49.64281082153321,49.6428108215332,1095800,WHR,48.46501159667969,0,0.9867336976499576,1.0,0.9978388942538814,2.0,1.1250374246950126,32.0,1.2555505782137208,121.0,1.3475344844704238,497.0
2005-08-16 00:00:00-04:00,49.73945335605395,49.73945335605395,48.44085101733618,48.46501159667969,1141600,WHR,48.320045471191406,0,0.9879948489751122,0.0,0.980785173032287,1.0,1.0953492008975254,31.0,1.2242726261764734,121.0,1.315154618202282,496.0
2005-08-17 00:00:00-04:00,48.74284402580088,48.83344503269109,48.11468748985499,48.320045471191406,1082600,WHR,48.01807022094727,0,0.9985021848425772,0.0,0.9815226424018005,1.0,1.0893416356815067,30.0,1.2191456747816471,121.0,1.310812595820197,496.0
2005-08-18 00:00:00-04:00,48.27779078508512,48.42879100590571,47.36574816104368,48.01807022094727,899800,WHR,49.42536544799805,1,0.9968654644314496,0.0,0.9782691666560326,1.0,1.0797672105207328,30.0,1.210098973974729,121.0,1.3022536978565584,495.0
2005-08-19 00:00:00-04:00,48.893842021922254,49.62468673277647,48.32004335039963,49.42536544799805,1775400,WHR,49.2139778137207,0,1.014442175785262,1.0,1.013349351211639,1.0,1.1080115472944494,30.0,1.2438835247220608,122.0,1.3400189093987565,495.0
2005-08-22 00:00:00-04:00,49.46765699531979,49.77569863478127,48.68849555912872,49.2139778137207,1211300,WHR,48.2475700378418,0,0.9978569642975372,1.0,1.0107927696926695,1.0,1.1002830959633514,29.0,1.236945247408327,121.0,1.333890672209118,495.0
2005-08-23 00:00:00-04:00,48.9844515647075,49.25625462083427,47.62545010855136,48.2475700378418,1718500,WHR,46.99727249145508,0,0.9900842147782141,0.0,0.9918298753597515,1.0,1.076056617764635,29.0,1.2112165782874778,120.0,1.307328993358252,495.0
2005-08-24 00:00:00-04:00,48.01803470379397,48.024075998443365,46.94895595873282,46.99727249145508,2229400,WHR,47.202674865722656,1,0.9868728057794611,0.0,0.9714103800902729,1.0,1.0460554260158716,29.0,1.1785797144130956,119.0,1.273125116217022,495.0
2005-08-25 00:00:00-04:00,47.02147273860358,47.35367510226805,46.68927498310062,47.202674865722656,1053900,WHR,46.8625373840332,0,1.0021804935143834,1.0,0.9789557742205259,2.0,1.0484425014234455,29.0,1.18242288071678,120.0,1.278317465632873,496.0
2005-08-26 00:00:00-04:00,47.29374989128542,47.39092225661125,46.80179944284342,46.8625373840332,877600,WHR,46.4920539855957,0,0.9963840247254602,1.0,0.982344145255177,1.0,1.0387398652330662,29.0,1.1726468419373486,120.0,1.268747620261915,496.0
2005-08-29 00:00:00-04:00,46.76535616165027,46.777500968598815,46.09728057178605,46.4920539855957,890400,WHR,46.04262161254883,0,0.9960314389147653,0.0,0.9858277822273194,1.0,1.0284685485539313,29.0,1.1621713931612647,120.0,1.2584067779075983,495.0
2005-08-30 00:00:00-04:00,46.40095600498324,46.461689312647984,45.80575846909826,46.04262161254883,876800,WHR,46.188385009765625,1,0.9951430923581701,0.0,0.9855132987417519,1.0,1.0166068540741937,29.0,1.1498439881061384,119.0,1.2459568619198285,494.0
2005-08-31 00:00:00-04:00,45.79361157742536,46.21874934538924,45.02228424084983,46.188385009765625,1996600,WHR,46.13372802734375,0,1.0015804164191084,1.0,0.9920685531699149,2.0,1.0178297288667484,30.0,1.1523636821866832,120.0,1.2495908146860522,495.0
2005-09-01 00:00:00-04:00,46.09728896620855,46.34629694005703,45.30774199481093,46.13372802734375,990100,WHR,46.3402099609375,1,0.999407975179252,1.0,0.9954656959321516,1.0,1.0145703676607014,30.0,1.1499177653163997,119.0,1.2477285141157066,495.0
2005-09-02 00:00:00-04:00,46.28554675550509,46.61351208714028,46.14586064963365,46.3402099609375,599500,WHR,47.37271881103516,1,1.002232866233294,1.0,1.002180180588661,2.0,1.0168753740978627,31.0,1.1539073939458564,120.0,1.2528975658934058,496.0
2005-09-06 00:00:00-04:00,46.52243831590078,47.46989584300751,46.46777971065827,47.37271881103516,820300,WHR,47.90716171264648,1,1.011017784457575,2.0,1.020622107974476,3.0,1.0368911318405751,31.0,1.1782793461599805,121.0,1.2802062859813383,497.0
2005-09-07 00:00:00-04:00,47.57312620861721,47.98004446095588,47.45165496143488,47.90716171264648,709100,WHR,47.3302001953125,0,1.0056091894602919,2.0,1.0239102007132472,4.0,1.0457625373815094,31.0,1.1901853192494039,121.0,1.2940282146960573,497.0
2005-09-08 00:00:00-04:00,47.43344730602095,47.69460476076644,47.026528951824965,47.3302001953125,715200,WHR,47.86463928222656,1,0.9939418574204987,1.0,1.0066656265189948,3.0,1.0308210945650083,30.0,1.1745648194198606,120.0,1.2778464816555022,497.0
2005-09-09 00:00:00-04:00,47.43342685840015,48.010404752495866,47.38483836831038,47.86463928222656,454900,WHR,48.04077911376953,1,1.0056141602827133,1.0,1.0105916736304397,4.0,1.0398922742497465,31.0,1.1864239399095604,121.0,1.2916205293104366,498.0
2005-09-12 00:00:00-04:00,47.670299908378,48.174395172586735,47.39092298251223,48.04077911376953,418600,WHR,47.31804275512695,0,1.0018365993756024,2.0,1.0070787703948891,4.0,1.0417146791625425,31.0,1.1893684922591685,121.0,1.2956840965541112,499.0
2005-09-13 00:00:00-04:00,48.13187924630477,48.13187924630477,47.31804275512695,47.31804275512695,502100,WHR,47.35449600219727,1,0.9924208757566633,1.0,0.9921554859223822,3.0,1.0247385661045147,30.0,1.1701821631035925,120.0,1.2755793005153957,498.0
2005-09-14 00:00:00-04:00,47.22695463179281,47.427374137482325,46.53458454465114,47.35449600219727,820000,WHR,46.9840087890625,0,1.0003850456272623,1.0,0.9952264043809889,3.0,1.0242236933623505,30.0,1.1698366620841287,120.0,1.275961144363706,498.0
2005-09-15 00:00:00-04:00,47.35448802654917,47.68245348106137,46.89290650164442,46.9840087890625,433400,WHR,47.08118438720703,1,0.9960727890064133,1.0,0.9888790194735504,3.0,1.0152493442443848,29.0,1.159473726045036,120.0,1.2653834168325304,498.0
2005-09-16 00:00:00-04:00,47.29375795028575,47.30590276040061,46.61960746436015,47.08118438720703,833300,WHR,46.30986022949219,0,1.001033066481482,1.0,0.9942030672240626,3.0,1.0159041613297344,30.0,1.1607884080096464,120.0,1.2673814460710349,499.0
2005-09-19 00:00:00-04:00,46.80788083612216,46.94757163365539,45.72681205346111,46.30986022949219,533100,WHR,44.39672470092773,0,0.9917409194759459,1.0,0.9851166694224303,2.0,0.9979813580591481,30.0,1.1407571468507813,120.0,1.2460892467835527,498.0
2005-09-20 00:00:00-04:00,45.732880646385055,45.732880646385055,44.10520296880735,44.39672470092773,1976600,WHR,43.59502029418945,0,0.9789085265415735,0.0,0.9563054607101894,2.0,0.9559434292992751,30.0,1.0927875266630132,120.0,1.194142200644078,498.0
2005-09-21 00:00:00-04:00,44.33597848421424,44.33597848421424,43.55250652756441,43.59502029418945,1688400,WHR,44.19632339477539,1,0.9908888679638894,0.0,0.9544955877881606,1.0,0.9381409461306206,30.0,1.0722897682218375,120.0,1.1721612803193626,497.0
2005-09-22 00:00:00-04:00,43.72867158469252,44.62146603759841,43.49180831763464,44.19632339477539,908100,WHR,44.421024322509766,1,1.006849229950464,1.0,0.9796191412784725,2.0,0.9504912287470239,30.0,1.086177827391038,121.0,1.1879611049718748,497.0
2005-09-23 00:00:00-04:00,44.09305885897419,44.79150357018949,44.09305885897419,44.421024322509766,827600,WHR,44.32991790771485,0,1.002535631380565,2.0,0.9963492053115922,2.0,0.9546117674436322,31.0,1.0907703736595162,122.0,1.193594940401447,498.0
2005-09-26 00:00:00-04:00,44.51819719168106,44.73076609262242,44.086980035072784,44.32991790771485,483900,WHR,44.58502197265625,1,0.9989734597458293,1.0,1.003216176792241,2.0,0.9519775952656583,30.0,1.0875914282141763,122.0,1.190770226106267,497.0
2005-09-27 00:00:00-04:00,44.33600928539151,44.785441506751184,44.06877706172326,44.58502197265625,374400,WHR,45.02228927612305,1,1.0028690798788666,1.0,1.0081301671357337,3.0,0.956584032724013,31.0,1.092881677289031,122.0,1.1972275672799042,498.0
2005-09-28 00:00:00-04:00,45.09517203034839,45.83613048051461,44.98585021583772,45.02228927612305,869900,WHR,45.31988906860352,1,1.004879817253447,2.0,1.0114887302824873,4.0,0.9652006255776945,31.0,1.1026232809201093,122.0,1.2085374464078606,499.0
2005-09-29 00:00:00-04:00,45.19234772764256,45.48386946879488,44.96762938386115,45.31988906860352,503700,WHR,46.018333435058594,1,1.0032941401008166,2.0,1.0130602962012187,4.0,0.9705286173056572,32.0,1.1088207804454406,123.0,1.2161444331595854,499.0
2005-09-30 00:00:00-04:00,45.38670139161358,46.94757123619792,45.38670139161358,46.018333435058594,1250400,WHR,45.61749649047852,0,1.0076467917516905,2.0,1.0213792292042647,4.0,0.9840879662195627,33.0,1.1247119924846625,124.0,1.2345232811553808,499.0
2005-10-03 00:00:00-04:00,45.9150930242185,45.92116774676786,45.31382523418917,45.61749649047852,731400,WHR,45.4292106628418,0,0.9956257618345817,1.0,1.0067286009012069,4.0,0.9743571907302546,32.0,1.1138331457366322,123.0,1.2234146456404775,499.0
2005-10-04 00:00:00-04:00,45.73288184472269,46.06691736459895,45.374547440602896,45.4292106628418,488800,WHR,44.615360260009766,0,0.9979319864108908,0.0,0.9988515508868989,3.0,0.9694884066388256,31.0,1.1080992934650236,123.0,1.2180128532589292,499.0
2005-10-05 00:00:00-04:00,45.18018872685502,45.28951051507196,44.41493620933645,44.615360260009766,746500,WHR,44.51212310791016,0,0.9909616938090657,0.0,0.9827159312511095,2.0,0.9514056899300886,31.0,1.0871501792075104,123.0,1.195875261764045,498.0
2005-10-06 00:00:00-04:00,44.75506098403047,45.30774013439096,44.25096570197038,44.51212310791016,742200,WHR,44.7611198425293,1,0.9988416911574466,0.0,0.983943287102408,1.0,0.9485535258769671,30.0,1.0835892005195926,122.0,1.1927528659222517,498.0
2005-10-07 00:00:00-04:00,44.791488807046285,45.514227532939245,44.457448731973045,44.7611198425293,476800,WHR,44.25704574584961,0,1.002789153013713,1.0,0.9949776175679307,1.0,0.9531935069948286,30.0,1.0885932975494235,122.0,1.1990479759200368,499.0
2005-10-10 00:00:00-04:00,44.518203183198366,44.724697390859866,44.09913541233161,44.25704574584961,437800,WHR,42.4046630859375,0,0.9943374018847958,1.0,0.9897589966340896,1.0,0.9417963357495962,30.0,1.075328555272888,122.0,1.185196129356703,498.0
2005-10-11 00:00:00-04:00,44.202396750508846,44.202396750508846,42.39251827190446,42.4046630859375,1515800,WHR,42.65972900390625,1,0.9786251311578954,0.0,0.9613376352380048,1.0,0.9029777342153471,29.0,1.0295032015502736,122.0,1.1353237917636823,497.0
2005-10-12 00:00:00-04:00,42.4957485942326,43.15774958802319,42.27103023745668,42.65972900390625,1333400,WHR,42.56862258911133,0,1.0029985039768385,1.0,0.9757723484050232,2.0,0.9093451269229351,29.0,1.034850292247743,122.0,1.1418692656706368,498.0
2005-10-13 00:00:00-04:00,42.4532306948469,42.69616855873437,41.23247128821176,42.56862258911133,1140900,WHR,43.321739196777344,1,0.9989310315981473,1.0,0.9824230483439857,2.0,0.9086787286462076,28.0,1.0318307659234236,121.0,1.1391458923949216,498.0
2005-10-14 00:00:00-04:00,42.62936915647077,43.75295179144861,42.56863120296769,43.321739196777344,951900,WHR,43.46142959594727,1,1.0087683482990026,1.0,1.0064907982032627,2.0,0.925983684441643,28.0,1.049248656984403,121.0,1.1589994854027585,498.0
2005-10-17 00:00:00-04:00,43.36425720147124,43.95338019196677,42.89053077346824,43.46142959594727,528000,WHR,43.37639236450195,0,1.00160964851956,2.0,1.0134829585213587,3.0,0.9300149085273277,29.0,1.0516455622128549,122.0,1.16243530812544,498.0
2005-10-18 00:00:00-04:00,43.46141992837582,43.95944050263192,42.61114428963715,43.37639236450195,1004000,WHR,44.47569274902344,1,0.9990207350953132,1.0,1.0069365502139298,3.0,0.93037270952342,28.0,1.0485797114904634,122.0,1.1598526289106292,498.0
2005-10-19 00:00:00-04:00,43.3763996870973,44.72470076136047,42.67795489423556,44.47569274902344,854500,WHR,45.16807556152344,1,1.0125130824510418,1.0,1.0238236413329684,3.0,0.9553220549578473,29.0,1.07395802842171,123.0,1.1888698029070557,499.0
2005-10-20 00:00:00-04:00,45.45959744521315,46.8990012261086,44.92513756934415,45.16807556152344,1868500,WHR,45.380638122558594,1,1.0077237138236026,2.0,1.0274656819551446,4.0,0.9712250090758369,30.0,1.0893511749902367,124.0,1.2069712205498089,500.0
2005-10-21 00:00:00-04:00,45.16806914720991,45.702528947180326,44.7064874909841,45.380638122558594,1097400,WHR,46.26126480102539,1,1.002347493988449,2.0,1.0227211375984933,4.0,0.976811926716053,30.0,1.0932330084836894,124.0,1.2122680431896484,500.0
2005-10-24 00:00:00-04:00,45.380620263860905,46.43131991438232,45.344181206328514,46.26126480102539,800900,WHR,46.224830627441406,0,1.0096094324798244,2.0,1.029574465310549,4.0,0.9964989770895404,30.0,1.113231797772205,124.0,1.2353748680984822,500.0
2005-10-25 00:00:00-04:00,46.261269688823816,47.17835801407124,46.03048124397719,46.224830627441406,840000,WHR,46.73500442504883,1,0.9996060578250688,1.0,1.015883448219166,4.0,0.9964074900542891,30.0,1.1111145368199373,124.0,1.2339973522344667,499.0
2005-10-26 00:00:00-04:00,46.15803089235662,47.98005842758123,45.91509296092888,46.73500442504883,899900,WHR,45.93938064575195,0,1.005488109970498,1.0,1.01699617772901,4.0,1.007694200363911,31.0,1.1220859540151338,124.0,1.2472275287759553,499.0
2005-10-27 00:00:00-04:00,46.6742644237945,46.6742644237945,45.72681172378179,45.93938064575195,541200,WHR,47.22697067260742,1,0.991414846953783,1.0,0.9963381135733482,3.0,0.9911482238037453,30.0,1.1017500145360488,124.0,1.2256425551150625,498.0
2005-10-28 00:00:00-04:00,46.24914853373011,47.31199828175699,46.06694386631977,47.22697067260742,620100,WHR,47.67636489868164,1,1.0138203332923883,1.0,1.0161256650144612,3.0,1.0191051702140301,30.0,1.1312720177566125,124.0,1.2595597784618362,499.0
2005-10-31 00:00:00-05:00,47.22693294737819,48.18653014605527,47.196563982516366,47.67636489868164,694700,WHR,48.18048095703125,1,1.0047352837850114,2.0,1.0195860703786672,3.0,1.0289759841017962,30.0,1.1406899722415986,124.0,1.2710834303509664,500.0
2005-11-01 00:00:00-05:00,47.76748787751425,48.532740714136594,47.62779706567748,48.18048095703125,646900,WHR,48.75138092041016,1,1.0052590511804282,2.0,1.0218198270564613,4.0,1.0404644153160643,30.0,1.1514519388613633,124.0,1.2840498615340847,500.0
2005-11-02 00:00:00-05:00,48.19262692693772,48.8667774793261,48.01649704414966,48.75138092041016,1127800,WHR,48.94572830200195,1,1.0058897038839587,2.0,1.0251596556516283,4.0,1.0533210879734192,30.0,1.163782947745268,124.0,1.2987839285634033,500.0
2005-11-03 00:00:00-05:00,49.194740943276834,49.77171444655681,48.69064557215114,48.94572830200195,1021800,WHR,48.690650939941406,0,1.001989284873817,2.0,1.0163954671532587,5.0,1.0576338111612813,31.0,1.1670567180282412,125.0,1.3035085370609825,500.0
2005-11-04 00:00:00-05:00,48.92144407362098,49.10971878064935,48.22299921699306,48.690650939941406,612800,WHR,49.176513671875,1,0.9973874762251428,1.0,1.0049893729379902,4.0,1.0521418063374168,31.0,1.1597625578590445,124.0,1.2963197692356256,499.0
2005-11-07 00:00:00-05:00,48.95179532123145,49.38300785869232,48.62382987717925,49.176513671875,642100,WHR,47.64601135253906,0,1.0049645121922224,1.0,1.0087707059376356,4.0,1.0633304292675023,31.0,1.170054279687006,125.0,1.3088027897321486,500.0
2005-11-08 00:00:00-05:00,48.344456067503344,48.35053078917225,47.19657925579495,47.64601135253906,1108500,WHR,47.56705474853516,0,0.9841927039296897,1.0,0.9795229530681738,3.0,1.0309786889783206,31.0,1.13255843610483,125.0,1.2677046115596948,499.0
2005-11-09 00:00:00-05:00,47.65208231056423,48.03470633969506,47.3787800945643,47.56705474853516,624400,WHR,48.27545928955078,1,0.999170737722908,0.0,0.9826849760692037,2.0,1.0296036267222224,31.0,1.129646271284636,124.0,1.2652237532961605,499.0
2005-11-10 00:00:00-05:00,47.63422744107319,48.45866506109096,47.40826853101536,48.27545928955078,862200,WHR,48.08614349365234,0,1.0073913393041225,1.0,1.0000895211764524,2.0,1.0449540701011104,32.0,1.1453626214760475,124.0,1.2836405335191967,500.0
2005-11-11 00:00:00-05:00,48.34874264196285,48.45255971800221,47.896829453905845,48.08614349365234,484100,WHR,48.22661209106445,1,0.9980353606578714,1.0,0.9986688950621627,2.0,1.0408306442684063,32.0,1.1397630503978424,124.0,1.2782022608701769,499.0
2005-11-14 00:00:00-05:00,48.397606042012775,48.825090919383584,47.82965918537115,48.22661209106445,512000,WHR,48.09226608276367,0,1.0014584630723036,1.0,1.0055536795907167,2.0,1.0443227250673401,32.0,1.1421551682015594,124.0,1.2815602403447532,499.0
2005-11-15 00:00:00-05:00,48.36707716811345,48.43425403950766,47.56706762962886,48.09226608276367,603700,WHR,48.24492263793945,1,0.9986051954627386,1.0,1.0008898934493713,2.0,1.041835302004433,32.0,1.1380117225137119,124.0,1.2776021270806404,499.0
2005-11-16 00:00:00-05:00,48.36705981889854,48.55637850639037,47.97011165116409,48.24492263793945,413700,WHR,48.87395477294922,1,1.0015846067048766,1.0,1.00124191799728,3.0,1.0451433397758405,33.0,1.140572475227289,125.0,1.2812421790336106,500.0
2005-11-17 00:00:00-05:00,48.367076445182384,48.90449140830342,48.15333397541215,48.87395477294922,485100,WHR,48.87395477294922,0,1.00647692963283,2.0,1.011782994549345,3.0,1.0580533189883894,34.0,1.1543227273520222,125.0,1.2975170740554354,500.0
2005-11-18 00:00:00-05:00,49.40526147715213,49.44800997110618,48.70296079713303,48.87395477294922,599000,WHR,49.73503494262695,1,1.0,1.0,1.0084934545839417,3.0,1.0574156816216638,33.0,1.1531839197537062,125.0,1.2970900804908243,499.0
2005-11-21 00:00:00-05:00,48.941129057724574,49.86328041771374,48.78234694889687,49.73503494262695,736000,WHR,50.21137619018555,1,1.008732268448966,1.0,1.0199123896784192,3.0,1.0749322218121715,34.0,1.1722869231079434,125.0,1.3194740681032548,500.0
2005-11-22 00:00:00-05:00,49.735034526920046,50.32130154780344,49.08769423906529,50.21137619018555,521400,WHR,50.791534423828125,1,1.0047659665030455,2.0,1.0208085442781016,4.0,1.0837754575009901,35.0,1.1822302650242962,126.0,1.33163944376972,500.0
2005-11-23 00:00:00-05:00,50.24801589994059,51.05413362766877,50.11366216877988,50.791534423828125,671100,WHR,50.53504943847656,0,1.005743975397498,2.0,1.0220206378119334,4.0,1.094428064028449,36.0,1.1945426373534669,126.0,1.346587412827554,500.0
2005-11-25 00:00:00-05:00,50.79764867328766,50.8709338059919,50.119776338292425,50.53504943847656,107800,WHR,49.942665100097656,0,0.9974687295715001,1.0,1.0101072486658766,3.0,1.087204348974968,35.0,1.1871608937815206,126.0,1.3393726692602257,499.0
2005-11-28 00:00:00-05:00,50.80985138100943,50.80985138100943,49.65563753941548,49.942665100097656,533900,WHR,49.802188873291016,0,0.9941043211313143,0.0,0.9940197414677208,3.0,1.0729944293636964,35.0,1.1720086065021138,125.0,1.3232815445418373,499.0
2005-11-29 00:00:00-05:00,50.07699981345172,50.48616442541864,49.76554399783132,49.802188873291016,514300,WHR,49.98542022705078,1,0.9985916443684992,0.0,0.990958913492628,2.0,1.068651610907985,34.0,1.1674484899407502,125.0,1.3191746659869061,499.0
2005-11-30 00:00:00-05:00,49.92435161563734,50.54725890683266,49.869391263136166,49.98542022705078,564700,WHR,51.81748962402344,1,1.0018362134879444,1.0,0.9954999957531218,2.0,1.0715821043361864,34.0,1.1704366462718905,126.0,1.3236329988975093,500.0
2005-12-01 00:00:00-05:00,50.16861435747755,51.87855821551868,50.16861435747755,51.81748962402344,955100,WHR,51.79307174682617,0,1.017996238021612,2.0,1.0277870385787524,2.0,1.1093079394026617,34.0,1.2117347041634825,127.0,1.3716518476037198,501.0
2005-12-02 00:00:00-05:00,51.66482628093819,52.47094396597392,51.48772406826361,51.79307174682617,861200,WHR,50.85871505737305,0,0.999764330229716,1.0,1.022201407641837,2.0,1.1070224332813121,34.0,1.2095705560435037,127.0,1.3705018565830973,501.0
2005-12-05 00:00:00-05:00,51.79918658593855,51.79918658593855,50.68161282219807,50.85871505737305,639800,WHR,51.10298538208008,1,0.9908978039394936,0.0,1.0001443019260796,2.0,1.085893342056769,33.0,1.1863382833195915,126.0,1.3453247114088325,500.0
2005-12-06 00:00:00-05:00,51.35947630236973,51.59764710824378,50.88924294850537,51.10298538208008,827500,WHR,50.38847351074219,0,1.0023957066590126,1.0,0.9998326987214304,3.0,1.089921118939842,33.0,1.1905982262695876,126.0,1.3513261314529241,500.0
2005-12-07 00:00:00-05:00,51.298408257388445,51.298408257388445,50.16862281690024,50.38847351074219,824200,WHR,50.773216247558594,1,0.992959881756233,1.0,0.9843008430090113,2.0,1.0735103925787304,33.0,1.1726059763016945,126.0,1.3320307455400855,499.0
2005-12-08 00:00:00-05:00,50.68771926250531,51.463300386698975,50.37626329739052,50.773216247558594,806400,WHR,51.206809997558594,1,1.0038032454552277,1.0,0.9958795100999972,2.0,1.0803957083478024,33.0,1.1802913344372092,126.0,1.3417973995270465,499.0
2005-12-09 00:00:00-05:00,50.77321680878527,51.328951877010695,50.44954898190071,51.206809997558594,523600,WHR,51.15184020996094,0,1.0042517517004539,2.0,1.006699360874847,3.0,1.0879927008285786,34.0,1.1891500085800388,126.0,1.352816239654464,500.0
2005-12-12 00:00:00-05:00,51.35947437787162,51.420542976713854,50.52892838775802,51.15184020996094,396900,WHR,51.46939468383789,1,0.9994629688112708,1.0,1.0044610041140272,3.0,1.0852603649263775,33.0,1.186743228439907,125.0,1.3509341937268566,499.0
2005-12-13 00:00:00-05:00,51.23733216724767,51.77474230741,50.85259117963643,51.46939468383789,423700,WHR,52.30607986450195,1,1.003094432397014,1.0,1.0092444457529632,3.0,1.090009075981281,34.0,1.1928751809830342,126.0,1.3589009721037009,499.0
2005-12-14 00:00:00-05:00,51.4694252024976,52.36714849357986,51.40835657341969,52.30607986450195,479800,WHR,51.3777961730957,0,1.0080624558384874,2.0,1.0179950417182912,4.0,1.1046443851197003,35.0,1.2108269351111292,127.0,1.3805714457963534,499.0
2005-12-15 00:00:00-05:00,52.48315788302883,52.83735763160023,51.29229920007134,51.3777961730957,705700,WHR,51.23733139038086,0,0.9910469812001469,1.0,0.9975809272781262,3.0,1.0820758728242026,35.0,1.1880445694319324,126.0,1.355682631852342,499.0
2005-12-16 00:00:00-05:00,51.84802662826565,51.878558594618944,51.23733139038086,51.23733139038086,811300,WHR,50.63274383544922,0,0.9986311493631584,0.0,0.9947356817864642,2.0,1.0764570263850588,34.0,1.1836112051442602,125.0,1.3515947335707172,499.0
2005-12-19 00:00:00-05:00,51.054120376532936,51.72588419874359,50.54724221661854,50.63274383544922,586600,WHR,50.35794448852539,0,0.9940651113333198,0.0,0.9849833611192214,2.0,1.061446398501095,33.0,1.1686221030700679,124.0,1.3352954319614418,498.0
2005-12-20 00:00:00-05:00,50.74878919013145,51.03581678708135,50.35183622965257,50.35794448852539,546300,WHR,51.22510528564453,1,0.9972789635214458,0.0,0.98389221690061,1.0,1.0534668396983553,33.0,1.1612438442944049,124.0,1.3277009079933373,498.0
2005-12-21 00:00:00-05:00,50.68769525424904,51.24953364969442,50.52280962095482,51.22510528564453,501400,WHR,51.40223693847656,1,1.0085364713802838,1.0,1.0050802518358735,1.0,1.069132296827643,33.0,1.1800606533498579,125.0,1.350186816912117,498.0
2005-12-22 00:00:00-05:00,51.15795781698116,51.56101906633408,51.078569082670754,51.40223693847656,321800,WHR,51.19459915161133,0,1.001725969405358,2.0,1.0084590048940256,2.0,1.0704536077682911,33.0,1.1830182878119668,125.0,1.354491196308645,498.0
2005-12-23 00:00:00-05:00,51.402233361931465,51.512158725994,50.84039468305023,51.19459915161133,161200,WHR,50.7793197631836,0,0.9979761774848211,1.0,1.0045538011978334,2.0,1.0639601090687605,32.0,1.1771451073573918,125.0,1.3486531404777744,498.0
2005-12-27 00:00:00-05:00,51.20069639037676,51.80528814722766,50.742674873557725,50.7793197631836,302900,WHR,51.04191589355469,1,0.9959275921446669,0.0,0.9958322477162244,2.0,1.0535920192657955,31.0,1.166573960356898,124.0,1.337341082257319,498.0
2005-12-28 00:00:00-05:00,50.71824811987792,51.170161351469886,50.412900460298246,51.04191589355469,269200,WHR,51.42665100097656,1,1.002578991785725,1.0,0.9983038954149667,3.0,1.0570576474994717,32.0,1.1715499844840198,125.0,1.3438620401340573,499.0
2005-12-29 00:00:00-05:00,51.01137800780442,51.634289827180346,50.96252126525819,51.42665100097656,310700,WHR,51.15184020996094,0,1.0037546646652906,2.0,1.0050363839568042,3.0,1.0628252280685608,33.0,1.179266018704194,126.0,1.3535632713176247,500.0
2005-12-30 00:00:00-05:00,51.29840577902938,51.328942408068215,50.74877907097841,51.15184020996094,267700,WHR,50.48618698120117,0,0.9973209706267709,1.0,1.000645065299709,2.0,1.0547709775885366,33.0,1.171811088243009,126.0,1.3458862705741157,500.0
2006-01-03 00:00:00-05:00,51.26177273887055,51.26177273887055,49.50296702650919,50.48618698120117,942000,WHR,50.71823501586914,1,0.9934507462693289,0.0,0.9903683224160961,2.0,1.038911930630912,33.0,1.1555001823908442,125.0,1.3279444981461597,500.0
2006-01-04 00:00:00-05:00,50.68769839410668,50.99304597479407,50.13807181702251,50.71823501586914,645100,WHR,50.79762649536133,1,1.0022928645812994,1.0,0.9951588154632879,3.0,1.0415590325116628,33.0,1.1597774379912067,125.0,1.3336237209725215,500.0
2006-01-05 00:00:00-05:00,50.779306384992864,50.93198018370949,50.07700597904952,50.79762649536133,736500,WHR,51.10298538208008,1,1.0007820598506512,2.0,0.9976730066357281,3.0,1.040859318276196,34.0,1.1604966296881396,126.0,1.335258836286969,501.0
2006-01-06 00:00:00-05:00,51.23733910010864,51.28619584470732,50.61442725456451,51.10298538208008,556300,WHR,51.90299987792969,1,1.0029966344764054,2.0,1.0049479599340538,3.0,1.0440149477687848,35.0,1.1664364694916272,126.0,1.342862078511493,501.0
2006-01-09 00:00:00-05:00,51.14573889911398,52.098422216309096,51.10909866667911,51.90299987792969,611100,WHR,50.7487907409668,0,1.0077666797111857,2.0,1.0176738182357907,4.0,1.0570321734594113,35.0,1.1836326795034051,126.0,1.363427317446928,501.0
2006-01-10 00:00:00-05:00,51.390022824354,51.390022824354,50.00374154975089,50.7487907409668,1075900,WHR,50.71823501586914,0,0.9887560740050996,1.0,0.9940193520796138,4.0,1.0306643917324694,35.0,1.1564098619932002,125.0,1.332718425007585,500.0
2006-01-11 00:00:00-05:00,50.90144076874098,51.13350791197337,50.443419397709896,50.71823501586914,631800,WHR,50.00371170043945,0,0.99969886054243,0.0,0.9934208554135765,3.0,1.0274714453932614,34.0,1.154720233179605,125.0,1.3315389398601973,499.0
2006-01-12 00:00:00-05:00,50.718228488305925,51.44495246853137,49.893786399170274,50.00371170043945,930900,WHR,49.57625579833984,0,0.9929059818765994,0.0,0.9824810530115136,2.0,1.0107636152401416,33.0,1.1375468527435024,125.0,1.3124312584684292,499.0
2006-01-13 00:00:00-05:00,50.00374074085837,50.37626533044013,48.86174325474327,49.57625579833984,1060300,WHR,49.74114990234375,1,0.995707410708837,0.0,0.9799615960488692,1.0,1.0000343370732458,33.0,1.127040150188957,124.0,1.3008901615408566,498.0
2006-01-17 00:00:00-05:00,49.09992238046016,49.92436042816033,49.00831711755188,49.74114990234375,624300,WHR,49.46631622314453,0,1.0016602739755491,1.0,0.9916966024788155,1.0,1.0015874961917213,33.0,1.1298680456489059,125.0,1.3048964433194195,498.0
2006-01-18 00:00:00-05:00,49.5518131870877,49.94876603924391,49.2953222952582,49.46631622314453,583600,WHR,50.04039001464844,1,0.9972297077031321,1.0,0.9912864203195729,1.0,0.99461872017641,32.0,1.1227299751922466,125.0,1.2973538343946578,498.0
2006-01-19 00:00:00-05:00,49.59458025623305,50.47398325407335,49.54572349874484,50.04039001464844,775000,WHR,49.56402969360352,0,1.0057691970039893,1.0,1.0055223986378639,2.0,1.0045928842985161,32.0,1.1347497677121554,126.0,1.3120518460582835,499.0
2006-01-20 00:00:00-05:00,50.93198577571141,51.39000722214904,49.515172954433744,49.56402969360352,1095700,WHR,50.17472839355469,1,0.9952174780753685,1.0,0.9977132838937868,2.0,0.9939312668276217,31.0,1.1230017351975294,125.0,1.299246956246647,498.0
2006-01-23 00:00:00-05:00,49.68006202922704,50.41289918928321,49.61899343069788,50.17472839355469,403100,WHR,50.08313751220703,0,1.0061229827968934,1.0,1.007578832084346,3.0,1.0048513430877317,32.0,1.1358225305270628,125.0,1.3149123178961717,499.0
2006-01-24 00:00:00-05:00,50.21138300362417,50.559479240109766,49.92435538316054,50.08313751220703,692200,WHR,50.00983428955078,0,0.9990864469284261,1.0,1.0043600522197087,2.0,1.0018973750227176,31.0,1.1327771724179136,124.0,1.3121611568105596,499.0
2006-01-25 00:00:00-05:00,50.33350203071394,50.418998994068936,49.66784643613083,50.00983428955078,686900,WHR,49.98542022705078,0,0.9992676486536793,0.0,1.0007085686240538,2.0,0.9990750867024769,31.0,1.1301456255555946,124.0,1.3099051627405405,498.0
2006-01-26 00:00:00-05:00,50.41290982541765,50.51061867183187,49.643432275746406,49.98542022705078,773500,WHR,49.91826629638672,0,0.9997558477887973,0.0,1.0004401259850897,1.0,0.9976710399427204,30.0,1.1285502822303033,124.0,1.3087975588036098,498.0
2006-01-27 00:00:00-05:00,49.9854431975832,50.00987158522178,49.37474748433419,49.91826629638672,775500,WHR,49.58848571777344,0,0.9993278132869671,0.0,0.9976813685832564,1.0,0.9955882111829251,29.0,1.126092631457939,123.0,1.306535664892325,498.0
2006-01-30 00:00:00-05:00,49.83276491356919,50.266358272968525,49.5152052205014,49.58848571777344,632500,WHR,49.27090835571289,0,0.9966858472220422,0.0,0.993418216214749,0.0,0.9885482767256296,28.0,1.1178019662103122,122.0,1.2974017526869461,498.0
2006-01-31 00:00:00-05:00,49.52739932266129,49.710609818616696,49.03273750651274,49.27090835571289,784200,WHR,49.14876174926758,0,0.9967875853879452,0.0,0.9902787925726811,0.0,0.9820478458695819,27.0,1.1097822890386326,122.0,1.288667201977121,497.0
2006-02-01 00:00:00-05:00,49.04494000311852,49.25257883618107,48.70295211246911,49.14876174926758,1051400,WHR,52.74575805664063,1,0.9987589207897667,0.0,0.991254820345266,0.0,0.9795472021642906,26.0,1.1060124984035078,122.0,1.285056745330807,496.0
2006-02-02 00:00:00-05:00,51.66482469846565,53.85722338619519,51.45108226186586,52.74575805664063,4870900,WHR,52.892311096191406,1,1.0353011753156571,1.0,1.0520863946620087,1.0,1.049822146354713,27.0,1.1854297624499917,123.0,1.3785642603782893,496.0
2006-02-03 00:00:00-05:00,52.32436437971221,53.252619024022025,51.79305788389794,52.892311096191406,1593700,WHR,53.411407470703125,1,1.0013873127436546,2.0,1.0426394302001227,2.0,1.051443027315565,27.0,1.1871085329868563,124.0,1.3818334704809134,497.0
2006-02-06 00:00:00-05:00,52.898425683067366,53.52133280508723,52.58086153518654,53.411407470703125,1119800,WHR,53.08162307739258,0,1.0048831440847956,2.0,1.0372389886199056,3.0,1.0597378373452038,28.0,1.1970418536006024,125.0,1.3948152727178038,497.0
2006-02-07 00:00:00-05:00,53.22208501660654,53.75338683278879,52.89230906557908,53.08162307739258,742000,WHR,54.80991744995117,1,0.9969032302713782,1.0,1.0158001229557239,3.0,1.0512774842005375,28.0,1.1879201776959472,125.0,1.3855967502749353,497.0
2006-02-08 00:00:00-05:00,53.08164818261616,54.80991744995117,52.9839393319708,54.80991744995117,1373700,WHR,53.36256790161133,0,1.0160188126345326,1.0,1.0266297408122151,4.0,1.0831699248054927,28.0,1.2246679816571755,125.0,1.4300295203096396,497.0
2006-02-09 00:00:00-05:00,54.04654849777845,54.32746785176586,53.16104193975809,53.36256790161133,1376400,WHR,53.301490783691406,0,0.9866199843367199,1.0,0.9972156019647874,3.0,1.0527374145254789,28.0,1.1906548372073362,124.0,1.3916668236133305,496.0
2006-02-10 00:00:00-05:00,53.20988554697054,53.31370730017999,52.397664251443125,53.301490783691406,730800,WHR,52.41597366333008,0,0.9994273880192378,0.0,0.9945532370460171,2.0,1.0497807978927227,27.0,1.1876370967199734,123.0,1.3894698260724445,496.0
2006-02-13 00:00:00-05:00,53.307588156253416,53.307588156253416,52.0556610482686,52.41597366333008,1131400,WHR,53.78392791748047,1,0.9916237385658725,0.0,0.9816770583226154,1.0,1.0308773154269104,27.0,1.166448413788333,122.0,1.365867612306325,495.0
2006-02-14 00:00:00-05:00,52.41597192727089,53.92438986834865,51.878557150976754,53.78392791748047,905100,WHR,53.82667541503906,1,1.012880937117531,1.0,1.0046540285588097,2.0,1.0558641511538756,27.0,1.1952115798124978,123.0,1.4010368334911414,495.0
2006-02-15 00:00:00-05:00,53.680109869283655,53.95492084997939,53.19155183778603,53.82667541503906,570700,WHR,54.53510284423828,1,1.0003972424299723,2.0,1.0091594569408258,2.0,1.0549937388888915,27.0,1.1943968953791249,124.0,1.4017087371340953,495.0
2006-02-16 00:00:00-05:00,53.82669392093554,54.7244169333943,53.79615728625527,54.53510284423828,1058200,WHR,54.47401428222656,0,1.006537613543995,2.0,1.017965678470114,3.0,1.0669057759792533,28.0,1.2082856454762656,124.0,1.419687975431396,495.0
2006-02-17 00:00:00-05:00,54.62668809429473,54.76104179439231,54.1381346912176,54.47401428222656,546700,WHR,54.59006118774414,1,0.9994396013505839,1.0,1.0123938100470133,3.0,1.0640664696604558,27.0,1.2050459854970894,124.0,1.41764798435478,494.0
2006-02-21 00:00:00-05:00,54.6572380541809,55.084722968563845,53.93661729905243,54.59006118774414,626400,WHR,55.64044952392578,1,1.0010640250239826,1.0,1.0064176309623645,4.0,1.064815357891336,27.0,1.205807200159631,124.0,1.4202586598633544,494.0
2006-02-22 00:00:00-05:00,54.59005285549738,55.79312334993607,54.59005285549738,55.64044952392578,719400,WHR,55.32899475097656,0,1.0095290163258803,2.0,1.0188084150452401,4.0,1.0835957475259101,27.0,1.2271343874721838,124.0,1.4470965203969284,495.0
2006-02-23 00:00:00-05:00,55.62823415151848,56.13511238250259,55.28624626518487,55.32899475097656,891600,WHR,55.35342788696289,1,0.997193328533054,1.0,1.0075622303313176,3.0,1.0758561106639903,27.0,1.2184452291747097,123.0,1.4385429282690982,494.0
2006-02-24 00:00:00-05:00,55.26793090802085,55.40228463471146,54.64502368155225,55.35342788696289,616800,WHR,55.49385833740234,1,1.000220749920394,1.0,1.0050118272301842,3.0,1.0744471502491666,28.0,1.2171478469499395,124.0,1.4386901139318726,495.0
2006-02-27 00:00:00-05:00,55.634315583319406,56.05569663953711,54.99308860563297,55.49385833740234,818900,WHR,54.83433532714844,0,1.0012668821693587,2.0,1.0038439721162968,4.0,1.075193226083607,29.0,1.2184105182490834,124.0,1.441826388121367,496.0
2006-02-28 00:00:00-05:00,55.43892241125116,55.43892241125116,54.55341602888621,54.83433532714844,821800,WHR,55.16568374633789,1,0.9940221715923387,1.0,0.991037846959789,3.0,1.0607540475940007,28.0,1.2021781877478455,124.0,1.4242459781135537,495.0
2006-03-01 00:00:00-05:00,54.772958459041526,55.31295455866036,54.60727469873088,55.16568374633789,939600,WHR,54.91411209106445,0,1.0030122578339564,1.0,0.99874036506001,3.0,1.0660131269420976,28.0,1.2076640663397604,124.0,1.4324513549889912,495.0
2006-03-02 00:00:00-05:00,55.10434183794538,55.29456690316985,54.82820369504975,54.91411209106445,860600,WHR,54.87117385864258,0,0.9977146427883549,1.0,0.9956815679841309,3.0,1.0600862230752641,28.0,1.2005318898339188,123.0,1.4255007169952754,495.0
2006-03-03 00:00:00-05:00,54.91412806914809,55.22708284949274,54.2820855367136,54.87117385864258,753800,WHR,54.18389892578125,0,0.9996088890050208,0.0,0.9966459718341509,2.0,1.0578916168807138,28.0,1.1980706894590916,122.0,1.4239586865134797,495.0
2006-03-06 00:00:00-05:00,54.87116619791809,54.98162053546253,54.05503163059843,54.18389892578125,1120000,WHR,52.64366912841797,0,0.9936979095486929,0.0,0.9888684228880106,1.0,1.0436081162615332,27.0,1.1815579027195164,122.0,1.4057315976710183,494.0
2006-03-07 00:00:00-05:00,54.17775435299598,54.17775435299598,52.28162258095614,52.64366912841797,1679900,WHR,52.49638748168945,0,0.9855820943468278,0.0,0.9685030606941419,1.0,1.0132090464637358,27.0,1.1466245841076326,122.0,1.3654477352361982,493.0
2006-03-08 00:00:00-05:00,52.74183732191273,52.74183732191273,51.67411553564354,52.49638748168945,1476500,WHR,52.96275329589844,1,0.9985991861572352,0.0,0.9753731828733828,0.0,1.0098162051514255,26.0,1.1421240108899702,121.0,1.3613157820042066,492.0
2006-03-09 00:00:00-05:00,52.619119726427286,52.96275329589844,52.32457332284039,52.96275329589844,1300700,WHR,52.77252578735352,0,1.004422241739979,1.0,0.991225726947186,1.0,1.0182139730808528,26.0,1.1509267297745345,121.0,1.3730777468965996,493.0
2006-03-10 00:00:00-05:00,52.96275083566637,53.26343487664248,52.47797939744893,52.77252578735352,998200,WHR,52.95048904418945,1,0.9982009078692162,1.0,0.9954855159674313,1.0,1.014030248012877,26.0,1.1454665922629121,121.0,1.3677495823878034,493.0
2006-03-13 00:00:00-05:00,52.89525953864881,53.0977599228698,52.281625415547744,52.95048904418945,708600,WHR,53.999786376953125,1,1.0016832972188647,1.0,1.003512243292787,2.0,1.0169674613672475,26.0,1.1479606857734646,122.0,1.3719862506779457,493.0
2006-03-14 00:00:00-05:00,52.9504729080178,54.19614904923947,52.404339079419685,53.999786376953125,1104200,WHR,54.62567901611328,1,1.0098110764898156,2.0,1.018164848867931,3.0,1.0365582973096286,26.0,1.1691364474937775,123.0,1.3987125270099507,494.0
2006-03-15 00:00:00-05:00,54.1531830483109,54.79136276444646,53.96909103497501,54.62567901611328,889500,WHR,53.7175178527832,0,1.0057619328662513,2.0,1.0217617549530043,4.0,1.0474842575523802,27.0,1.1810263049751575,124.0,1.4144572050651743,494.0
2006-03-16 00:00:00-05:00,54.63183114968256,54.93864813215335,53.53956344115148,53.7175178527832,1046200,WHR,52.925926208496094,0,0.9916177370654014,1.0,1.001945756605703,3.0,1.0292538120944354,27.0,1.159845706321745,124.0,1.390514063159985,494.0
2006-03-17 00:00:00-05:00,53.71751453619572,53.71751453619572,51.833658567403,52.925926208496094,2488400,WHR,53.75432586669922,1,0.9925772123054067,0.0,0.9866163018925931,3.0,1.0133444501021687,27.0,1.1414741258456942,123.0,1.3696393304562768,493.0
2006-03-20 00:00:00-05:00,52.98728353218109,54.08568871700963,52.84001271481698,53.75432586669922,1250100,WHR,53.306396484375,0,1.0077652577875351,1.0,0.9990647425407378,3.0,1.028091118883336,28.0,1.1579860213419328,123.0,1.3906365094813427,494.0
2006-03-21 00:00:00-05:00,53.692984285836616,54.337301969929335,53.140712653993816,53.306396484375,938800,WHR,53.9691047668457,1,0.9958161184373914,1.0,0.993299802324557,2.0,1.0188481974160413,27.0,1.1470206283905888,123.0,1.3786199514139779,494.0
2006-03-22 00:00:00-05:00,52.15888646228736,54.12251325644066,52.15888646228736,53.9691047668457,931700,WHR,53.63774108886719,0,1.0061776293258118,1.0,1.00811531403737,2.0,1.0306718207634675,27.0,1.1599005992273481,123.0,1.3952894867406547,495.0
2006-03-23 00:00:00-05:00,53.96909927280322,54.13478304642632,53.49046558305663,53.63774108886719,833600,WHR,53.8279914855957,1,0.996920607835464,1.0,1.0022243105362232,2.0,1.0235476816052356,27.0,1.1514044474848792,123.0,1.386274289220395,494.0
2006-03-24 00:00:00-05:00,53.66844528654769,53.97526237920918,53.25117385326178,53.8279914855957,853200,WHR,55.22705841064453,1,1.0017703354564367,1.0,1.002400031256882,3.0,1.0261831569835838,28.0,1.1540252347946154,124.0,1.3907627401669356,494.0
2006-03-27 00:00:00-05:00,54.09183647964577,55.51546713140949,53.76047356738321,55.22705841064453,1898000,WHR,54.96320343017578,0,1.0128289971567568,2.0,1.0228434227064562,3.0,1.0514569400512266,28.0,1.1825509751611951,124.0,1.4264442907136345,494.0
2006-03-28 00:00:00-05:00,55.32524996572332,55.35592886021135,54.53979442399577,54.96320343017578,781800,WHR,58.87818908691406,1,0.997605460082762,1.0,1.0117475077905465,3.0,1.0452604714035802,27.0,1.1754572479511944,124.0,1.419181614347591,493.0
2006-03-29 00:00:00-05:00,55.02456774920327,58.90887266408923,54.5029797088213,58.87818908691406,5611600,WHR,56.12297821044922,0,1.034389825793378,1.0,1.0645734343082802,3.0,1.1169781547119524,28.0,1.2571652375014337,125.0,1.5196406019834687,493.0
2006-03-30 00:00:00-05:00,58.14183510464141,58.35660611856462,55.85911534144156,56.12297821044922,6004500,WHR,56.12911987304688,1,0.9760418877371864,1.0,1.0057181339739718,3.0,1.0628148359673633,28.0,1.1967295554520094,124.0,1.4479947635698578,493.0
2006-03-31 00:00:00-05:00,56.24571186678841,56.49729944917184,55.74866499144527,56.12911987304688,2237600,WHR,56.62614059448242,1,1.000054713120757,1.0,0.9976007808588162,3.0,1.0611189759795923,28.0,1.1952678920444637,124.0,1.4476389905191973,493.0
2006-04-03 00:00:00-04:00,56.822503272733485,57.34409119793267,56.23955288839126,56.62614059448242,2308400,WHR,56.29477310180664,0,1.0044079603858365,2.0,1.0014539909224065,3.0,1.0685527758543882,28.0,1.204203477757956,124.0,1.4599009277758166,494.0
2006-04-04 00:00:00-04:00,56.45431922787931,56.62613597211673,55.257734986472194,56.29477310180664,1683000,WHR,56.09226989746094,0,0.9970654905116423,1.0,0.9909265113127421,3.0,1.0605680267218902,27.0,1.1955779112452658,123.0,1.4508522553477523,493.0
2006-04-05 00:00:00-04:00,56.19044887448776,56.4359033395366,55.79158595399021,56.09226989746094,1342000,WHR,55.79160690307617,0,0.9981981623598103,0.0,0.9971417297394568,2.0,1.0553647321919666,26.0,1.1896766360984279,123.0,1.4451004830439238,493.0
2006-04-06 00:00:00-04:00,55.87138232612312,56.17819935222669,55.38047321169489,55.79160690307617,1446100,WHR,55.78546142578125,0,0.9973127227712999,0.0,0.9929667591502542,2.0,1.048050509004719,26.0,1.1817097684401014,123.0,1.436811585636389,493.0
2006-04-07 00:00:00-04:00,55.79159439413574,56.02477827795271,55.625915297115206,55.78546142578125,1436200,WHR,55.41727828979492,0,0.9999449216816056,0.0,0.9940734049657582,1.0,1.0462751794028065,26.0,1.1800940430843292,122.0,1.4361384767796048,492.0
2006-04-10 00:00:00-04:00,55.54000788383501,55.71796228395164,55.30682399598651,55.41727828979492,879900,WHR,55.36204147338867,0,0.9966890821491626,0.0,0.9917854293298349,0.0,1.0376139080456612,26.0,1.1708199755123507,122.0,1.4261740770209723,491.0
2006-04-11 00:00:00-04:00,55.472495743234965,55.98181291428477,55.042949279764144,55.36204147338867,1270300,WHR,56.50956344604492,1,0.9995013797112644,0.0,0.994115789121094,0.0,1.0347114834334448,26.0,1.168067023564983,122.0,1.4242747856192763,490.0
2006-04-12 00:00:00-04:00,55.35593299436576,56.63843073015068,55.21479976953643,56.50956344604492,1446200,WHR,56.04316711425781,0,1.0102574909288435,1.0,1.013202994742927,1.0,1.0539364964550695,26.0,1.1904487871536977,123.0,1.4532409431545448,491.0
2006-04-13 00:00:00-04:00,56.45430057090559,56.63225490624274,55.97566703252118,56.04316711425781,924200,WHR,55.71183776855469,0,0.9958561970956606,1.0,1.0039349871498142,1.0,1.0431054391859094,26.0,1.178941902854483,122.0,1.4407206276487983,490.0
2006-04-17 00:00:00-04:00,55.90820048365831,56.02479245507048,55.533883326483206,55.71183776855469,959100,WHR,55.52161407470703,0,0.9970352169368114,0.0,0.9982629999439095,1.0,1.0351174429513397,25.0,1.1703033990369245,122.0,1.4316864346629679,490.0
2006-04-18 00:00:00-04:00,55.72410976471257,55.93274778808892,55.28843012613014,55.52161407470703,1291800,WHR,55.99411010742188,1,0.9982898697226829,0.0,0.9944826677310443,1.0,1.0296835039926948,25.0,1.1644921444691965,122.0,1.4262601405282864,490.0
2006-04-19 00:00:00-04:00,55.34979244722181,56.23956467710078,55.27002170178018,55.99411010742188,1043000,WHR,55.68727111816406,0,1.0042370350565375,1.0,1.0006800265466003,2.0,1.0365817060838611,25.0,1.1728464154267901,122.0,1.4378722166845443,490.0
2006-04-20 00:00:00-04:00,55.84067957854468,56.2211342456843,55.59522510560476,55.68727111816406,978500,WHR,55.25774765014648,0,0.9972525501933216,1.0,0.998130024620399,1.0,1.0291219521706494,25.0,1.1647618428547044,122.0,1.4295065842079675,489.0
2006-04-21 00:00:00-04:00,56.04319847904017,56.08001502362699,55.17797222800007,55.25774765014648,850300,WHR,55.53388595581055,1,0.9961285015516147,0.0,0.9932277923891975,1.0,1.019536226346015,25.0,1.1541826595481763,121.0,1.4180401558800433,488.0
2006-04-24 00:00:00-04:00,55.25775248394155,55.987973878176525,54.45388863077845,55.53388595581055,1100100,WHR,56.8470458984375,1,1.0024924111747118,1.0,0.9988301963657472,2.0,1.022885879191552,26.0,1.1582229725522064,122.0,1.4246567165473478,489.0
2006-04-25 00:00:00-04:00,57.65090483443552,57.755226158754375,55.5400073359769,56.8470458984375,1712500,WHR,55.39272689819336,0,1.0116848999288424,2.0,1.0175969056764547,3.0,1.0448507093009076,27.0,1.183699571761207,123.0,1.4577656753254529,490.0
2006-04-26 00:00:00-04:00,55.82227341241154,56.09840677882298,54.822047216842165,55.39272689819336,1523000,WHR,55.53388595581055,1,0.9870427481809033,1.0,0.9937031739480233,2.0,1.016313233288072,27.0,1.151665223171568,123.0,1.4199926352675987,489.0
2006-04-27 00:00:00-04:00,55.28843137989553,55.632069658839214,54.93866013075503,55.53388595581055,710800,WHR,55.07365798950195,0,1.0012725445588335,1.0,0.9967840122085522,3.0,1.0169555070740661,28.0,1.1528442690303806,123.0,1.423153643475401,489.0
2006-04-28 00:00:00-04:00,55.53388354373177,55.53388354373177,54.490707493473415,55.07365798950195,522300,WHR,54.582763671875,0,0.9958390906271625,1.0,0.9891770251689179,3.0,1.0067072143674782,28.0,1.14157403801247,123.0,1.4109135422379702,489.0
2006-05-01 00:00:00-04:00,55.12276479831236,55.39889833312586,54.46003869677071,54.582763671875,913600,WHR,54.7238883972168,1,0.9955233418144643,0.0,0.9837210801088807,2.0,0.9971759440603055,27.0,1.1297286086633789,123.0,1.3978808477860005,489.0
2006-05-02 00:00:00-04:00,54.674796546362025,54.79138852172795,54.23297925198228,54.7238883972168,691200,WHR,56.04935073852539,1,1.0012910899992855,1.0,0.9938705467023458,2.0,0.9991969217309981,27.0,1.1310812592233352,123.0,1.4010029312509737,490.0
2006-05-03 00:00:00-04:00,54.98162844313652,56.30094303087274,54.94481188587899,56.04935073852539,848300,WHR,56.963645935058594,1,1.0119655464771988,2.0,1.0155209156792437,3.0,1.0225774905661962,27.0,1.156718309515254,124.0,1.4344147940455252,490.0
2006-05-04 00:00:00-04:00,56.067740847555,56.97591655525741,56.04319492550143,56.963645935058594,776000,WHR,56.81024169921875,0,1.0080901774436968,2.0,1.0267667703687025,3.0,1.0380328032320931,28.0,1.1737287697983492,124.0,1.4572543209465878,490.0
2006-05-05 00:00:00-04:00,57.00660440873581,57.03728330236443,56.761149851425415,56.81024169921875,493200,WHR,56.93297576904297,1,0.9986516744832262,1.0,1.0176309246079245,3.0,1.0346088119168382,27.0,1.168765770932188,123.0,1.4527690669434508,490.0
2006-05-08 00:00:00-04:00,56.88388391337534,57.0066135525444,56.55865856247714,56.93297576904297,494000,WHR,57.1231803894043,1,1.0010790451734712,1.0,1.0113143923049068,4.0,1.0357215734071417,28.0,1.1694433851681452,124.0,1.4553481418403489,490.0
2006-05-09 00:00:00-04:00,56.73045504809805,57.36863489813455,56.6752302415028,57.1231803894043,556500,WHR,56.55866622924805,0,1.0016676401061342,2.0,1.006117060446176,4.0,1.0379790250935095,29.0,1.1714508710920213,125.0,1.4596476212073584,490.0
2006-05-10 00:00:00-04:00,57.12934625418547,57.12934625418547,56.43594125510012,56.55866622924805,618100,WHR,55.859107971191406,0,0.9950342629281004,1.0,0.9943901469379387,3.0,1.0264335298742115,29.0,1.1579842341322617,125.0,1.4446516743931,490.0
2006-05-11 00:00:00-04:00,56.23956277541181,56.442063139673785,55.828429077054246,55.859107971191406,599500,WHR,54.47843170166016,0,0.9937771561211545,0.0,0.9859200315599338,2.0,1.0131019610326333,28.0,1.1419063659747275,124.0,1.4262501404236503,489.0
2006-05-12 00:00:00-04:00,55.65660798632341,55.65660798632341,54.36797738236945,54.47843170166016,852600,WHR,54.79752349853516,1,0.9874867948512817,0.0,0.969531476833068,2.0,0.9878663766492896,27.0,1.1122059491128407,123.0,1.3905427609544414,488.0
2006-05-15 00:00:00-04:00,53.63161784675979,54.86502361975127,53.38616328612449,54.79752349853516,1138700,WHR,54.613426208496094,0,1.0029200549772401,1.0,0.9826793421496569,2.0,0.9935737218115056,27.0,1.1172388743720092,123.0,1.398208350093344,489.0
2006-05-16 00:00:00-04:00,54.76683470908176,54.91410555878034,54.3250174783301,54.613426208496094,858500,WHR,54.16946792602539,0,0.9983173778261498,1.0,0.9882738304062101,1.0,0.9901940035299391,27.0,1.1121230162931888,122.0,1.3930152415381514,489.0
2006-05-17 00:00:00-04:00,54.13864008908521,54.6010999826558,53.95982169904501,54.16946792602539,1621600,WHR,52.24561309814453,0,0.9959188594309534,0.0,0.9887900095854174,1.0,0.9822694549206393,26.0,1.1017720639559003,122.0,1.3811998176117024,489.0
2006-05-18 00:00:00-04:00,54.26193521164883,54.26193521164883,52.20861312515609,52.24561309814453,1286600,WHR,53.00407791137695,1,0.9819212200999603,0.0,0.9664215793537146,1.0,0.9483566862968628,25.0,1.061690008748645,121.0,1.3317232269586048,489.0
2006-05-19 00:00:00-04:00,52.78209675034336,53.17672888009506,52.31346933211845,53.00407791137695,1864300,WHR,52.17780303955078,0,1.0072063376714693,1.0,0.9858285252908239,2.0,0.9628014537235875,26.0,1.0761109400297555,121.0,1.3506074426133372,489.0
2006-05-22 00:00:00-04:00,52.442946864913225,52.52927232392568,51.370036666813306,52.17780303955078,1044800,WHR,54.26194763183594,1,0.9921443231062613,1.0,0.9800106486371603,1.0,0.9487045325963654,25.0,1.0583919075340906,121.0,1.329115744117496,489.0
2006-05-23 00:00:00-04:00,52.33195050623644,54.755239946606295,52.190127436815104,54.26194763183594,1725700,WHR,54.18795776367188,0,1.0195805099047965,1.0,1.0205027116085936,2.0,0.9869672055758336,25.0,1.0995052544354438,121.0,1.3816416176458426,490.0
2006-05-24 00:00:00-04:00,54.26195302956339,54.51476665973757,53.68850265596193,54.18795776367188,1818900,WHR,54.48394393920898,1,0.9993177507357501,1.0,1.0190403147629499,2.0,0.9858145775215861,25.0,1.0969172358851744,120.0,1.3792370242197534,489.0
2006-05-25 00:00:00-04:00,53.60218685543729,54.68125997941875,53.60218685543729,54.48394393920898,980500,WHR,56.09945297241211,1,1.002723667948191,1.0,1.0160527299379822,3.0,0.9914042392719894,25.0,1.1017694508843567,121.0,1.3861975090381502,490.0
2006-05-26 00:00:00-04:00,54.5085902987523,56.90721449934883,54.42226485485298,56.09945297241211,1914200,WHR,54.55792617797852,0,1.0146089655257584,2.0,1.0342395990883584,3.0,1.0204336434027195,26.0,1.1331050932462148,122.0,1.4266604055915741,490.0
2006-05-30 00:00:00-04:00,56.35843520258251,56.35843520258251,54.18795457467865,54.55792617797852,1600800,WHR,55.44586181640625,1,0.9860693719093189,1.0,0.9970700902961936,3.0,0.9924879457902883,26.0,1.1008153631758997,121.0,1.3868867105702796,490.0
2006-05-31 00:00:00-04:00,54.57027213826852,55.711005699716765,54.57027213826852,55.44586181640625,1402300,WHR,55.649322509765625,1,1.0080718642022861,1.0,1.008931544493105,3.0,1.0082550110194737,27.0,1.1174534244339434,122.0,1.4088175082282117,491.0
2006-06-01 00:00:00-04:00,55.44583909342019,55.6739875939636,54.89088645992527,55.649322509765625,1082200,WHR,55.18687438964844,0,1.001831408756315,2.0,1.0072767540824399,4.0,1.0110338517147541,28.0,1.1202375057315301,123.0,1.413372992931903,491.0
2006-06-02 00:00:00-04:00,55.64933423090248,55.80348751132049,54.64425653615556,55.18687438964844,1010400,WHR,53.41717529296875,0,0.9958276435582063,1.0,0.9963708097130813,3.0,1.0018159631182297,28.0,1.109653626352504,123.0,1.4010052012252776,491.0
2006-06-05 00:00:00-04:00,55.18685605790061,55.22385132750887,53.219859347752696,53.41717529296875,1461300,WHR,52.652587890625,0,0.9837050358448748,0.0,0.9738519726630283,2.0,0.9695570375384166,27.0,1.0729863135120787,123.0,1.3555194805104445,491.0
2006-06-06 00:00:00-04:00,53.41718675434424,53.57134001663192,52.27028610657326,52.652587890625,925300,WHR,51.01857376098633,0,0.99279165542191,0.0,0.9666281562469379,2.0,0.9557139465581118,27.0,1.0566065128918145,123.0,1.3356301970590208,490.0
2006-06-07 00:00:00-04:00,52.65876709605584,52.68343218805523,50.8027600864733,51.01857376098633,1674200,WHR,52.10380554199219,1,0.9842384892422659,0.0,0.9521071666899528,1.0,0.9265959800956534,26.0,1.0229391796163025,123.0,1.2937800662884302,489.0
2006-06-08 00:00:00-04:00,51.01856519809109,52.10380554199219,50.39578937107736,52.10380554199219,1668200,WHR,51.949649810791016,0,1.0105237271321814,1.0,0.9853997899989659,1.0,0.9468492958330443,26.0,1.0437193748193463,123.0,1.3208495176268165,490.0
2006-06-09 00:00:00-04:00,52.19629597332148,52.65875576392199,51.93731961963741,51.949649810791016,1162600,WHR,51.38237380981445,0,0.9985184948382683,1.0,0.9946636529099816,1.0,0.9448136898059114,25.0,1.0396774357210659,122.0,1.3164916682115697,490.0
2006-06-12 00:00:00-04:00,52.103810050694776,52.24563314206389,50.87058377730555,51.38237380981445,1272100,WHR,50.21697998046875,0,0.9945101626669058,0.0,0.9915281260523352,1.0,0.9351585108096249,25.0,1.0274763948544787,121.0,1.3016598262972934,490.0
2006-06-13 00:00:00-04:00,51.277555425914905,51.641354951949054,49.90250593457824,50.21697998046875,998200,WHR,49.48320388793945,0,0.9885295153377525,0.0,0.9782348817445018,1.0,0.914699979760892,25.0,1.0034374417348184,121.0,1.2717234355239364,490.0
2006-06-14 00:00:00-04:00,50.19230993126042,50.506783946093776,49.00224639724424,49.48320388793945,1903500,WHR,50.53761291503906,1,0.992640173126483,0.0,0.9697416546586451,1.0,0.902504503787989,24.0,0.9882414413531566,120.0,1.2527393629502659,490.0
2006-06-15 00:00:00-04:00,49.56336301466269,50.77192421709535,49.3783818933714,50.53761291503906,1954700,WHR,49.933326721191406,0,1.0105418957853203,1.0,0.9965226310155822,1.0,0.9225118794677819,25.0,1.008756045283854,120.0,1.2789568992629254,491.0
2006-06-16 00:00:00-04:00,49.79150365015356,50.142972899508685,49.329043863929215,49.933326721191406,1521900,WHR,48.94057846069336,0,0.99398546290066,1.0,0.9924991553341934,1.0,0.9126017666846479,24.0,0.99620844117038,119.0,1.263220180255388,490.0
2006-06-19 00:00:00-04:00,49.9641536562608,50.18613472602417,48.79258794459502,48.94057846069336,1393500,WHR,48.81111145019531,0,0.9899594512963574,0.0,0.9823018765193183,1.0,0.8957395090616133,24.0,0.9760453875403748,118.0,1.2377186716976372,489.0
2006-06-20 00:00:00-04:00,48.94059967963484,49.32906436795346,48.16983304888557,48.81111145019531,1506500,WHR,49.46469879150391,1,0.9986755522015418,0.0,0.9852636648339611,1.0,0.8947392048021057,23.0,0.9730225180357979,118.0,1.234054165196975,489.0
2006-06-21 00:00:00-04:00,48.8357508566302,49.94565620971077,48.8357508566302,49.46469879150391,874100,WHR,49.53253555297852,1,1.0066505413661935,1.0,0.9985310739005345,2.0,0.9083189447930998,23.0,0.9855233726695867,119.0,1.2501189260454282,490.0
2006-06-22 00:00:00-04:00,49.37838226521577,49.69901903383288,49.14406625700999,49.53253555297852,693800,WHR,50.315650939941406,1,1.0006852389556515,2.0,1.0039744520915015,2.0,0.9110788912860023,24.0,0.9862858861354028,120.0,1.2513649864474925,491.0
2006-06-23 00:00:00-04:00,50.0690046467071,50.56846468421293,49.95185130332054,50.315650939941406,1021200,WHR,50.45743942260742,1,1.0078430606951325,2.0,1.0182692298190719,3.0,0.927918875217018,24.0,1.0012152732423598,121.0,1.2707100986471225,491.0
2006-06-26 00:00:00-04:00,50.34028145532304,50.636257744742274,50.260123464455766,50.45743942260742,656500,WHR,49.84698867797852,0,1.001407007388142,2.0,1.0149076335429434,4.0,0.9321569837328252,25.0,1.0033985419254703,121.0,1.2738472212774474,491.0
2006-06-27 00:00:00-04:00,50.38961108541621,50.76574536170517,49.81616085307268,49.84698867797852,752500,WHR,49.33520126342773,0,0.9939140199870665,1.0,0.9984681751841171,4.0,0.9226641329371059,24.0,0.9906675659971552,121.0,1.2579940353579389,491.0
2006-06-28 00:00:00-04:00,49.85315386040199,50.0689674424746,49.014559909162784,49.33520126342773,663800,WHR,50.81509399414063,1,0.994839926252353,0.0,0.9887296719074755,3.0,0.9152496066001495,23.0,0.9799517741528645,120.0,1.2446436152798293,491.0
2006-06-29 00:00:00-04:00,50.0689879127624,50.83975438127404,49.95799735312131,50.81509399414063,986900,WHR,50.96308898925781,1,1.0147767185998493,1.0,1.0131797692684328,3.0,0.9443039854679146,24.0,1.008643729893203,121.0,1.2814818849896636,492.0
2006-06-30 00:00:00-04:00,51.17890269831326,51.21589799004104,50.73494038003576,50.96308898925781,828000,WHR,50.69792938232422,0,1.0014540935078526,2.0,1.0135138897564746,3.0,0.9485610857663778,25.0,1.0109265625536359,121.0,1.2847071582701355,493.0
2006-07-03 00:00:00-04:00,51.11722647475822,51.11722647475822,50.42661811534205,50.69792938232422,225600,WHR,50.5006103515625,0,0.9973917278109058,1.0,1.0072771078390934,2.0,0.9451191480619495,25.0,1.0049959614040622,121.0,1.2775242458438112,493.0
2006-07-05 00:00:00-04:00,50.69792634179274,50.802749432518496,49.883997294044974,50.5006103515625,903300,WHR,50.96308898925781,1,0.998050179070957,0.0,1.000757505923954,2.0,0.9429890990204138,25.0,1.0004131981264541,121.0,1.2719431834345638,493.0
2006-07-06 00:00:00-04:00,50.71644273417187,51.22823289020765,50.56228941279141,50.96308898925781,844400,WHR,50.90141296386719,0,1.0045580699373264,1.0,1.0034481920493743,3.0,0.9529458603796644,26.0,1.0088807131379616,121.0,1.2829500377383058,494.0
2006-07-07 00:00:00-04:00,50.944575692418006,51.20355206372292,50.77808752201872,50.90141296386719,826400,WHR,50.80891418457031,0,0.999394528769021,1.0,1.0018932467372001,2.0,0.953117559070467,26.0,1.007027662482584,120.0,1.2807597127178765,493.0
2006-07-10 00:00:00-04:00,51.11105324949582,51.19121124914184,50.62392839537607,50.80891418457031,440700,WHR,50.12447738647461,0,0.9990905664951615,0.0,1.0006799295758246,1.0,0.953081125167201,25.0,1.0045374442532806,120.0,1.2777644789033957,493.0
2006-07-11 00:00:00-04:00,50.80891827546361,50.815085723435736,49.98882175739436,50.12447738647461,1546000,WHR,46.79477691650391,0,0.9932189259922576,0.0,0.989434927950967,1.0,0.9419854029096874,25.0,0.9904147566699549,119.0,1.2598688861164016,493.0
2006-07-12 00:00:00-04:00,50.038163772807046,50.04433122223856,46.60979106864275,46.79477691650391,3377300,WHR,47.20172882080078,1,0.9656445925640148,0.0,0.9374228985547606,1.0,0.8818736393406642,25.0,0.9243305390509419,118.0,1.175648763265307,492.0
2006-07-13 00:00:00-04:00,46.79476196727161,47.88000220563203,45.92534005059825,47.20172882080078,2506400,WHR,46.7515983581543,0,1.004329436515802,1.0,0.960043063036454,1.0,0.8918735315622253,26.0,0.932006128867302,119.0,1.1853881521646175,492.0
2006-07-14 00:00:00-04:00,46.97974686605779,47.29421611486321,46.31997113172493,46.7515983581543,1436200,WHR,46.899600982666016,1,0.9952089992322559,1.0,0.9672150991374777,1.0,0.8859469932154462,25.0,0.9229380106018866,118.0,1.173611918575492,492.0
2006-07-17 00:00:00-04:00,46.75161512401788,47.380558551561656,46.72695003017892,46.899600982666016,864700,WHR,46.3076400756836,0,1.0015803601614657,1.0,0.986229770373761,2.0,0.891225209336582,26.0,0.9257618331330723,118.0,1.176836539962943,493.0
2006-07-18 00:00:00-04:00,46.899588051449065,47.17089930448569,45.672529373697245,46.3076400756836,1698100,WHR,47.880008697509766,1,0.9936489815570034,1.0,0.9896683498562451,2.0,0.8824777678893426,26.0,0.9140923180170958,117.0,1.1615629230740094,492.0
2006-07-19 00:00:00-04:00,46.40013629989209,47.99099924494071,46.39396885159463,47.880008697509766,1230400,WHR,47.32505416870117,0,1.0166940001402145,1.0,1.0185477189070353,3.0,0.9146656953566848,26.0,0.9450683655348199,117.0,1.2005310303000198,492.0
2006-07-20 00:00:00-04:00,47.99099742807524,48.19448087472584,47.23256126527959,47.32505416870117,962000,WHR,46.73310852050781,0,0.9941709557023406,1.0,1.006214255447395,2.0,0.906813414720312,25.0,0.9340622917375809,117.0,1.1861638440480016,492.0
2006-07-21 00:00:00-04:00,47.41754945407115,47.44221454318155,46.01167230547124,46.73310852050781,1509700,WHR,48.02800369262695,1,0.993706599924248,0.0,0.9937065757433179,2.0,0.8979542144968408,25.0,0.9226124630907991,116.0,1.1708654972261292,492.0
2006-07-24 00:00:00-04:00,46.8564376248907,48.55829144218772,46.83177253137793,48.02800369262695,977000,WHR,48.61994552612305,1,1.0136648372088193,1.0,1.0163632322336213,2.0,0.9250585647719204,25.0,0.9482110220839037,117.0,1.2027520604473163,493.0
2006-07-25 00:00:00-04:00,48.71243843871912,49.27972140287713,46.1534929469474,48.61994552612305,2051600,WHR,48.24381637573242,0,1.0061247221310026,2.0,1.018918145840555,3.0,0.938403966992872,26.0,0.9598607320534231,118.0,1.2169752749612475,494.0
2006-07-26 00:00:00-04:00,48.619950811294736,48.70627628459899,47.63953806260263,48.24381637573242,1364900,WHR,47.78752136230469,0,0.9961169260515431,1.0,1.0094963560410726,2.0,0.9330469605705525,26.0,0.9524381540340575,117.0,1.2070122594975066,493.0
2006-07-27 00:00:00-04:00,48.46579491818294,49.03307791368945,47.49154496651834,47.78752136230469,687900,WHR,48.256141662597656,1,0.9952484780054563,0.0,0.9980168584637193,2.0,0.9262931583001056,25.0,0.9434686717873415,116.0,1.195052109100622,493.0
2006-07-28 00:00:00-04:00,47.941667669978486,48.42879257481695,47.571700757453634,48.256141662597656,757100,WHR,47.59635543823242,0,1.0048792422689194,1.0,1.0014330797906394,3.0,0.9377376116138618,25.0,0.9527136320722408,117.0,1.2062341104534224,493.0
2006-07-31 00:00:00-04:00,48.0156524352473,48.219131134793855,47.48536491830544,47.59635543823242,581100,WHR,46.46796417236328,0,0.9931166506421717,1.0,0.9895136651490438,2.0,0.9277308932663643,24.0,0.9396830101784056,117.0,1.1892166452030937,493.0
2006-08-01 00:00:00-04:00,47.47920929263486,47.6641951066977,46.24598307724175,46.46796417236328,1210400,WHR,47.25105285644531,1,0.9880040458428826,0.0,0.9747768711024882,1.0,0.9087900516963252,24.0,0.9174910796583163,116.0,1.1605343456368438,493.0
2006-08-02 00:00:00-04:00,46.61594221430758,47.84300077642952,46.258305542530486,47.25105285644531,1146000,WHR,48.94676208496094,1,1.0083557073997194,1.0,0.995349782208926,2.0,0.9270307846288413,24.0,0.9329866680113016,116.0,1.1795485526911842,494.0
2006-08-03 00:00:00-04:00,47.251075509110784,49.27357108580914,46.96127120964984,48.94676208496094,1464600,WHR,48.84808349609375,0,1.0176273154390094,2.0,1.0260589431923146,3.0,0.9628736759280027,24.0,0.9664077669465339,116.0,1.2212974808585808,494.0
2006-08-04 00:00:00-04:00,49.94565390324133,50.6485923596029,48.46578173560184,48.84808349609375,1628000,WHR,49.070072174072266,1,0.9989909632938129,1.0,1.0214553751581672,2.0,0.9633679026599208,24.0,0.9645324131895271,115.0,1.2182803333965664,493.0
2006-08-07 00:00:00-04:00,48.84809107924691,49.31055090940229,48.45345906719843,49.070072174072266,846200,WHR,47.713523864746094,0,1.0022670839382053,1.0,1.019811905107905,3.0,0.9699102774542161,25.0,0.9689979039207558,115.0,1.2232589993364558,493.0
2006-08-08 00:00:00-04:00,49.27972183064403,49.48320529924472,47.55937057720951,47.713523864746094,762100,WHR,46.2459831237793,0,0.9859836959479984,1.0,0.9865116736085007,3.0,0.9452034342227054,25.0,0.9423237651579838,115.0,1.188970363076268,492.0
2006-08-09 00:00:00-04:00,48.06498991156074,48.0773248081825,46.1534902166548,46.2459831237793,1406800,WHR,46.52345657348633,1,0.9843811362149227,0.0,0.9601597340678014,2.0,0.9187254537195643,24.0,0.913520590682846,115.0,1.1519715151215517,492.0
2006-08-10 00:00:00-04:00,46.24598255988089,46.8194329317988,45.90684347268792,46.52345657348633,1199200,WHR,46.899600982666016,1,1.002991000599039,1.0,0.9757390553224994,2.0,0.9267200673560902,25.0,0.9193252183524268,115.0,1.1584581054872412,492.0
2006-08-11 00:00:00-04:00,46.36931322609245,46.99826135802185,46.21515991788817,46.899600982666016,769600,WHR,47.1709213256836,1,1.0040262481128237,2.0,0.9917335165615223,3.0,0.9364728448141478,26.0,0.9269589985185752,116.0,1.167412879348184,492.0
2006-08-14 00:00:00-04:00,47.55938604302184,48.24382723860817,46.82561935471627,47.1709213256836,696300,WHR,47.31274032592773,1,1.0028842227762724,2.0,1.0055472241362289,3.0,0.9434838414509314,27.0,0.9324169730140979,117.0,1.173716968174399,493.0
2006-08-15 00:00:00-04:00,47.78753049445892,47.96018146483389,47.0784242623736,47.31274032592773,780000,WHR,48.46580505371094,1,1.0015009896712836,2.0,1.0102966964467568,4.0,0.9481192317161398,27.0,0.935294768503317,118.0,1.176789067401582,494.0
2006-08-16 00:00:00-04:00,47.756698808841634,48.51513524738916,47.55938273851494,48.46580505371094,837800,WHR,49.10088348388672,1,1.0120388623904528,2.0,1.025199633610931,5.0,0.9724315564700192,28.0,0.9580550357000184,119.0,1.2049788326967823,494.0
2006-08-17 00:00:00-04:00,48.157466500539776,49.58184549708329,48.157466500539776,49.10088348388672,1061500,WHR,48.94676208496094,0,1.006509172748351,2.0,1.027430289127132,5.0,0.9868771844856412,28.0,0.9706339469025109,119.0,1.2202426683964431,495.0
2006-08-18 00:00:00-04:00,49.15024560311563,49.2304036385768,47.92935390295976,48.94676208496094,779000,WHR,48.65694427490234,0,0.9984280968907351,1.0,1.0155051573662994,4.0,0.9855097730455219,28.0,0.9676076959929134,119.0,1.2158720369513842,495.0
2006-08-21 00:00:00-04:00,48.83575794248091,48.841925390999606,47.84301042828899,48.65694427490234,1184900,WHR,49.90250396728516,1,0.9970306679851885,0.0,1.003305739800768,3.0,0.9815938755088298,27.0,0.9618472751841545,119.0,1.208147217961754,494.0
2006-08-22 00:00:00-04:00,48.749435647400624,50.186145460566806,48.749435647400624,49.90250396728516,1710800,WHR,49.34137725830078,0,1.012637648795701,1.0,1.0181155117201675,3.0,1.008823488395841,27.0,0.9862428559017473,120.0,1.238468109355299,495.0
2006-08-23 00:00:00-04:00,49.9764926909645,50.0689808907065,48.663103802013815,49.34137725830078,1450200,WHR,48.70286560058594,0,0.994345981817167,1.0,1.0030836346283045,2.0,0.9992360899641882,27.0,0.9749882442894299,119.0,1.223973744322535,494.0
2006-08-24 00:00:00-04:00,49.47160061527983,49.49019820389594,48.10771911585132,48.70286560058594,1059700,WHR,48.66563034057617,0,0.9934875150330464,0.0,0.9917079151893772,1.0,0.988555161952858,26.0,0.9622312538080791,119.0,1.2075803952661808,494.0
2006-08-25 00:00:00-04:00,48.45485153679356,48.85161553316077,47.74191460495253,48.66563034057617,1115700,WHR,49.800140380859375,1,0.9996175841102417,0.0,0.9920855583268235,1.0,0.9901386203832234,25.0,0.9613304576021182,119.0,1.2061111461613714,493.0
2006-08-28 00:00:00-04:00,48.78962786828318,49.96132253750756,48.72763436727997,49.800140380859375,928700,WHR,49.41576766967773,0,1.0115218723417378,1.0,1.0105034613600319,2.0,1.0150752305697661,26.0,0.9834493394089379,120.0,1.2336370755867325,493.0
2006-08-29 00:00:00-04:00,49.68854471983904,49.843530820194246,48.96940694388668,49.41576766967773,710600,WHR,50.0233154296875,1,0.9961258963533764,1.0,1.0046886385499227,1.0,1.008611619181604,26.0,0.9756100581583913,119.0,1.2235301591322494,493.0
2006-08-30 00:00:00-04:00,49.42196860155164,50.09770573103185,49.03760136867088,50.0233154296875,663200,WHR,50.15969467163086,1,1.006109748210396,1.0,1.0142284991535688,2.0,1.021926142957769,27.0,0.9873015404276931,120.0,1.2379570695844195,494.0
2006-08-31 00:00:00-04:00,50.02950220877347,50.51925876444791,49.81252265367709,50.15969467163086,788000,WHR,50.56268310546875,1,1.0013613011009095,2.0,1.0110210220780744,3.0,1.0250119823539707,28.0,0.9896948033484313,120.0,1.2406765690740527,495.0
2006-09-01 00:00:00-04:00,50.277509139882405,50.66187651774342,49.88694572110589,50.56268310546875,692100,WHR,50.59988021850586,1,1.0040009821325873,2.0,1.0114090094465498,4.0,1.0337896553483714,28.0,0.9973950115277405,120.0,1.2499818100834088,495.0
2006-09-05 00:00:00-04:00,50.77346395064244,51.00284042676494,50.09772187362279,50.59988021850586,845500,WHR,50.68046188354492,1,1.0003676964265722,2.0,1.0089250599306334,4.0,1.0350262366522411,29.0,0.9979167358008504,120.0,1.2502490852524293,495.0
2006-09-06 00:00:00-04:00,50.599870802849935,51.845955818016094,50.42008633379089,50.68046188354492,1356000,WHR,49.58937072753906,0,1.0007956298662366,2.0,1.0054608410087482,5.0,1.0369226738593817,30.0,0.9992418536036805,121.0,1.2515550656443641,496.0
2006-09-07 00:00:00-04:00,50.68047462484676,50.68047462484676,48.62845936764046,49.58937072753906,1198500,WHR,51.021427154541016,1,0.9891184504093283,1.0,0.9855113212811897,4.0,1.0148161253987105,30.0,0.977596368144795,120.0,1.2239710232532264,496.0
2006-09-08 00:00:00-04:00,49.9117260861133,51.30660101735141,49.7009425258966,51.021427154541016,1036100,WHR,52.3667221069336,1,1.0142336255863946,1.0,1.0105100911154108,4.0,1.0435747758312595,31.0,1.0055913293473182,120.0,1.2585859028072284,497.0
2006-09-11 00:00:00-04:00,50.95324914902953,52.38531968851623,50.525485853420975,52.3667221069336,1485300,WHR,54.21412658691406,1,1.0130120808042542,2.0,1.0297955326977863,4.0,1.0704235332294336,31.0,1.0316953747076065,121.0,1.2909797102268368,497.0
2006-09-12 00:00:00-04:00,52.60227236940951,54.56129860761629,52.583674797368246,54.21412658691406,1565100,WHR,54.20793151855469,0,1.0173333624438206,2.0,1.0511824429324506,4.0,1.1065723497529343,32.0,1.067514673042853,121.0,1.3356193477945697,498.0
2006-09-13 00:00:00-04:00,54.449709419012855,54.56129958305507,53.68717584309115,54.20793151855469,963000,WHR,54.36912155151367,1,0.9999428615498762,1.0,1.036878711008503,3.0,1.1044668310937837,32.0,1.066785711547003,121.0,1.334544820867641,498.0
2006-09-14 00:00:00-04:00,54.21413545275816,54.51791161177524,53.25322447835421,54.36912155151367,812400,WHR,54.9394760131836,1,1.0014845681329643,1.0,1.0212874488118013,4.0,1.1056642175343574,33.0,1.0693443783936931,121.0,1.3376193198187676,498.0
2006-09-15 00:00:00-04:00,55.17505318924092,55.57181723828513,54.3939218983974,54.9394760131836,1644700,WHR,54.61709976196289,0,1.0052178371544138,2.0,1.0170309031752784,4.0,1.1151937282871436,33.0,1.079829126608248,122.0,1.3507587845633342,498.0
2006-09-18 00:00:00-04:00,54.74109147772714,55.43542616680559,54.40012017162587,54.61709976196289,1072200,WHR,54.25135040283203,0,0.9970574449873064,1.0,1.0027088285582342,3.0,1.1067461678742894,32.0,1.0726309764588116,122.0,1.3419006292899913,498.0
2006-09-19 00:00:00-04:00,54.62331619721101,54.79689991926774,53.40822541301214,54.25135040283203,1337600,WHR,54.56749725341797,1,0.9966404467173251,0.0,0.9958579682440591,2.0,1.0978754264484871,31.0,1.0645568210921472,122.0,1.3319841403254993,498.0
2006-09-20 00:00:00-04:00,54.25752509178124,54.85887184212447,53.80496838447952,54.56749725341797,1237000,WHR,53.95375061035156,0,1.0029052582102747,1.0,1.0003407631275834,3.0,1.102744565604729,31.0,1.0698895353924815,122.0,1.3388428344851726,498.0
2006-09-21 00:00:00-04:00,54.69768659358972,54.86506947018356,53.612784089942025,53.95375061035156,1215200,WHR,54.40011978149414,1,0.9943444564530177,1.0,0.9905980657452523,2.0,1.0888353803950268,31.0,1.05706569251505,121.0,1.3228697564895808,498.0
2006-09-22 00:00:00-04:00,53.9537590675446,54.43111889266297,53.1478342049582,54.40011978149414,959600,WHR,52.7200927734375,0,1.0041195498557491,1.0,1.0007755297792629,2.0,1.0959764327483867,32.0,1.064970530685252,122.0,1.3328609152416944,499.0
2006-09-25 00:00:00-04:00,51.486404263708,53.377232578553325,51.4616059105222,52.7200927734375,2211600,WHR,54.12116622924805,1,0.9843164332110047,1.0,0.9766857555961114,2.0,1.0614506714575827,31.0,1.031424231640855,121.0,1.2908097339770668,499.0
2006-09-26 00:00:00-04:00,52.69529173737475,54.30094600353804,52.540305585206006,54.12116622924805,1220100,WHR,52.85026550292969,0,1.0131135992676326,1.0,1.003125727639772,3.0,1.088505945614758,31.0,1.0580816499199506,121.0,1.324122031296001,500.0
2006-09-27 00:00:00-04:00,53.84217569837347,53.98476500606268,52.7138769642185,52.85026550292969,1175400,WHR,52.484500885009766,0,0.988119251039845,1.0,0.9858454297106507,2.0,1.0621787583251616,31.0,1.0326271428216198,120.0,1.2921289071178281,499.0
2006-09-28 00:00:00-04:00,52.76967477246276,53.09204381442674,52.23032138304893,52.484500885009766,928400,WHR,52.14352035522461,0,0.9965275983375438,0.0,0.9844185579906692,2.0,1.0541271588795738,31.0,1.0249625881906284,119.0,1.2822577257777366,499.0
2006-09-29 00:00:00-04:00,52.74486713954625,52.80065986148945,52.01953337548411,52.14352035522461,953900,WHR,52.53409957885742,1,0.9967410209450274,0.0,0.9863727672519915,1.0,1.0468650624638456,30.0,1.0177847767272192,119.0,1.2730178852403322,498.0
2006-10-02 00:00:00-04:00,52.35431509268402,53.24083598392445,52.11873786759552,52.53409957885742,689400,WHR,52.33572006225586,0,1.0037312581608062,1.0,0.9944609284096975,2.0,1.0541306829308512,31.0,1.0248399601645843,120.0,1.2816811360531783,498.0
2006-10-03 00:00:00-04:00,52.66428993134196,52.82547684572822,51.659982743539445,52.33572006225586,625100,WHR,52.81307220458984,1,0.9981083259484906,1.0,0.9974480239929104,1.0,1.0496141305826234,31.0,1.0203552539521652,120.0,1.2759927850275614,497.0
2006-10-04 00:00:00-04:00,52.08773356230008,52.92466240111126,51.53598334888891,52.81307220458984,1117000,WHR,53.51361846923828,1,1.0045397777001808,1.0,1.0066884290720945,2.0,1.058236604595624,32.0,1.0289957528561757,121.0,1.286837133429361,497.0
2006-10-05 00:00:00-04:00,52.80688199323632,53.60661110656528,52.14354145068001,53.51361846923828,758400,WHR,53.3896369934082,0,1.006588620977563,2.0,1.0160555220764025,3.0,1.069873146357332,33.0,1.0419342788449004,121.0,1.3030256493385393,498.0
2006-10-06 00:00:00-04:00,53.51362403620778,53.73680449708901,53.085860697885,53.3896369934082,842900,WHR,53.36481094360352,0,0.9988402460215685,1.0,1.0089272914803764,3.0,1.065198145214069,32.0,1.038781457132465,121.0,1.2991789348594658,497.0
2006-10-09 00:00:00-04:00,53.39580532331669,53.39580532331669,52.59607654183615,53.36481094360352,763600,WHR,55.2928581237793,1,0.9997674471623016,0.0,1.0053018336964612,2.0,1.0623666357004824,32.0,1.0374135235913942,121.0,1.2977529358236752,496.0
2006-10-10 00:00:00-04:00,53.78639261826376,55.36724844566042,53.755393497612125,55.2928581237793,1086300,WHR,54.78450393676758,0,1.0177442346842553,1.0,1.0301455952615164,3.0,1.0976925881171347,32.0,1.0738399279837114,121.0,1.3437495169261777,496.0
2006-10-11 00:00:00-04:00,55.29285830038656,55.29285830038656,54.36913747579703,54.78450393676758,751000,WHR,55.10068130493164,1,0.9953818462080141,1.0,1.0132315580009164,2.0,1.0845586419278568,32.0,1.0629584835941484,121.0,1.3304911049416923,496.0
2006-10-12 00:00:00-04:00,54.92709755177493,55.46645112462833,54.747313027490456,55.10068130493164,713900,WHR,55.06966018676758,0,1.0028773429964069,1.0,1.0131316239742598,2.0,1.088225316564099,32.0,1.0681166918897356,121.0,1.3372621126804651,496.0
2006-10-13 00:00:00-04:00,55.10685533588035,55.33003569015744,54.77208480446471,55.06966018676758,1008400,WHR,54.69772338867188,0,0.9997184258690311,1.0,1.0063439585034573,2.0,1.08484712621436,32.0,1.0665553533340604,120.0,1.3355904861376386,496.0
2006-10-16 00:00:00-04:00,55.07588530720247,55.1068844343653,54.40634862063116,54.69772338867188,902300,WHR,53.89177703857422,0,0.9966115909300136,0.0,0.9947014576173634,2.0,1.074709788309164,32.0,1.0584236106246536,120.0,1.3256635886524277,496.0
2006-10-17 00:00:00-04:00,54.39393058368268,54.61711098813117,53.68099344335005,53.89177703857422,1065900,WHR,54.09016418457031,1,0.9925780453273415,0.0,0.9850647226866945,1.0,1.0568450625105728,31.0,1.0420687337339845,119.0,1.3052433493113844,496.0
2006-10-18 00:00:00-04:00,54.49312910439852,54.78450381150202,53.755393546396185,54.09016418457031,1101000,WHR,54.31332778930664,1,1.0018372252225594,1.0,0.991206944742549,2.0,1.0588424348333771,31.0,1.0451835495627326,119.0,1.3091548441099172,496.0
2006-10-19 00:00:00-04:00,54.11494577587914,54.57370329509268,53.64378672031373,54.31332778930664,531900,WHR,54.35053634643555,1,1.00205863852421,2.0,0.9981768403834952,2.0,1.0611097349621272,32.0,1.0487716388876491,119.0,1.313655145974377,496.0
2006-10-20 00:00:00-04:00,54.58611829723385,54.5985151068436,53.9351746423879,54.35053634643555,671900,WHR,55.37964630126953,1,1.0003424188659666,2.0,1.0015078781738693,3.0,1.0595723578656708,33.0,1.0488348069278726,119.0,1.3136621424555528,496.0
2006-10-23 00:00:00-04:00,53.93517440336052,55.37964630126953,53.93517440336052,55.37964630126953,1101100,WHR,53.749210357666016,0,1.0093785495476482,2.0,1.0179129556313686,4.0,1.0771419060722274,33.0,1.0679394830484363,120.0,1.3376124149432351,496.0
2006-10-24 00:00:00-04:00,54.95810551258023,55.01389827229152,52.84409154941314,53.749210357666016,3588300,WHR,53.49502944946289,0,0.9850595342650829,1.0,0.9884625573575276,4.0,1.0433486711317228,33.0,1.035937712934697,119.0,1.297392597328174,495.0
2006-10-25 00:00:00-04:00,53.99718314967416,53.99718314967416,53.20985545120694,53.49502944946289,940000,WHR,53.73678970336914,1,0.9976298875477112,0.0,0.9859462766254832,3.0,1.0360592577180523,33.0,1.0304385194733299,119.0,1.2904428301171387,494.0
2006-10-26 00:00:00-04:00,53.84217913371536,54.02816437651554,53.507408534555736,53.73678970336914,725800,WHR,53.46400833129883,0,1.0022545570504748,1.0,0.9925113421598043,3.0,1.0385672516166986,33.0,1.0345764638011328,119.0,1.2954519154455924,494.0
2006-10-27 00:00:00-04:00,53.74298617318024,53.94136820905553,53.00525076017488,53.46400833129883,966600,WHR,53.71200180053711,1,0.9974554165913756,1.0,0.9907175190641777,2.0,1.0317938870962222,32.0,1.0288661189658934,118.0,1.2880190379473815,494.0
2006-10-30 00:00:00-05:00,53.61281312027627,53.749196964409656,52.980466955630256,53.71200180053711,672500,WHR,53.89177703857422,1,1.002313889730857,1.0,1.0015027364595352,2.0,1.0349607138388346,33.0,1.0331985951361655,118.0,1.2931184251546195,495.0
2006-10-31 00:00:00-05:00,53.83597957256144,54.10255590399707,53.476415347440025,53.89177703857422,644800,WHR,53.56320190429688,0,1.0016707149133295,2.0,1.0043208370132017,3.0,1.0368192696324925,33.0,1.036246876373185,118.0,1.2965522968321008,496.0
2006-11-01 00:00:00-05:00,54.24513985942664,54.47452101070338,53.209833753833216,53.56320190429688,923300,WHR,53.16023254394531,0,0.9969422065174661,1.0,0.9979439809834696,3.0,1.028568564160738,33.0,1.0295632936531984,117.0,1.2877856069086087,495.0
2006-11-02 00:00:00-05:00,53.40821125104334,53.41441201941591,52.49069145372078,53.16023254394531,1048700,WHR,52.61466598510742,0,0.996224171734775,0.0,0.9925686178699326,2.0,1.018576384644253,33.0,1.0214666069707241,117.0,1.277263185520645,494.0
2006-11-03 00:00:00-05:00,53.30280442586251,53.30280442586251,51.96372268283675,52.61466598510742,858800,WHR,53.433013916015625,1,0.9948421925577358,0.0,0.98550789648493,2.0,1.0061658889413705,32.0,1.0107165336630877,116.0,1.2633761768158187,493.0
2006-11-06 00:00:00-05:00,52.75727200276931,53.64379275972496,52.31711200872852,53.433013916015625,718300,WHR,54.12735748291016,1,1.0077167924057482,1.0,1.001883194881466,2.0,1.019692054054373,32.0,1.0259806021158033,117.0,1.2822212754414868,493.0
2006-11-07 00:00:00-05:00,53.29043328117602,54.3567386705624,53.09825198301973,54.12735748291016,1019200,WHR,54.25135040283203,1,1.0064553846166941,2.0,1.0140065080051288,2.0,1.0306621990039404,32.0,1.0387894571617164,118.0,1.2980642886885052,493.0
2006-11-08 00:00:00-05:00,54.127358651504586,54.46212928538616,53.98477404973013,54.25135040283203,953600,WHR,54.86507034301758,1,1.0011440708451018,2.0,1.013715677109761,3.0,1.0307534641960985,32.0,1.0406916627500582,118.0,1.3001827219073423,494.0
2006-11-09 00:00:00-05:00,54.40011211977167,55.075849133918574,54.14593268742675,54.86507034301758,1108900,WHR,55.51602935791016,1,1.0056244508020933,2.0,1.0186931053073995,4.0,1.0403058262795053,32.0,1.0519173570281133,119.0,1.314044074834988,494.0
2006-11-10 00:00:00-05:00,54.86508577040865,55.54082297456458,54.27614041394612,55.51602935791016,889500,WHR,55.42303466796875,0,1.0058973775098847,2.0,1.0197923121452053,5.0,1.0505190408381073,32.0,1.0638033654113295,119.0,1.328807628036756,494.0
2006-11-13 00:00:00-05:00,55.47263135902431,56.21656280565444,55.21845186471519,55.42303466796875,1316800,WHR,55.47882461547852,1,0.999161749824032,1.0,1.0106948015459034,4.0,1.046621608860089,32.0,1.0614249867530234,119.0,1.3257620323690866,493.0
2006-11-14 00:00:00-05:00,55.41063035114765,55.55942041685165,54.52410964464704,55.47882461547852,1225600,WHR,55.223419189453125,0,1.0005030569178033,1.0,1.0067498443091238,4.0,1.0454305156301407,33.0,1.0619049781686405,119.0,1.3262934867430716,493.0
2006-11-15 00:00:00-05:00,55.49750850165482,56.22011839890639,55.07391549619431,55.223419189453125,1244800,WHR,55.02408599853516,0,0.9976928613436649,1.0,0.99859214015556,3.0,1.0388816357380077,32.0,1.056502731601845,118.0,1.319384005823785,493.0
2006-11-16 00:00:00-05:00,55.0676914456996,55.161133047519776,54.669011713728345,55.02408599853516,1680500,WHR,53.88410949707031,0,0.9981919482841987,0.0,0.994415767670521,2.0,1.033290646074697,32.0,1.0521939956500708,118.0,1.3138614605750267,492.0
2006-11-17 00:00:00-05:00,54.99916851825103,55.00539922580995,53.79066789423579,53.88410949707031,1385300,WHR,53.60380172729492,0,0.9895326839612282,0.0,0.9795918423958931,1.0,1.0102449194151115,32.0,1.0300679758161364,117.0,1.2859225545706674,492.0
2006-11-20 00:00:00-05:00,53.890352556398064,53.99625084598519,53.522816768379,53.60380172729492,717900,WHR,53.75954055786133,1,0.9973921926048941,0.0,0.9809847672221881,1.0,1.0034412129138324,32.0,1.0244437677981104,116.0,1.278520151714455,492.0
2006-11-21 00:00:00-05:00,53.63495013117536,53.8467514802221,53.56642658465778,53.75954055786133,709700,WHR,53.585079193115234,0,1.0014505773316256,1.0,0.9900651775966354,1.0,1.0051149556723118,32.0,1.0271870955586944,116.0,1.2814741701481813,493.0
2006-11-22 00:00:00-05:00,53.516560443693216,53.672294811527074,52.90607963062475,53.585079193115234,865700,WHR,53.41690444946289,0,0.9983747544576448,1.0,0.9928435291676108,1.0,1.0005532291363752,32.0,1.0236150373824622,116.0,1.2765725895049618,492.0
2006-11-24 00:00:00-05:00,53.43559181887749,53.63493168036183,52.949701203549225,53.41690444946289,401000,WHR,52.95594024658203,0,0.9984283025610619,0.0,0.9956573508695538,1.0,0.9963607758263908,31.0,1.0201316478030102,116.0,1.271819295371767,492.0
2006-11-27 00:00:00-05:00,53.42314356603718,53.44806164672468,52.6631587393014,52.95594024658203,961800,WHR,52.295631408691406,0,0.9956665236865853,0.0,0.9904924700612898,1.0,0.9869047230340924,30.0,1.011084777850183,116.0,1.2601205842349896,491.0
2006-11-28 00:00:00-05:00,52.63201842316842,52.63824913250282,51.37991674736023,52.295631408691406,1907100,WHR,52.95594024658203,1,0.99372637550674,0.0,0.9829521971553022,1.0,0.9740746765176514,29.0,0.9983014032467713,115.0,1.243695400698941,491.0
2006-11-29 00:00:00-05:00,52.70053348401368,53.23002962886859,52.65692803097004,52.95594024658203,879000,WHR,53.1365852355957,1,1.00627362449326,1.0,0.9983794158250588,1.0,0.9856528759490477,29.0,1.010818548035826,115.0,1.2586712921056507,491.0
2006-11-30 00:00:00-05:00,53.04937434186957,53.198878052166194,52.50118614971988,53.1365852355957,1245100,WHR,52.73167037963867,0,1.0017027117432888,2.0,1.0034821011611932,2.0,0.9882621916610854,29.0,1.0141626521532952,116.0,1.262244378612573,491.0
2006-12-01 00:00:00-05:00,53.26116640506811,53.46673695989596,52.00906046059661,52.73167037963867,1338700,WHR,53.87164688110352,1,0.9961752949115489,1.0,0.9984193338797379,2.0,0.9797770341249152,29.0,1.0062905760115195,116.0,1.2519346678769203,490.0
2006-12-04 00:00:00-05:00,52.88117360473689,53.8965602033113,52.66937709751296,53.87164688110352,672000,WHR,53.91524505615234,1,1.010693630655757,1.0,1.016478870755698,3.0,1.0000755809552249,29.0,1.0278277882536506,116.0,1.27824838603474,491.0
2006-12-05 00:00:00-05:00,53.94638908103227,54.51326451389948,53.51033471162379,53.91524505615234,574400,WHR,53.80313491821289,0,1.0004044849449245,2.0,1.0111215835251535,4.0,1.0004056309016867,29.0,1.02838281527324,117.0,1.278574139608991,491.0
2006-12-06 00:00:00-05:00,54.0709983395228,54.0709983395228,53.69723188922035,53.80313491821289,606500,WHR,53.653621673583984,0,0.9989592292609104,1.0,1.0058229347245282,3.0,0.9984523136304263,28.0,1.0260072357912093,116.0,1.2752012830757373,491.0
2006-12-07 00:00:00-05:00,54.008695967736976,54.17066109831266,53.585098147288015,53.653621673583984,484800,WHR,53.472991943359375,0,0.9986086194170473,0.0,1.0010925986035613,2.0,0.995848451591149,28.0,1.0229651441345993,115.0,1.27093738876755,491.0
2006-12-08 00:00:00-05:00,53.65364452119174,53.87167660823595,53.32348816443032,53.472991943359375,452000,WHR,53.778228759765625,1,0.9983138668895994,0.0,0.9949698658287818,2.0,0.9927710476117522,27.0,1.0193407952688558,115.0,1.2659416348531898,491.0
2006-12-11 00:00:00-05:00,53.57265811705522,54.071010326176406,53.53528336479474,53.778228759765625,475200,WHR,53.348392486572266,0,1.002845998529482,1.0,1.0009973875132947,2.0,0.9987969189329823,27.0,1.0249789917128211,115.0,1.2724590879015012,491.0
2006-12-12 00:00:00-05:00,53.63494330250884,53.63494330250884,53.17397066405768,53.348392486572266,630600,WHR,53.31101608276367,0,0.9959875867623516,1.0,0.9950965263399476,1.0,0.991203041973409,27.0,1.0167057937149875,114.0,1.2615789347259372,491.0
2006-12-13 00:00:00-05:00,53.97132860537191,53.97132860537191,52.98708577732856,53.31101608276367,867200,WHR,53.49166488647461,1,0.9996495723695646,0.0,0.9962283058044624,1.0,0.9907971029241555,27.0,1.015843772716128,114.0,1.2599906384337447,490.0
2006-12-14 00:00:00-05:00,53.31101237344349,53.75952830198452,53.13659056848592,53.49166488647461,526600,WHR,51.26155853271485,0,1.0016914257401737,1.0,1.0002095355001113,2.0,0.9944859066946041,27.0,1.0191109342240714,115.0,1.2635459348717633,491.0
2006-12-15 00:00:00-05:00,54.25788820398531,54.25788820398531,51.03730051650345,51.26155853271485,4749000,WHR,50.86284637451172,0,0.9787108569935307,1.0,0.9665031137964132,2.0,0.9538207390584484,27.0,0.9765766616328307,115.0,1.2102477706087296,491.0
2006-12-18 00:00:00-05:00,51.26775668848762,51.273982641412125,50.6074397255327,50.86284637451172,1873900,WHR,50.987449645996094,1,0.9960958190300807,0.0,0.9696454790963771,1.0,0.9474412347186446,26.0,0.9689435726561726,115.0,1.2002275052593128,491.0
2006-12-19 00:00:00-05:00,50.76942240215849,51.15564548598329,50.33336791448328,50.987449645996094,952200,WHR,51.01235580444336,1,1.001223396262484,1.0,0.9808502926453286,2.0,0.9502734278219135,27.0,0.9713348709000783,115.0,1.2025607797826192,491.0
2006-12-20 00:00:00-05:00,50.831703343865065,51.31759387449259,50.65105088328677,51.01235580444336,569900,WHR,50.95631408691406,0,1.0002441784897262,2.0,0.990085641191548,3.0,0.9516565990934818,27.0,0.9718382179177372,115.0,1.2025730762004618,491.0
2006-12-21 00:00:00-05:00,51.11204853735984,51.42974339436969,50.82549296621794,50.95631408691406,567300,WHR,50.90023040771485,0,0.999450402583568,1.0,0.9988280014295065,2.0,0.9511712377951842,27.0,0.9707881930216173,115.0,1.200663866998561,491.0
2006-12-22 00:00:00-05:00,50.92514848187559,51.04350814597996,50.6136796838213,50.90023040771485,389000,WHR,51.09957504272461,1,0.9994493856091676,0.0,0.9991439817487008,2.0,0.9505928826957137,27.0,0.96971078646561,115.0,1.198783843408937,490.0
2006-12-26 00:00:00-05:00,50.769418846232405,51.20547330336605,50.67597724752173,51.09957504272461,464600,WHR,51.965476989746094,1,1.0019543628944139,1.0,1.0021256624095167,3.0,0.9546259603003494,28.0,0.9735042647316823,115.0,1.2028984358514785,491.0
2006-12-27 00:00:00-05:00,51.72253159591204,52.06514933215949,51.38614456922514,51.965476989746094,502800,WHR,51.7100715637207,0,1.0084015088523768,2.0,1.015212646003856,3.0,0.9709743724477704,28.0,0.989960020104039,115.0,1.2226691677258206,491.0
2006-12-28 00:00:00-05:00,51.8907241081075,51.92186814860543,51.64154802093128,51.7100715637207,614800,WHR,51.71626663208008,1,0.99753649313084,1.0,1.0074764339960733,2.0,0.9663904136968626,28.0,0.9850525576709005,115.0,1.2160786926350005,490.0
2006-12-29 00:00:00-05:00,51.56676297012262,52.15232571235662,51.56676297012262,51.71626663208008,384400,WHR,52.7379035949707,1,1.0000598983631002,1.0,1.0046221882494637,3.0,0.9668364912922194,28.0,0.9850782396675358,116.0,1.2156378524440732,491.0
2007-01-03 00:00:00-05:00,51.872015891265946,53.08674715723191,51.8471025676505,52.7379035949707,1608900,WHR,52.793975830078125,1,1.0097807197230126,2.0,1.0172057103802958,4.0,0.9861743702205482,28.0,1.004383564563697,116.0,1.239059393165091,491.0
2007-01-04 00:00:00-05:00,52.54479977238791,52.887417445791705,52.08382715487573,52.793975830078125,774800,WHR,52.78150177001953,0,1.0005313298257636,2.0,1.011674618299197,4.0,0.9874062002242016,29.0,1.0052985636369938,116.0,1.2397717359737188,492.0
2007-01-05 00:00:00-05:00,52.79395843011144,53.030672992949256,52.389048063895984,52.78150177001953,742000,WHR,52.7005500793457,0,0.9998818469938081,1.0,1.008282233450366,3.0,0.9873524253715694,29.0,1.0049325543001477,115.0,1.2388740213001366,492.0
2007-01-08 00:00:00-05:00,52.78776101289557,52.78776101289557,52.38285039133438,52.7005500793457,667900,WHR,52.7690315246582,1,0.9992325548351161,0.0,1.0029404784695108,3.0,0.9866355214537366,28.0,1.00333033382647,114.0,1.236383710313206,491.0
2007-01-09 00:00:00-05:00,52.7191953873594,53.005746047874055,52.05888320237501,52.7690315246582,560800,WHR,53.49166488647461,1,1.000649300435927,1.0,1.0002357802928543,3.0,0.988539271407156,29.0,1.0044795688167973,115.0,1.2373756981739394,492.0
2007-01-10 00:00:00-05:00,52.62578181712257,53.678543354941546,52.23955871140385,53.49166488647461,838400,WHR,53.628700256347656,1,1.0068005705422867,2.0,1.0110442145673375,3.0,1.002580261660546,29.0,1.018020204410717,116.0,1.2536666749671999,493.0
2007-01-11 00:00:00-05:00,53.51657604135844,54.08967754138768,53.42936039752718,53.628700256347656,615500,WHR,53.44805145263672,0,1.0012792653356841,2.0,1.010445934483101,3.0,1.0056013265737704,30.0,1.0203466077459187,117.0,1.256192473244665,494.0
2007-01-12 00:00:00-05:00,53.62869918604992,53.7532895657244,53.32346107296224,53.44805145263672,561500,WHR,52.48249816894531,0,0.9983129035871212,1.0,1.004519125357496,3.0,1.0026055132245366,30.0,1.0166100047044369,117.0,1.2512814772654723,494.0
2007-01-16 00:00:00-05:00,53.41690466453484,53.64739331106298,52.23332215292733,52.48249816894531,1614800,WHR,52.60085678100586,1,0.9908850347030137,0.0,0.9871813402571733,3.0,0.984927135921059,30.0,0.9980365162123195,116.0,1.2280158402160584,494.0
2007-01-17 00:00:00-05:00,52.48872781369965,52.943469637536914,52.27070058633677,52.60085678100586,1038400,WHR,53.5539665222168,1,1.0011263307316074,1.0,0.9900339921507796,3.0,0.9876083977259908,30.0,1.0000488453800864,117.0,1.2301035465003824,495.0
2007-01-18 00:00:00-05:00,53.41068872877351,53.74084502143674,52.91856726800885,53.5539665222168,1088400,WHR,54.25164031982422,1,1.0089784873786511,2.0,1.0077367352256503,3.0,1.0057425159191034,30.0,1.0178974093237294,117.0,1.2516802103929807,495.0
2007-01-19 00:00:00-05:00,53.94640218708197,54.38868736997222,53.55395315927051,54.25164031982422,1081500,WHR,53.89657974243164,0,1.0064715910242932,2.0,1.018477297971244,3.0,1.0188763558646479,30.0,1.0307906961720144,118.0,1.2672536773779988,495.0
2007-01-22 00:00:00-05:00,53.88412307681184,54.03985753657141,53.317247362020495,53.89657974243164,610800,WHR,54.432315826416016,1,0.9967169078031225,1.0,1.010110582313496,3.0,1.0126782174314881,29.0,1.0237549001223978,117.0,1.2582223570218871,495.0
2007-01-23 00:00:00-05:00,54.07101543096401,54.73132813064595,54.00871783446324,54.432315826416016,709600,WHR,55.34799575805664,1,1.0049454587455282,1.0,1.0127494199144036,4.0,1.022525579251062,30.0,1.0335895546453073,118.0,1.2699886330814911,495.0
2007-01-24 00:00:00-05:00,54.47588231015165,55.44143733330288,54.47588231015165,55.34799575805664,773300,WHR,55.06148910522461,0,1.0083410214311155,2.0,1.0193658178954363,4.0,1.0391240325662328,31.0,1.0505510171978292,119.0,1.290559336790752,496.0
2007-01-25 00:00:00-05:00,55.44148166312688,55.68442710143951,54.930672696336245,55.06148910522461,1008400,WHR,55.1673698425293,1,0.9974050539843854,1.0,1.0084890457452862,3.0,1.033316732467887,30.0,1.0447102594874702,119.0,1.28308251444647,496.0
2007-01-26 00:00:00-05:00,55.21720600697763,55.66572198173611,54.55689346227109,55.1673698425293,826500,WHR,55.29194259643555,1,1.0009605536908885,1.0,1.0070502314611938,3.0,1.0347524667545909,31.0,1.0463023681349708,120.0,1.2847822077848567,496.0
2007-01-29 00:00:00-05:00,55.22341908036131,55.75291508877767,55.22341908036131,55.29194259643555,814700,WHR,55.323089599609375,1,1.0011277704989798,2.0,1.0042084822700086,4.0,1.0365770574891404,31.0,1.0482114638653297,121.0,1.286906782465473,497.0
2007-01-30 00:00:00-05:00,55.44144927058141,55.56603489597737,54.86211708247996,55.323089599609375,496500,WHR,56.95517349243164,1,1.000281580202577,2.0,1.0015335754461967,4.0,1.0366973474007262,31.0,1.0483208215748339,122.0,1.2868335067120538,498.0
2007-01-31 00:00:00-05:00,55.254552095624405,57.11090786108068,54.880790561393866,56.95517349243164,1247900,WHR,57.46601486206055,1,1.0145360628840896,2.0,1.0251145655766107,4.0,1.0661514617476946,32.0,1.0786090758132003,123.0,1.3239382554539036,498.0
2007-02-01 00:00:00-05:00,56.51915145088726,57.75256569376613,56.43816649123583,57.46601486206055,1511300,WHR,57.52828598022461,1,1.0044645696918149,2.0,1.025433235552904,5.0,1.0742708562275896,33.0,1.0878943236351888,123.0,1.334928901481294,499.0
2007-02-02 00:00:00-05:00,57.621727570054745,58.17614164970704,57.50959861278592,57.52828598022461,825800,WHR,58.30071640014648,1,1.000541514820369,2.0,1.0179673074750053,5.0,1.0737910635528878,34.0,1.0886909920389132,123.0,1.3354691784566324,500.0
2007-02-05 00:00:00-05:00,58.338095880692805,58.63087725635402,57.82105663229687,58.30071640014648,1885000,WHR,59.11677932739258,1,1.0066687133968855,2.0,1.0207663043941435,5.0,1.0865634411448615,34.0,1.1029006160860844,123.0,1.35244784430867,501.0
2007-02-06 00:00:00-05:00,58.30695854446302,59.20399021138355,58.13253677648108,59.11677932739258,1015500,WHR,57.534549713134766,0,1.0069500965098057,2.0,1.0214845757045785,5.0,1.1000676851214632,34.0,1.1178279534099544,124.0,1.3704077914245267,501.0
2007-02-07 00:00:00-05:00,56.78079536040215,57.920772954903626,56.43817758523304,57.534549713134766,3573600,WHR,56.37588882446289,0,0.9864362487142507,1.0,0.9921585571039879,4.0,1.0695358946223914,33.0,1.087685725781764,123.0,1.3328549336461142,500.0
2007-02-08 00:00:00-05:00,56.91161588300599,57.29160844203398,56.1267126747108,56.37588882446289,1663700,WHR,56.05817031860352,0,0.9898283168465772,0.0,0.9758468897878653,3.0,1.0475066952268186,32.0,1.065538540777753,123.0,1.3051815501527178,500.0
2007-02-09 00:00:00-05:00,56.46931154073622,56.94274559126044,56.045713653980485,56.05817031860352,1550600,WHR,55.927345275878906,0,0.9971741791741675,0.0,0.975311078449671,2.0,1.0414283996190714,31.0,1.0593126949107001,123.0,1.2970015444688463,500.0
2007-02-12 00:00:00-05:00,56.126685147386425,56.28241957052159,55.77784156040762,55.927345275878906,884800,WHR,56.886695861816406,1,0.9988317681797497,0.0,0.9811376600096973,1.0,1.0388357668507022,31.0,1.056560112674332,123.0,1.2931671886212095,499.0
2007-02-13 00:00:00-05:00,56.083105301278685,56.91784466171802,55.98966365421344,56.886695861816406,725900,WHR,57.34762573242188,1,1.0085038225407292,1.0,1.0058378026912937,1.0,1.0561951125072746,31.0,1.0744319155626616,123.0,1.314472546578169,500.0
2007-02-14 00:00:00-05:00,56.886653305095486,57.596801687308265,56.886653305095486,57.34762573242188,1219400,WHR,57.68405532836914,1,1.0040349508289,2.0,1.0146584051619116,2.0,1.064053606907397,32.0,1.0828495602219013,123.0,1.3242285838205252,500.0
2007-02-15 00:00:00-05:00,57.40373514167654,57.86470791079042,57.11095353405031,57.68405532836914,1115400,WHR,59.926605224609375,1,1.0029246690376494,2.0,1.015908144424205,3.0,1.069416201889239,33.0,1.0889431018580726,123.0,1.331081710410317,501.0
2007-02-16 00:00:00-05:00,57.77124133905479,60.281679525789,57.40994108273409,59.926605224609375,2253700,WHR,59.70235061645508,0,1.0190675733449355,2.0,1.0412155637276166,4.0,1.1089208701809237,34.0,1.1308117286481252,124.0,1.3818120341902305,501.0
2007-02-20 00:00:00-05:00,60.22562078851627,60.22562078851627,59.23514731226798,59.70235061645508,1387600,WHR,58.80530548095703,0,0.9981254153179082,1.0,1.0238877860846316,4.0,1.1026970998002743,34.0,1.1261455057791891,123.0,1.3756390040017623,500.0
2007-02-21 00:00:00-05:00,59.70233231827258,59.70233231827258,58.80530548095703,58.80530548095703,1498500,WHR,58.31319808959961,0,0.99243048791075,0.0,1.0019102217361953,3.0,1.0844443459366089,33.0,1.1089600337967653,122.0,1.3540009804132134,500.0
2007-02-22 00:00:00-05:00,58.81155014734202,58.86761225870338,58.05779135303132,58.31319808959961,867400,WHR,58.15120697021485,0,0.9957982097076492,0.0,0.9902676033354557,2.0,1.073808794134381,33.0,1.0994323031992173,122.0,1.3416873990107396,500.0
2007-02-23 00:00:00-05:00,58.02662138777515,58.40038288772956,57.62794182080575,58.15120697021485,669900,WHR,58.27582550048828,1,0.998609093316524,0.0,0.9859523558326379,1.0,1.0692721578166777,33.0,1.0961468527453921,121.0,1.3369959642022384,499.0
2007-02-26 00:00:00-05:00,58.39418043527825,58.53122749384966,57.70894989505884,58.27582550048828,735100,WHR,56.03323745727539,0,1.0010703573528321,1.0,0.9936273738352471,1.0,1.069819438244824,34.0,1.0982655329378679,121.0,1.3388851577951308,500.0
2007-02-27 00:00:00-05:00,57.933199114226845,57.93942982121402,55.69062461517125,56.03323745727539,1563800,WHR,55.21327972412109,0,0.980381362726755,1.0,0.9674955933460164,1.0,1.027475326997291,34.0,1.0559063139470999,121.0,1.2864978436739123,499.0
2007-02-28 00:00:00-05:00,55.995692153227445,56.258581583295225,55.08809564565068,55.21327972412109,1923500,WHR,55.30717086791992,1,0.992629362662947,0.0,0.9653118572820942,1.0,1.011741875132903,33.0,1.0404510637017303,120.0,1.2668201289070236,499.0
2007-03-01 00:00:00-05:00,55.0192436634351,55.65769011242901,53.86127420885341,55.30717086791992,1031000,WHR,54.40581512451172,0,1.0008495363825958,1.0,0.9772250697200272,2.0,1.0127909747475783,33.0,1.0421894913451533,121.0,1.2680776780172838,500.0
2007-03-02 00:00:00-05:00,55.01922840778281,55.319672026779294,54.31192470277586,54.40581512451172,1176800,WHR,53.98019409179688,0,0.9917844206384978,1.0,0.9741929035771733,2.0,0.995776455577581,33.0,1.0252406122915818,121.0,1.2466016925681491,499.0
2007-03-05 00:00:00-05:00,54.17423561117987,54.45590216044395,53.20404234066363,53.98019409179688,1216300,WHR,54.33697891235352,1,0.9960730998789207,0.0,0.9816733383474537,1.0,0.9879537039006141,32.0,1.017235692544326,121.0,1.2361015487157718,498.0
2007-03-06 00:00:00-05:00,54.39331509263161,54.83772479618841,53.9238676173364,54.33697891235352,1439900,WHR,55.21955490112305,1,1.0032938897006014,1.0,0.9942961332713699,2.0,0.9943557159818556,32.0,1.023828482763568,122.0,1.2435061479563196,499.0
2007-03-07 00:00:00-05:00,54.23684482241646,55.607628511848965,54.23684482241646,55.21955490112305,1291400,WHR,55.595096588134766,1,1.0080558955093646,2.0,1.0104229225615087,3.0,1.0100703242078743,33.0,1.0402446584580212,123.0,1.2629305352096603,499.0
2007-03-08 00:00:00-05:00,55.70776416735707,56.03324563207348,55.35724493220609,55.595096588134766,778900,WHR,54.98794937133789,0,1.0033889172773163,2.0,1.016223885418302,3.0,1.0163381355361336,34.0,1.047111539074621,123.0,1.2707304294448918,500.0
2007-03-09 00:00:00-05:00,55.95814277846225,56.020734823171296,54.7876519629888,54.98794937133789,594800,WHR,54.31192779541016,0,0.9945095813600632,1.0,1.0029912945731085,3.0,1.004775043413763,34.0,1.0355033304284584,123.0,1.256103406128045,499.0
2007-03-12 00:00:00-04:00,54.7062666340622,54.92534111361028,54.124151716711296,54.31192779541016,1267200,WHR,53.072601318359375,0,0.9938149832053664,0.0,0.9894630981737703,3.0,0.9922610670308825,33.0,1.0226679814877455,122.0,1.2399543101352766,498.0
2007-03-13 00:00:00-04:00,54.311939951748776,54.41209103651016,52.92863532788154,53.072601318359375,1439600,WHR,52.69705581665039,0,0.9884589848530437,0.0,0.9713598390110744,2.0,0.9697004121293756,33.0,0.9994018405717849,121.0,1.21103363445253,497.0
2007-03-14 00:00:00-04:00,53.61091317519199,53.82998775164586,52.08364222711194,52.69705581665039,1785900,WHR,52.89733123779297,1,0.9964494022966377,0.0,0.9734751017041409,1.0,0.9630187921548728,33.0,0.9924741791918154,120.0,1.2018197724289585,497.0
2007-03-15 00:00:00-04:00,52.69703388333518,53.17273711550643,52.42788386558262,52.89733123779297,826800,WHR,52.63444900512695,0,1.001896648361047,1.0,0.9870125384958378,1.0,0.9668537700746251,33.0,0.9963076422706548,121.0,1.2057471380012772,497.0
2007-03-16 00:00:00-04:00,52.8660448137232,53.4982354219958,52.27141325105361,52.63444900512695,1479300,WHR,53.06633377075195,1,0.9975089756653314,1.0,0.9908094980607922,1.0,0.9616466405407275,33.0,0.9913780932234779,121.0,1.1991079273101024,497.0
2007-03-19 00:00:00-04:00,52.98496460658014,53.2040391066319,52.64070126688026,53.06633377075195,886200,WHR,54.149192810058594,1,1.0040859183279724,1.0,1.003646048460786,2.0,0.9688872036746087,34.0,0.9995645216303665,121.0,1.208280526039671,498.0
2007-03-20 00:00:00-04:00,53.266629426899534,54.39956570584267,53.1164075996154,54.149192810058594,1039600,WHR,55.25086212158203,1,1.010099834173649,2.0,1.0199725522786658,3.0,0.9877077925656422,34.0,1.0198966350004106,122.0,1.2322109972306428,499.0
2007-03-21 00:00:00-04:00,54.21182036998018,55.28842118461821,53.86755681571724,55.25086212158203,878200,WHR,54.53728866577149,0,1.0100700983396382,2.0,1.0308067092215185,4.0,1.0065058566997935,34.0,1.0405460243789522,122.0,1.2565006670122,500.0
2007-03-22 00:00:00-04:00,55.27588638524457,55.501221606471454,54.26813852794314,54.53728866577149,1014100,WHR,54.85025024414063,1,0.9935004510897297,1.0,1.011305214869155,3.0,0.9924276658533279,34.0,1.0270376136941979,122.0,1.2395347504965313,499.0
2007-03-23 00:00:00-04:00,54.53102934718918,55.11940036491195,54.374546829891145,54.85025024414063,571700,WHR,54.38080596923828,0,1.0028610350089957,1.0,1.0088184255031891,4.0,0.9969283894760325,35.0,1.0328517229713734,122.0,1.2459340812360415,499.0
2007-03-26 00:00:00-04:00,54.76888435469134,54.8627748258215,53.96143394372033,54.38080596923828,1287500,WHR,53.42937469482422,0,0.9957022820141435,1.0,0.9953714632970894,3.0,0.987414569951858,34.0,1.0240771789371905,121.0,1.2345665177376688,499.0
2007-03-27 00:00:00-04:00,54.10538010824873,54.36200887463438,53.36052202630139,53.42937469482422,1093100,WHR,52.80971145629883,0,0.9911749403576391,0.0,0.9805405181835013,2.0,0.9697094517410223,33.0,1.0062764757872291,121.0,1.212295526752145,499.0
2007-03-28 00:00:00-04:00,53.36678872823859,53.37304458938558,52.45293157679284,52.80971145629883,898600,WHR,52.88480758666992,1,0.9941672762730288,0.0,0.9779307046252694,1.0,0.9581442477459154,33.0,0.9950607929440746,120.0,1.197601020671778,498.0
2007-03-29 00:00:00-04:00,53.14144109748437,53.22907088764896,52.34025171571359,52.88480758666992,914200,WHR,53.147743225097656,1,1.000710501651846,1.0,0.9853518184831787,2.0,0.9591678163306409,33.0,0.9967190416226589,121.0,1.1986684516601978,498.0
2007-03-30 00:00:00-04:00,52.891109513929145,53.42314930542514,52.62821993819736,53.147743225097656,1133100,WHR,53.1038818359375,0,1.0024797633973224,2.0,0.9965733417005552,2.0,0.9638172558187081,33.0,1.0018997717974394,121.0,1.2039741136262925,499.0
2007-04-02 00:00:00-04:00,53.32296108588143,53.660963750276345,52.68451001686923,53.1038818359375,1014200,WHR,53.27914047241211,1,0.9995871932393038,1.0,1.0005422142234923,2.0,0.9629316482774085,32.0,1.0013388822167941,120.0,1.2023383254272486,498.0
2007-04-03 00:00:00-04:00,53.235325582219154,53.61714310052842,53.04754475255513,53.27914047241211,762500,WHR,53.29793930053711,1,1.0016474305079115,1.0,1.0044129193320077,3.0,0.9659643339281588,33.0,1.0048721609670828,121.0,1.2056612756394594,498.0
2007-04-04 00:00:00-04:00,53.42312338763856,53.52327447769318,53.02252857835372,53.29793930053711,807300,WHR,53.99896240234375,1,1.000176387157211,2.0,1.0029211313905726,4.0,0.9661307616750854,34.0,1.0054386732054001,122.0,1.2054699745387336,498.0
2007-04-05 00:00:00-04:00,53.37929322992832,54.18674325481653,53.2541091785901,53.99896240234375,894400,WHR,54.61866760253906,1,1.0065334887651076,2.0,1.0118696265953016,4.0,0.978474610712535,34.0,1.0188009320451072,123.0,1.220689611240809,498.0
2007-04-09 00:00:00-04:00,54.08662791672511,54.668738386445135,53.98647679797659,54.61866760253906,846500,WHR,54.956661224365234,1,1.0057053831884148,2.0,1.0178709339101866,4.0,0.989367082388035,34.0,1.0305836877287453,124.0,1.234003510141959,499.0
2007-04-10 00:00:00-04:00,54.73758188280725,54.956661224365234,54.499730178975646,54.956661224365234,896000,WHR,55.00672912597656,1,1.0030845777552728,2.0,1.0171457028052293,5.0,0.9950905819284172,34.0,1.0369972418731686,125.0,1.2409578727334138,499.0
2007-04-11 00:00:00-04:00,54.96291421504759,55.6451804286183,54.8126923455007,55.00672912597656,1288200,WHR,55.244571685791016,1,1.000455314277341,2.0,1.0116032736704428,5.0,0.9955288773539815,35.0,1.037969827680224,126.0,1.2414220004159116,499.0
2007-04-12 00:00:00-04:00,55.00671527879612,55.513721721019074,54.41834444807373,55.244571685791016,699300,WHR,55.56380462646485,1,1.0021572766766764,2.0,1.008754720002871,5.0,0.9990011103876869,36.0,1.042557430207028,126.0,1.2461196073247598,499.0
2007-04-13 00:00:00-04:00,55.44488117243894,55.67647221875625,55.25083962292946,55.56380462646485,935700,WHR,55.269630432128906,0,1.0028809459293424,2.0,1.0088187117815768,5.0,1.0038774200816618,36.0,1.04861983433656,127.0,1.2526198303110168,500.0
2007-04-16 00:00:00-04:00,55.63892690352778,56.07082020608448,55.13192504433009,55.269630432128906,1070900,WHR,55.21955490112305,0,0.9973457991789173,1.0,1.0011112647202431,4.0,0.9980469331104828,35.0,1.0431028954060368,127.0,1.2452896685847956,500.0
2007-04-17 00:00:00-04:00,55.80167009267967,56.052043091015335,55.18825648553069,55.21955490112305,1135000,WHR,55.87676239013672,1,0.9995467834172654,0.0,0.9992525766961761,3.0,0.9968522905332344,34.0,1.0421815855710392,127.0,1.243449411629629,500.0
2007-04-18 00:00:00-04:00,55.25083246416672,55.970652834125495,55.16320265656823,55.87676239013672,1612200,WHR,56.133392333984375,1,1.0059156550373374,1.0,1.0079714739910575,3.0,1.0081159203251837,35.0,1.0545946780325053,127.0,1.2575284363947734,500.0
2007-04-19 00:00:00-04:00,55.88301942464064,56.23979926842899,55.45738691139613,56.133392333984375,1105200,WHR,56.62788391113281,1,1.0022911310539633,2.0,1.0093641211928484,3.0,1.012228217658535,35.0,1.0594025241419542,128.0,1.2625755271944197,500.0
2007-04-20 00:00:00-04:00,56.67795945374933,57.18496119020836,56.333696067594055,56.62788391113281,978500,WHR,56.55275344848633,0,1.0043852960308246,2.0,1.0143740747681813,3.0,1.0207525183983681,35.0,1.0686245051991807,129.0,1.2729504668610445,500.0
2007-04-23 00:00:00-04:00,56.58405184699755,56.94083162288587,56.46512366321307,56.55275344848633,971600,WHR,64.37689971923828,1,0.9993361897900631,1.0,1.0083927725309487,3.0,1.0189417433019106,35.0,1.067124648019279,128.0,1.2705053657983123,500.0
2007-04-24 00:00:00-04:00,60.52742925372059,66.12950563417108,60.189431255216185,64.37689971923828,10729600,WHR,67.22488403320312,1,1.0646999810699875,1.0,1.1116036343419182,4.0,1.1567146912337483,35.0,1.2140727117391428,128.0,1.4451862293689606,500.0
2007-04-25 00:00:00-04:00,63.38793001536968,67.36884526125041,63.18137674141197,67.22488403320312,3699300,WHR,67.00579071044922,0,1.0216409248625553,2.0,1.1170048403796622,4.0,1.2035858547989493,35.0,1.2666517849804646,129.0,1.5078685928559372,501.0
2007-04-26 00:00:00-04:00,67.23112583296377,68.31398177266334,66.8180098498652,67.00579071044922,2333000,WHR,66.60520935058594,0,0.9983677849852701,1.0,1.0745401552992853,3.0,1.1954956260400063,34.0,1.2614329731890077,128.0,1.5017294959770056,500.0
2007-04-27 00:00:00-04:00,66.25468532559096,66.80550674681167,65.8916448025985,66.60520935058594,1480100,WHR,66.36734771728516,0,0.9970018833802584,0.0,1.0349960085433236,2.0,1.1849483182893408,33.0,1.252803852217399,128.0,1.491541394404527,500.0
2007-04-30 00:00:00-04:00,67.78195065366,67.78195065366,66.24841950601365,66.36734771728516,1287700,WHR,67.66301727294922,1,0.9982111975692897,0.0,1.000773891531074,2.0,1.177608504299233,32.0,1.2472239749502134,128.0,1.4850120221823244,500.0
2007-05-01 00:00:00-04:00,66.41115754625093,68.00101997221367,65.960487280565,67.66301727294922,1521000,WHR,70.81768798828125,1,1.0096669852071094,1.0,1.0102991486592112,2.0,1.1970109841184546,32.0,1.2703375601384768,128.0,1.512744072162251,500.0
2007-05-02 00:00:00-04:00,67.72559364990295,71.81917458306022,67.72559364990295,70.81768798828125,3837900,WHR,70.6174087524414,0,1.022780579499368,2.0,1.0461780731272952,2.0,1.2482129118204257,32.0,1.3280918952549008,128.0,1.5818792234989778,500.0
2007-05-03 00:00:00-04:00,70.41711138219515,71.16822532675215,69.94140333706049,70.6174087524414,1891800,WHR,69.60967254638672,0,0.9985839495255764,1.0,1.032204961173178,2.0,1.2404919077398524,31.0,1.322980883018325,127.0,1.5760151372096227,500.0
2007-05-04 00:00:00-04:00,70.94290168545457,70.94290168545457,69.30296819312512,69.60967254638672,1801800,WHR,70.01026153564453,1,0.9928135407460477,0.0,1.0086161770560964,2.0,1.218481973751428,31.0,1.3028518154599342,127.0,1.5521744876974528,500.0
2007-05-07 00:00:00-04:00,69.2904411628995,70.08537484621957,69.00877460530927,70.01026153564453,1052200,WHR,70.31070709228516,1,1.0028691389370121,1.0,1.0038233168308903,3.0,1.2206387302378099,32.0,1.3090678155387798,127.0,1.5597410455735974,500.0
2007-05-08 00:00:00-04:00,69.85377616226577,70.31070709228516,69.38432873540181,70.31070709228516,903000,WHR,71.35601806640625,1,1.0021411308628954,2.0,1.0005344788239772,3.0,1.2208209095798763,33.0,1.3133901742431273,127.0,1.5650395856243295,501.0
2007-05-09 00:00:00-04:00,70.10415810032895,71.39983297420028,70.04782669407953,71.35601806640625,1242400,WHR,69.70983123779297,0,1.00737866265314,2.0,1.0138561124532437,3.0,1.2334636413734472,34.0,1.3314442708899745,128.0,1.5868322241352415,502.0
2007-05-10 00:00:00-04:00,71.34976490896806,71.6564740711451,69.62220141301876,69.70983123779297,1237200,WHR,70.3545150756836,1,0.9883303660188981,1.0,0.9930274679207922,3.0,1.2005722337833218,33.0,1.2993845188718844,128.0,1.548849741780739,501.0
2007-05-11 00:00:00-04:00,70.44840550691632,70.76137042738158,69.94765972398562,70.3545150756836,1501600,WHR,69.99776458740234,0,1.0046027690476473,1.0,1.0000888220054729,4.0,1.207168285904709,33.0,1.3098508736643866,129.0,1.5617523467869272,502.0
2007-05-14 00:00:00-04:00,70.01028108826064,70.66750960681179,69.70357667482169,69.99776458740234,743500,WHR,69.90387725830078,0,0.9974581781704036,1.0,0.9950529699468146,3.0,1.1968325237547206,32.0,1.3017353973414965,128.0,1.5524559662637918,501.0
2007-05-15 00:00:00-04:00,69.75991122688828,70.57362230780849,69.00253634103136,69.90387725830078,1110400,WHR,70.11750030517578,1,0.999328904737193,0.0,0.9948690377996858,2.0,1.1918385699187477,31.0,1.2985124450340393,128.0,1.5490020885088311,501.0
2007-05-16 00:00:00-04:00,69.96669780640029,70.27458763962836,68.93620527590527,70.11750030517578,1435900,WHR,71.0914306640625,1,1.0015256459448711,1.0,1.0014396938962598,2.0,1.1919530906003766,32.0,1.3009390495261328,129.0,1.5523797521012668,501.0
2007-05-17 00:00:00-04:00,69.99810435899708,71.4433046946757,69.62109578420805,71.0914306640625,1326200,WHR,71.52497863769531,1,1.0068970875439804,2.0,1.0113583555443486,3.0,1.2043171351852315,33.0,1.3171668206939666,130.0,1.5725559113526828,501.0
2007-05-18 00:00:00-04:00,71.45585985372827,72.07163928225974,70.38138347649941,71.52497863769531,1768500,WHR,71.3050537109375,0,1.0030399585556489,2.0,1.014148720159629,3.0,1.2071586507110026,34.0,1.3233830224630119,130.0,1.5807572277715618,501.0
2007-05-21 00:00:00-04:00,71.02229375650194,71.49984038622743,71.02229375650194,71.3050537109375,980800,WHR,71.08514404296875,0,0.9984602333056888,1.0,1.0072961723828395,3.0,1.199010476285983,34.0,1.3174489059297043,130.0,1.5745523618886534,500.0
2007-05-22 00:00:00-04:00,72.64973701960301,72.64973701960301,70.55104817594727,71.08514404296875,1335900,WHR,70.70813751220703,0,0.9984555842225262,0.0,1.0008493167536425,3.0,1.191036990519463,33.0,1.3117548757670354,129.0,1.5683691992232043,499.0
2007-05-23 00:00:00-04:00,71.16054972117081,71.57526251069565,70.68928780248756,70.70813751220703,1454500,WHR,69.85987854003906,0,0.9973411537794545,0.0,0.9938882010373874,2.0,1.179885066816431,33.0,1.3032087228738047,129.0,1.5587766852661034,498.0
2007-05-24 00:00:00-04:00,70.97205474224707,71.68209255162147,69.7153560851454,69.85987854003906,1405300,WHR,69.88499450683594,1,0.9939654908990628,0.0,0.9853764583084613,1.0,1.161001219643061,33.0,1.286116721447086,128.0,1.5388411930881583,498.0
2007-05-25 00:00:00-04:00,70.0169472554759,70.44422487703926,69.621089009556,69.88499450683594,771300,WHR,69.66510772705078,0,1.0001797272862272,1.0,0.9903123095520193,1.0,1.1567478892335026,33.0,1.285274340327248,128.0,1.5381589120641763,499.0
2007-05-29 00:00:00-04:00,70.2117686998967,70.46310944762837,69.35721303396463,69.66510772705078,804500,WHR,70.26831817626953,1,0.9984243165983739,1.0,0.9918061020425515,1.0,1.14827454295685,33.0,1.2798080121683633,128.0,1.5321260047234624,498.0
2007-05-30 00:00:00-04:00,69.21897577469721,70.37513642923602,69.14985695361872,70.26831817626953,737200,WHR,70.15522003173828,0,1.0043106959279016,1.0,1.0027260028344385,2.0,1.1530577024450301,34.0,1.289484993810926,128.0,1.5441574254875572,499.0
2007-05-31 00:00:00-04:00,70.65161669359814,70.87782288872229,69.8221955761183,70.15522003173828,864700,WHR,69.99181365966797,0,0.9991945926874188,1.0,1.002694370680948,2.0,1.1462430515599205,33.0,1.2860401896782503,127.0,1.5404634840773916,498.0
2007-06-01 00:00:00-04:00,70.24315428644152,70.5321943293578,69.79074211703387,69.99181365966797,890000,WHR,70.41282653808594,1,0.9988340361706826,0.0,0.9999817530469142,2.0,1.1389914432866912,32.0,1.2816533944176625,127.0,1.535716893893142,497.0
2007-06-04 00:00:00-04:00,69.99811846045033,70.67045207234486,69.84103112314857,70.41282653808594,654300,WHR,70.1991958618164,0,1.0029985681229978,1.0,1.0044818163992504,2.0,1.141256117431083,32.0,1.287759678651134,128.0,1.5438114937795544,497.0
2007-06-05 00:00:00-04:00,70.10494249286107,71.34907641643534,70.06095822653866,70.1991958618164,1127800,WHR,70.23058319091797,1,0.9984807083162351,1.0,0.9999105626489626,2.0,1.1331374206871299,32.0,1.2822067841643225,128.0,1.5379845750111805,497.0
2007-06-06 00:00:00-04:00,69.74675644920036,70.7835335173651,69.5456849106533,70.23058319091797,973200,WHR,67.63550567626953,0,1.0002235090684704,1.0,1.0004651894360677,2.0,1.128809847415695,33.0,1.2809820320338183,129.0,1.5375643151093306,497.0
2007-06-07 00:00:00-04:00,69.70905989779006,69.85357752528627,67.56638688262393,67.63550567626953,1530200,WHR,69.63993835449219,1,0.9811768250193245,1.0,0.9704640320177604,2.0,1.082874955777611,33.0,1.2322523442081297,128.0,1.4797714096251573,496.0
2007-06-08 00:00:00-04:00,67.64178783964076,69.64621839444924,67.38416238369302,69.63993835449219,1023700,WHR,70.1991958618164,1,1.0146015384788958,1.0,1.0002345243257786,3.0,1.109948690059848,34.0,1.2671375428477825,129.0,1.5225290724767375,497.0
2007-06-11 00:00:00-04:00,69.59598101199798,70.62647364634513,69.05560014350795,70.1991958618164,753000,WHR,69.94783782958984,0,1.0039992918324219,2.0,1.008886234826053,3.0,1.1137435180089037,34.0,1.2755666181516228,130.0,1.5336129526887776,498.0
2007-06-12 00:00:00-04:00,69.62737837202975,70.8777968224199,69.60224382693443,69.94783782958984,1037200,WHR,70.46309661865234,1,0.9982064691231352,1.0,1.006000603674779,3.0,1.1046982010373667,34.0,1.2691791541169979,130.0,1.526995198049286,497.0
2007-06-13 00:00:00-04:00,70.34999354246169,70.48194633236326,68.85452379631865,70.46309661865234,946700,WHR,70.48822021484375,1,1.0036696486002836,1.0,1.0127338098477792,3.0,1.1077631383352005,34.0,1.276584501154765,131.0,1.537091087297507,498.0
2007-06-14 00:00:00-04:00,70.23687955192948,71.41189439454715,70.23687955192948,70.48822021484375,794600,WHR,72.0716323852539,1,1.000178243075381,2.0,1.0048549367115425,4.0,1.1034341472183646,34.0,1.2751960067055839,131.0,1.536496574069373,498.0
2007-06-15 00:00:00-04:00,71.40558394231708,72.29783842133108,71.00344094349606,72.0716323852539,987200,WHR,73.3031997680664,1,1.011106999211425,2.0,1.0203533124669373,4.0,1.1232914807220238,34.0,1.3017559489733403,132.0,1.5697855333086492,499.0
2007-06-18 00:00:00-04:00,72.46120957930894,73.7933112419461,72.34810656272728,73.3031997680664,1194800,WHR,73.42261505126953,1,1.0084716684763813,2.0,1.0287475718209076,4.0,1.1369441557363114,35.0,1.3216741447259814,133.0,1.5953378383715924,499.0
2007-06-19 00:00:00-04:00,73.42261505126953,73.78077396200062,72.48009109735357,73.42261505126953,731900,WHR,72.00879669189453,0,1.0008138668941806,2.0,1.0204707060994436,5.0,1.1333550622601352,35.0,1.3214815941726041,134.0,1.5966514274831747,500.0
2007-06-20 00:00:00-04:00,73.39116741145483,74.14518431745313,72.00251185939982,72.00879669189453,783900,WHR,72.11563110351562,1,0.9902784526229323,1.0,0.9965388878710576,4.0,1.1065131358240263,35.0,1.2939351959527037,133.0,1.5647008845659094,499.0
2007-06-21 00:00:00-04:00,71.94597893936057,72.48007476746193,71.12912311243592,72.11563110351562,892300,WHR,70.99089813232422,0,1.0007412651224727,1.0,0.9935420826247472,4.0,1.1028767957178558,36.0,1.2937549018092596,133.0,1.565806729916686,500.0
2007-06-22 00:00:00-04:00,72.11563903564975,72.46751786440542,70.84637570006176,70.99089813232422,741600,WHR,70.89665985107422,0,0.992140589411278,1.0,0.9809677526683925,3.0,1.0806680996886577,36.0,1.271690433314068,132.0,1.5402294078121308,499.0
2007-06-25 00:00:00-04:00,71.0663120699324,71.95856701577213,70.7081531244094,70.89665985107422,798500,WHR,69.74676513671875,0,0.9993358242076376,0.0,0.986224749750657,2.0,1.0743241036086304,35.0,1.2681450456225978,131.0,1.5370250222864084,499.0
2007-06-26 00:00:00-04:00,70.98461389761452,71.22338488127885,69.74676513671875,69.74676513671875,808700,WHR,70.78355407714844,1,0.9918240421515953,0.0,0.9802536825479197,1.0,1.0524870866425529,34.0,1.2458028277113493,131.0,1.5110131057717386,498.0
2007-06-27 00:00:00-04:00,69.19383101470943,70.85895292980166,69.1749765076211,70.78355407714844,635600,WHR,70.72068786621094,0,1.0073776886456214,1.0,0.9982632447973955,2.0,1.0634039595732958,35.0,1.2623872317402027,132.0,1.5323445627714303,498.0
2007-06-28 00:00:00-04:00,70.81493638906731,71.3804514958197,70.12375338922455,70.72068786621094,743200,WHR,69.8724365234375,0,0.999555729142292,1.0,1.001316407533951,1.0,1.0578397389688712,34.0,1.2594775591144134,131.0,1.5298516970642246,498.0
2007-06-29 00:00:00-04:00,70.74584162043614,71.16055443744672,69.30692601867683,69.8724365234375,751900,WHR,70.50077056884766,1,0.9939666228597173,0.0,0.9924495197537909,1.0,1.040850781870914,33.0,1.2426969345951473,130.0,1.5104171929641608,497.0
2007-07-02 00:00:00-04:00,70.36881782663053,71.11026999284354,69.99809414048573,70.50077056884766,704800,WHR,70.6013412475586,1,1.0044761679128487,1.0,1.0025016441883714,2.0,1.0459255976553365,33.0,1.2521080367198876,131.0,1.5228898051207655,497.0
2007-07-03 00:00:00-04:00,70.55735697989515,71.1668566846068,70.39398478831997,70.6013412475586,265100,WHR,70.43168640136719,0,1.000712751052527,2.0,1.0014977240309004,3.0,1.0432946420969929,33.0,1.2521062194608463,132.0,1.5239841482305285,497.0
2007-07-05 00:00:00-04:00,70.60134343470024,70.87781872224991,70.01069342727165,70.43168640136719,440400,WHR,71.58152770996094,1,0.9987970559164785,1.0,1.0000894830738325,2.0,1.0368359058576782,32.0,1.2473746711116147,131.0,1.5192312077717323,497.0
2007-07-06 00:00:00-04:00,69.99180526756912,71.66321616037393,69.99180526756912,71.58152770996094,548200,WHR,70.65787506103516,0,1.0080967205466693,1.0,1.0139378092443456,3.0,1.0494949503527207,32.0,1.2658843041688645,132.0,1.5428801269213983,498.0
2007-07-09 00:00:00-04:00,71.76377114306143,72.01511181542075,70.64531018468325,70.65787506103516,614300,WHR,67.69207763671875,0,0.9935063517497128,1.0,0.9986323845835652,3.0,1.0320656373342665,31.0,1.2477979548872156,132.0,1.5218613674086434,498.0
2007-07-10 00:00:00-04:00,69.9981186024445,70.21175508052423,67.62295882465176,67.69207763671875,1483100,WHR,68.4586410522461,1,0.9785630759788142,0.0,0.9643721242860578,2.0,0.9858349508988686,30.0,1.1939411892219938,132.0,1.4570116526797472,498.0
2007-07-11 00:00:00-04:00,67.69833912184023,69.31319631817348,67.00715598455527,68.4586410522461,1380300,WHR,69.80330657958984,1,1.0056302561081485,1.0,0.9812838462132704,2.0,0.9938172984563167,31.0,1.2056190175418289,133.0,1.4725049816289755,499.0
2007-07-12 00:00:00-04:00,68.72255004050538,69.85986049739425,68.45863974729097,69.80330657958984,953600,WHR,69.94155883789062,1,1.0097254924465864,2.0,1.002363929908249,3.0,1.009774829815639,32.0,1.227345699048675,133.0,1.500377170023352,499.0
2007-07-13 00:00:00-04:00,69.74677208953432,70.14263042152689,68.98018517881958,69.94155883789062,725700,WHR,70.32485961914062,1,1.0009893190557504,2.0,1.0091020156877102,3.0,1.0083554308306761,32.0,1.227774091466813,134.0,1.5023131668114311,499.0
2007-07-16 00:00:00-04:00,69.80961333277808,71.3239376000428,69.72164480539364,70.32485961914062,1606400,WHR,72.2601547241211,1,1.0027326624966004,2.0,1.0156081319519084,4.0,1.0104359353302124,32.0,1.2324754198088361,134.0,1.5094355687978687,500.0
2007-07-17 00:00:00-04:00,70.73326604558488,72.82566993726851,70.56989391869257,72.2601547241211,1820900,WHR,71.92715454101562,0,1.0135729207862012,2.0,1.0299674937573613,5.0,1.0343703830984663,32.0,1.2640925666747758,135.0,1.5498105984396349,500.0
2007-07-18 00:00:00-04:00,71.64439444269576,72.03397278543797,71.26110572999943,71.92715454101562,950400,WHR,73.3031997680664,1,0.9976905028271723,1.0,1.0151831520125545,4.0,1.0258409013843743,32.0,1.2561534699740173,134.0,1.5415350980739342,499.0
2007-07-19 00:00:00-04:00,72.16588476968333,73.38488341573881,71.73860723969953,73.3031997680664,1268700,WHR,69.38863372802734,0,1.0094749147559212,1.0,1.024483303262763,4.0,1.0432527725308882,32.0,1.2778660477710133,135.0,1.5698380640530767,499.0
2007-07-20 00:00:00-04:00,71.82034795755682,72.55551570348685,69.18127724771084,69.38863372802734,2584100,WHR,70.51336669921875,1,0.9725662923789803,1.0,0.9712745835101029,3.0,0.9870339938905969,31.0,1.2077170202938807,135.0,1.4849938181352929,499.0
2007-07-23 00:00:00-04:00,68.20104083796912,70.77727228269488,63.84657953491215,70.51336669921875,1227800,WHR,68.49007415771484,0,1.0080394345167087,1.0,0.9864975458729096,3.0,1.0021996065701912,32.0,1.225374872656322,135.0,1.507989167282346,500.0
2007-07-24 00:00:00-04:00,69.27551078796387,70.4442408772884,68.33298683166504,68.49007415771484,1338100,WHR,68.99275970458984,1,0.9854442988674911,1.0,0.9684068170098558,2.0,0.9730083084523777,32.0,1.1885726162861492,134.0,1.4637552028406806,499.0
2007-07-25 00:00:00-04:00,69.48287142457346,69.48287142457346,67.48472032423064,68.99275970458984,1115800,WHR,65.79444122314453,0,1.003656351362225,1.0,0.9836771290185296,3.0,0.9795408241520139,33.0,1.1955742010703507,135.0,1.4735302929748213,499.0
2007-07-26 00:00:00-04:00,68.28898820294769,68.49005974622554,65.0969732587287,65.79444122314453,1934100,WHR,64.48748016357422,0,0.9762713487673056,1.0,0.9586016102640583,2.0,0.9345451679481452,32.0,1.1387292783742873,135.0,1.4043758861661646,499.0
2007-07-27 00:00:00-04:00,65.31062092003332,66.56731938811062,64.44349590894848,64.48748016357422,1249100,WHR,64.46236419677734,0,0.9899682085921129,0.0,0.9531724929796235,2.0,0.9173557990273076,31.0,1.1148564585683554,134.0,1.3756990023329643,498.0
2007-07-30 00:00:00-04:00,64.46864903322778,64.8896419908206,62.87264094353455,64.46236419677734,1265000,WHR,64.16073608398438,0,0.9998052268545072,0.0,0.9701550599527995,1.0,0.9183386407696444,31.0,1.1131240017253543,134.0,1.3744001780384338,497.0
2007-07-31 00:00:00-04:00,65.22264774764334,66.22800549144158,64.16073608398438,64.16073608398438,1195100,WHR,63.05482864379883,0,0.9976549460234237,0.0,0.9783649010296332,1.0,0.9152257018570135,31.0,1.1065632553631264,134.0,1.3672277090941534,496.0
2007-08-01 00:00:00-04:00,63.840264986631205,64.14815469072306,62.02433654551658,63.05482864379883,1881300,WHR,63.362735748291016,1,0.9913068228518108,0.0,0.9792343452582014,0.0,0.9009402002738127,30.0,1.0863056128426594,133.0,1.342967176591661,495.0
2007-08-02 00:00:00-04:00,63.33760599707159,64.02250437502222,62.77837555091533,63.362735748291016,971700,WHR,61.4337043762207,0,1.0024356354749662,1.0,0.99150476682935,1.0,0.906840067268646,30.0,1.0905268588799235,133.0,1.3488311739366758,495.0
2007-08-03 00:00:00-04:00,63.438140027990485,64.15445779312668,61.4337043762207,61.4337043762207,1099200,WHR,62.18146514892578,1,0.9845425769345209,1.0,0.9705952580111604,1.0,0.8813178841514904,29.0,1.0564112655951141,133.0,1.3071405614426244,495.0
2007-08-06 00:00:00-04:00,61.82959096748549,62.80981464088411,60.68599508387836,62.18146514892578,1095500,WHR,62.10604476928711,0,1.006049102028315,1.0,0.9895410166971993,2.0,0.8936537252818053,30.0,1.068306272930153,133.0,1.3224094400045865,495.0
2007-08-07 00:00:00-04:00,61.86727375241754,63.29362939988216,61.43999602112339,62.10604476928711,1186700,WHR,62.69669342041016,1,0.9993931781263596,1.0,0.9948466677326775,2.0,0.8943367855468372,29.0,1.0659561993878623,133.0,1.3201648374022779,495.0
2007-08-08 00:00:00-04:00,63.02343774639377,64.19216784717209,62.42021818979707,62.69669342041016,1621200,WHR,60.81163024902344,0,1.0047326577901303,1.0,1.005461607943334,3.0,0.9044270246805156,30.0,1.0748798131223642,134.0,1.3320784997769166,495.0
2007-08-09 00:00:00-04:00,62.19400126172098,62.19400126172098,59.278456781932505,60.81163024902344,2234400,WHR,59.259613037109375,0,0.9847373592695499,1.0,0.9832765435255598,2.0,0.8791559992755598,30.0,1.041541522002463,133.0,1.291456029617156,495.0
2007-08-10 00:00:00-04:00,60.00735013833385,60.29010536801291,45.30397752261697,59.259613037109375,1786900,WHR,59.052284240722656,0,0.9870741972062739,0.0,0.9649659969967728,2.0,0.8589656673197765,29.0,1.014100877277927,132.0,1.2579825424173459,494.0
2007-08-13 00:00:00-04:00,59.6115148754778,60.786525295189314,59.01458001332926,59.052284240722656,1177100,WHR,57.56307601928711,0,0.9982476082189786,0.0,0.9714903070568424,1.0,0.8584572238787298,28.0,1.009731679987728,131.0,1.253078918408574,493.0
2007-08-14 00:00:00-04:00,59.24705222571357,59.37272015998482,57.33686990245935,57.56307601928711,1372200,WHR,56.080169677734375,0,0.9872297421358974,0.0,0.9613608474910691,1.0,0.8396486033635188,27.0,0.9835782258650735,130.0,1.2210156880692375,493.0
2007-08-15 00:00:00-04:00,57.09181233778784,58.58100176260596,56.04247025738494,56.080169677734375,1532800,WHR,58.310813903808594,1,0.9869512144566318,0.0,0.957761856992737,0.0,0.8210570591999685,27.0,0.9577414250566675,129.0,1.189143255061418,493.0
2007-08-16 00:00:00-04:00,55.897950225330405,58.99571230385632,54.710370494038415,58.310813903808594,1810100,WHR,58.83234786987305,1,1.0195001752431312,1.0,1.0044376979451273,1.0,0.8563848542364544,28.0,0.9952103994826992,129.0,1.2359479723397777,494.0
2007-08-17 00:00:00-04:00,60.07019685545816,61.43371379337752,57.11695683027775,58.83234786987305,1425000,WHR,59.45439529418945,1,1.0044521076447641,2.0,1.0149153572713598,2.0,0.8665634095698228,29.0,1.0034343958545766,130.0,1.2465135266373293,494.0
2007-08-20 00:00:00-04:00,58.97684862202444,59.56749832723055,58.75064255594224,59.45439529418945,761200,WHR,59.875396728515625,1,1.0052588092940697,2.0,1.0242253109799666,3.0,0.8779684911989862,30.0,1.0132974963217518,131.0,1.2591842429514872,494.0
2007-08-21 00:00:00-04:00,59.38528511229726,60.34665863548312,59.15279417904731,59.875396728515625,520500,WHR,60.767669677734375,1,1.003528049678039,2.0,1.023325200180475,4.0,0.8863690671510461,30.0,1.019779408122713,131.0,1.2675711558092004,495.0
2007-08-22 00:00:00-04:00,60.51004891751251,60.98131096579867,60.139320280019504,60.767669677734375,627200,WHR,60.92473602294922,1,1.0073959737247902,2.0,1.0221965787766059,5.0,0.9015570083225629,31.0,1.0341712909329677,132.0,1.2859109760150649,495.0
2007-08-23 00:00:00-04:00,61.276610030302464,61.38343303446938,60.4911735539434,60.92473602294922,580200,WHR,61.62222671508789,1,1.0012906832132251,2.0,1.0159048264952883,5.0,0.9059804208655199,31.0,1.035982390104077,133.0,1.2887036193777852,495.0
2007-08-24 00:00:00-04:00,60.83678994917012,61.83586800825883,60.52890007922952,61.62222671508789,450000,WHR,61.71017074584961,1,1.0056916195763224,2.0,1.0180631417449892,5.0,0.9182944823304022,32.0,1.0469201092812275,134.0,1.302871421028957,496.0
2007-08-27 00:00:00-04:00,61.56565312290326,62.16258291040521,61.35829674849466,61.71017074584961,628600,WHR,58.725528717041016,0,1.0007130651197271,2.0,1.0119732746663557,5.0,0.9215004440465114,33.0,1.0475663465990739,134.0,1.3041424459266304,496.0
2007-08-28 00:00:00-04:00,61.30804488689572,61.57823529474189,58.69411412640891,58.725528717041016,975600,WHR,60.246864318847656,1,0.975217962430415,1.0,0.9666743136349866,4.0,0.8794898208789155,32.0,0.9962705004187464,134.0,1.2405871432798468,495.0
2007-08-29 00:00:00-04:00,59.18635774034368,60.43623756952933,58.82654326635576,60.246864318847656,622400,WHR,60.06377410888672,0,1.012787299330423,1.0,0.9934201495862344,4.0,0.9045207285496775,33.0,1.0213711582747491,134.0,1.2721649740011198,496.0
2007-08-30 00:00:00-04:00,59.59033396322983,60.60033864408142,59.37570525950263,60.06377410888672,443500,WHR,60.859153747558594,1,0.9984781876951728,1.0,0.9932212064969383,3.0,0.9040718510533049,32.0,1.0175837824717846,133.0,1.267728168554687,496.0
2007-08-31 00:00:00-04:00,60.530899222457634,61.34521683546925,59.76076916289245,60.859153747558594,647600,WHR,61.080078125,1,1.0065775750949078,1.0,1.0089198544926918,3.0,0.9176036747793265,33.0,1.0303399536639417,133.0,1.2839108400631687,497.0
2007-09-04 00:00:00-04:00,61.07376424272544,61.39570481359289,60.32888506500296,61.080078125,679400,WHR,60.02591323852539,0,1.001811757988375,2.0,1.014702170416962,3.0,0.9229198813774286,33.0,1.0333468014062186,133.0,1.2879800282167007,497.0
2007-09-05 00:00:00-04:00,60.54354590646248,60.682417677768456,59.729228039019176,60.02591323852539,689000,WHR,60.64455032348633,1,0.9912955182926474,1.0,0.9928998038775548,3.0,0.9093211063197899,32.0,1.01487071642369,132.0,1.2652135296043634,496.0
2007-09-06 00:00:00-04:00,60.15848703299303,61.02961551375733,59.38835665245102,60.64455032348633,681300,WHR,58.56138610839844,0,1.0051266653553794,1.0,1.0018147678248877,3.0,0.9208557152843105,33.0,1.024564129175359,133.0,1.277706910236868,496.0
2007-09-07 00:00:00-04:00,59.75445967522853,60.07639549832543,58.23313640168727,58.56138610839844,823300,WHR,57.10317993164063,0,0.9825246604536493,1.0,0.9722279079447964,3.0,0.8919104109253344,32.0,0.9888660827943956,132.0,1.2333397241900004,496.0
2007-09-10 00:00:00-04:00,58.83281283691001,59.16106729010573,56.945366587318354,57.10317993164063,976100,WHR,57.0653076171875,0,0.9873928012123175,0.0,0.9599912453681809,2.0,0.872666433295009,31.0,0.9639344694365927,131.0,1.2022059458216006,495.0
2007-09-11 00:00:00-04:00,57.55137061009804,58.144750339902565,56.87592967309804,57.0653076171875,968800,WHR,56.96430969238281,0,0.9996682769889815,0.0,0.9724819705054811,1.0,0.8754337229643564,30.0,0.9631097467760846,130.0,1.2009785041977874,495.0
2007-09-12 00:00:00-04:00,56.6802475677472,57.73443966807422,56.6802475677472,56.96430969238281,930000,WHR,57.80387878417969,1,0.9991142834012107,0.0,0.980997419319898,1.0,0.8775503397170525,29.0,0.961226305860185,130.0,1.1984162573409143,495.0
2007-09-13 00:00:00-04:00,57.56400420464384,58.70657141907322,56.73074983520994,57.80387878417969,922900,WHR,57.57033920288086,0,1.00731534672579,1.0,1.0052916244924162,1.0,0.8940695042814473,29.0,0.9751672722957564,130.0,1.2156201851394113,495.0
2007-09-14 00:00:00-04:00,57.45671333695597,57.89227995901537,57.17265108018565,57.57033920288086,528400,WHR,57.62080383300781,1,0.9979758078938831,1.0,1.0046933607718522,1.0,0.8937840005963804,29.0,0.9710550007503219,129.0,1.210250833094463,495.0
2007-09-17 00:00:00-04:00,57.43143072154897,58.13843137672453,57.15999159398528,57.62080383300781,392100,WHR,59.32521438598633,1,1.0004380947076046,1.0,1.0037605831982699,2.0,0.897935223689032,29.0,0.9717092778264877,130.0,1.2108475262927947,496.0
2007-09-18 00:00:00-04:00,57.67132824977792,59.38833878164073,56.958013428326055,59.32521438598633,1083700,WHR,60.04484176635742,1,1.0145743359110082,2.0,1.0253782171760797,3.0,0.927305567273052,30.0,1.0001099246070426,131.0,1.2461369821182715,497.0
2007-09-19 00:00:00-04:00,59.6534628162074,62.071165163454246,59.6534628162074,60.04484176635742,1508200,WHR,58.70659255981445,0,1.006028541860219,2.0,1.0268812230033733,4.0,0.9412148491572878,31.0,1.0118677355585752,131.0,1.260696931542923,498.0
2007-09-20 00:00:00-04:00,59.96278604135445,59.97541381202993,58.157400121432616,58.70659255981445,1252100,WHR,58.2078971862793,0,0.9887306691145538,1.0,1.0009041942500565,3.0,0.9228994283594806,31.0,0.9889988842937995,131.0,1.2320921634590305,497.0
2007-09-21 00:00:00-04:00,58.8265278685152,58.86440154552125,57.93645793020891,58.2078971862793,980200,WHR,57.63344955444336,0,0.9957345289312027,0.0,0.9902490247194632,3.0,0.9180846969772022,30.0,0.9803460799240847,130.0,1.2211538506855004,496.0
2007-09-24 00:00:00-04:00,58.075325101609664,58.4540762586211,57.551383512768005,57.63344955444336,850600,WHR,54.81174087524414,0,0.9950410829293821,0.0,0.9804341763021244,2.0,0.9121623367603185,30.0,0.9703499556831908,130.0,1.2086552079968904,495.0
2007-09-25 00:00:00-04:00,56.96431273968384,56.98324957352836,54.64761362178855,54.81174087524414,2903500,WHR,54.72969055175781,0,0.9749059193335294,0.0,0.946974506607792,1.0,0.870963384925037,30.0,0.9227991257334208,129.0,1.1491265685288803,494.0
2007-09-26 00:00:00-04:00,54.98219297969506,55.3420073742786,54.14262445363908,54.72969055175781,1318800,WHR,55.72077941894531,1,0.9992509653889177,0.0,0.9632477697352374,0.0,0.8733071670233531,29.0,0.9213011376585998,129.0,1.1470588903236,493.0
2007-09-27 00:00:00-04:00,54.81177708139018,56.11215856922595,54.3572735045701,55.72077941894531,1256700,WHR,56.24468231201172,1,1.0089731521056486,1.0,0.9911076881651608,1.0,0.8926543171762674,29.0,0.9377804379353034,130.0,1.167453635702413,493.0
2007-09-28 00:00:00-04:00,55.61342885213261,57.78494229526287,55.49349396969114,56.24468231201172,2171900,WHR,58.08795928955078,1,1.0046791473456815,2.0,1.0074624428250503,2.0,0.9044734220036095,30.0,0.9463364468332758,131.0,1.1780434422547814,493.0
2007-10-01 00:00:00-04:00,56.81282902386943,58.2899602667701,56.29520121873972,58.08795928955078,1088700,WHR,58.11949920654297,1,1.0161220536123243,2.0,1.0387880674673013,3.0,0.9375057478553922,30.0,0.9769850465751937,131.0,1.216208364184801,493.0
2007-10-02 00:00:00-04:00,58.2331250089598,58.88331522764674,57.69024671031064,58.11949920654297,939100,WHR,58.93381881713867,1,1.0002714104361317,2.0,1.0271997675550708,4.0,0.9411891333209106,31.0,0.9771353043470437,132.0,1.2164242155221006,494.0
2007-10-03 00:00:00-04:00,57.82281146563612,59.79232384110683,57.8164975830254,58.93381881713867,1005000,WHR,58.03115081787109,0,1.006956826379163,2.0,1.0263398729917654,5.0,0.9566376090095594,32.0,0.9904183932115749,132.0,1.2330175590034083,494.0
2007-10-04 00:00:00-04:00,58.91490693038961,59.15478159426724,57.67765029929703,58.03115081787109,572400,WHR,59.52091598510742,1,0.9922825782618131,1.0,1.0025521768395422,4.0,0.9446500454048312,31.0,0.9749524397004482,131.0,1.2137115841597024,494.0
2007-10-05 00:00:00-04:00,58.52353391564734,59.87441653992007,58.40990804930273,59.52091598510742,755000,WHR,58.83915710449219,0,1.0126732367005782,1.0,1.0167794584607164,4.0,0.9716114036733402,31.0,0.9995693848921186,132.0,1.2444012767716346,494.0
2007-10-08 00:00:00-04:00,59.59666443807437,59.8996635186404,58.57403170497602,58.83915710449219,377900,WHR,58.990665435791016,1,0.9942399589420738,1.0,1.0025600871168525,3.0,0.9633924565493865,30.0,0.9877569778771595,132.0,1.2296951016772644,494.0
2007-10-09 00:00:00-04:00,59.13585592825826,59.4893565136265,58.07534935606928,58.990665435791016,492000,WHR,58.252098083496094,0,1.0012858233003537,1.0,1.00216644576173,3.0,0.9688698399482928,30.0,0.9900545732587824,132.0,1.2324093112639405,494.0
2007-10-10 00:00:00-04:00,58.965417937626725,59.28735389804328,57.444094015174784,58.252098083496094,735600,WHR,56.96430969238281,0,0.9937005293109333,1.0,0.991916817838162,2.0,0.9604222597053593,29.0,0.9774314830038048,132.0,1.216543798073681,494.0
2007-10-11 00:00:00-04:00,58.57400790820218,59.18632452218901,56.66761980180514,56.96430969238281,775600,WHR,56.35200500488281,0,0.9888228732697663,0.0,0.9735254011351654,2.0,0.9430675930687359,29.0,0.9557037087298812,131.0,1.1892365216166698,494.0
2007-10-12 00:00:00-04:00,56.93276195909062,57.30519925981788,56.11213037811353,56.35200500488281,765300,WHR,56.13738250732422,0,0.9945965001673781,0.0,0.9736065761142,1.0,0.9373146764939495,28.0,0.9453495742693142,131.0,1.1760023894914204,494.0
2007-10-15 00:00:00-04:00,56.42775858367016,56.6928839382361,55.37356623378936,56.13738250732422,858300,WHR,56.44669342041016,1,0.9980920644844359,0.0,0.9790386383840163,1.0,0.9371875872187175,28.0,0.9416581421269177,131.0,1.1710952897209495,493.0
2007-10-16 00:00:00-04:00,55.78388005748664,57.2925757137711,55.40512406029311,56.44669342041016,802700,WHR,56.84439468383789,1,1.0027473771093924,1.0,0.9932465078339893,1.0,0.9460541919507917,28.0,0.9466842900513435,132.0,1.1771200046742027,493.0
2007-10-17 00:00:00-04:00,56.78757934940055,57.54508664003759,56.49088935510729,56.84439468383789,1185200,WHR,55.8154411315918,0,1.0035104373175565,2.0,1.0052244574864149,2.0,0.9558290810547478,29.0,0.9531781393775776,132.0,1.1849812370211505,493.0
2007-10-18 00:00:00-04:00,56.72444784005255,56.72444784005255,55.44931289445258,55.8154411315918,1170700,WHR,54.37617874145508,0,0.9908667224233149,1.0,0.9910555837628091,2.0,0.9420061387141946,28.0,0.9358301553676831,131.0,1.163150161596355,492.0
2007-10-19 00:00:00-04:00,55.6828733571744,55.708124076328666,54.123676365994655,54.37617874145508,1148500,WHR,55.54399490356445,1,0.9869385494850251,0.0,0.972322458075417,2.0,0.92067249037951,28.0,0.911697180144541,130.0,1.1328362639516603,491.0
2007-10-22 00:00:00-04:00,53.65654826032199,55.67024849500269,53.10735597375032,55.54399490356445,1123600,WHR,52.86117172241211,0,1.0106242204991485,1.0,0.9953168340178716,3.0,0.9428249029602025,29.0,0.931267083301168,130.0,1.1568209593982057,491.0
2007-10-23 00:00:00-04:00,54.88118600239988,54.88118600239988,51.48503877010085,52.86117172241211,3844800,WHR,53.47978210449219,1,0.9752518882203399,1.0,0.9595727751275935,2.0,0.9002402759428904,29.0,0.8863388618034849,130.0,1.100665950478378,491.0
2007-10-24 00:00:00-04:00,52.583403544886885,53.65653226372922,52.40033950393978,53.47978210449219,1043300,WHR,52.99374771118164,0,1.0058172355975574,1.0,0.9828075673511186,2.0,0.9135449380374023,30.0,0.8967122015893416,131.0,1.1132489957975056,492.0
2007-10-25 00:00:00-04:00,53.21469036539658,54.212067579829714,52.3940586053848,52.99374771118164,1267200,WHR,52.75386047363281,0,0.9954351622027374,1.0,0.9840814892421818,2.0,0.907842893804487,30.0,0.8886069951568862,130.0,1.1028443358280289,492.0
2007-10-26 00:00:00-04:00,53.8522403332106,54.03530444582065,52.255169577091465,52.75386047363281,764200,WHR,52.974796295166016,1,0.9977315114576437,0.0,0.9855650800050383,2.0,0.9064791099481638,29.0,0.8846266665545701,130.0,1.0975691303428736,492.0
2007-10-29 00:00:00-04:00,53.38511206228103,53.72598955421895,52.337233682841386,52.974796295166016,1085300,WHR,51.61129379272461,0,1.0020896493749687,1.0,0.9992855412673243,2.0,0.9124860017724025,30.0,0.8883754564938204,130.0,1.1018708004049764,493.0
2007-10-30 00:00:00-04:00,52.78542583097418,52.96848994619401,51.48504018770269,51.61129379272461,1084700,WHR,49.982643127441406,0,0.9869628695240872,1.0,0.978177720845262,2.0,0.89170568069269,29.0,0.8656422449289568,129.0,1.073256081395556,492.0
2007-10-31 00:00:00-04:00,52.1415285444161,52.22990363287137,49.78695611958777,49.982643127441406,2432800,WHR,49.09259414672852,0,0.9839690171022408,0.0,0.9600366012099554,1.0,0.8665922100721661,29.0,0.838527388665419,129.0,1.0391378676489675,492.0
2007-11-01 00:00:00-04:00,49.67966023273945,49.95741337935029,48.764344368438266,49.09259414672852,1492900,WHR,49.95109939575195,1,0.9910164335186011,0.0,0.957287174778942,1.0,0.8545198660846426,28.0,0.8238204670653777,129.0,1.020420121135582,491.0
2007-11-02 00:00:00-04:00,49.40191180468864,49.95109939575196,48.78328111102656,49.95109939575195,1484100,WHR,49.010520935058594,0,1.0086679446042188,1.0,0.9847920315721125,2.0,0.8722113257570552,29.0,0.838376894803263,130.0,1.0380236434929133,492.0
2007-11-05 00:00:00-05:00,49.8185246375669,49.86902607299416,48.46132866097155,49.010520935058594,1032000,WHR,48.61281967163086,0,0.9904955228345173,1.0,0.9815919056612956,1.0,0.8583478007361895,29.0,0.8228345761933836,129.0,1.0182703333930032,491.0
2007-11-06 00:00:00-05:00,48.99157070158285,49.01050753066836,47.84268984828278,48.61281967163086,1309100,WHR,47.40714263916016,0,0.9959261662123404,0.0,0.9854628679913662,1.0,0.8539849058595874,29.0,0.8164599565137969,128.0,1.0098013989696473,491.0
2007-11-07 00:00:00-05:00,48.38558760931735,48.38558760931735,46.95263929343766,47.40714263916016,1311900,WHR,46.6244010925293,0,0.987443475258111,0.0,0.9711626043969688,1.0,0.8352884208645205,29.0,0.7965766855326807,127.0,0.9845719632939656,491.0
2007-11-08 00:00:00-05:00,47.16727968805468,47.445032871649175,45.82270615482108,46.6244010925293,1829300,WHR,47.62176132202149,1,0.991675755649994,0.0,0.9648850655916686,1.0,0.8237843858449561,29.0,0.783858524832827,126.0,0.9681494371977934,491.0
2007-11-09 00:00:00-05:00,46.53600462855466,48.720140965283264,46.42237881607368,47.62176132202149,1541600,WHR,49.64177703857422,1,1.0105825022891142,1.0,0.9951192936232045,1.0,0.8440630960928968,29.0,0.8010516017278623,126.0,0.9886720313655476,491.0
2007-11-12 00:00:00-05:00,48.38558386681423,51.40297495898338,48.29089487443224,49.64177703857422,2386000,WHR,50.52552795410156,1,1.0207684786159403,2.0,1.0346007087216482,2.0,0.8822617811837841,29.0,0.8353554827935622,127.0,1.0303704015047412,492.0
2007-11-13 00:00:00-05:00,50.44346673737997,50.70227815385992,49.597584589288445,50.52552795410156,1258700,WHR,50.868255615234375,1,1.0088227482569483,2.0,1.0446902756636336,3.0,0.9003495609023929,29.0,0.8505105208125302,127.0,1.0484516112596347,492.0
2007-11-14 00:00:00-05:00,50.7730551683745,51.464835720837584,50.65881560056182,50.868255615234375,1397100,WHR,49.72587585449219,0,1.003380164434819,2.0,1.0369353041966414,4.0,0.9088882081261234,29.0,0.8565309275522343,128.0,1.0553199103501478,492.0
2007-11-15 00:00:00-05:00,50.76672343125426,50.76672343125426,49.4402792645882,49.72587585449219,1506100,WHR,48.3359603881836,0,0.9886436738997445,1.0,1.0009911358346018,4.0,0.8914078308549104,28.0,0.8375941799872748,128.0,1.0314057219616388,492.0
2007-11-16 00:00:00-05:00,49.66240439215086,50.043201412680894,47.612439754450655,48.3359603881836,1616100,WHR,48.183624267578125,0,0.985826132575481,0.0,0.9702221098917498,3.0,0.8697629484521227,27.0,0.8144865908010702,128.0,1.0023916522884229,492.0
2007-11-19 00:00:00-05:00,48.12650690937259,48.80559627324618,47.07931176341169,48.183624267578125,1672800,WHR,47.40933990478516,0,0.9984217076653533,0.0,0.9728592179859058,2.0,0.8705302604620984,26.0,0.8122163745057513,128.0,0.9990552362609731,491.0
2007-11-20 00:00:00-05:00,48.16459067502606,48.22171288188181,46.438305967101726,47.40933990478516,1964200,WHR,48.25344467163086,1,0.9919001950666908,0.0,0.9694247379869895,1.0,0.8602457096210184,25.0,0.7995068313033721,127.0,0.9828480592350567,490.0
2007-11-21 00:00:00-05:00,46.64774747215467,48.83099053596847,45.79095307884045,48.25344467163086,1619800,WHR,49.427581787109375,1,1.0088237528374624,1.0,0.997350145182997,1.0,0.8783437141913357,26.0,0.8140345044882104,128.0,1.0001710762193374,491.0
2007-11-23 00:00:00-05:00,48.67233566523867,49.567208504020826,48.49463069538674,49.427581787109375,346600,WHR,47.94879150390625,0,1.0120201144279997,2.0,1.02287967814628,2.0,0.902679096284916,26.0,0.8340667007148518,129.0,1.0242963141301482,492.0
2007-11-26 00:00:00-05:00,49.57352723162592,50.138376913281405,47.94879150390625,47.94879150390625,1000300,WHR,49.28159713745117,1,0.9848136644113489,1.0,0.9938694653863546,2.0,0.8789134726952975,26.0,0.8093863756813747,129.0,0.9934681885641361,492.0
2007-11-27 00:00:00-05:00,48.10112322948596,49.50372828312294,48.02496190435743,49.28159713745117,1292000,WHR,50.544578552246094,1,1.013707706532585,1.0,1.0168670268557503,3.0,0.9065505994971488,26.0,0.832053765799097,130.0,1.0208608332307199,493.0
2007-11-28 00:00:00-05:00,49.75124952569515,50.72863146745745,49.31333035356828,50.544578552246094,1027000,WHR,50.36051177978516,0,1.0126518060625784,2.0,1.0296057105828076,4.0,0.9327965356591863,26.0,0.8535165110505781,130.0,1.0467800390245527,493.0
2007-11-29 00:00:00-05:00,50.48109930811066,50.48109930811066,49.41486519612841,50.36051177978516,858500,WHR,51.38232803344727,1,0.9981758425481286,1.0,1.0171249221325844,3.0,0.9321708518412416,26.0,0.8505677753187999,129.0,1.0427235821306005,493.0
2007-11-30 00:00:00-05:00,50.7730519906114,52.0360303030911,49.859135505309816,51.38232803344727,1747700,WHR,51.2807846069336,0,1.0100431269221288,1.0,1.0296324869519147,3.0,0.9538100316994664,26.0,0.8679049378992396,130.0,1.0635972140613597,494.0
2007-12-03 00:00:00-05:00,51.73139486370104,51.81389933028812,50.37955925130314,51.2807846069336,811200,WHR,51.56637573242188,1,0.9990109064112505,1.0,1.0140562615563091,3.0,0.954074129926473,26.0,0.8663414092233404,129.0,1.0612268253359027,493.0
2007-12-04 00:00:00-05:00,50.87459529295563,51.902746393233535,50.51283268555999,51.56637573242188,897200,WHR,52.94362258911133,1,1.0027768498862384,1.0,1.0105720673809406,3.0,0.9610374944068761,27.0,0.8713045073810591,129.0,1.0668566115466598,494.0
2007-12-05 00:00:00-05:00,51.9408531996413,52.94362258911133,51.4648556233597,52.94362258911133,1218700,WHR,54.36524963378906,1,1.0131781349039184,2.0,1.0278972901766046,3.0,0.9879699649915682,28.0,0.8946274831023622,130.0,1.095035518047704,494.0
2007-12-06 00:00:00-05:00,52.92456152187978,54.86662927858851,52.63261704383241,54.36524963378906,1466700,WHR,54.44139099121094,1,1.013247991663958,2.0,1.03933605590327,4.0,1.0153193778561642,29.0,0.9186055803969259,131.0,1.1241139783091945,494.0
2007-12-07 00:00:00-05:00,54.35888654493179,55.13317617434694,54.09232924886591,54.44139099121094,994700,WHR,56.19307327270508,1,1.0006997859412303,2.0,1.02875890211021,4.0,1.0178066464333118,29.0,0.919831930534324,132.0,1.1253632229888124,494.0
2007-12-10 00:00:00-05:00,54.48582792901108,56.427900370455205,54.327162148878784,56.19307327270508,1058400,WHR,52.82935333251953,0,1.0158330615432416,2.0,1.0425055336594633,5.0,1.0510061785442513,30.0,0.9492731143418331,132.0,1.1612230937956753,494.0
2007-12-11 00:00:00-05:00,57.03717264462072,57.03717264462072,52.47394355780143,52.82935333251953,2634400,WHR,53.29899215698242,1,0.9691465320950364,1.0,0.975529573676137,4.0,0.9895709370952689,29.0,0.8924808838975739,132.0,1.0914509640686665,494.0
2007-12-12 00:00:00-05:00,54.32714294995567,54.80314012213768,52.378728052174345,53.29899215698242,2363300,WHR,52.9562873840332,0,1.0044251968905833,1.0,0.9829117701326581,4.0,1.0002497603740195,29.0,0.9004155319030755,133.0,1.1008892933453234,494.0
2007-12-13 00:00:00-05:00,53.14034025286051,53.14034025286051,51.909092364475335,52.9562873840332,1337300,WHR,51.591773986816406,0,0.9967747035777461,1.0,0.9816933236478659,3.0,0.9960266443780083,28.0,0.894658357817204,132.0,1.093559720656028,493.0
2007-12-14 00:00:00-05:00,52.619930151392325,52.619930151392325,50.85556232381475,51.591773986816406,1975000,WHR,51.03960037231445,0,0.9869484581605331,0.0,0.9666106060740557,2.0,0.9725312877340936,28.0,0.8715864366779345,132.0,1.0651602467042012,493.0
2007-12-17 00:00:00-05:00,51.268079453444656,52.28353934619293,50.627068429046325,51.03960037231445,1522000,WHR,51.705997467041016,1,0.9946198361081109,0.0,0.9750951214638575,1.0,0.9642942210161031,28.0,0.862247770162619,132.0,1.0535569185820892,492.0
2007-12-18 00:00:00-05:00,51.464822418387975,52.28988628845275,49.97971326278493,51.705997467041016,1752000,WHR,51.16020584106445,0,1.0064858943715378,1.0,0.9920847191155977,2.0,0.9787112282629513,29.0,0.8734632720732263,132.0,1.0671021791366222,492.0
2007-12-19 00:00:00-05:00,51.82025621335588,51.82025621335588,50.81113911078173,51.16020584106445,1112900,WHR,51.75678253173828,1,0.9946941599045723,1.0,0.9897357470532661,1.0,0.9694970951995435,29.0,0.8642346448854662,131.0,1.0556410291958465,492.0
2007-12-20 00:00:00-05:00,51.63619498210789,51.85197813187214,50.70323936403104,51.75678253173828,788300,WHR,52.404144287109375,1,1.0057966784697665,1.0,1.0059456813813914,2.0,0.9817241481284219,30.0,0.8742651558157206,132.0,1.067738913939765,492.0
2007-12-21 00:00:00-05:00,51.96622509573778,52.66435854345956,51.54734986920104,52.404144287109375,1152300,WHR,52.9689826965332,1,1.0062150153146867,2.0,1.0153215834084066,3.0,0.9950466315384312,30.0,0.8851103196229072,133.0,1.0808460430492615,493.0
2007-12-24 00:00:00-05:00,52.473946244375135,53.13399646128432,52.220080031395405,52.9689826965332,207700,WHR,52.82302474975586,0,1.0053603648823244,2.0,1.0186495121274048,4.0,1.0068154596798171,30.0,0.8945375088318976,133.0,1.0922463566157894,493.0
2007-12-26 00:00:00-05:00,52.8674509838426,52.8674509838426,51.85198590398056,52.82302474975586,483900,WHR,51.71234893798828,0,0.9986203310599674,1.0,1.0114968692933537,3.0,1.0057185811497136,29.0,0.8920209046027934,132.0,1.088986951078146,493.0
2007-12-27 00:00:00-05:00,52.67703467132695,52.73415202327101,51.50925694980672,51.71234893798828,470500,WHR,51.27442932128906,0,0.9893751198987889,0.0,0.9881392805526502,3.0,0.9865778314677381,28.0,0.873264819674749,132.0,1.065873808288278,492.0
2007-12-28 00:00:00-05:00,52.32796748552368,52.32796748552368,51.001524011151474,51.27442932128906,916300,WHR,51.80755233764648,1,0.9957478073972106,0.0,0.9815807894246176,2.0,0.9806113535754374,27.0,0.8658955276000129,131.0,1.056650269836249,491.0
2007-12-31 00:00:00-05:00,51.15385005341788,52.20739322993458,50.90633180680889,51.80755233764648,755700,WHR,50.696895599365234,0,1.0051718351527363,1.0,0.9940573386670651,2.0,0.9927766235473297,28.0,0.8749536145778147,131.0,1.0674324726488242,491.0
2008-01-02 00:00:00-05:00,51.51561172337934,51.69331664789166,49.77028789148237,50.696895599365234,1523400,WHR,50.21454620361328,0,0.9891647946929704,1.0,0.9813027235952709,1.0,0.9742389673829498,27.0,0.856317561837742,130.0,1.0443676969669777,491.0
2008-01-03 00:00:00-05:00,50.89997867146341,51.08403155147253,49.9416408769922,50.21454620361328,1423600,WHR,48.00592422485352,0,0.9952200723016752,0.0,0.9818813578655148,1.0,0.9676426189368205,27.0,0.8483173596690807,130.0,1.0342604923477596,491.0
2008-01-04 00:00:00-05:00,49.84010049176029,50.20820631112255,47.67590149024677,48.00592422485352,2325800,WHR,48.32960510253906,1,0.9775136285834808,0.0,0.9525009621160678,1.0,0.9283573180398921,26.0,0.8112625819711322,130.0,0.9886787577604594,490.0
2008-01-07 00:00:00-05:00,48.39307045602939,48.6469367120868,47.60608942013792,48.32960510253906,1361900,WHR,47.37759399414063,0,1.0033599325186198,1.0,0.9702615401150367,2.0,0.9376153580776897,27.0,0.8169777036416586,130.0,0.9952546733765094,490.0
2008-01-08 00:00:00-05:00,48.665959111464666,49.31966122777435,47.30778067666149,47.37759399414063,1772100,WHR,46.91431427001953,0,0.9900528788076147,1.0,0.9683735966996172,1.0,0.9220039325663445,27.0,0.8012158664913221,129.0,0.9755929636543079,489.0
2008-01-09 00:00:00-05:00,46.78738353523468,47.02855386816476,45.8671187607045,46.91431427001953,1830400,WHR,47.5045280456543,1,0.9950867499380412,0.0,0.9739646205106778,1.0,0.9157914658148086,27.0,0.7937417262212677,128.0,0.9660031806494787,489.0
2008-01-10 00:00:00-05:00,46.285976158899054,48.0693777694761,45.75920466838374,47.5045280456543,1411300,WHR,46.673126220703125,0,1.006251016864425,1.0,0.997441227987578,2.0,0.9299245544428271,28.0,0.8040509494110494,129.0,0.978126711575916,489.0
2008-01-11 00:00:00-05:00,47.1554715455697,47.1554715455697,46.13366353949336,46.673126220703125,1548400,WHR,46.17174530029297,0,0.9911719841460506,1.0,0.9855002170663809,2.0,0.9165721334799427,27.0,0.7902896600458486,129.0,0.9609908194527058,489.0
2008-01-14 00:00:00-05:00,46.958726269899486,47.27605785271937,45.75921327420798,46.17174530029297,2168700,WHR,44.97857284545898,0,0.9945997995129244,0.0,0.9838793034171411,1.0,0.9099044165717175,26.0,0.7821406372867774,128.0,0.9506512175882126,489.0
2008-01-15 00:00:00-05:00,45.7592056983819,45.7592056983819,44.61681509462022,44.97857284545898,1723800,WHR,44.68027877807617,0,0.9869098377371971,0.0,0.9683545035668151,1.0,0.8895568770045109,26.0,0.7623715067121636,127.0,0.926095222216981,488.0
2008-01-16 00:00:00-05:00,44.38198637591859,44.90240987263138,42.643011010136064,44.68027877807617,3000900,WHR,44.299503326416016,0,0.9966730103946088,0.0,0.9712755639607829,1.0,0.8864906234962514,26.0,0.7578072840674237,126.0,0.9199574900291037,488.0
2008-01-17 00:00:00-05:00,44.48355143504078,45.27688061465355,43.98851480169794,44.299503326416016,2243000,WHR,45.3974723815918,1,0.9957206520104421,0.0,0.9766065504383518,0.0,0.8822161121340811,25.0,0.7518385943349328,126.0,0.912097528463089,488.0
2008-01-18 00:00:00-05:00,44.62318225622402,45.7021129451503,44.39470304407951,45.3974723815918,2004900,WHR,47.276065826416016,1,1.0122408704029222,1.0,1.0064727751870326,1.0,0.9063272017827019,26.0,0.7709458709238434,126.0,0.9346689638336062,488.0
2008-01-22 00:00:00-05:00,43.47443417882814,47.8726508522095,43.379233719506296,47.276065826416016,2653000,WHR,51.41405487060547,1,1.0202710879626467,2.0,1.0430144047171974,2.0,0.9457842384180141,26.0,0.8032888476589063,126.0,0.9732819319117607,488.0
2008-01-23 00:00:00-05:00,45.79728786462439,51.44578511774634,45.68939146648003,51.41405487060547,3725000,WHR,50.06857681274414,0,1.0419291111913125,2.0,1.10298695452791,3.0,1.0291090751458702,27.0,0.8738158958928798,127.0,1.0582979064929439,489.0
2008-01-24 00:00:00-05:00,51.09038489807326,51.7313960519601,49.37679628553517,50.06857681274414,1827500,WHR,49.36410903930664,0,0.9867417898457783,1.0,1.0498508200100194,3.0,1.0030764174489641,27.0,0.8512436717910383,126.0,1.0304427537820766,489.0
2008-01-25 00:00:00-05:00,50.65247472024753,52.78494372390712,49.20544321964206,49.36410903930664,1338400,WHR,50.76671600341797,1,0.9929151287888803,0.0,1.0135523262389527,3.0,0.9901568186892851,26.0,0.8396050936936728,125.0,1.015796958179997,489.0
2008-01-28 00:00:00-05:00,49.30064533011402,50.76671600341797,48.58982069106835,50.76671600341797,1653600,WHR,52.353363037109375,1,1.0140077440040351,1.0,1.0198644660245066,3.0,1.0185782276083115,27.0,0.8637289550048051,125.0,1.0444784819941397,489.0
2008-01-29 00:00:00-05:00,51.274437595260245,52.49298970791011,50.09396372297579,52.353363037109375,1416400,WHR,52.2010383605957,0,1.015386402419919,2.0,1.0307126554155246,3.0,1.0495804819750123,28.0,0.8910027089050161,125.0,1.0769071544915618,489.0
2008-01-30 00:00:00-05:00,52.39143922154531,53.597295200576056,51.883706820409714,52.2010383605957,1614200,WHR,54.13042449951172,1,0.9985431060340133,1.0,1.02453894100883,2.0,1.0454408445651862,28.0,0.8887288300241283,124.0,1.0735594549372702,489.0
2008-01-31 00:00:00-05:00,51.57907574324098,54.70796548925227,51.15385256456116,54.13042449951172,2602400,WHR,54.40332794189453,1,1.0181450164139505,1.0,1.0457332140256226,3.0,1.0825708644746923,28.0,0.9217901549446539,124.0,1.1129760248649687,489.0
2008-02-01 00:00:00-05:00,53.95271767030156,54.58103285552604,52.84205711800888,54.40332794189453,2116800,WHR,51.782169342041016,0,1.0025144568969928,2.0,1.030932799807009,4.0,1.0860764778690069,29.0,0.9266834552575643,124.0,1.11832146427409,489.0
2008-02-04 00:00:00-05:00,54.55564933230309,54.8412506840592,51.407720369726896,51.782169342041016,2002600,WHR,57.119659423828125,1,0.9753152862971047,1.0,0.9775003994431215,3.0,1.032660229777425,29.0,0.882476747518137,123.0,1.0642429723386901,489.0
2008-02-05 00:00:00-05:00,53.673439778240095,59.7788984509185,53.660748651111504,57.119659423828125,10350100,WHR,57.43065643310547,1,1.049011941693489,1.0,1.0591969947437045,3.0,1.1354371445384357,30.0,0.9734663026496706,124.0,1.1735772740721118,490.0
2008-02-06 00:00:00-05:00,57.747987949233725,62.19697716113839,56.68175386135899,57.43065643310547,6830400,WHR,58.001861572265625,1,1.0027149380335691,2.0,1.0447019052999231,4.0,1.137546621653993,31.0,0.9786961217088064,125.0,1.179596114818485,490.0
2008-02-07 00:00:00-05:00,56.999092690541126,58.79519046437134,56.08518109946014,58.001861572265625,2594800,WHR,56.50407028198242,0,1.0049483901852818,2.0,1.0404381401250966,4.0,1.1449373036063752,31.0,0.9882992881802983,126.0,1.1909335421338998,491.0
2008-02-08 00:00:00-05:00,57.7987839367811,57.9320626427329,56.12327328753492,56.50407028198242,1383300,WHR,56.59928131103516,1,0.9869195310144308,1.0,1.0059889753486637,3.0,1.1128589527933912,30.0,0.9627404356688368,126.0,1.15982673304321,491.0
2008-02-11 00:00:00-05:00,55.83768717991244,56.68178580857594,54.58739952693979,56.59928131103516,2017500,WHR,57.97013854980469,1,1.00084180554963,1.0,0.9906911570164841,4.0,1.1125160965782297,30.0,0.9643815724275233,126.0,1.1614180955336164,492.0
2008-02-12 00:00:00-05:00,57.06257475668182,58.903094295908566,56.59926845670436,57.97013854980469,1917400,WHR,58.18595123291016,1,1.0119652978991656,2.0,1.0116740469857795,4.0,1.1368167884524982,30.0,0.9876973745437141,126.0,1.189127139378281,493.0
2008-02-13 00:00:00-05:00,58.52867011196788,59.011015739022994,57.52590059643956,58.18595123291016,1019800,WHR,56.85313415527344,0,1.0018579540987407,2.0,1.012770439940589,4.0,1.137902556553629,31.0,0.9913404899739001,126.0,1.1931280971491525,493.0
2008-02-14 00:00:00-05:00,58.325552677197486,58.566722965047575,56.719855456032896,56.85313415527344,1120300,WHR,56.16133499145508,0,0.9884142239731887,1.0,0.9935448319557051,3.0,1.1087595716080927,31.0,0.9688356087187189,125.0,1.1654179491946348,492.0
2008-02-15 00:00:00-05:00,56.55482784699816,57.29103450712658,55.7805381091752,56.16133499145508,1273000,WHR,56.16133499145508,0,0.9938786673154197,0.0,0.9826322984992868,3.0,1.0924352522325789,31.0,0.9572777009847967,125.0,1.1509123729660469,491.0
2008-02-19 00:00:00-05:00,56.7007976448595,57.5829837870394,55.88208652690054,56.16133499145508,1251500,WHR,56.37078475952149,1,1.0,0.0,0.9841405077384109,2.0,1.0893443924734092,31.0,0.9574502980287237,125.0,1.1505918467333707,490.0
2008-02-20 00:00:00-05:00,56.00902693222664,56.48502432825123,55.13953661233386,56.37078475952149,1534100,WHR,56.719844818115234,1,1.0018612443143338,1.0,0.9933789182864152,2.0,1.0905452611548538,31.0,0.9611483543547323,126.0,1.1545689612475936,490.0
2008-02-21 00:00:00-05:00,56.68176173826317,57.74799597430946,56.4279003637579,56.719844818115234,1209100,WHR,56.57954025268555,0,1.0030865515551324,2.0,1.0047217458952193,2.0,1.0947241712939524,31.0,0.967194411341789,127.0,1.1613745843572334,491.0
2008-02-22 00:00:00-05:00,56.80274530771762,56.981309351743285,55.10000334653756,56.57954025268555,1218700,WHR,56.6943244934082,1,0.9987616475999229,1.0,1.0032088100208312,2.0,1.0889928417527328,31.0,0.9649135606436674,126.0,1.1581653274106598,490.0
2008-02-25 00:00:00-05:00,56.57315396604336,57.29378872265008,55.559163338636445,56.6943244934082,1231000,WHR,58.37158584594727,1,1.0010133338434242,1.0,1.0033476342823167,3.0,1.0886135001877706,31.0,0.9668275024045413,127.0,1.1601680752496495,491.0
2008-02-26 00:00:00-05:00,56.27982650066433,58.97105524325655,56.27982650066433,58.37158584594727,1507300,WHR,59.88299179077149,1,1.0145765270321372,2.0,1.0250121061433966,4.0,1.1180189083292047,31.0,0.9952159998837452,128.0,1.1941052152605236,491.0
2008-02-27 00:00:00-05:00,58.12923007885888,60.59087418009301,57.78485446793175,59.88299179077149,2105600,WHR,57.63819122314453,0,1.0127809508522139,2.0,1.0387397679318935,4.0,1.1434915919731958,32.0,1.0206664511948438,128.0,1.224566975630458,492.0
2008-02-28 00:00:00-05:00,59.46848301497339,59.46848301497339,56.898424956453496,57.63819122314453,1626500,WHR,53.80543518066406,0,0.9808987579085113,1.0,0.996625898783454,3.0,1.0984391922802776,31.0,0.982188843066654,128.0,1.1782608037644913,492.0
2008-02-29 00:00:00-05:00,56.93031719323008,57.057866476002914,53.67151208288332,53.80543518066406,2086300,WHR,56.024715423583984,1,0.9656081180578894,0.0,0.9393652036960959,3.0,1.0245748882843921,31.0,0.9168873368579198,128.0,1.099599099356854,492.0
2008-03-03 00:00:00-05:00,53.850053378658885,56.11399745091196,53.32073502699618,56.024715423583984,2057200,WHR,56.03748321533203,1,1.0202064754597002,1.0,0.9804028939761176,3.0,1.065327529498076,31.0,0.9545958161838762,128.0,1.1445543281642372,493.0
2008-03-04 00:00:00-05:00,55.44439257162463,56.483893435109,54.90231676338711,56.03748321533203,1953000,WHR,53.786258697509766,0,1.0001139348674497,2.0,0.9887031507008377,3.0,1.0645265318479091,31.0,0.9547601402365731,128.0,1.1444321541673124,493.0
2008-03-05 00:00:00-05:00,54.022221044089925,55.578287065367086,53.3207175455729,53.786258697509766,2671800,WHR,52.53633499145508,0,0.9795014768335896,1.0,0.9698484351233125,2.0,1.021948062771089,30.0,0.9165170216911428,127.0,1.0981241670086896,493.0
2008-03-06 00:00:00-05:00,53.41640783960357,53.66512281003511,52.16007562893285,52.53633499145508,1682600,WHR,53.40363311767578,1,0.9882440442554364,0.0,0.9650665174929139,2.0,0.9988018501009944,29.0,0.8953679586211551,127.0,1.0723132053425346,492.0
2008-03-07 00:00:00-05:00,52.23658819952424,54.4176287074856,51.89221261424007,53.40363311767578,1871100,WHR,52.45980072021485,0,1.0081866942354305,1.0,0.9824486276435149,3.0,1.0161887817399045,29.0,0.9102055349475565,128.0,1.0897255755524773,492.0
2008-03-10 00:00:00-04:00,53.25696518894012,53.81178854524921,52.421533517172094,52.45980072021485,1356000,WHR,54.23910140991211,1,0.991084434320294,1.0,0.9779120513160093,2.0,0.9983461131844928,29.0,0.8941563174723154,128.0,1.0701955463528101,492.0
2008-03-11 00:00:00-04:00,53.25699367526789,54.72377416297674,52.80420459870288,54.23910140991211,1573100,WHR,54.27095413208008,1,1.0166759043830393,1.0,1.017905135794924,2.0,1.0318997358816502,29.0,0.9243866012972547,129.0,1.1061668210389324,493.0
2008-03-12 00:00:00-04:00,54.69185929207529,55.38698434869661,53.26333711164208,54.27095413208008,1081600,WHR,54.19441604614258,0,1.000293546270978,2.0,1.01665336335795,3.0,1.0320755041879817,30.0,0.9248428573977628,129.0,1.1064795122388782,494.0
2008-03-13 00:00:00-04:00,52.95083690754862,54.56429655717408,52.05163817135413,54.19441604614258,1621500,WHR,52.8870735168457,0,0.9992943546330803,1.0,1.0089518321292852,3.0,1.0297705034464508,30.0,0.9234403616614635,129.0,1.1045892606193266,493.0
2008-03-14 00:00:00-04:00,54.7046073196803,54.7046073196803,52.29398302692017,52.8870735168457,1070300,WHR,51.60523986816406,0,0.9877911435988397,0.0,0.9865101283866529,2.0,1.0043415307762138,30.0,0.9011750391816944,128.0,1.0776499748374504,493.0
2008-03-17 00:00:00-04:00,51.53508900297268,52.62560945434879,50.31702417788822,51.60523986816406,2154600,WHR,54.506927490234375,1,0.9877327469633232,0.0,0.9656785330210992,2.0,0.9800303753302724,29.0,0.8794855909958987,127.0,1.051277296867575,492.0
2008-03-18 00:00:00-04:00,52.48531923153431,54.851303181435135,51.72003829591932,54.506927490234375,1683700,WHR,54.49415969848633,0,1.0273454750223858,1.0,1.0189558774812701,2.0,1.0340407117361972,30.0,0.9289849000560838,127.0,1.1100554910258187,493.0
2008-03-19 00:00:00-04:00,54.88317633820379,55.680340785902565,54.36661533305679,54.49415969848633,1804700,WHR,56.59869384765625,1,0.9998828654642138,1.0,1.0178677607855071,1.0,1.0329045128552616,29.0,0.9287700239423654,127.0,1.1094648093059125,492.0
2008-03-20 00:00:00-04:00,54.494177087963045,56.81552031117845,53.76716326890697,56.59869384765625,1443200,WHR,56.36272430419922,0,1.018943920171209,1.0,1.0477665769689886,2.0,1.0713750460309392,29.0,0.9645236363554175,127.0,1.1519246291163558,492.0
2008-03-24 00:00:00-04:00,56.758119698625954,57.75935824475673,56.05661582151954,56.36272430419922,1461200,WHR,55.90993881225586,0,0.9979110607203974,1.0,1.030141990262646,2.0,1.0657671985786423,28.0,0.9603726285032098,127.0,1.1467446589023156,491.0
2008-03-25 00:00:00-04:00,56.63057877090908,56.783633021606896,55.25945459765997,55.90993881225586,861700,WHR,55.00434112548828,0,0.995967090479775,0.0,1.006036042593431,2.0,1.0561779445474624,28.0,0.9524965153747236,127.0,1.1371784443801893,490.0
2008-03-26 00:00:00-04:00,55.903544863677865,56.60504853101784,54.81301973189322,55.00434112548828,1235900,WHR,54.51966094970703,0,0.9918351569583657,0.0,0.9879722891434842,1.0,1.0379947216679772,28.0,0.9369283928880524,127.0,1.1184330074409174,489.0
2008-03-27 00:00:00-04:00,55.41886464039547,55.65482216579223,54.48139861921132,54.51966094970703,960600,WHR,54.462249755859375,0,0.9955746670446859,0.0,0.9791769003952648,1.0,1.0277991919559235,28.0,0.9285690540397725,126.0,1.1082736831659556,488.0
2008-03-28 00:00:00-04:00,54.844887532988864,55.22114663527359,54.334700586480665,54.462249755859375,574900,WHR,55.34236907958984,1,0.9994732043742308,0.0,0.9857102668742366,0.0,1.0258612095006836,27.0,0.9275081750781736,125.0,1.106803954737274,488.0
2008-03-31 00:00:00-04:00,54.30286791726791,55.693123542754726,53.70339842222533,55.34236907958984,886800,WHR,58.21211624145508,1,1.0080153215143834,1.0,1.0053527589903537,1.0,1.0409212406531327,28.0,0.9423531688026017,126.0,1.1243544610975442,489.0
2008-04-01 00:00:00-04:00,55.48900554622157,58.58200158831235,55.48900554622157,58.21211624145508,2002700,WHR,58.23765182495117,1,1.0252719842263545,2.0,1.0487130076611655,2.0,1.0921594979911222,29.0,0.9908854314262313,126.0,1.1822195138090792,490.0
2008-04-02 00:00:00-04:00,58.67130952475439,59.04756884822018,58.03357789948532,58.23765182495117,1442900,WHR,58.39070129394531,1,1.0002192841078184,2.0,1.0370910750223576,3.0,1.0891539354844997,30.0,0.9909867943160888,126.0,1.1823104256994115,490.0
2008-04-03 00:00:00-04:00,57.5999155054009,58.65855225251368,57.21089885645038,58.39070129394531,1009700,WHR,58.1675033569336,0,1.0013122835477075,2.0,1.0256755467668512,4.0,1.088602365439379,30.0,0.9932942039749283,126.0,1.1849564658473595,491.0
2008-04-04 00:00:00-04:00,58.63942341676249,58.79885632965799,57.41497981344658,58.1675033569336,849300,WHR,57.33206558227539,0,0.9980850945870329,1.0,1.0086255316095483,4.0,1.080817556953882,30.0,0.9892584601569955,125.0,1.1799829913234177,490.0
2008-04-07 00:00:00-04:00,58.54375646369051,58.58201879857025,57.20451635683379,57.33206558227539,951200,WHR,57.070579528808594,0,0.9927667455183498,0.0,0.9873262040959468,3.0,1.061868357939267,30.0,0.9748925789497297,124.0,1.162623673235473,489.0
2008-04-08 00:00:00-04:00,56.89839419795084,57.580766576283295,56.63054818750355,57.070579528808594,1154000,WHR,55.51454544067383,0,0.997714335597635,0.0,0.9867025454081914,2.0,1.0539131364171777,29.0,0.970309977730492,123.0,1.1569268581726186,488.0
2008-04-09 00:00:00-04:00,56.98770408442656,57.26192890515392,55.32322398788482,55.51454544067383,1050000,WHR,54.34111785888672,0,0.9861790437364035,0.0,0.9689234463121333,1.0,1.0223959454491869,29.0,0.9438370665138558,122.0,1.1250257230165233,488.0
2008-04-10 00:00:00-04:00,55.10002014283949,55.3806187837704,53.901081426610666,54.34111785888672,1887000,WHR,52.75951766967773,0,0.9893184607279887,0.0,0.9620423416469925,0.0,0.9982820128885305,29.0,0.9239637277687415,121.0,1.1009114336075576,488.0
2008-04-11 00:00:00-04:00,52.28121914862561,53.25056867713608,52.13453879468113,52.75951766967773,2854300,WHR,51.74555969238281,0,0.9852325788600276,0.0,0.9522765811897593,0.0,0.9669234279320977,29.0,0.8972249027831409,121.0,1.068570523626564,488.0
2008-04-14 00:00:00-04:00,52.84245920564827,52.84245920564827,51.42669378110833,51.74555969238281,1927500,WHR,51.12692642211914,0,0.99029752426495,0.0,0.9531980254909302,0.0,0.9462984282387398,29.0,0.8801896010642638,121.0,1.047794861704416,487.0
2008-04-15 00:00:00-04:00,51.97511037260795,52.36412692537336,50.64225404941517,51.12692642211914,2264800,WHR,51.57335662841797,1,0.9939864069234693,0.0,0.9628870332043081,0.0,0.9330435420417083,29.0,0.8699478254344368,120.0,1.0350431548492618,487.0
2008-04-16 00:00:00-04:00,51.452186066551896,51.90497492206985,49.74306517117834,51.57335662841797,3693600,WHR,51.93687438964844,1,1.0043469228422588,1.0,0.985931008692172,1.0,0.9394260268673915,29.0,0.8778164806261184,120.0,1.043832798603847,488.0
2008-04-17 00:00:00-04:00,51.27363279711872,52.14094835154166,51.06955883522549,51.93687438964844,3368900,WHR,52.30037689208984,1,1.0035119017478284,2.0,1.0020920447275212,2.0,0.9447108876005325,29.0,0.8842862417585422,120.0,1.0509329292524134,488.0
2008-04-18 00:00:00-04:00,52.51082465052742,53.15493501524759,51.618004183200405,52.30037689208984,2969700,WHR,52.91260147094727,1,1.0034872610124657,2.0,1.0108966936800374,3.0,0.951067302865525,29.0,0.8907332608994353,121.0,1.0580120016725796,489.0
2008-04-21 00:00:00-04:00,52.3003796049495,52.9381113235522,51.91774154688925,52.91260147094727,930100,WHR,51.5542221069336,0,1.005818907404607,2.0,1.018136883157462,4.0,0.961371763918174,30.0,0.9018644775732408,121.0,1.07008173804902,490.0
2008-04-22 00:00:00-04:00,52.48531455886439,52.67025244802908,51.01215120007416,51.5542221069336,1083700,WHR,52.42791748046875,1,0.986997026256848,1.0,0.9903705790431381,4.0,0.9360704934750933,30.0,0.8796515025754492,120.0,1.0423296186328963,490.0
2008-04-23 00:00:00-04:00,51.54147089112492,53.12304749733556,51.54147089112492,52.42791748046875,1765000,WHR,47.12198638916016,0,1.0084023600303085,1.0,1.0038585661344153,4.0,0.9514558845310829,30.0,0.8954499850360942,121.0,1.059697817032061,490.0
2008-04-24 00:00:00-04:00,47.4344735032215,48.32092001643031,46.681950038896126,47.12198638916016,6668700,WHR,48.72269821166992,1,0.9467007914115392,1.0,0.9192126781895779,3.0,0.8565197277388165,29.0,0.8058992942174685,121.0,0.9522755435126481,490.0
2008-04-25 00:00:00-04:00,47.28142334462704,48.88850980021623,47.000819866395794,48.72269821166992,2556600,WHR,48.00206756591797,0,1.0167011016748226,1.0,0.9638919231654168,3.0,0.8865494970647991,30.0,0.834282348038863,122.0,0.9844115900635015,490.0
2008-04-28 00:00:00-04:00,48.94591271412758,48.99693242278912,47.3515833097586,48.00206756591797,1460300,WHR,47.479122161865234,0,0.9925496780482365,1.0,0.9684518061263145,2.0,0.8750633431127659,29.0,0.8230512766821445,121.0,0.969640390596064,490.0
2008-04-29 00:00:00-04:00,48.03395048126521,48.046702974185216,46.369470388571926,47.479122161865234,1502000,WHR,46.41411209106445,0,0.9945230531213147,0.0,0.9739155606459823,2.0,0.8673549199972537,28.0,0.8153899376308402,120.0,0.9588591335094854,490.0
2008-04-30 00:00:00-04:00,47.67044431160385,47.67044431160385,46.2227955014256,46.41411209106445,1214700,WHR,47.8171272277832,1,0.988657222437009,0.0,0.9761528296113077,1.0,0.8492872548658944,28.0,0.7984273189431905,120.0,0.9371583145195996,489.0
2008-05-01 00:00:00-04:00,46.17177819764012,48.01482250700339,45.94857306537427,47.8171272277832,956200,WHR,48.21251678466797,1,1.0148890659494714,1.0,1.002728242638135,2.0,0.877448976188381,28.0,0.82379764486068,121.0,0.9652797391564846,489.0
2008-05-02 00:00:00-04:00,48.46123176481274,48.945909231597845,47.30056023563486,48.21251678466797,1408900,WHR,46.988067626953125,0,1.0041173698075305,2.0,1.0131875120579654,2.0,0.8872056496461435,28.0,0.831859014229594,121.0,0.9730494400006553,489.0
2008-05-05 00:00:00-04:00,48.11685049366604,48.11685049366604,46.95617909861683,46.988067626953125,1424500,WHR,47.05183029174805,1,0.987138218055252,1.0,0.9916820738267453,2.0,0.8676040665279712,27.0,0.8120394498664558,120.0,0.9481574699523361,488.0
2008-05-06 00:00:00-04:00,47.00081060294222,47.74696017158784,46.41409877819113,47.05183029174805,1245700,WHR,46.68194961547852,0,1.0006780384305611,1.0,0.994822041428024,3.0,0.8713159074531608,28.0,0.8145098287589272,120.0,0.9492625327532306,489.0
2008-05-07 00:00:00-04:00,47.39621073521747,48.01481114504855,46.535274077058126,46.68194961547852,1183800,WHR,45.80827331542969,0,0.9960539233920193,1.0,0.9858850161939525,3.0,0.867120507435351,27.0,0.8093974707990195,120.0,0.9416229796599327,489.0
2008-05-08 00:00:00-04:00,46.91154653137681,47.19215006167882,45.5021599309632,45.80827331542969,1385300,WHR,46.19089889526367,1,0.990553852370953,0.0,0.9757126736131706,2.0,0.8541077309634709,26.0,0.795603611597093,119.0,0.9238542384859325,488.0
2008-05-09 00:00:00-04:00,45.76361990104347,46.58629422953803,45.355472075891946,46.19089889526367,815200,WHR,47.68318557739258,1,1.004159011115423,1.0,0.9924092577864634,2.0,0.8644641940426832,26.0,0.8035781544087149,120.0,0.9314044650344094,489.0
2008-05-12 00:00:00-04:00,46.07610422149306,47.753336436728034,46.07610422149306,47.68318557739258,1070900,WHR,47.76610565185547,1,1.015896684271404,2.0,1.0214200707843808,3.0,0.8949521887120129,27.0,0.8308239969565098,121.0,0.9613002415168282,489.0
2008-05-13 00:00:00-04:00,47.79798931778421,48.3719488250762,47.41535126809181,47.76610565185547,978600,WHR,48.90764236450195,1,1.000868734313215,2.0,1.0200747743213732,3.0,0.8988690372060925,28.0,0.8335673039663671,121.0,0.9627794473232132,489.0
2008-05-14 00:00:00-04:00,47.96379737069753,49.4242034500501,47.75334475602738,48.90764236450195,886400,WHR,48.3974609375,0,1.0118081354666557,2.0,1.0346177053062302,4.0,0.9224492163388829,29.0,0.8548119774927121,121.0,0.9855798175038635,489.0
2008-05-15 00:00:00-04:00,49.66017191251661,51.14608315597921,47.7214668559546,48.3974609375,2623400,WHR,47.74698257446289,0,0.9947568893132098,1.0,1.0127309946865386,4.0,0.9151203379150262,28.0,0.8472649244384174,120.0,0.9751352006763202,488.0
2008-05-16 00:00:00-04:00,48.29543232269478,48.81837221455453,47.13476061805447,47.74698257446289,1520300,WHR,47.46636962890625,0,0.9932343634298931,0.0,0.9926550764296789,3.0,0.9053809666393461,27.0,0.8372585933437016,120.0,0.9618767503948182,488.0
2008-05-19 00:00:00-04:00,48.01481926863027,48.65255095523897,47.23678583248658,47.46636962890625,966700,WHR,46.69472503662109,0,0.9970527983831798,0.0,0.9877115991203311,2.0,0.9026596951184922,27.0,0.8337191373539801,120.0,0.9560750522960711,488.0
2008-05-20 00:00:00-04:00,47.27505846770032,47.27505846770032,46.10163424434892,46.69472503662109,1258800,WHR,46.28415298461914,0,0.991805059244201,0.0,0.9760065254519735,1.0,0.8908087435234069,26.0,0.8215517111037395,120.0,0.9403884102531307,488.0
2008-05-21 00:00:00-04:00,46.99621725317088,47.02187780001271,46.13019459781707,46.28415298461914,1476800,WHR,46.438106536865234,1,0.995584243854737,0.0,0.9781523606813791,0.0,0.8863827390444337,25.0,0.8156814229848149,120.0,0.9319878069615563,487.0
2008-05-22 00:00:00-04:00,46.48301126560129,46.96413545673686,46.03396397824077,46.438106536865234,701500,WHR,46.04038238525391,0,1.001660373172964,1.0,0.9896014977823232,1.0,0.8931639736524402,25.0,0.8197495219985279,120.0,0.93495292863029,487.0
2008-05-23 00:00:00-04:00,46.54716719696943,46.54716719696943,45.507941919748205,46.04038238525391,816100,WHR,46.76526641845703,1,0.9956992793000082,1.0,0.9883145243758719,1.0,0.8888187901020583,25.0,0.814086702669037,120.0,0.9268157195052339,487.0
2008-05-27 00:00:00-04:00,46.348291193575314,46.88073640543585,45.81584598171478,46.76526641845703,658700,WHR,46.258487701416016,0,1.0078107749102245,1.0,1.0069058674740377,2.0,0.9048625138866816,26.0,0.8282809849063714,120.0,0.9412580989604742,488.0
2008-05-28 00:00:00-04:00,46.95130771246145,47.42601554480812,45.98905932853669,46.258487701416016,1068600,WHR,47.689056396484375,1,0.9945521579747473,1.0,0.9978689106522259,2.0,0.8978846809158285,25.0,0.8206946183215187,120.0,0.9309337062944487,487.0
2008-05-29 00:00:00-04:00,46.406057775399496,48.0226387787472,46.05323609115195,47.689056396484375,1099800,WHR,47.2656478881836,0,1.015227313377959,1.0,1.022530782909126,3.0,0.928158963797613,25.0,0.8474162792140305,121.0,0.9595641876496483,488.0
2008-05-30 00:00:00-04:00,47.72111160409864,47.842997983797424,46.98338675382814,47.2656478881836,749000,WHR,45.796607971191406,0,0.9955409422683112,1.0,1.0098684304363232,2.0,0.9218681678441143,25.0,0.8412765958775866,120.0,0.9508918325714315,488.0
2008-06-02 00:00:00-04:00,46.989796366018574,47.11168272821279,45.61698905485156,45.796607971191406,1273600,WHR,45.38604736328125,0,0.9842144389964925,0.0,0.9795015499554026,2.0,0.895177251650997,25.0,0.8165479348400381,120.0,0.9212222633710963,487.0
2008-06-03 00:00:00-04:00,45.90565990827741,45.96981371394211,44.78945318803639,45.38604736328125,755700,WHR,45.2641716003418,0,0.9954973826282624,0.0,0.9764814622672178,1.0,0.8894753870427208,24.0,0.8106641051423054,119.0,0.912843042234249,487.0
2008-06-04 00:00:00-04:00,45.34756960952711,45.82869389913703,44.90493369692618,45.2641716003418,574500,WHR,45.552833557128906,1,0.9986555381296061,0.0,0.978043908391624,1.0,0.8891767267680256,24.0,0.8097815279719236,119.0,0.9102910924705798,486.0
2008-06-05 00:00:00-04:00,45.572077739062685,45.96339241920849,44.87284146523335,45.552833557128906,836500,WHR,44.09664535522461,0,1.0031785011660161,1.0,0.9934523866472048,1.0,0.8973993699172408,24.0,0.816352860558395,119.0,0.9159831569032432,487.0
2008-06-06 00:00:00-04:00,45.09097088616713,45.12304290359295,44.0709848047342,44.09664535522461,1415000,WHR,43.8913459777832,0,0.9837568693140096,1.0,0.9751739461199374,1.0,0.8716239329519545,23.0,0.7917379445612622,118.0,0.8866181891506476,487.0
2008-06-09 00:00:00-04:00,44.33398170844335,44.879254700355965,43.69248291931147,43.8913459777832,1587400,WHR,44.34040451049805,1,0.9976667341266559,0.0,0.9788826802201253,1.0,0.870520672511056,23.0,0.7895293498214979,118.0,0.8824116556263865,486.0
2008-06-10 00:00:00-04:00,43.41022819453045,44.60341650725574,43.346079285144285,44.34040451049805,1121500,WHR,41.9027099609375,0,1.0050895344389035,1.0,0.9935316684009096,2.0,0.8819186691961071,24.0,0.7991091476326646,118.0,0.891356058022865,486.0
2008-06-11 00:00:00-04:00,43.98116512618376,44.04531893465769,41.76799577278943,41.9027099609375,1674000,WHR,42.4287338256836,1,0.971734618299668,1.0,0.9532705183703679,2.0,0.8361228425485921,24.0,0.756736063304824,117.0,0.8423190223997459,485.0
2008-06-12 00:00:00-04:00,42.01817495053121,42.98042323184109,42.01817495053121,42.4287338256836,1022800,WHR,43.95551300048828,1,1.006237576888605,1.0,0.9791554793476318,2.0,0.8500334773797934,24.0,0.7678799990068133,117.0,0.8528669135956339,485.0
2008-06-13 00:00:00-04:00,42.595538139136096,44.026078287926296,42.18497913636004,43.95551300048828,1504900,WHR,43.8913459777832,0,1.0176742777867471,2.0,1.015051160096323,3.0,0.8837313361965455,25.0,0.797205524064217,117.0,0.8835151907737989,485.0
2008-06-16 00:00:00-04:00,43.62191766096718,44.34039806672392,43.15362139143208,43.8913459777832,1520700,WHR,42.358177185058594,0,0.9992695581441228,1.0,1.0135693707509001,3.0,0.8862147951052303,24.0,0.7977508450317414,116.0,0.8821746529085756,485.0
2008-06-17 00:00:00-04:00,43.878531541028586,43.878531541028586,42.20421879908975,42.358177185058594,1512500,WHR,41.69743728637695,0,0.9822240316641526,0.0,0.9872022043742924,2.0,0.8593081596276015,24.0,0.7715478088015465,116.0,0.8513259943056577,485.0
2008-06-18 00:00:00-04:00,42.08233572863213,42.26837103614279,41.42800886622326,41.69743728637695,1627400,WHR,42.91629409790039,1,0.9921392532451693,0.0,0.972733691384489,2.0,0.8499884670857663,24.0,0.7611995406361168,115.0,0.8380175801464745,485.0
2008-06-19 00:00:00-04:00,41.69744473450335,42.9611988426137,41.4280162662235,42.91629409790039,1219300,WHR,42.33893585205078,0,1.014404952855559,1.0,0.9988953616073006,2.0,0.878442087585445,25.0,0.785059551707065,116.0,0.8624684002252107,485.0
2008-06-20 00:00:00-04:00,42.85213703219955,43.10873272802476,42.05026324712284,42.33893585205078,1471100,WHR,41.72309875488281,0,0.9932278847152421,1.0,0.9929291948825968,1.0,0.8702404940213841,25.0,0.7761198308838325,116.0,0.8508207931702516,485.0
2008-06-23 00:00:00-04:00,42.67251460709223,42.67251460709223,41.60121236935281,41.72309875488281,1206600,WHR,41.86421585083008,1,0.9926740162780074,0.0,0.9885399980427062,1.0,0.8613414181691744,25.0,0.7664056769955759,116.0,0.8384166238769388,484.0
2008-06-24 00:00:00-04:00,41.64610369927282,42.9483455670558,41.53705007061807,41.86421585083008,1806900,WHR,42.06950759887695,1,1.0016882597151604,1.0,0.9942105885199273,2.0,0.8682812712218652,25.0,0.7706353297526921,116.0,0.8412235114372577,484.0
2008-06-25 00:00:00-04:00,41.954037577605824,42.852137199242485,41.80649064710691,42.06950759887695,1044300,WHR,42.49931716918945,1,1.0024458791962194,2.0,0.9973234618202726,3.0,0.8774352610511501,25.0,0.7760515243421503,117.0,0.8452965476537632,485.0
2008-06-26 00:00:00-04:00,41.697443260336826,43.09591155314581,41.6332943264786,42.49931716918945,2132600,WHR,40.90838623046875,0,1.0050823642339983,2.0,1.0095085864501574,3.0,0.8912757529703329,25.0,0.7855668580877154,118.0,0.8538535841891594,486.0
2008-06-27 00:00:00-04:00,42.49930325096312,42.49930325096312,40.50424122756672,40.90838623046875,2120000,WHR,39.5997200012207,0,0.9809258512838129,1.0,0.9783674708139372,3.0,0.8631860065150833,24.0,0.7578178175972313,117.0,0.8218456116331956,485.0
2008-06-30 00:00:00-04:00,40.69668234448346,40.908378119739616,39.5997200012207,39.5997200012207,1240300,WHR,39.17634963989258,0,0.9837449135186224,0.0,0.9567870045151579,3.0,0.8410645349552933,24.0,0.7352641380065444,116.0,0.7955199010031219,485.0
2008-07-01 00:00:00-04:00,38.82352562613081,39.76011372000748,38.49635971642228,39.17634963989258,1724100,WHR,39.0416374206543,0,0.9946256475696629,0.0,0.959013963379345,2.0,0.8374547171839098,24.0,0.72909571412323,116.0,0.7869871393793199,485.0
2008-07-02 00:00:00-04:00,39.28540777510764,39.91407662848735,38.881262638247485,39.0416374206543,1400700,WHR,40.21555709838867,1,0.9982777334945477,0.0,0.9700970998426275,1.0,0.8399703952471206,24.0,0.7283529625469353,115.0,0.7842453721177096,485.0
2008-07-03 00:00:00-04:00,39.413683634132944,40.56196702225681,38.48992628427485,40.21555709838867,1094800,WHR,40.07444381713867,0,1.0148115219679184,1.0,1.01073749562811,1.0,0.8699996895412693,25.0,0.7519616062984048,116.0,0.8077679690667698,486.0
2008-07-07 00:00:00-04:00,40.61971699514736,40.946882859652185,39.61897766159519,40.07444381713867,1597600,WHR,41.43441009521485,1,0.9982424551047339,1.0,1.0114307067176709,1.0,0.8714295152401836,25.0,0.7508740430387997,116.0,0.8048756647006599,486.0
2008-07-08 00:00:00-04:00,40.11934033457941,41.56271280709871,39.32388065076754,41.43441009521485,1090600,WHR,40.50423812866211,0,1.016684890202708,1.0,1.0361586760713326,2.0,0.9047157141595367,26.0,0.777931333481824,116.0,0.8321067429408064,487.0
2008-07-09 00:00:00-04:00,41.33177225558321,41.66534951343032,40.50423812866211,40.50423812866211,1514100,WHR,39.9012336730957,0,0.9886479459117843,1.0,1.0062150459694341,2.0,0.8880383746039935,26.0,0.7621443410007164,115.0,0.8133784957623021,486.0
2008-07-10 00:00:00-04:00,40.58763732791304,40.58763732791304,39.21483001827838,39.9012336730957,1565500,WHR,39.77294158935547,0,0.9925004549808111,0.0,0.9870196607720033,2.0,0.8784210180531342,26.0,0.7524993663667351,114.0,0.8012197249008292,486.0
2008-07-11 00:00:00-04:00,39.39445704731371,39.77294158935547,37.88051887914668,39.77294158935547,2163900,WHR,39.022369384765625,0,0.9983897908786927,0.0,0.9860052674894815,1.0,0.8794042799815981,25.0,0.7518126175660885,113.0,0.7986062676966613,485.0
2008-07-14 00:00:00-04:00,40.05518029676921,40.57479515521547,38.951804132086366,39.022369384765625,1194200,WHR,39.22124099731445,1,0.9904744051985992,0.0,0.9724707023317971,1.0,0.8669345176624309,24.0,0.739483253190204,112.0,0.7835040374241126,485.0
2008-07-15 00:00:00-04:00,38.5220071226246,40.07443567941151,37.34806544875023,39.22124099731445,1546100,WHR,41.88347244262695,1,1.0025416978022574,1.0,0.9883288218586653,1.0,0.8755930790206964,24.0,0.7450991226598208,113.0,0.7874515810131072,486.0
2008-07-16 00:00:00-04:00,39.20842020310313,42.31327562002219,38.69522146624143,41.88347244262695,1436800,WHR,43.397403717041016,1,1.0328246205725626,2.0,1.048128346227839,2.0,0.9388787977317538,24.0,0.7975787005515332,113.0,0.8408100569182271,486.0
2008-07-17 00:00:00-04:00,40.869896359477615,43.76947427212112,40.574807438146365,43.397403717041016,2742500,WHR,43.942684173583984,1,1.0177522950348163,2.0,1.067337745390824,3.0,0.9757894317681222,25.0,0.828047549895275,114.0,0.8710798133533139,487.0
2008-07-18 00:00:00-04:00,43.16005456288699,44.45588536250803,43.08307781052287,43.942684173583984,1621100,WHR,43.69890594482422,0,1.006243186487582,2.0,1.059027411953244,4.0,0.991201908673431,25.0,0.8401555979430525,114.0,0.8818974674805976,487.0
2008-07-21 00:00:00-04:00,43.85286430731636,44.84077318061641,43.4358890519124,43.69890594482422,1183800,WHR,43.71814727783203,1,0.9972184641055644,1.0,1.0299364168294007,4.0,0.986973202374237,25.0,0.8370817935404464,114.0,0.876881607486304,487.0
2008-07-22 00:00:00-04:00,43.10230897376945,44.39171812872184,42.0502512592149,43.71814727783203,2437700,WHR,49.196556091308594,1,1.000220109604459,1.0,1.009001649327164,4.0,0.9892714316236587,25.0,0.839075334557675,114.0,0.8771483908621978,487.0
2008-07-23 00:00:00-04:00,47.28488706490997,49.85729922739564,46.07887079962235,49.196556091308594,6195900,WHR,46.93848037719727,0,1.058961699438585,2.0,1.0983644544694824,4.0,1.1127377445840188,26.0,0.9454262513799218,115.0,0.986811411210974,488.0
2008-07-24 00:00:00-04:00,49.3120295996797,49.3120295996797,46.54075413187375,46.93848037719727,2546000,WHR,46.89999008178711,0,0.9765114177196877,1.0,1.0316386521719374,3.0,1.061880544687863,26.0,0.9032505408490241,115.0,0.9413221213477737,487.0
2008-07-25 00:00:00-04:00,47.39394213514971,47.98412490709754,46.51509167868981,46.89999008178711,1047200,WHR,46.57281494140625,0,0.9995898239259241,0.0,1.0175649125838848,2.0,1.0608154457539531,26.0,0.9037315535203498,115.0,0.9403273689947691,487.0
2008-07-28 00:00:00-04:00,46.86149235679946,48.08033624096718,46.57281494140624,46.57281494140625,1052900,WHR,49.06184387207031,1,0.9964997825806161,0.0,0.998020305989333,2.0,1.0539095448541747,25.0,0.8986453372512979,115.0,0.933541562964637,487.0
2008-07-29 00:00:00-04:00,47.21432368758621,49.23504644224131,46.566408350985945,49.06184387207031,2291200,WHR,48.94637680053711,0,1.0260264318558254,1.0,1.0278189246634417,2.0,1.109878967118328,25.0,0.9476958901850717,116.0,0.9831614465017045,487.0
2008-07-30 00:00:00-04:00,49.31203104330473,49.89579260192538,48.65128294670794,48.94637680053711,1850600,WHR,48.56146240234375,0,0.9988218634034902,1.0,1.026475929061588,1.0,1.1064499201441202,25.0,0.9465198025525574,115.0,0.9805842663155705,486.0
2008-07-31 00:00:00-04:00,47.932796251803694,49.267115073304176,47.932796251803694,48.56146240234375,1798100,WHR,48.92070770263672,1,0.9960524774075602,0.0,1.0115180605545289,1.0,1.0971247922840126,24.0,0.9400123282078509,115.0,0.9726068740176826,486.0
2008-08-01 00:00:00-04:00,48.41392298206605,49.28636188149807,47.43884190893698,48.92070770263672,1084000,WHR,47.88787460327149,0,1.0036852411051795,1.0,1.0104945019902714,2.0,1.1043101237785404,25.0,0.9479396085144886,115.0,0.9795217272163185,487.0
2008-08-04 00:00:00-04:00,48.75389679110637,48.75389679110637,47.15015018613576,47.88787460327149,1308800,WHR,51.416141510009766,1,0.989331182476141,1.0,0.9838157595611999,2.0,1.0801503905047294,25.0,0.9289500636868139,115.0,0.9585934168705478,486.0
2008-08-05 00:00:00-04:00,48.70259881447169,51.44821352076641,48.33694461095578,51.416141510009766,2216700,WHR,50.57578659057617,0,1.0355299518069179,1.0,1.0461808740031815,2.0,1.1574597220806755,25.0,0.998266720988407,115.0,1.0289016007739533,486.0
2008-08-06 00:00:00-04:00,51.082571465842186,51.30710006577944,49.53014482166005,50.57578659057617,1359800,WHR,48.56146240234375,0,0.9917605742426516,1.0,1.0223031862229952,2.0,1.1373076838130898,24.0,0.9827320717536607,115.0,1.0117956109568633,485.0
2008-08-07 00:00:00-04:00,50.01125121597885,50.22936337634333,48.221468785016256,48.56146240234375,1227300,WHR,50.67842864990234,1,0.9796814597066711,0.0,0.9815870614816005,2.0,1.0916857590889637,23.0,0.9443772266416569,115.0,0.9712724885390377,484.0
2008-08-08 00:00:00-04:00,48.5743123953661,50.94144562884423,48.5743123953661,50.67842864990234,1109400,WHR,53.13536834716797,1,1.0213318074527518,1.0,1.017150187642696,2.0,1.138520836708135,23.0,0.9861883672764534,116.0,1.0133251138156227,485.0
2008-08-11 00:00:00-04:00,50.54371155586076,55.33571032009405,50.53087883387318,53.13536834716797,2808200,WHR,51.69839859008789,0,1.0236667935123784,2.0,1.0444619227306582,3.0,1.191603535922863,24.0,1.0343562308447523,117.0,1.0620972892399831,486.0
2008-08-12 00:00:00-04:00,53.250829785497615,54.51458351373777,51.6599102188314,51.69839859008789,2024600,WHR,52.46819686889648,1,0.9862928730020727,1.0,1.015089561167894,2.0,1.1576685741094725,24.0,1.0067270365357386,117.0,1.0330570039260485,486.0
2008-08-13 00:00:00-04:00,51.48670431158218,53.09045159980772,50.89011012459235,52.46819686889648,1392400,WHR,53.334228515625,1,1.007390068528367,1.0,1.022605003340624,3.0,1.1727173013735808,25.0,1.0221825699436085,117.0,1.0480949742516557,487.0
2008-08-14 00:00:00-04:00,51.77538569002089,54.071953372791405,51.538029288980646,53.334228515625,1180400,WHR,53.90514755249024,1,1.0081853666736,2.0,1.0204983616551093,4.0,1.1891328706775721,26.0,1.039499931831397,117.0,1.0650305096440018,487.0
2008-08-15 00:00:00-04:00,53.34063032673289,54.66853274972568,52.40404259356266,53.90514755249024,1245700,WHR,52.384803771972656,0,1.005323781784245,2.0,1.018841659645909,4.0,1.1984680105153065,27.0,1.0510820385371755,117.0,1.0760556976175133,487.0
2008-08-18 00:00:00-04:00,54.20024198261991,54.476086711965344,52.08970996399989,52.384803771972656,831800,WHR,51.159515380859375,0,0.9856962604500914,1.0,0.9929233445062946,3.0,1.1621056067901645,26.0,1.0220343636101834,116.0,1.0453738829390966,486.0
2008-08-19 00:00:00-04:00,52.14100749474194,52.55156622350006,51.044045432505776,51.159515380859375,1423500,WHR,51.50596237182617,1,0.9881665319629487,0.0,0.9716837165865351,3.0,1.1327797526435017,26.0,0.9988778109989622,115.0,1.02061726609672,486.0
2008-08-20 00:00:00-04:00,51.634260231748726,51.96142613707576,51.146724448643305,51.50596237182617,1418000,WHR,51.48029327392578,0,1.0033745227563384,1.0,0.9818527128468304,3.0,1.1384591052618829,26.0,1.0063824015502403,115.0,1.0272146356709908,487.0
2008-08-21 00:00:00-04:00,50.79388955937673,51.929340603350845,50.6784195469176,51.48029327392578,1149600,WHR,52.22444152832031,1,0.9997507521975681,1.0,0.98834930955687,2.0,1.1357070103331055,26.0,1.0066788021488873,114.0,1.026388581590477,487.0
2008-08-22 00:00:00-04:00,52.11538296701961,52.808203135785256,51.666335576661965,52.22444152832031,1149700,WHR,51.05048751831055,0,1.0071756439646997,1.0,1.009148388109727,2.0,1.1502056020870515,26.0,1.0219886311796047,114.0,1.0408994846247088,487.0
2008-08-25 00:00:00-04:00,51.563683740783176,52.41687851727653,50.94143387163808,51.05048751831055,1289700,WHR,50.83879089355469,0,0.9886327299292581,1.0,0.9915769692139267,2.0,1.1227902138207833,26.0,0.9996158790725916,114.0,1.0172051646429856,487.0
2008-08-26 00:00:00-04:00,50.99916562823468,51.39689673217049,50.248613044552,50.83879089355469,759200,WHR,51.82563018798828,1,0.9979222875256794,0.0,0.9886969218431813,2.0,1.1160714127446947,26.0,0.9962047414480458,113.0,1.0127017663825737,486.0
2008-08-27 00:00:00-04:00,51.17418030378925,52.05783004926816,50.60013201366624,51.82563018798828,1170700,WHR,52.56095504760742,1,1.0096122812950923,1.0,1.0066370519174912,2.0,1.1350612635642288,27.0,1.0161983965191805,114.0,1.0320399387082688,487.0
2008-08-28 00:00:00-04:00,52.04495891881352,52.68995777051893,51.26451089876407,52.56095504760742,974700,WHR,52.47708511352539,0,1.0070442467100496,2.0,1.0166517020524553,3.0,1.1481080112339643,28.0,1.0312878756025774,114.0,1.0463372619508173,488.0
2008-08-29 00:00:00-04:00,52.16103718567904,53.14788423044832,51.935283744840135,52.47708511352539,903700,WHR,54.41209411621094,1,0.9992015279992528,1.0,1.0140383977227483,2.0,1.1433937250380206,27.0,1.030337954819972,113.0,1.044329134719845,487.0
2008-09-02 00:00:00-04:00,53.35429657597326,55.579540261253165,53.34784521070538,54.41209411621094,1739800,WHR,54.231475830078125,0,1.0181029456548323,1.0,1.0379449176660565,3.0,1.1811300846462247,28.0,1.0688012490253758,114.0,1.0824470879904564,487.0
2008-09-03 00:00:00-04:00,54.19922393624156,55.43117345076675,53.21882836755581,54.231475830078125,1252800,WHR,51.754695892333984,0,0.9983375151771788,1.0,1.0212805453014915,3.0,1.1728219619608768,28.0,1.0657904468500752,113.0,1.0784616435439867,487.0
2008-09-04 00:00:00-04:00,53.56714564098833,53.72194395585482,51.754695892333984,51.754695892333984,1732400,WHR,52.89634704589844,1,0.9766311029307572,0.0,0.9748985862616244,2.0,1.1162754499350995,27.0,1.0176597647400563,113.0,1.0288851152812786,486.0
2008-09-05 00:00:00-04:00,51.40639663840208,52.96729729963397,50.47115045145158,52.89634704589844,1680400,WHR,57.7144660949707,1,1.010909123516698,1.0,0.995146350125798,2.0,1.1364082157818183,28.0,1.0404524727363278,114.0,1.0512313831530675,486.0
2008-09-08 00:00:00-04:00,53.986370750891965,58.00471344228656,53.986370750891965,57.7144660949707,3580600,WHR,54.17343521118164,0,1.043559204676817,2.0,1.0648068749633675,3.0,1.2331697244320865,28.0,1.1351651951046164,115.0,1.146502313472187,486.0
2008-09-09 00:00:00-04:00,57.3726279232237,58.1530806198067,53.792888369909015,54.17343521118164,2764500,WHR,56.050392150878906,1,0.9683519769121423,1.0,1.0003573358619406,2.0,1.1533128635391952,27.0,1.0657519329696052,115.0,1.075780038822745,486.0
2008-09-10 00:00:00-04:00,54.55399525327826,56.77278759878617,54.27664559497103,56.050392150878906,1797300,WHR,56.759864807128906,1,1.0170285952195426,1.0,1.0281105066708105,3.0,1.1881459034721518,28.0,1.1028294095728917,115.0,1.1126456982125406,486.0
2008-09-11 00:00:00-04:00,55.32151606782215,56.99851601024552,54.43787132193591,56.759864807128906,1880900,WHR,56.47606658935547,0,1.0062890793388946,2.0,1.022352094897035,4.0,1.1970942723914193,29.0,1.116860004994631,116.0,1.1262941032334757,487.0
2008-09-12 00:00:00-04:00,56.430916891589874,56.798565836523466,55.411823010459486,56.47606658935547,1271700,WHR,55.55373764038086,0,0.997493744129858,1.0,1.0042895400312388,3.0,1.184953214181404,29.0,1.1113758613336295,115.0,1.1202200974484346,487.0
2008-09-15 00:00:00-04:00,54.99259190683994,57.31458630036882,54.805541688676406,55.55373764038086,1669500,WHR,56.83725738525391,1,0.9917671109459121,0.0,0.9955385376940988,2.0,1.1604729841653512,28.0,1.0935502654003186,114.0,1.1015059254025763,487.0
2008-09-16 00:00:00-04:00,54.45076049520572,58.61100287932688,53.11561408377776,56.83725738525391,3065300,WHR,54.22502517700195,0,1.0114201297406462,1.0,1.0089072431034993,3.0,1.1813217961526141,29.0,1.1190984114185,114.0,1.1264843809047136,488.0
2008-09-17 00:00:00-04:00,55.908471701589214,57.985367715582576,54.08957607882171,54.22502517700195,2850400,WHR,55.46988677978516,1,0.976479573911263,1.0,0.9688162770913521,2.0,1.1221686098880943,29.0,1.068041784404022,114.0,1.0743179475968685,488.0
2008-09-18 00:00:00-04:00,55.502138682339215,56.27613513414249,51.10324785780353,55.46988677978516,4483000,WHR,58.36592864990234,1,1.0113483987595853,1.0,0.9956471457417388,2.0,1.1425688154956453,29.0,1.0927969027047721,115.0,1.0985470728161222,489.0
2008-09-19 00:00:00-04:00,57.33393175538264,59.25602996969694,55.99233333203236,58.36592864990234,2869400,WHR,54.26373672485352,0,1.0254405158796966,2.0,1.0405695601582865,3.0,1.1955330072461265,29.0,1.1497846556044315,116.0,1.155379454835415,489.0
2008-09-22 00:00:00-04:00,57.64353332298415,57.66288249587107,54.06378871042285,54.26373672485352,1523800,WHR,53.67677688598633,0,0.9635780510276802,1.0,0.9719046441269955,3.0,1.1070599085806518,28.0,1.0690193334536562,116.0,1.0737862521137709,488.0
2008-09-23 00:00:00-04:00,54.308872671191,55.36022339378662,52.8898779150209,53.67677688598633,1667300,WHR,53.39945602416992,0,0.9945621915327977,0.0,0.97240060720284,2.0,1.0903512349032876,28.0,1.0575437139763892,116.0,1.0617847253685717,488.0
2008-09-24 00:00:00-04:00,53.41235383610672,54.53465539168747,52.74155443352593,53.39945602416992,1241600,WHR,53.50264358520508,1,0.9974100614648155,0.0,0.9702789802455737,2.0,1.0796737422215217,28.0,1.0522724206487544,115.0,1.0559176465866227,488.0
2008-09-25 00:00:00-04:00,53.812245146031465,54.4185455371353,52.6899487148168,53.50264358520508,1633500,WHR,54.41209411621094,1,1.0009652528941173,1.0,0.9791539316263422,2.0,1.076562773828512,29.0,1.0545337229313194,115.0,1.057585336956796,488.0
2008-09-26 00:00:00-04:00,52.76089891602526,54.799092376135725,52.360997925564725,54.41209411621094,1190800,WHR,53.25754165649414,0,1.0084274914657363,2.0,1.0104204798214473,2.0,1.0892477445106512,30.0,1.0727698286958165,115.0,1.0751483327384315,489.0
2008-09-29 00:00:00-04:00,53.373641617575785,54.14119163366832,50.3098978389234,53.25754165649414,2347200,WHR,51.14194488525391,0,0.9892768982505513,1.0,0.9926903453479875,2.0,1.0615163269833225,29.0,1.0504098310496603,114.0,1.0519403403807281,489.0
2008-09-30 00:00:00-04:00,54.179888015615575,54.179888015615575,50.00029448919325,51.14194488525391,2093700,WHR,53.17367935180664,1,0.9797355634465288,0.0,0.9623506180374324,2.0,1.0156147804600475,29.0,1.009303908062955,113.0,1.009823514618618,488.0
2008-10-01 00:00:00-04:00,50.38728595333785,53.56712884111609,50.38728595333785,53.17367935180664,1642000,WHR,49.26496887207031,0,1.0194767991987044,1.0,1.001433184559109,3.0,1.0518754627040239,29.0,1.0498034408819328,114.0,1.0495600644776657,488.0
2008-10-02 00:00:00-04:00,52.32226438753618,53.36715849451491,48.58772360290754,49.26496887207031,2764500,WHR,45.878753662109375,0,0.9618434004400962,1.0,0.9428693915968389,2.0,0.9717470223700723,29.0,0.9734225047311268,113.0,0.9721280608333548,488.0
2008-10-03 00:00:00-04:00,49.81324948900341,51.02584521802771,45.865855853916806,45.878753662109375,2853500,WHR,45.21439743041992,0,0.9644094731657733,0.0,0.9077104808377029,1.0,0.9031793974851914,29.0,0.9074440804075392,113.0,0.9051011348816231,488.0
2008-10-06 00:00:00-04:00,44.38234870930916,45.95614674808751,42.6666551229404,45.21439743041992,3447600,WHR,43.29231262207031,0,0.9927068476200299,0.0,0.923973219479451,1.0,0.8885144124339163,29.0,0.8952794542849015,112.0,0.8918016920190177,487.0
2008-10-07 00:00:00-04:00,45.14990702528305,46.56890213484078,42.995613823560944,43.29231262207031,3598000,WHR,43.40196228027344,1,0.9782831741547089,0.0,0.9140182616480584,1.0,0.849555164281209,29.0,0.8582376052020128,112.0,0.853742468663843,486.0
2008-10-08 00:00:00-04:00,42.32481565298063,44.66615911748916,41.14446687361333,43.40196228027344,3082900,WHR,41.602420806884766,0,1.0012647854581707,1.0,0.9557697531820296,1.0,0.8505439017305905,29.0,0.861337655919143,113.0,0.8557645912315012,486.0
2008-10-09 00:00:00-04:00,44.02116620263388,45.414365912641415,41.27992142078488,41.602420806884766,3914700,WHR,43.15041732788086,1,0.9788300154882186,1.0,0.9481391553292118,1.0,0.8153533138755215,28.0,0.826592510785845,113.0,0.820156196774994,486.0
2008-10-10 00:00:00-04:00,38.94502518567521,45.64655933916175,38.66122416117716,43.15041732788086,2803200,WHR,46.03355407714844,1,1.0182648340169402,1.0,0.9958025593647779,2.0,0.8457602646875223,28.0,0.8582352536984108,114.0,0.8505108546526745,487.0
2008-10-13 00:00:00-04:00,44.65325740015042,46.03355407714844,42.6795582425676,46.03355407714844,1522600,WHR,43.55030059814453,0,1.0323279699686596,2.0,1.0583366946581,3.0,0.9016546977090901,28.0,0.9163382045309821,114.0,0.9071047648511334,488.0
2008-10-14 00:00:00-04:00,47.66539455961093,47.67184592307535,41.402459133651945,43.55030059814453,2196700,WHR,40.13825225830078,0,0.972280122484071,1.0,1.0000590060611207,3.0,0.853056839437729,28.0,0.8678254821551022,113.0,0.8579858279517566,488.0
2008-10-15 00:00:00-04:00,43.2084437219712,43.2084437219712,39.60935373918308,40.13825225830078,1660300,WHR,40.4091682434082,1,0.9592292108850706,0.0,0.9357328951758808,2.0,0.7871420806932917,27.0,0.8008344202921935,113.0,0.7906627803272451,487.0
2008-10-16 00:00:00-04:00,39.989918117662185,40.77036592912199,37.34542451665183,40.4091682434082,2401900,WHR,39.84800338745117,0,1.0033634346502962,1.0,0.947319194836263,3.0,0.7947375370044947,27.0,0.8071394061097914,114.0,0.7959134763199911,487.0
2008-10-17 00:00:00-04:00,39.57065385757401,41.90555001423633,38.35805854512957,39.84800338745117,2036700,WHR,39.95122146606445,1,0.9930079163699153,1.0,0.9488556123222376,2.0,0.7855266610339299,27.0,0.7969300024167606,113.0,0.7847798544530675,487.0
2008-10-20 00:00:00-04:00,40.07377280258387,40.43497052586227,38.861174470424366,39.95122146606445,1548900,WHR,37.99686813354492,0,1.0012934721960365,1.0,0.9796915122799639,2.0,0.7893635446504693,28.0,0.799820306177495,114.0,0.7867322646275955,487.0
2008-10-21 00:00:00-04:00,39.441666106997324,40.69941143198612,37.5260194420537,37.99686813354492,2282400,WHR,34.72028732299805,0,0.9749275018469558,1.0,0.9578550733824818,2.0,0.7528752579211848,28.0,0.7616386369489649,113.0,0.7481917910242087,487.0
2008-10-22 00:00:00-04:00,37.313180388891126,37.64213116174897,33.333538889333035,34.72028732299805,3739800,WHR,32.98523712158203,0,0.9549407455506834,0.0,0.8998364286981869,2.0,0.6912263401479797,27.0,0.6969814970122779,113.0,0.6836729554197457,486.0
2008-10-23 00:00:00-04:00,34.69448486790413,35.0943834214322,31.83714008380384,32.98523712158203,3257700,WHR,31.7081241607666,0,0.9743735800638214,0.0,0.8890821971872416,1.0,0.6601805475283272,27.0,0.6632045187012128,113.0,0.6495385868058292,485.0
2008-10-24 00:00:00-04:00,31.09537513233688,33.80436915349144,30.224628196471485,31.7081241607666,3117000,WHR,32.269283294677734,1,0.9802589796618918,0.0,0.8938828769293313,1.0,0.6382077625240558,27.0,0.638619024237037,112.0,0.6244474994846282,484.0
2008-10-27 00:00:00-04:00,31.7726340139488,33.2754821250412,30.85028816170901,32.269283294677734,3368000,WHR,29.58608055114746,0,1.0087712077783386,1.0,0.9508875920496606,1.0,0.653150960598495,27.0,0.6509353873906222,113.0,0.6355573528413511,484.0
2008-10-28 00:00:00-04:00,30.96637694957477,30.96637694957477,24.645392132038317,29.58608055114746,8133700,WHR,28.283180236816406,0,0.9566213408716151,1.0,0.9172896919705937,1.0,0.6025614332439762,27.0,0.597793693901193,113.0,0.5827920788563917,484.0
2008-10-29 00:00:00-04:00,29.5925287258711,30.056925923424533,26.95448504264225,28.283180236816406,3540700,WHR,29.57318878173828,1,0.977485450883761,0.0,0.913351165257043,1.0,0.5805849628162664,26.0,0.5724310228896293,113.0,0.5572310268670172,483.0
2008-10-30 00:00:00-04:00,28.86369121102041,29.62478985766853,28.186443082521578,29.57318878173828,1765100,WHR,30.08918571472168,1,1.0222967422049622,1.0,0.9765294117543323,2.0,0.6114593682553093,27.0,0.5995289234749523,113.0,0.5827397172501126,484.0
2008-10-31 00:00:00-04:00,29.57318486564708,30.689034610367663,28.457337581400893,30.08918571472168,2398900,WHR,30.96639060974121,1,1.0086486154354117,2.0,1.004305781303779,3.0,0.6261137758948526,28.0,0.6109269582134303,114.0,0.5929954347475939,485.0
2008-11-03 00:00:00-05:00,30.12144377542676,31.12119140087273,29.9730943500164,30.96639060974121,1962400,WHR,31.83068084716797,1,1.0143673182340933,2.0,1.0426532751287565,3.0,0.6488026097034333,28.0,0.6296399905519254,115.0,0.6103670614786029,485.0
2008-11-04 00:00:00-05:00,31.37918378247864,32.66918101981836,30.940584524945173,31.83068084716797,1976600,WHR,30.16657829284668,0,1.0137632252169566,2.0,1.0557956183876138,4.0,0.6719097711671809,28.0,0.6480345869684095,116.0,0.6274802964475973,485.0
2008-11-05 00:00:00-05:00,31.579124035571315,31.837124403960903,29.91502928692746,30.16657829284668,1781500,WHR,28.012287139892575,0,0.9731584496249571,1.0,0.9882514611067262,4.0,0.6416430221071422,28.0,0.6149796737799205,116.0,0.5947657387470972,485.0
2008-11-06 00:00:00-05:00,30.00533275187449,30.108532421148105,27.70268813207174,28.012287139892575,2032800,WHR,28.650840759277344,1,0.9629712415852335,0.0,0.9271593156964153,3.0,0.6010319743225363,27.0,0.5719766386517695,115.0,0.5524175156810713,484.0
2008-11-07 00:00:00-05:00,28.10259285446996,28.715342104855992,27.412444449864296,28.650840759277344,1382600,WHR,27.10929679870605,0,1.0112692970377677,1.0,0.9574102045591649,3.0,0.6202072240609229,27.0,0.5860198165170724,115.0,0.5651273885589408,485.0
2008-11-10 00:00:00-05:00,29.063644693236512,29.3732437993906,26.444948870530094,27.10929679870605,1452800,WHR,26.677143096923828,0,0.9723540143894321,1.0,0.929867448599741,2.0,0.5925659407511813,26.0,0.5555536513865315,114.0,0.5348412084319257,485.0
2008-11-11 00:00:00-05:00,26.66424282937325,27.251191470314904,25.67094437224909,26.677143096923828,1827400,WHR,24.656641006469727,0,0.9919653782138993,0.0,0.9485803671612463,1.0,0.5886325736808035,26.0,0.5477837377635951,113.0,0.5264391085052639,484.0
2008-11-12 00:00:00-05:00,26.540269714121084,26.540269714121084,24.083078506559524,24.656641006469727,2071200,WHR,27.087770462036133,1,0.9606399152966295,0.0,0.9124910403909594,1.0,0.5494048379278528,26.0,0.507339752744988,113.0,0.4866992959123483,484.0
2008-11-13 00:00:00-05:00,24.441563011573056,27.087770462036133,24.18085201158653,27.087770462036133,3156400,WHR,25.47788619995117,0,1.0469834207515551,1.0,1.009369088784566,2.0,0.6090992432874508,26.0,0.5583395760345299,114.0,0.5348107682315123,484.0
2008-11-14 00:00:00-05:00,26.618492510410928,27.3419631965716,25.399673891976203,25.47788619995117,1813700,WHR,24.467618942260746,0,0.9693738390364455,1.0,0.972373548271461,1.0,0.5785369506666718,26.0,0.5261412284340493,114.0,0.503157058800648,484.0
2008-11-17 00:00:00-05:00,24.852166053537587,25.647329370338444,24.45458315197577,24.467618942260746,1378900,WHR,24.461109161376957,0,0.9797726090703488,0.0,0.9530333949373854,1.0,0.5614947608738957,25.0,0.5062376574381863,114.0,0.4833424603166767,483.0
2008-11-18 00:00:00-05:00,24.48066409744639,25.09984821174874,23.68549799013773,24.461109161376957,1402800,WHR,22.166866302490234,0,0.9998669538094266,0.0,0.9695168553590898,1.0,0.5671127751385843,25.0,0.507101484592814,113.0,0.4833474396539653,483.0
2008-11-19 00:00:00-05:00,24.44807876610844,24.767449604997672,22.15383299066349,22.166866302490234,2302700,WHR,20.152875900268555,0,0.9507968588371467,0.0,0.896273736155243,1.0,0.5196799584845878,25.0,0.4605808723937186,112.0,0.43815688798827035,482.0
2008-11-20 00:00:00-05:00,22.00391509988253,22.349357418033534,19.98993220807465,20.152875900268555,2784900,WHR,20.83724021911621,1,0.9524101448309298,0.0,0.8632530177180947,0.0,0.47838426458986766,24.0,0.4197039710404458,112.0,0.3984904720372602,482.0
2008-11-21 00:00:00-05:00,20.53742440336402,20.876346359613933,19.677081853443383,20.83724021911621,4448400,WHR,23.672460556030277,1,1.0166958375246957,1.0,0.929522600223571,1.0,0.5009164652914023,24.0,0.43498726361891765,112.0,0.412163156493926,483.0
2008-11-24 00:00:00-05:00,21.182681016944525,24.343787804943748,21.07839714831405,23.672460556030277,2651900,WHR,24.539329528808597,1,1.063698930514878,2.0,1.0635431355576235,2.0,0.5757179422217048,25.0,0.4952851886214224,112.0,0.4683742312445518,484.0
2008-11-25 00:00:00-05:00,24.09612233379881,24.81959297525079,23.157564750801956,24.539329528808597,2673600,WHR,25.51698303222656,1,1.0179804353095556,2.0,1.101715003967079,3.0,0.6041152639379819,25.0,0.5145340772759359,113.0,0.4856523446986905,485.0
2008-11-26 00:00:00-05:00,24.167809468219712,25.73858655167483,23.268359596774005,25.51698303222656,1935900,WHR,25.66689109802246,1,1.019531073173356,2.0,1.1121526368527164,4.0,0.6356726672785866,26.0,0.5361964516326131,113.0,0.5051268864452283,485.0
2008-11-28 00:00:00-05:00,25.738586720420383,26.40339479680033,25.484392472012257,25.66689109802246,668300,WHR,23.71808815002441,0,1.0029288143647435,2.0,1.0673821454620325,5.0,0.6464087462155652,27.0,0.5405101987352495,114.0,0.5082200997044788,485.0
2008-12-01 00:00:00-05:00,24.66967890477249,25.438773483630214,23.67246410605183,23.71808815002441,1768300,WHR,24.617536544799805,1,0.9605385488123875,1.0,0.9632590874041781,4.0,0.604735453868638,26.0,0.5006454392456209,113.0,0.4697661596362719,485.0
2008-12-02 00:00:00-05:00,23.92665430417844,24.68923217658324,22.88381553184785,24.617536544799805,1501500,WHR,24.539329528808597,0,1.0186083949561886,1.0,0.9921718942313997,4.0,0.6366222440984182,26.0,0.5208769028386371,113.0,0.48772201663600656,485.0
2008-12-03 00:00:00-05:00,23.93969524119124,24.67620168088754,23.287920246920883,24.539329528808597,2996100,WHR,25.82331657409668,1,0.9984090316930682,1.0,0.9890198809072,3.0,0.6428100977044243,26.0,0.5205361378362657,112.0,0.48632314701306184,484.0
2008-12-04 00:00:00-05:00,24.37637822592758,27.21159757783085,24.369859085663578,25.82331657409668,2701300,WHR,28.15666389465332,1,1.0254948288988734,1.0,1.0382054017564362,3.0,0.6854904642035129,26.0,0.5491058348370323,112.0,0.5119222915288067,484.0
2008-12-05 00:00:00-05:00,25.97973657882822,28.33915999142049,24.77395204802597,28.15666389465332,2071200,WHR,28.9453239440918,1,1.0432261608895441,2.0,1.1097977371921672,3.0,0.7570098732864075,26.0,0.6001531878081544,112.0,0.5583131516539318,485.0
2008-12-08 00:00:00-05:00,28.66506053107365,29.610134657321552,27.72650554633257,28.9453239440918,2235600,WHR,27.82425880432129,0,1.013811428976267,2.0,1.0957316887467863,4.0,0.7879337358696888,27.0,0.6182222112636059,113.0,0.5740712741178319,486.0
2008-12-09 00:00:00-05:00,28.997455158779417,29.844761703192425,27.57006708962968,27.82425880432129,1472500,WHR,28.15666389465332,1,0.9802523625241575,1.0,1.028327538187712,3.0,0.7670668855738602,27.0,0.5955743923282407,112.0,0.5519663509333211,485.0
2008-12-10 00:00:00-05:00,27.92854128737151,28.580315903051805,27.25721422884412,28.15666389465332,1190300,WHR,26.644550323486328,0,1.0059378280011473,1.0,1.0135133780571204,4.0,0.7865964175614153,27.0,0.6039719087428537,113.0,0.5586962796802722,485.0
2008-12-11 00:00:00-05:00,27.89595654894667,28.15666742241249,26.338215420112466,26.644550323486328,1727400,WHR,26.748838424682617,1,0.972407298036355,1.0,0.9534471663359312,3.0,0.7540364579869532,27.0,0.5727624619294863,113.0,0.5288446202191307,484.0
2008-12-12 00:00:00-05:00,25.862424297679027,27.022582647615376,25.59519672877267,26.748838424682617,1467400,WHR,24.62405014038086,0,1.0019532025151685,1.0,0.9669212309960138,3.0,0.7673832930264973,27.0,0.576207783673686,114.0,0.5310615600896798,485.0
2008-12-15 00:00:00-05:00,26.755353947493887,26.755353947493887,24.200398029517363,24.62405014038086,2851400,WHR,27.081249237060547,1,0.9586398907351545,1.0,0.9188190754219424,2.0,0.7180102990513925,26.0,0.5316775284967369,113.0,0.48902983766116204,485.0
2008-12-16 00:00:00-05:00,24.702272112000955,27.198568929400384,24.389417941545283,27.081249237060547,2319400,WHR,28.026323318481445,1,1.0475231577085065,1.0,1.0161411465463088,3.0,0.8002307318133137,27.0,0.5859514395420872,114.0,0.5379792271428119,485.0
2008-12-17 00:00:00-05:00,27.2246404149396,29.01050241545014,26.488134012957577,28.026323318481445,2879200,WHR,27.328916549682617,0,1.0171496227758603,2.0,1.0526317712375033,3.0,0.8387525329141209,28.0,0.6076478034423071,114.0,0.556898064421032,486.0
2008-12-18 00:00:00-05:00,28.039351154796098,28.065422742547145,27.08124143869461,27.328916549682617,2392200,WHR,28.032835006713867,1,0.9874012510746987,1.0,1.0211883884933017,3.0,0.828656613348168,28.0,0.5938184523534504,113.0,0.5431904793835716,485.0
2008-12-19 00:00:00-05:00,27.51793476845312,28.567292667360498,26.879195718319004,28.032835006713867,1800400,WHR,26.56634330749512,0,1.012714887756291,1.0,1.037535525404666,3.0,0.861083927616223,28.0,0.6104366024673822,113.0,0.5573277394975068,486.0
2008-12-22 00:00:00-05:00,28.05239174096692,28.254440364745594,25.94064001251956,26.56634330749512,1088600,WHR,25.83635711669922,0,0.9731407734603745,1.0,0.9693222139817753,3.0,0.8278390974093427,27.0,0.5798287049474731,113.0,0.5283250409023675,486.0
2008-12-23 00:00:00-05:00,26.70973559832788,26.70973559832788,25.2693136393678,25.83635711669922,1626400,WHR,26.005809783935547,1,0.9860696837207484,0.0,0.9513296120371931,2.0,0.8167230366363719,27.0,0.565173005912512,113.0,0.513956885664311,486.0
2008-12-24 00:00:00-05:00,25.875454355395725,26.110093629502803,25.354035127559445,26.005809783935547,611700,WHR,26.090545654296875,1,1.0032686262432107,1.0,0.9720325519626012,2.0,0.8331126933282132,28.0,0.5701403894872831,114.0,0.5174765427098018,486.0
2008-12-26 00:00:00-05:00,25.81028227843705,26.181793732702648,25.582162082422624,26.090545654296875,504800,WHR,25.26930427551269,0,1.0016265220407172,2.0,0.9843119826932133,3.0,0.8480910168063189,28.0,0.5732910089643204,114.0,0.519316545288612,486.0
2008-12-29 00:00:00-05:00,26.044915238388764,26.194823114256085,24.734849244569013,25.26930427551269,843500,WHR,26.390361785888672,1,0.9840100510436357,1.0,0.973631178226043,2.0,0.8322147333412107,28.0,0.5564894592548238,114.0,0.5031224573992531,486.0
2008-12-30 00:00:00-05:00,25.4257329290176,26.40991423355381,24.989045022339813,26.390361785888672,925200,WHR,26.950902938842773,1,1.0217008276639559,1.0,1.0182065514832133,3.0,0.8785332155075624,29.0,0.5824000385080953,115.0,0.5256000633401838,486.0
2008-12-31 00:00:00-05:00,26.442519089532546,27.094294275345668,26.01234756634888,26.950902938842773,1130200,WHR,28.4304141998291,1,1.010508583848673,2.0,1.0309669152810836,4.0,0.9063780756329128,30.0,0.5958779466412396,116.0,0.5369255175370654,486.0
2009-01-02 00:00:00-05:00,26.95088520330617,28.53469806148025,26.794460653991145,28.4304141998291,1169400,WHR,30.28145980834961,1,1.0267149886898086,2.0,1.067756618003259,4.0,0.964166864795674,31.0,0.6296977660243187,116.0,0.5665563276291197,486.0
2009-01-05 00:00:00-05:00,28.502114714848076,30.41181527937704,28.28051115999859,30.28145980834961,2970800,WHR,31.800085067749023,1,1.0315276192387022,2.0,1.102567764778706,4.0,1.0346144545022677,31.0,0.6717134864729353,117.0,0.6035759332508647,487.0
2009-01-06 00:00:00-05:00,30.5812647090204,31.98910030879117,30.15761268767272,31.800085067749023,2366900,WHR,29.32986068725586,0,1.0244617826832476,2.0,1.105296225818865,5.0,1.0925994657126399,32.0,0.7063474060116832,118.0,0.6339650342687367,488.0
2009-01-07 00:00:00-05:00,31.252596496240585,31.28518473307292,29.24512928243332,29.32986068725586,2175400,WHR,30.19021224975586,1,0.9595906008097362,1.0,0.999022981091248,4.0,1.0157655240605956,31.0,0.6525321814554363,117.0,0.5848658724353614,487.0
2009-01-08 00:00:00-05:00,29.245138176270025,30.32056772305112,28.280511652003256,30.19021224975586,1573800,WHR,29.00397491455078,0,1.014454813645986,1.0,1.00612555348021,4.0,1.0552114279341793,31.0,0.6726600171141762,118.0,0.6021492709021588,488.0
2009-01-09 00:00:00-05:00,30.255381178102983,30.28797190302062,28.730230726769943,29.00397491455078,1815000,WHR,27.91551780700684,0,0.9799602394756699,1.0,0.9629116153408205,3.0,1.0224136095580314,31.0,0.6472200552222657,118.0,0.5786244225312139,488.0
2009-01-12 00:00:00-05:00,28.854072688804983,29.030052195327837,27.263742961954968,27.91551780700684,1691600,WHR,27.95461654663086,1,0.9808772521415726,0.0,0.9415671741747682,2.0,0.9911621717106142,31.0,0.6238814679095975,118.0,0.557046822992327,488.0
2009-01-13 00:00:00-05:00,27.86336848624201,28.91924280639227,27.543997788557856,27.95461654663086,1309100,WHR,26.462055206298828,0,1.0006998146697939,1.0,0.9679966366963538,2.0,0.9999199553441901,31.0,0.6256908160425907,119.0,0.5579642530435399,488.0
2009-01-14 00:00:00-05:00,27.374540897408504,27.374540897408504,26.08402712488949,26.462055206298828,1597600,WHR,25.608226776123047,0,0.972571616523907,1.0,0.9348806850986787,2.0,0.9541461301843779,31.0,0.5932311198743799,119.0,0.5283192133590385,487.0
2009-01-15 00:00:00-05:00,26.481604912745816,26.553300522563976,24.552350045511417,25.608226776123047,2165000,WHR,25.966711044311523,1,0.9836023851289297,0.0,0.9349863306654012,1.0,0.9313875708373514,30.0,0.5751104056652944,118.0,0.5114255389825264,486.0
2009-01-16 00:00:00-05:00,26.06447826980814,26.30563427668962,24.884764854395367,25.966711044311523,1839500,WHR,23.34657096862793,0,1.006950745523661,1.0,0.9695791236918835,2.0,0.9513636046164454,31.0,0.5842797233396976,118.0,0.5187353152559615,487.0
2009-01-20 00:00:00-05:00,25.810278688171355,25.862421860763515,23.17711063035004,23.34657096862793,2786000,WHR,24.441558837890625,1,0.946867457027174,1.0,0.9025397941579983,2.0,0.8613495819463408,31.0,0.5266541056053569,117.0,0.4665458768792898,487.0
2009-01-21 00:00:00-05:00,23.69201670566574,24.480666227107868,22.8903338741418,24.441558837890625,2751700,WHR,23.52256202697754,0,1.0229133861001887,1.0,0.9712511415658013,2.0,0.9065104868170785,32.0,0.552632843919939,118.0,0.4885859095350377,487.0
2009-01-22 00:00:00-05:00,23.98532172309817,24.376388251094472,22.72087900112326,23.52256202697754,2868800,WHR,23.67898178100586,1,0.980839911284891,1.0,0.9570916507170755,2.0,0.8768627378540792,32.0,0.5330999137780383,118.0,0.47038093604515463,486.0
2009-01-23 00:00:00-05:00,23.014171127587225,24.06352656029707,22.440608556463037,23.67898178100586,2107600,WHR,24.24602508544922,1,1.0033138694502162,1.0,0.9788231455411847,3.0,0.8874299676068489,32.0,0.53796593468124,118.0,0.4736697702013705,487.0
2009-01-26 00:00:00-05:00,23.67246251730001,24.773961126364096,23.65942672185074,24.24602508544922,1635200,WHR,24.18084526062012,0,1.0118318878080383,2.0,1.0167267584208466,3.0,0.9117224379490075,33.0,0.5522593013821993,118.0,0.48515527537651587,488.0
2009-01-27 00:00:00-05:00,24.363343904189264,24.89127992659902,23.40523410600316,24.18084526062012,1356800,WHR,25.79724884033203,1,0.9986540566350188,1.0,1.0069480594554079,3.0,0.9116152454425601,33.0,0.5521843508966031,118.0,0.48398907071529434,488.0
2009-01-28 00:00:00-05:00,24.81958660005045,26.22742012660298,24.793515010258595,25.79724884033203,1368900,WHR,22.486234664916992,0,1.0323422413117014,1.0,1.062265101304203,3.0,0.9748663967778254,33.0,0.5906244613235896,118.0,0.5164656795718771,489.0
2009-01-29 00:00:00-05:00,25.093334336211715,25.093334336211715,22.32980759065675,22.486234664916992,2688800,WHR,21.788827896118164,0,0.9314255323964956,1.0,0.93389645132652,3.0,0.85383327504376,32.0,0.5163284496776016,117.0,0.45031330761010524,489.0
2009-01-30 00:00:00-05:00,22.71434675443424,22.740418338525057,21.534636167040453,21.788827896118164,2201100,WHR,21.7041015625,0,0.9842483165814295,0.0,0.9193661751419443,2.0,0.8321851767859737,31.0,0.5016966971131215,117.0,0.4364783954983051,489.0
2009-02-02 00:00:00-05:00,21.717137357591437,22.04302477590622,21.31955430943561,21.7041015625,1556100,WHR,22.55792808532715,1,0.9980519515545906,0.0,0.9358664517783774,1.0,0.8343273714533099,30.0,0.5013812594580317,116.0,0.43491619529977565,488.0
2009-02-03 00:00:00-05:00,21.78883355902257,22.85122726676936,21.2869666232934,22.55792808532715,1762100,WHR,22.1538143157959,0,1.0192902704557532,1.0,0.9864896180064224,2.0,0.8713971474657255,31.0,0.522789911862743,116.0,0.4521621458902204,488.0
2009-02-04 00:00:00-05:00,22.590501997283745,23.16406420081484,21.775783947055217,22.1538143157959,1773200,WHR,23.098901748657227,1,0.9909617977777332,1.0,1.0007061560590242,1.0,0.8590265995398804,31.0,0.515136286496802,115.0,0.44420020676457506,487.0
2009-02-05 00:00:00-05:00,21.860530920386857,23.34006025377045,21.51508852987904,23.098901748657227,2285100,WHR,23.71808815002441,1,1.0208846565478025,1.0,1.037653194762935,2.0,0.8988981356907814,31.0,0.5387861652330527,116.0,0.4632919569709742,487.0
2009-02-06 00:00:00-05:00,23.14452554338117,24.14174282842575,22.812121439248926,23.71808815002441,3022900,WHR,24.200401306152344,1,1.0132256773172983,2.0,1.0473149589661637,3.0,0.9250284846083234,32.0,0.5549312429258879,116.0,0.47584725040513187,488.0
2009-02-09 00:00:00-05:00,22.12775704746347,24.441557308761464,20.95456279390768,24.200401306152344,9189100,WHR,22.290706634521484,0,1.0100652829753538,2.0,1.0455621913040338,4.0,0.9453611242903712,33.0,0.5680110695761873,116.0,0.4856504379954831,489.0
2009-02-10 00:00:00-05:00,23.90058927595607,24.200407680859072,22.04303142571446,22.290706634521484,3467600,WHR,21.840978622436523,0,0.958923442434029,1.0,0.9652839719373631,3.0,0.872104444533191,33.0,0.5249574653581468,115.0,0.4474631708421427,488.0
2009-02-11 00:00:00-05:00,22.62962824277609,22.62962824277609,21.228311032480903,21.840978622436523,2099300,WHR,21.55419158935547,0,0.9898094076972949,0.0,0.9483783671371282,3.0,0.8574427710699027,32.0,0.5160682468542906,115.0,0.43856714746236625,488.0
2009-02-12 00:00:00-05:00,21.489015106448317,21.76275931824649,20.90241681499014,21.55419158935547,2749500,WHR,20.739477157592773,0,0.9933912683904366,0.0,0.9486515479503624,2.0,0.8483619607952253,32.0,0.5109632013340123,115.0,0.4329485159945216,487.0
2009-02-13 00:00:00-05:00,21.528124191339,21.71062285437804,20.263681778068428,20.739477157592773,3044800,WHR,19.774850845336918,0,0.9807367283118119,0.0,0.9373710985956563,1.0,0.8182964670744324,32.0,0.4933065358987818,115.0,0.41673119184984164,486.0
2009-02-17 00:00:00-05:00,20.185468491157337,20.218057982515774,19.33816160642974,19.774850845336918,2690700,WHR,18.855844497680664,0,0.97619048964144,0.0,0.9310175471604961,0.0,0.7826480598569492,32.0,0.47200551787180833,114.0,0.3974970874672389,485.0
2009-02-18 00:00:00-05:00,19.957344218905572,20.152876154742597,18.562545350763408,18.855844497680664,2917300,WHR,17.043916702270508,0,0.9762104632211245,0.0,0.9174223527113791,0.0,0.7479091491522654,32.0,0.45170272444150855,113.0,0.3791717077519028,485.0
2009-02-19 00:00:00-05:00,18.569070364442904,18.868887523216717,16.946150696882473,17.043916702270508,4740500,WHR,17.10909080505371,1,0.9495281379361203,0.0,0.8698691333787896,0.0,0.6774320931181805,32.0,0.40984961240909673,113.0,0.34288337587309903,484.0
2009-02-20 00:00:00-05:00,16.54204610566639,17.33721226442015,16.483387509472333,17.10909080505371,3357500,WHR,15.779464721679688,0,1.0019082976153484,1.0,0.9146978750937557,1.0,0.6817061076936629,32.0,0.41298932052661774,113.0,0.3443409070026433,485.0
2009-02-23 00:00:00-05:00,17.311135498946182,17.311135498946182,15.4470607222136,15.779464721679688,3682600,WHR,16.470354080200195,1,0.959571770116409,1.0,0.8908593241568221,1.0,0.6320404732721799,31.0,0.3824669001293522,112.0,0.3177250634746497,484.0
2009-02-24 00:00:00-05:00,15.877238946512067,16.587673775771407,15.095108471478737,16.470354080200195,3640800,WHR,15.73436450958252,0,1.0214230462119755,1.0,0.9659049293359492,2.0,0.6632866859531411,31.0,0.40090024637797766,112.0,0.3317899349390078,484.0
2009-02-25 00:00:00-05:00,16.53666526936072,16.64938516900947,15.323269297698358,15.73436450958252,3657400,WHR,15.62826919555664,0,0.9771465299854794,1.0,0.957809997684004,2.0,0.6378352845855089,30.0,0.3845546674034677,112.0,0.3171208478012959,483.0
2009-02-26 00:00:00-05:00,15.933276383655366,16.656009350494653,15.50891861172158,15.62826919555664,2053600,WHR,14.739768981933594,0,0.9966171427111845,0.0,0.9680358275074795,2.0,0.6378606361407889,29.0,0.38339257505480506,112.0,0.31513468309288406,483.0
2009-02-27 00:00:00-05:00,15.11108211921874,15.628266197031344,14.62041842099779,14.739768981933594,2817100,WHR,14.540850639343262,0,0.9707422584089863,0.0,0.9406095131592308,1.0,0.6052936982911834,29.0,0.36306675381538384,111.0,0.29736516781864625,483.0
2009-03-02 00:00:00-05:00,14.739767376110692,15.555327767411638,14.076709900643564,14.540850639343262,4279200,WHR,13.586054801940918,0,0.9932064845224181,0.0,0.9428200241411403,1.0,0.601271845306557,28.0,0.3596374342618052,110.0,0.29349994167578786,482.0
2009-03-03 00:00:00-05:00,14.706622890154382,15.17076261292578,13.493227110323126,13.586054801940918,2622400,WHR,14.441394805908203,1,0.9660540033671493,0.0,0.9151408752488965,0.0,0.5660635938870755,28.0,0.33736428400779317,110.0,0.2743716325841798,481.0
2009-03-04 00:00:00-05:00,13.824751043133046,14.81270670323658,13.718661929610654,14.441394805908203,2884900,WHR,13.592679977416992,0,1.0305179392322499,1.0,0.9899999861400394,1.0,0.6064949922763296,28.0,0.35996584957685773,111.0,0.29179268320620155,482.0
2009-03-05 00:00:00-05:00,14.20932371044892,14.441394109341209,13.426915587448493,13.592679977416992,3075000,WHR,13.387134552001951,0,0.9697255987561241,1.0,0.9585709692446107,1.0,0.5767307569010712,27.0,0.3401610083477877,110.0,0.2747864214852463,482.0
2009-03-06 00:00:00-05:00,13.89105852696327,14.189433716101044,13.009191886951497,13.387134552001951,2197900,WHR,12.856688499450684,0,0.9923815108072401,0.0,0.9624369111227135,1.0,0.5743283869123164,26.0,0.3363326423454867,110.0,0.27076854999113037,482.0
2009-03-09 00:00:00-04:00,13.28104629077318,13.857905786089544,12.724077717216696,12.856688499450684,1927600,WHR,15.32325839996338,1,0.9797877751457439,0.0,0.9472398821413763,1.0,0.557538328173977,26.0,0.3243548358231268,109.0,0.26017406630452733,482.0
2009-03-10 00:00:00-04:00,13.645722560514342,15.363041493698269,13.44017510075538,15.32325839996338,4616000,WHR,16.185230255126953,1,1.0875292600556314,1.0,1.1007905061435475,2.0,0.670723957676632,26.0,0.38810807648305184,109.0,0.31023303578793326,483.0
2009-03-11 00:00:00-04:00,15.26358091811022,17.08035795505249,15.1906442029167,16.185230255126953,4077500,WHR,17.226234436035156,1,1.027356813733569,2.0,1.1342933731650975,2.0,0.713901190007432,27.0,0.41152482940296414,110.0,0.3278421193652301,483.0
2009-03-12 00:00:00-04:00,15.959794646811044,17.325692813234802,15.628265879690971,17.226234436035156,2285400,WHR,16.828397750854492,0,1.031157095042995,2.0,1.148744229001053,3.0,0.765174537044769,27.0,0.43958766326858956,111.0,0.34909073642002747,483.0
2009-03-13 00:00:00-04:00,17.33895229774423,17.66385030085177,16.404041381845744,16.828397750854492,1716500,WHR,16.662633895874023,0,0.9883176924948899,1.0,1.0729685453318063,3.0,0.7518420565064001,27.0,0.4309653133963452,111.0,0.3411887050595742,483.0
2009-03-16 00:00:00-04:00,17.199711364598127,17.67711229433778,16.616220074679003,16.662633895874023,1862000,WHR,16.86155891418457,1,0.9950505001837809,0.0,1.0132247462487018,3.0,0.7502566221387481,26.0,0.42838089471611884,110.0,0.33798884372143484,482.0
2009-03-17 00:00:00-04:00,16.569813147835713,16.894711296065946,16.218392082354537,16.86155891418457,1578100,WHR,18.307025909423828,1,1.00593377503338,1.0,1.0064913203785484,3.0,0.7656282683453459,26.0,0.43517921521743613,111.0,0.34218276390374797,483.0
2009-03-18 00:00:00-04:00,16.78199224004329,18.69823010504927,16.476986264976603,18.307025909423828,2439900,WHR,18.26723289489746,0,1.0411010850305504,2.0,1.0657765927813372,3.0,0.8369767214221405,27.0,0.4743603884947271,111.0,0.37167312687596665,484.0
2009-03-19 00:00:00-04:00,18.51256471663094,18.83083200048916,17.829615063421976,18.26723289489746,2000500,WHR,17.053836822509766,0,0.9989119939589407,1.0,1.050724432571191,2.0,0.841418598932666,26.0,0.47520561139730827,111.0,0.3710345327746555,483.0
2009-03-20 00:00:00-04:00,18.3865824224974,18.406474600890657,16.622849741442728,17.053836822509766,2669300,WHR,19.361284255981445,1,0.9656466782547727,0.0,0.9783929446017421,2.0,0.7913062598069643,26.0,0.4454412249558569,111.0,0.34655455442414035,483.0
2009-03-23 00:00:00-04:00,17.869404514962806,19.38117517646513,17.431786558771908,19.361284255981445,2180700,WHR,19.18888092041016,0,1.0633650902463863,1.0,1.0774113501320768,3.0,0.9028941241862024,27.0,0.5076013558174771,112.0,0.3936105970914123,484.0
2009-03-24 00:00:00-04:00,19.07616111528693,19.871829212025972,18.71147879768514,19.18888092041016,1671800,WHR,20.700660705566406,1,0.9955278184987684,1.0,1.0408571800553703,2.0,0.8996207676620365,26.0,0.5049523060518525,112.0,0.39027401061184563,483.0
2009-03-25 00:00:00-04:00,19.248565269492293,21.297412375908856,19.215411626056376,20.700660705566406,3919300,WHR,22.311891555786133,1,1.0378991515954588,1.0,1.0944404029533563,2.0,0.9746011752319313,26.0,0.5466772869235493,113.0,0.42119109065417953,483.0
2009-03-26 00:00:00-04:00,21.10512553683639,22.424610145331307,20.892947285274893,22.311891555786133,2722800,WHR,21.54936790466309,0,1.0374595499571748,2.0,1.1312447348801076,3.0,1.0529024016105841,27.0,0.5912908917485642,113.0,0.4541429704823161,483.0
2009-03-27 00:00:00-04:00,22.006876651145063,23.790502874969835,21.36371262134232,21.54936790466309,4489500,WHR,19.28834724426269,0,0.9826150990531718,1.0,1.0449486999076534,3.0,1.020805438469765,26.0,0.5733112631863422,112.0,0.43879401042732985,482.0
2009-03-30 00:00:00-04:00,20.94599137825102,21.15153889675458,18.96344914576284,19.28834724426269,3214900,WHR,19.619873046875,1,0.9446340067715597,0.0,0.9359717911467821,2.0,0.9192608571355102,25.0,0.5152936716226821,111.0,0.39292225379380724,482.0
2009-03-31 00:00:00-04:00,19.719331426647475,19.97129400439845,19.182255164130584,19.619873046875,2347300,WHR,20.43543243408203,1,1.0085207136212246,1.0,0.9480934770258446,3.0,0.9416509972276338,25.0,0.5263311172193028,111.0,0.39984119561290743,483.0
2009-04-01 00:00:00-04:00,19.168992680111103,20.66087209062279,18.85735610297857,20.43543243408203,2696600,WHR,23.034618377685547,1,1.0203608330385787,2.0,0.9900416560268969,3.0,0.9885795845089405,25.0,0.5504383140342125,112.0,0.4166357949346593,483.0
2009-04-02 00:00:00-04:00,20.965878446842463,23.458974767732617,20.965878446842463,23.034618377685547,4159800,WHR,23.40592384338379,1,1.0597925674128705,2.0,1.1082046411161177,3.0,1.1222484121137268,25.0,0.6227498831422809,113.0,0.46979431972815877,484.0
2009-04-03 00:00:00-04:00,22.968306095535382,23.598211081062203,22.398076372413488,23.40592384338379,2817000,WHR,22.73624038696289,0,1.0079952870474838,2.0,1.1063053348975207,4.0,1.1458502633673444,26.0,0.635100384732428,114.0,0.47752190068428096,485.0
2009-04-06 00:00:00-04:00,23.061137118438843,23.319729117186807,21.986984766192144,22.73624038696289,2240200,WHR,21.23110580444336,0,0.9854865182942489,1.0,1.0407308321543811,4.0,1.1198764962816603,25.0,0.6191317312832079,114.0,0.464006520109789,485.0
2009-04-07 00:00:00-04:00,22.28536754666921,22.291997010107803,20.959252274906586,21.23110580444336,2323200,WHR,20.879676818847656,0,0.9657669904395157,0.0,0.9577079449755009,3.0,1.0524565096321545,25.0,0.5802379516503875,114.0,0.4334475873918257,484.0
2009-04-08 00:00:00-04:00,21.582517290041544,21.88089361797751,20.488472862078986,20.879676818847656,2407700,WHR,23.419193267822266,1,0.9916546555607986,0.0,0.938095679218383,2.0,1.0410874538329662,25.0,0.5726291769593839,114.0,0.42642865625009774,484.0
2009-04-09 00:00:00-04:00,21.39686817675216,23.531914370462083,21.39686817675216,23.419193267822266,2872300,WHR,22.855600357055664,0,1.0573268899185486,1.0,1.048569197400105,2.0,1.1721287924891457,25.0,0.6442779519446744,115.0,0.4784259594577515,485.0
2009-04-13 00:00:00-04:00,22.219063025230327,23.19375868043661,22.106344427224837,22.855600357055664,2027700,WHR,22.16600799560547,0,0.9878207363746382,1.0,1.0284029297370993,1.0,1.1473727442557322,25.0,0.6307353788865196,115.0,0.467077772804411,484.0
2009-04-14 00:00:00-04:00,22.64341010955281,23.518645632214184,22.079809829617616,22.16600799560547,2589400,WHR,23.34626007080078,1,0.9846830802656246,0.0,1.0025187855620314,1.0,1.115968594407094,25.0,0.6136971805607273,114.0,0.4531383705009325,484.0
2009-04-15 00:00:00-04:00,22.079820015920536,23.37941244859428,21.88090321979525,23.34626007080078,2432200,WHR,24.181699752807617,1,1.0259326138937577,1.0,1.0360759696927462,2.0,1.17797966197725,25.0,0.6484272291226525,114.0,0.47741641276274616,484.0
2009-04-16 00:00:00-04:00,23.53190392349476,24.665731262519355,23.213634204021357,24.181699752807617,2596000,WHR,25.189558029174805,1,1.017577857015269,2.0,1.0425954132684923,3.0,1.21927705131414,26.0,0.6737357154874496,114.0,0.49463719161916353,485.0
2009-04-17 00:00:00-04:00,24.55302084390473,25.501193365028364,23.909856725262877,25.189558029174805,2787200,WHR,23.114185333251957,0,1.0204138667241935,2.0,1.069719083239214,3.0,1.269296891975279,26.0,0.7039911036715324,114.0,0.515382696290814,486.0
2009-04-20 00:00:00-04:00,23.89659340179994,25.03042114322733,22.902007131208126,23.114185333251957,2008000,WHR,23.591583251953125,1,0.9570349510937245,1.0,0.9794336306096212,3.0,1.1651188659499068,26.0,0.6480495053635837,114.0,0.4730558760969891,486.0
2009-04-21 00:00:00-04:00,23.14733348346993,23.697672333635747,22.36492555754939,23.591583251953125,3092300,WHR,25.043685913085938,1,1.010221390915134,1.0,0.9877296110169974,4.0,1.1892704290391714,26.0,0.663580217858352,114.0,0.482961035197607,486.0
2009-04-22 00:00:00-04:00,23.03462218986464,25.945444655856846,23.02799019740555,25.043685913085938,3288900,WHR,24.46682548522949,0,1.029856988273371,2.0,1.0338316808744827,4.0,1.2616265611643256,26.0,0.7061789157698204,115.0,0.5128133115493867,487.0
2009-04-23 00:00:00-04:00,25.070207776219444,25.859245378478946,23.266690366067536,24.46682548522949,3692500,WHR,27.006328582763672,1,0.9883487281475327,1.0,1.0076461678338322,3.0,1.232270159845151,26.0,0.6918053536615322,114.0,0.5011271565552585,487.0
2009-04-24 00:00:00-04:00,24.851391954223683,27.523512564217,24.69225958886728,27.006328582763672,3887600,WHR,28.968971252441406,1,1.0493364578782105,1.0,1.0958349647433558,3.0,1.3587930102589896,26.0,0.7654280269291164,115.0,0.5532653247239842,487.0
2009-04-27 00:00:00-04:00,29.46626420557162,32.443392464564106,28.518092105920992,28.968971252441406,10145800,WHR,27.22514533996582,0,1.0350626557688103,2.0,1.1221550980292514,4.0,1.4496605313116293,27.0,0.8227809159462848,116.0,0.5935786832125395,488.0
2009-04-28 00:00:00-04:00,28.33245029238572,28.339082284676927,27.059380943781,27.22514533996582,3929700,WHR,29.38671112060547,1,0.9689678205082557,1.0,1.0257308832255452,3.0,1.3562469809769964,27.0,0.7749419174862193,116.0,0.5579681438124581,487.0
2009-04-29 00:00:00-04:00,27.987659251750337,30.082921058981388,27.29807877611382,29.38671112060547,4053200,WHR,29.943679809570312,1,1.0381822098016715,1.0,1.0720852739456175,3.0,1.4546488352202276,28.0,0.8382281144259665,116.0,0.6023761417114143,487.0
2009-04-30 00:00:00-04:00,29.758024499059573,30.712826490868387,29.43975716845664,29.943679809570312,2960400,WHR,30.414445877075195,1,1.0093875782753619,2.0,1.0504281258631811,4.0,1.4732420451493256,28.0,0.8558991595878542,116.0,0.6138910861158399,488.0
2009-05-01 00:00:00-04:00,29.99672148612328,30.95815280792741,29.53921020646609,30.414445877075195,1792800,WHR,33.040164947509766,1,1.007799547486761,2.0,1.0420263119807474,4.0,1.4863358315994075,29.0,0.8710058656742488,117.0,0.6236316751004257,489.0
2009-05-04 00:00:00-04:00,30.845443146759948,33.040164947509766,30.49402339065963,33.040164947509766,2599100,WHR,31.727304458618164,0,1.0413794842693647,2.0,1.101264334026883,4.0,1.6016842232997417,29.0,0.9477220959579333,117.0,0.6775209437132806,490.0
2009-05-05 00:00:00-04:00,32.89428722569605,33.099833458435256,31.16370652261434,31.727304458618164,2639200,WHR,31.93948554992676,1,0.9797296312341734,1.0,1.0266918291544782,4.0,1.5281521191201195,28.0,0.9116282864733809,117.0,0.6506710285985619,489.0
2009-05-06 00:00:00-04:00,32.35721257455591,32.45004024017034,30.8520714166762,31.93948554992676,2789500,WHR,30.63988494873047,0,1.003332680841615,1.0,1.016759594788111,4.0,1.5288736208273017,28.0,0.9191901083778246,118.0,0.6551072890733474,489.0
2009-05-07 00:00:00-04:00,32.41024970121928,32.92080425442801,30.056396198803498,30.63988494873047,2384000,WHR,33.01363754272461,1,0.9792327632758119,1.0,0.971083773717997,3.0,1.4569598338718242,28.0,0.883370143483769,117.0,0.6285534234932914,488.0
2009-05-08 00:00:00-04:00,30.043139885375936,33.12635611732374,30.043139885375936,33.01363754272461,2947800,WHR,30.434341430664062,0,1.0372917711555207,1.0,1.0293570482019438,3.0,1.5560561964775514,29.0,0.9534200893905657,117.0,0.6773405233307647,488.0
2009-05-11 00:00:00-04:00,32.145028531098845,32.337315820531465,30.36803416049916,30.434341430664062,2152500,WHR,28.83638000488281,0,0.9593478601872827,1.0,0.9646099393061485,2.0,1.42454681304537,29.0,0.8806943632718374,116.0,0.6245381630222219,488.0
2009-05-12 00:00:00-04:00,30.865334914243345,31.16371138013882,28.48495770977732,28.83638000488281,2865600,WHR,26.99308013916016,0,0.9730396157313702,0.0,0.9310243303025578,2.0,1.3412784233007768,29.0,0.8363964808939189,115.0,0.5918971082961092,487.0
2009-05-13 00:00:00-04:00,28.31919562656903,28.31919562656903,26.906884453621064,26.99308013916016,2220700,WHR,28.08711051940918,1,0.9669833836657772,0.0,0.9002655399334457,1.0,1.2485536739824732,29.0,0.7848808589875854,115.0,0.5542283325742056,486.0
2009-05-14 00:00:00-04:00,27.032849202880765,28.59766499640602,26.416205648154914,28.08711051940918,2146000,WHR,27.83515930175781,0,1.0198625016937704,1.0,0.952980570585867,2.0,1.2899775036305305,30.0,0.8185638404112857,116.0,0.5768465195868091,487.0
2009-05-15 00:00:00-04:00,28.020814630748102,29.3668233540202,27.503630483209918,27.83515930175781,1599300,WHR,28.823122024536133,1,0.9954946174671184,1.0,0.9788286232432446,1.0,1.2679324641855827,30.0,0.8130817807932719,116.0,0.5718293747766984,486.0
2009-05-18 00:00:00-04:00,28.199846102953902,29.154650908998285,28.05397511375853,28.823122024536133,1618800,WHR,28.33244514465332,0,1.0174372165842565,1.0,1.0251877066403943,2.0,1.3013623581314004,30.0,0.8437025543432799,117.0,0.5922851305795293,486.0
2009-05-19 00:00:00-04:00,28.41201133214372,28.88941351581309,28.007548403605497,28.33244514465332,1447000,WHR,28.25951385498047,0,0.9914150641103721,1.0,1.0113607351644496,2.0,1.267237860918902,30.0,0.8310864636617774,117.0,0.5823623476849584,486.0
2009-05-20 00:00:00-04:00,28.60430410624852,29.804439258006703,28.13353382310644,28.25951385498047,1424900,WHR,27.278188705444336,0,0.9987112782281786,0.0,0.99971853462516,2.0,1.252964383231552,29.0,0.8307190314172748,116.0,0.5810220602694849,486.0
2009-05-21 00:00:00-04:00,27.88157100801868,28.33908236152232,27.04611956190188,27.278188705444336,1260900,WHR,27.463851928710938,1,0.9823304691354768,0.0,0.9705576620142339,1.0,1.1992246561351418,29.0,0.8036448684292504,116.0,0.5610108182755031,485.0
2009-05-22 00:00:00-04:00,27.417438086637212,27.78212188773745,26.62177077716501,27.463851928710938,1328800,WHR,28.55126953125,1,1.0033916021601643,1.0,0.9797522810029686,2.0,1.1970063866987564,30.0,0.8109592844434236,116.0,0.5649897295289131,486.0
2009-05-26 00:00:00-04:00,26.87373159181339,28.71703397981409,26.87373159181339,28.55126953125,1401800,WHR,27.560035705566406,0,1.019412929476844,2.0,1.0205245234780482,2.0,1.2320403759647585,31.0,0.8448357488317901,117.0,0.5875115485145757,487.0
2009-05-27 00:00:00-04:00,28.269964489998767,29.140633361494817,27.372505178179264,27.560035705566406,2341300,WHR,27.12471008300781,0,0.9823345077876888,1.0,0.9905639119150734,2.0,1.1782345499957316,31.0,0.8174525775108747,116.0,0.567270473511538,487.0
2009-05-28 00:00:00-04:00,27.98198405325551,28.383833142967585,26.56212340131328,27.12471008300781,2392500,WHR,28.223079681396484,1,0.9920393591250898,0.0,0.9829356521755477,2.0,1.1485441038046698,31.0,0.8064675961486477,116.0,0.5584680250715639,487.0
2009-05-29 00:00:00-04:00,27.5265436317338,28.22307968139648,26.98405132112537,28.223079681396484,1864600,WHR,28.77227210998535,1,1.0198448682967114,1.0,1.015781780659725,3.0,1.1835413625055295,31.0,0.8408815677411965,117.0,0.5812305915313639,488.0
2009-06-01 00:00:00-04:00,27.75425842958269,29.542480618705863,27.34571573487095,28.77227210998535,2098300,WHR,29.10713768005371,1,1.0096357406582743,2.0,1.0258857452045094,3.0,1.1939053400291806,32.0,0.85894495369995,118.0,0.5926819557735801,489.0
2009-06-02 00:00:00-04:00,28.7119877482912,29.549169590595152,28.04224227444803,29.10713768005371,2070300,WHR,28.919626235961918,0,1.005785573337446,2.0,1.0337278669581742,3.0,1.194810969733718,33.0,0.8706215095561635,119.0,0.5997194765906686,489.0
2009-06-03 00:00:00-04:00,28.999995023231374,29.160735152647987,28.624938979388755,28.919626235961918,2026100,WHR,29.37504196166992,1,0.9967685352165566,1.0,1.0172448830691354,3.0,1.1742100164465248,33.0,0.866737727132955,118.0,0.5959982004637856,488.0
2009-06-04 00:00:00-04:00,29.154024690813536,29.46210960366274,28.69190115385473,29.37504196166992,1702500,WHR,29.40182876586914,1,1.0078123049635352,1.0,1.0171613636949937,4.0,1.1814665222031515,33.0,0.8819433027132648,119.0,0.6055297324494773,488.0
2009-06-05 00:00:00-04:00,29.636238671261918,30.172034565642797,29.06025712672384,29.40182876586914,1590700,WHR,28.93971824645996,0,1.0004557371610237,2.0,1.0098452903902027,4.0,1.1721590944763478,33.0,0.8842862911091841,120.0,0.6062275962617119,489.0
2009-06-08 00:00:00-04:00,28.966508694261144,29.24780073154041,28.631635761379517,28.93971824645996,1632300,WHR,29.368335723876957,1,0.9920792206742217,1.0,0.9928314970322984,3.0,1.1448260099722098,32.0,0.8720035151979434,119.0,0.5968691518909902,488.0
2009-06-09 00:00:00-04:00,29.093740203134956,29.50898420416024,28.59143113678671,29.368335723876957,1320000,WHR,28.906225204467773,0,1.0073509137800252,1.0,1.0057335725509422,3.0,1.1522550836094898,33.0,0.8862573922354147,120.0,0.6058894938470417,488.0
2009-06-10 00:00:00-04:00,29.957725781622106,29.957725781622106,28.45079790998189,28.906225204467773,2132200,WHR,28.705297470092773,0,0.9920701158095829,1.0,0.9899992302205886,3.0,1.1251164431038099,33.0,0.8737383354080964,119.0,0.5965394493636036,487.0
2009-06-11 00:00:00-04:00,28.97319418318923,29.41522618693131,28.571347836106163,28.705297470092773,1253400,WHR,29.28797149658203,1,0.9965123689663609,0.0,0.9876486326620004,2.0,1.1087767535610689,32.0,0.8692677640434879,118.0,0.5925843096081392,486.0
2009-06-12 00:00:00-04:00,28.37711717395988,29.28797149658203,28.109220496932224,29.28797149658203,1579800,WHR,28.56464385986328,0,1.0100472699137564,1.0,1.0084865377675132,2.0,1.1233421058037458,32.0,0.8884842270094999,119.0,0.6047857121046153,487.0
2009-06-15 00:00:00-04:00,28.845935716569038,28.86602726208342,28.149399850141343,28.56464385986328,1768900,WHR,28.61153984069824,1,0.9874970624532333,1.0,0.9861270445537863,2.0,1.0884340656147684,32.0,0.867994076050929,119.0,0.5900220367699314,487.0
2009-06-16 00:00:00-04:00,28.7053038388289,29.13394071878467,28.41731295606912,28.61153984069824,2275700,WHR,29.053571701049805,1,1.000820201311101,1.0,0.9929344169449655,2.0,1.0822771323379252,33.0,0.8708041753570059,120.0,0.5911546570034839,488.0
2009-06-17 00:00:00-04:00,28.65842160158515,29.736712680880768,28.12932183952823,29.053571701049805,1185300,WHR,29.04016876220703,0,1.0076654990952638,2.0,1.0072445723665788,3.0,1.0923231206917485,33.0,0.8857524585480102,120.0,0.600448149374194,489.0
2009-06-18 00:00:00-04:00,29.227696707076387,29.334855897698397,28.303447091163672,29.04016876220703,1195900,WHR,29.033477783203125,0,0.999769287728146,1.0,1.0044476861516107,3.0,1.0851208065860174,33.0,0.8867819845769979,120.0,0.6003377438600223,488.0
2009-06-19 00:00:00-04:00,29.58936799243416,29.596064325913314,28.745486900930214,29.033477783203125,1621200,WHR,28.055646896362305,0,0.9998847845898797,0.0,1.0059872945290045,2.0,1.0792699953788631,32.0,0.8879539779895798,120.0,0.6003645780435278,488.0
2009-06-22 00:00:00-04:00,28.50437784281306,28.792368697506674,28.05564689636231,28.055646896362305,1262000,WHR,27.807836532592773,0,0.9828718535740516,0.0,0.9755472370283673,2.0,1.0392226523259709,31.0,0.8595001281697857,119.0,0.5803161330652683,487.0
2009-06-23 00:00:00-04:00,27.914995722212765,28.464186888374808,27.332317788333835,27.807836532592773,1287600,WHR,28.01546669006348,1,0.9955640008721496,0.0,0.9723652030086473,1.0,1.0260789129058183,31.0,0.8533997713988144,118.0,0.5753596662277387,487.0
2009-06-24 00:00:00-04:00,27.98867624618412,28.658422013903994,27.787753026843625,28.01546669006348,1678800,WHR,28.33692741394043,1,1.0037194172591786,1.0,0.986789511018637,1.0,1.02822175288897,32.0,0.8613031597148684,118.0,0.5798330876584614,487.0
2009-06-25 00:00:00-04:00,27.76094598920664,28.56464094104737,27.51983724816684,28.33692741394043,1603100,WHR,28.377120971679688,1,1.0057044732346894,2.0,1.0030816547981103,2.0,1.0345037887114321,32.0,0.8725350199323781,119.0,0.5866556958045812,488.0
2009-06-26 00:00:00-04:00,28.055643383297195,28.604834582810216,28.00206506267183,28.377120971679688,1325600,WHR,29.28128433227539,1,1.0007087054950823,2.0,1.0091939596388728,3.0,1.0309892450199774,32.0,0.8749820732372277,120.0,0.5876540232636521,489.0
2009-06-29 00:00:00-04:00,28.45079849728206,29.388443547608997,28.169506515110317,29.28128433227539,1334700,WHR,28.504369735717773,0,1.0156813799450275,2.0,1.0323496675200594,4.0,1.059830199613109,32.0,0.9039643241956168,121.0,0.6065413682283908,489.0
2009-06-30 00:00:00-04:00,29.194206791288007,29.32145751803235,28.25656205828607,28.504369735717773,1507200,WHR,29.997915267944336,1,0.9865552340094055,1.0,1.000046868940003,4.0,1.028546513343916,31.0,0.8811261502477096,121.0,0.5906251596430306,488.0
2009-07-01 00:00:00-04:00,28.591447542228718,30.27920728016096,28.4775919815346,29.997915267944336,2406100,WHR,29.14732360839844,0,1.0255296956714266,1.0,1.038007260636967,4.0,1.0777327199959696,32.0,0.928467597517687,121.0,0.6217332943214156,489.0
2009-07-02 00:00:00-04:00,29.42191915311845,29.48889267919601,28.745474787304303,29.14732360839844,1884900,WHR,28.36372375488281,0,0.9856185945698139,1.0,1.0029496248309078,3.0,1.0422333025673896,32.0,0.9033629662484743,121.0,0.6042722885487123,488.0
2009-07-06 00:00:00-04:00,28.57134580051367,29.234395036325605,28.05564140707696,28.36372375488281,1859300,WHR,27.95518684387207,0,0.9863747942449066,0.0,0.976076209815808,2.0,1.0097103071448996,32.0,0.8805036241614929,120.0,0.588202928032059,487.0
2009-07-07 00:00:00-04:00,28.370428465502894,28.564655333074946,27.874815519780604,27.95518684387207,1430700,WHR,28.075742721557617,1,0.9927460082826998,0.0,0.9708784599964121,1.0,0.9924958854343959,31.0,0.8691756878809836,120.0,0.5799029442185348,487.0
2009-07-08 00:00:00-04:00,28.20299605873313,28.41061562169954,27.68729148592928,28.075742721557617,1440600,WHR,28.52446174621582,1,1.0021515951746753,1.0,0.9779770031836429,2.0,0.9937065784472165,32.0,0.874209682041198,121.0,0.5825995851626682,487.0
2009-07-09 00:00:00-04:00,28.3034444986841,28.93300692144011,28.109220239949543,28.52446174621582,1535100,WHR,29.214303970336918,1,1.0079278693226927,2.0,1.003912747171936,2.0,1.0058157972674755,33.0,0.8894277789960741,122.0,0.5921202657958072,487.0
2009-07-10 00:00:00-04:00,28.41060869496808,29.93763048463192,28.310148382345005,29.214303970336918,1906900,WHR,30.306001663208008,1,1.0119476441098105,2.0,1.0277070715775714,3.0,1.0266003445057927,33.0,0.9120536319437405,123.0,0.6066581759148465,487.0
2009-07-13 00:00:00-04:00,29.234409256183827,30.419857238695275,28.77228295481641,30.306001663208008,1509700,WHR,31.725854873657227,1,1.0183416009251105,2.0,1.0517388534562175,4.0,1.0611567714838577,33.0,0.947190321601706,123.0,0.6295470602938394,487.0
2009-07-14 00:00:00-04:00,30.29929829212981,31.9870553025319,30.21223063087917,31.725854873657227,2546800,WHR,33.40021514892578,1,1.0228890974689013,2.0,1.0729332060016197,5.0,1.1066513014450485,33.0,0.9928274858149517,123.0,0.6592456178935665,488.0
2009-07-15 00:00:00-04:00,32.01384184541373,33.46719124745108,31.973658741175477,33.40021514892578,2631700,WHR,36.43416213989258,1,1.0257095242302807,2.0,1.0902928950238508,5.0,1.1581303059057348,34.0,1.0465344813401436,123.0,0.6942764898714046,488.0
2009-07-16 00:00:00-04:00,33.52076720874875,36.82931215127121,33.52076720874875,36.43416213989258,5281500,WHR,36.2198486328125,0,1.0434448921684962,2.0,1.1309299881413941,5.0,1.2540232972878476,34.0,1.1426729729780951,123.0,0.7575317183832644,489.0
2009-07-17 00:00:00-04:00,36.33370417531581,37.82054044484332,35.918462557249214,36.2198486328125,3674600,WHR,37.0101432800293,1,0.9970502178090271,1.0,1.0774196204422792,4.0,1.2387052966156937,33.0,1.137018338021029,123.0,0.75326233236162,489.0
2009-07-20 00:00:00-04:00,36.5882053624898,37.31152933175528,35.891669277362375,37.0101432800293,1764700,WHR,37.73346328735352,1,1.0107919532226277,1.0,1.058701751651785,4.0,1.2567478177848457,34.0,1.1628068221479628,123.0,0.7698785537032105,489.0
2009-07-21 00:00:00-04:00,37.4923544876138,37.86071401838217,36.30690459214453,37.73346328735352,2137500,WHR,33.98958969116211,0,1.0096773495492506,2.0,1.043526428604901,4.0,1.2735776025469285,34.0,1.1872428854056298,123.0,0.785097627833486,489.0
2009-07-22 00:00:00-04:00,36.20644857895216,36.53462249696344,33.58774334730597,33.98958969116211,5255200,WHR,36.58149719238281,1,0.9478009727595831,1.0,0.9369345900261387,3.0,1.1439836965392451,33.0,1.0711916368925085,123.0,0.7074097002665991,489.0
2009-07-23 00:00:00-04:00,34.15032295344028,36.68865636637304,33.54085467233158,36.58149719238281,3453600,WHR,36.67526626586914,1,1.0367276120530469,1.0,1.007562989734155,3.0,1.2247910012440029,34.0,1.1543779126156244,124.0,0.7615274826177888,490.0
2009-07-24 00:00:00-04:00,36.26002472809709,37.25124786448528,36.05240523664936,36.67526626586914,1830000,WHR,37.4186897277832,1,1.0012800056822024,2.0,1.007617846691687,4.0,1.222956545095839,34.0,1.15878461512501,125.0,0.7636539618701841,490.0
2009-07-27 00:00:00-04:00,36.68197051548549,37.499061047394456,36.1528708249911,37.4186897277832,1461100,WHR,36.9096794128418,0,1.0100335236787432,2.0,1.025740027005099,4.0,1.2425843285777547,34.0,1.1840159576997487,125.0,0.7793005507916145,490.0
2009-07-28 00:00:00-04:00,37.07041692170396,37.33831617630975,36.38057979017751,36.9096794128418,1218900,WHR,36.474342346191406,0,0.9931518702639851,1.0,1.0163771406981412,3.0,1.2212909668927265,33.0,1.169691665937097,125.0,0.7688795550039929,489.0
2009-07-29 00:00:00-04:00,36.59489675059411,37.2177603217159,36.09928647016214,36.474342346191406,1192400,WHR,37.0168342590332,1,0.9940676859047072,0.0,0.990830337777422,3.0,1.2046048908984655,32.0,1.1576693268857337,125.0,0.7600219525406464,488.0
2009-07-30 00:00:00-04:00,37.08380778738563,37.907594449526925,36.83600266663004,37.0168342590332,1519700,WHR,38.23577880859375,1,1.007381728499952,1.0,1.0031944490851583,3.0,1.2189721893118735,33.0,1.176665902384546,125.0,0.7715369898571877,488.0
2009-07-31 00:00:00-04:00,37.00344672496982,38.510374419651846,36.85610186615142,38.23577880859375,1991500,WHR,38.04156112670898,0,1.016198036186001,2.0,1.0275378815456913,3.0,1.2547762391569668,33.0,1.2169063378697846,126.0,0.7971261877887859,489.0
2009-08-03 00:00:00-04:00,38.77828304346387,38.91223016025796,37.65310988922667,38.04156112670898,1751300,WHR,38.61084365844727,1,0.9974537958186598,1.0,1.0189074554858961,2.0,1.2433690747849808,33.0,1.2127900590090874,125.0,0.793254177828261,489.0
2009-08-04 00:00:00-04:00,37.699989026151975,39.16673130455621,37.418694481530295,38.61084365844727,2130100,WHR,38.356327056884766,0,1.0074268058951823,1.0,1.0248161905228044,3.0,1.2581396784048575,33.0,1.2328201999940547,126.0,0.8053327066288767,489.0
2009-08-05 00:00:00-04:00,38.75147702432649,38.90551819063408,37.74015983677793,38.356327056884766,1513000,WHR,38.73140335083008,1,0.9966931797128954,1.0,1.0079905373079205,3.0,1.2444920210594057,33.0,1.2262919609989362,126.0,0.8002124581660224,489.0
2009-08-06 00:00:00-04:00,38.48359554925591,39.41454186281752,38.23579030255939,38.73140335083008,1489700,WHR,41.37688064575195,1,1.0048655770764237,1.0,1.008756842031093,3.0,1.2499731899727007,34.0,1.240178331756768,126.0,0.8082016425477699,490.0
2009-08-07 00:00:00-04:00,39.320761942852194,41.91937547915731,38.9925880431036,41.37688064575195,2805500,WHR,39.48822021484375,0,1.0330237668682898,2.0,1.0603093858296258,3.0,1.3250983253237216,35.0,1.3268847550014908,126.0,0.8635294795400976,491.0
2009-08-10 00:00:00-04:00,41.33672044960054,41.33672044960054,39.37436463079235,39.48822021484375,1762700,WHR,39.2470932006836,0,0.976644307484831,1.0,1.0044638265324857,3.0,1.256964723015359,34.0,1.2683051590167949,126.0,0.824260143204938,491.0
2009-08-11 00:00:00-04:00,39.09975089825617,39.461411599556975,38.818456402936825,39.2470932006836,1350600,WHR,39.81637573242188,1,0.99693749851623,0.0,0.9951092351167315,2.0,1.2417712676259882,34.0,1.2627052997424162,125.0,0.8194010489001037,490.0
2009-08-12 00:00:00-04:00,39.55517536178475,40.53300330745896,39.36094852802193,39.81637573242188,1319600,WHR,39.72932434082031,0,1.0072003232266464,1.0,1.0021237570452664,3.0,1.252522299942105,34.0,1.2832533643537132,125.0,0.8314496661155808,491.0
2009-08-13 00:00:00-04:00,40.17805539702515,40.17805539702515,38.93902401904391,39.72932434082031,1112600,WHR,38.74479293823242,0,0.9989056430263181,1.0,0.994934973972336,2.0,1.2423604293150001,34.0,1.2827920711866496,124.0,0.8297794502184244,491.0
2009-08-14 00:00:00-04:00,39.89006018109595,39.97042896054828,38.34964281984877,38.74479293823242,1978300,WHR,37.17757415771485,0,0.9874540620942965,0.0,0.9832415773561968,1.0,1.204988642289651,34.0,1.2532109525580466,124.0,0.8093562066768853,491.0
2009-08-17 00:00:00-04:00,37.71337263875329,37.94778255805024,36.76903152049396,37.17757415771485,1149100,WHR,38.57065582275391,1,0.9793576143570842,0.0,0.954665627655644,1.0,1.1503443525036796,34.0,1.2046981289053404,124.0,0.7767805894394264,490.0
2009-08-18 00:00:00-04:00,37.30483683039071,38.64432826017224,37.30483683039071,38.57065582275391,1223900,WHR,38.55726623535156,0,1.0183909467640135,1.0,0.9938906839836138,2.0,1.1866520739367634,34.0,1.2519384193140661,124.0,0.8060269945469278,491.0
2009-08-19 00:00:00-04:00,38.08174732147307,38.79837513672024,37.7401755262416,38.55726623535156,832700,WHR,40.9482421875,1,0.9998263976644897,1.0,1.0000348464329964,1.0,1.1801849751100861,33.0,1.2536071664210042,124.0,0.8058808151621116,491.0
2009-08-20 00:00:00-04:00,39.20020590733783,41.00851938870823,39.20020590733783,40.9482421875,1999000,WHR,42.92399978637695,1,1.030073085495309,1.0,1.0553750563040798,2.0,1.2448671350327818,34.0,1.3332999090535214,124.0,0.8559454564067478,492.0
2009-08-21 00:00:00-04:00,41.03531965729743,43.27227041448482,41.03531965729743,42.92399978637695,2613800,WHR,42.8503303527832,0,1.0235567519405566,2.0,1.0829672439113662,3.0,1.2945687970588724,35.0,1.399112629651993,125.0,0.8973061557776345,492.0
2009-08-24 00:00:00-04:00,42.81684357815425,43.41291685313192,42.4149971728525,42.8503303527832,1864200,WHR,42.36809921264648,0,0.9991411249324335,1.0,1.0510234591804242,3.0,1.2829143024165512,34.0,1.3981676123663351,125.0,0.8958276184175079,492.0
2009-08-25 00:00:00-04:00,43.23207407583164,44.17641257391165,42.22745327079426,42.36809921264648,1812800,WHR,41.956764221191406,0,0.9943412341368426,0.0,1.0201907051594417,2.0,1.2599289840796926,33.0,1.3841413780520144,124.0,0.8858196690119385,491.0
2009-08-26 00:00:00-04:00,42.53668775270357,43.08963749847987,41.60611272371053,41.956764221191406,1505700,WHR,43.52121353149414,1,0.9951220200697056,0.0,0.9940126509948455,2.0,1.239800995963294,32.0,1.3726053630815704,123.0,0.8773189422104031,490.0
2009-08-27 00:00:00-04:00,42.93454518984753,43.750483023458216,42.01745950490484,43.52121353149414,2088800,WHR,44.57991027832031,1,1.0183023668953561,1.0,1.0186576769841513,2.0,1.2768476627359022,33.0,1.4254565160079449,124.0,0.9101151563450489,490.0
2009-08-28 00:00:00-04:00,44.11462141663943,44.775466392001775,43.3863445404583,44.57991027832031,2775200,WHR,43.29869079589844,0,1.0120168358931676,2.0,1.0354113907199807,2.0,1.2982559721572904,33.0,1.4620154417052513,124.0,0.932308232306781,491.0
2009-08-31 00:00:00-04:00,43.9190726183238,44.28321111706697,42.98849988468576,43.29869079589844,2142700,WHR,41.95003128051758,0,0.9854205748980936,1.0,1.0035636902876752,2.0,1.2524961260029168,32.0,1.4220368083534314,124.0,0.9056003174778049,490.0
2009-09-01 00:00:00-04:00,43.1908000495233,44.04045138777965,41.91631532505126,41.95003128051758,2049000,WHR,41.20825958251953,0,0.9841797098826662,0.0,0.9741928327139528,2.0,1.2059195252952954,32.0,1.3795203472165727,124.0,0.8775046328820325,489.0
2009-09-02 00:00:00-04:00,41.70051961084784,42.1523189593989,40.89132402183563,41.20825958251953,1468800,WHR,41.95003128051758,1,0.991080003084482,0.0,0.9603053562691305,2.0,1.1779142728535847,31.0,1.3572139388837028,123.0,0.8620985400006401,489.0
2009-09-03 00:00:00-04:00,41.56566372900399,42.07815551259712,40.82390241929487,41.95003128051758,1261700,WHR,43.197540283203125,1,1.008919996915518,1.0,0.9848029786698405,2.0,1.1917118984419357,32.0,1.3845199705922968,123.0,0.8777160337354852,489.0
2009-09-04 00:00:00-04:00,42.06466924294581,43.298690723472326,41.10712014478166,43.197540283203125,1577800,WHR,43.37287521362305,1,1.0146511401297214,2.0,1.0207138652103922,2.0,1.2187882002224275,33.0,1.4277616109090552,124.0,0.9038891412498756,490.0
2009-09-08 00:00:00-04:00,43.59540519351286,43.790961374804574,43.09640020890005,43.37287521362305,1131700,WHR,44.99126815795898,1,1.0020253446793996,2.0,1.0244976821268852,3.0,1.2156833639569748,33.0,1.4359635351726732,124.0,0.9076283731258402,490.0
2009-09-09 00:00:00-04:00,42.88061595751248,45.18007960779058,42.74574953376288,44.99126815795898,1842200,WHR,45.389102935791016,1,1.018315041402375,2.0,1.0476730974608186,4.0,1.2514416749891093,34.0,1.4918694277949869,124.0,0.9415211264298139,491.0
2009-09-10 00:00:00-04:00,45.18006250187023,45.645351359022136,44.195542354271005,45.389102935791016,1024800,WHR,44.43830108642578,0,1.0044017829647918,2.0,1.0367504191446133,5.0,1.252763715520685,34.0,1.5072777701143045,125.0,0.9498267910059387,492.0
2009-09-11 00:00:00-04:00,45.8341625061146,45.95554198368424,44.26971876450818,44.43830108642578,1186600,WHR,45.17332077026367,1,0.9894152362554074,1.0,1.003624468412362,4.0,1.2179018418852385,33.0,1.4778856887633298,125.0,0.9299135994127945,492.0
2009-09-14 00:00:00-04:00,44.20902961416233,45.21378402882933,43.58190312600238,45.17332077026367,1404900,WHR,46.13086700439453,1,1.0082022807824342,1.0,1.011200220105421,4.0,1.2289894965045634,34.0,1.5046649419981484,125.0,0.9452752576827249,492.0
2009-09-15 00:00:00-04:00,45.24749217809518,46.31293364035684,44.97775944597876,46.13086700439453,1417200,WHR,48.72703170776367,1,1.0104874295195978,2.0,1.0200398803908806,4.0,1.245385669457176,35.0,1.5382184210697094,126.0,0.965277874187805,492.0
2009-09-16 00:00:00-04:00,46.13760478359775,48.96304590983932,46.13760478359775,48.72703170776367,3233600,WHR,48.40336990356445,0,1.0273689881245112,2.0,1.0599348191689735,4.0,1.3033513056327957,36.0,1.6262492420420391,126.0,1.0195082251496406,493.0
2009-09-17 00:00:00-04:00,48.774253180453016,49.79248700477304,48.07969462984872,48.40336990356445,2551900,WHR,49.23952102661133,1,0.996667760054217,1.0,1.0392658803129058,3.0,1.282914920378607,36.0,1.6175985200732683,125.0,1.0126553970095675,492.0
2009-09-18 00:00:00-04:00,48.78097691726996,49.46879565364405,48.012241961127664,49.23952102661133,1497600,WHR,47.89761352539063,0,1.0085633589407426,1.0,1.0358621084377357,4.0,1.292954589595867,36.0,1.6466478844217403,126.0,1.0300577799805168,492.0
2009-09-21 00:00:00-04:00,48.76075428137221,49.27324603450805,47.72903118571532,47.89761352539063,1264000,WHR,48.35616683959961,1,0.9861854325082824,1.0,0.9962132213493268,3.0,1.2470427617989222,35.0,1.6030115840335897,126.0,1.0019319459428082,491.0
2009-09-22 00:00:00-04:00,48.38988537180098,48.68658684732511,47.90436731856516,48.35616683959961,847500,WHR,47.12214279174805,0,1.0047640031640332,1.0,0.9965260244794737,3.0,1.2481606176031155,35.0,1.6194515634764766,127.0,1.011474592294038,491.0
2009-09-23 00:00:00-04:00,48.69333173426941,48.73378985725642,47.08168466876104,47.12214279174805,1654600,WHR,46.52872848510742,0,0.9870753467188907,1.0,0.9775615022061158,2.0,1.2070440486660254,34.0,1.5794740376478853,126.0,0.9856312697991986,491.0
2009-09-24 00:00:00-04:00,47.45256161292723,47.83692916418912,45.847654352266176,46.52872848510742,1501900,WHR,45.73301696777344,0,0.993663547401643,0.0,0.9728175260539086,2.0,1.1827424487301248,34.0,1.5612337118010728,125.0,0.9731967255747064,491.0
2009-09-25 00:00:00-04:00,46.002749740590765,46.48826770271701,45.31493091267034,45.73301696777344,1721400,WHR,47.10190200805664,1,0.9913754989846755,0.0,0.970409723488211,1.0,1.154817364457035,33.0,1.5360855771562094,125.0,0.9565312312168538,491.0
2009-09-28 00:00:00-04:00,45.8543937940745,47.39186382166109,45.7599881007823,47.10190200805664,1105500,WHR,47.40535736083984,1,1.0147453679648237,1.0,1.002842562531259,2.0,1.1804635679677384,34.0,1.582923031819629,126.0,0.9851088555162976,492.0
2009-09-29 00:00:00-04:00,47.1153955223301,48.2145505570543,47.047958468708174,47.40535736083984,869400,WHR,47.17607116699219,0,1.0032109210954758,2.0,1.0134064038877395,2.0,1.1786938068999833,35.0,1.5943573378261897,126.0,0.991400620414238,492.0
2009-09-30 00:00:00-04:00,47.60089671946782,48.02572741666706,46.62986615027729,47.17607116699219,1422300,WHR,45.26097869873047,0,0.9975757799663579,1.0,1.0082723683668569,2.0,1.1637235316443395,35.0,1.5870918887718148,126.0,0.9865452733752228,492.0
2009-10-01 00:00:00-04:00,47.19630025041349,47.20304498307655,44.90357989371934,45.26097869873047,1847700,WHR,44.85638046264648,0,0.9792821983063755,0.0,0.9726125754806155,2.0,1.1086496985289171,34.0,1.522791164485692,126.0,0.9464403571410253,492.0
2009-10-02 00:00:00-04:00,44.67431382469985,45.1530869856807,44.080905923355424,44.85638046264648,1398600,WHR,46.51524353027344,1,0.9955103185462918,0.0,0.967563567675951,2.0,1.0914620140756577,33.0,1.509251304068374,126.0,0.9379368276017968,491.0
2009-10-05 00:00:00-04:00,44.81593058845887,46.65010735022224,44.81593058845887,46.51524353027344,1576400,WHR,45.71278381347656,0,1.0181551229488435,1.0,1.0058914522821139,2.0,1.1239402771251332,33.0,1.5643873442833134,127.0,0.9725430241542008,492.0
2009-10-06 00:00:00-04:00,47.00749483330139,47.50649707422307,45.07891262587047,45.71278381347656,1633700,WHR,45.94881820678711,1,0.9912991772684678,1.0,0.9958281085592259,1.0,1.0977396189838642,32.0,1.5369214699706237,126.0,0.9557173782031892,491.0
2009-10-07 00:00:00-04:00,45.48352913977207,46.11065586911675,44.97104235160714,45.94881820678711,945000,WHR,46.940067291259766,1,1.0025750629282955,1.0,1.0063509554430043,2.0,1.0971621527073694,32.0,1.5439547632243376,127.0,0.9606021953254124,491.0
2009-10-08 00:00:00-04:00,46.62987640216713,47.877384692679314,46.11738464662397,46.940067291259766,1304100,WHR,47.54023361206055,1,1.0106713422080351,2.0,1.0205547482663464,3.0,1.114824009680886,32.0,1.5764593638966173,127.0,0.9812520616127189,492.0
2009-10-09 00:00:00-04:00,46.81870119423392,47.621155010735706,46.24552210161532,47.54023361206055,894200,WHR,48.13362121582031,1,1.0063522905310698,2.0,1.021680063059854,4.0,1.1241360637223015,32.0,1.5962925616733947,127.0,0.9937344935156017,492.0
2009-10-12 00:00:00-04:00,47.83017510362637,48.58542573460165,47.71554036299523,48.13362121582031,830700,WHR,48.43707275390625,1,1.0062021918613742,2.0,1.0272865975358716,4.0,1.1328483350346739,33.0,1.6152228486498321,128.0,1.0060757214683491,492.0
2009-10-13 00:00:00-04:00,47.71554063997483,48.61913939333468,47.69531158500768,48.43707275390625,1000600,WHR,49.13164138793945,1,1.003142273557453,2.0,1.0218799779726007,5.0,1.1349032316028018,33.0,1.6235972068036124,129.0,1.012353708145653,492.0
2009-10-14 00:00:00-04:00,49.239531418642,49.64413318177068,48.32918774105274,49.13164138793945,1292600,WHR,49.49576187133789,1,1.0071187638388206,2.0,1.0227975292633606,5.0,1.1460760260882468,33.0,1.6449551799818911,129.0,1.026808863130578,492.0
2009-10-15 00:00:00-04:00,48.73376662024219,49.56319375907225,48.39660203684714,49.49576187133789,1270700,WHR,49.04397964477539,0,1.0036918794510001,2.0,1.0195291715947774,5.0,1.1476511776471137,34.0,1.6550077877198235,130.0,1.0343479590403024,493.0
2009-10-16 00:00:00-04:00,49.037234910236,49.59692954832915,48.30895792173347,49.04397964477539,1208200,WHR,49.73854446411133,1,0.9954152282154238,1.0,1.0040034926111563,4.0,1.1317252691494963,33.0,1.6379094352010495,129.0,1.0248572944602417,492.0
2009-10-19 00:00:00-04:00,49.23953693890211,49.893637365269726,48.75402402922192,49.73854446411133,795700,WHR,49.22605514526367,0,1.0070312519911957,1.0,1.0115751756054512,4.0,1.1420152822183136,33.0,1.6585042192348503,130.0,1.0392888974962395,493.0
2009-10-20 00:00:00-04:00,49.61716750306986,49.8734108695329,48.80122939816617,49.22605514526367,916400,WHR,48.43707275390625,0,0.9948214884830484,1.0,0.9979495822874027,3.0,1.1251644435997972,32.0,1.6382459549833521,130.0,1.0285374494718063,492.0
2009-10-21 00:00:00-04:00,49.0911729697058,49.78573129543966,48.38312517751114,48.43707275390625,1422400,WHR,49.59016799926758,1,0.991921389286528,0.0,0.9847278664840677,2.0,1.1022900286888668,32.0,1.6086795988867229,130.0,1.012036233439911,491.0
2009-10-22 00:00:00-04:00,48.4438053183456,50.31844474083354,48.05943789552855,49.59016799926758,1758400,WHR,52.011009216308594,1,1.0117630082873061,1.0,1.0077835007478044,2.0,1.122944941215793,33.0,1.6430726585997788,131.0,1.03609829888871,491.0
2009-10-23 00:00:00-04:00,51.67384461713571,53.46756275420273,50.91185447510545,52.011009216308594,4534000,WHR,52.36843490600586,1,1.0238269012563161,2.0,1.0443858233806493,3.0,1.1711363220845652,33.0,1.718785417323271,131.0,1.0866034652773664,491.0
2009-10-26 00:00:00-04:00,52.32797163491384,54.2228411537586,52.13241544960187,52.36843490600586,2742400,WHR,50.439849853515625,0,1.003424291944671,2.0,1.040572758967833,3.0,1.1729633783895637,33.0,1.725401039699747,132.0,1.0939925027924027,491.0
2009-10-27 00:00:00-04:00,52.35494320944258,52.51678085275556,50.17686175385983,50.439849853515625,2294400,WHR,48.37637710571289,0,0.9812409568255965,1.0,0.9974400065948321,3.0,1.1245615173526564,33.0,1.6570207533716708,132.0,1.0536652732859264,491.0
2009-10-28 00:00:00-04:00,50.00825773833866,50.64212371070243,48.07293101269902,48.37637710571289,2880600,WHR,50.47356033325195,1,0.9791180779584499,0.0,0.9568648560698833,3.0,1.0746565512706596,32.0,1.5853156703480462,131.0,1.0105771675605448,490.0
2009-10-29 00:00:00-04:00,49.24628089068829,50.89164646116563,48.88888709097245,50.47356033325195,1692500,WHR,48.27522277832031,0,1.021215827565232,1.0,0.99486957980171,3.0,1.1162366320009085,33.0,1.6496334549522296,131.0,1.0543248172466355,491.0
2009-10-30 00:00:00-04:00,50.10265935514606,50.14311745900736,47.93131860605269,48.27522277832031,1779000,WHR,48.18758392333984,0,0.9777380795422276,1.0,0.9657615606986925,2.0,1.0638773538521633,32.0,1.5742227306676997,130.0,1.0083895844502504,491.0
2009-11-02 00:00:00-05:00,48.8214552795354,49.19907814123881,47.37164587160175,48.18758392333984,1799100,WHR,50.16336441040039,1,0.9990914751708238,0.0,0.9804084494117031,1.0,1.059296115688973,31.0,1.5680194372749443,129.0,1.0065608012877745,490.0
2009-11-03 00:00:00-05:00,48.05271520869323,50.33194676294098,47.85041432775447,50.16336441040039,1951600,WHR,48.49102020263672,0,1.0200890842491523,1.0,1.0217565511059354,2.0,1.0984330858152962,32.0,1.628073640061336,130.0,1.0477862013928259,491.0
2009-11-04 00:00:00-05:00,50.7567618133016,50.7567618133016,48.33592220709013,48.49102020263672,1759000,WHR,49.79921340942383,1,0.9830484553289416,1.0,0.9872322120693676,2.0,1.058243489284186,32.0,1.5696240090692464,130.0,1.0128495537312392,490.0
2009-11-05 00:00:00-05:00,48.66634007897056,49.88687950336038,48.538221021617154,49.79921340942383,1550000,WHR,47.75600051879883,0,1.013309493310906,1.0,1.016657366531219,2.0,1.0828609605693824,32.0,1.6075675022616123,130.0,1.0401371757884144,491.0
2009-11-06 00:00:00-05:00,49.199064800112986,49.90036788505362,47.12887406796797,47.75600051879883,2991300,WHR,49.59016799926758,1,0.9790558309663662,1.0,0.977016184008508,2.0,1.0354202622466617,32.0,1.5375116035852605,130.0,0.9974715535851044,490.0
2009-11-09 00:00:00-05:00,48.43032099856399,49.65085515536976,47.94480317085335,49.59016799926758,2207300,WHR,49.83296585083008,1,1.0188417018193001,1.0,1.00875132424284,3.0,1.0709904313266476,33.0,1.5918656982317199,131.0,1.0357660069055976,490.0
2009-11-10 00:00:00-05:00,49.38790577943344,50.02177734364296,48.673117943862586,49.83296585083008,962500,WHR,50.19032669067383,1,1.0024420659675501,2.0,1.0150546738421555,3.0,1.0713537869343155,34.0,1.5945050835037253,132.0,1.0408163609754557,491.0
2009-11-11 00:00:00-05:00,50.527491318410526,51.19507584080648,49.85316206293713,50.19032669067383,1293200,WHR,49.43507385253906,0,1.0035727762080564,2.0,1.0153051716302728,4.0,1.074562707032762,34.0,1.6012050338803883,132.0,1.0482702673075623,491.0
2009-11-12 00:00:00-05:00,49.98128402335698,50.770247982098326,49.26649154624098,49.43507385253906,1270400,WHR,50.0756950378418,1,0.9924190735091983,1.0,1.0015025426932207,3.0,1.0543006378041293,34.0,1.572303623319092,132.0,1.0325128711347722,490.0
2009-11-13 00:00:00-05:00,49.7789885008376,50.43983347560397,49.34067342882437,50.0756950378418,1040200,WHR,51.20857238769531,1,1.0064377071189996,1.0,1.0050346197193287,4.0,1.0645095096310608,34.0,1.5875069097638472,133.0,1.0459086772464277,490.0
2009-11-16 00:00:00-05:00,50.675851584843855,51.30297808493737,50.20381795390888,51.20857238769531,1357300,WHR,50.95232009887695,0,1.0111851265615994,2.0,1.0211381209416115,4.0,1.0854063131435403,34.0,1.6179338304643844,134.0,1.069555534431976,491.0
2009-11-17 00:00:00-05:00,51.09392863405755,51.147876212619,50.2712512122547,50.95232009887695,1050900,WHR,49.76548004150391,0,0.9974916792269406,1.0,1.0115127036398173,3.0,1.076892630527057,34.0,1.604002338958687,134.0,1.0641809412569554,491.0
2009-11-18 00:00:00-05:00,50.803112996601335,50.9048371522464,49.56880471697571,49.76548004150391,1534500,WHR,47.96151351928711,0,0.9882161836763829,0.0,0.9896207012368385,2.0,1.0490747666614322,34.0,1.5608199712764173,134.0,1.0393936113928481,491.0
2009-11-19 00:00:00-05:00,49.37892565001056,49.507783179774506,47.8123111530699,47.96151351928711,2008400,WHR,47.24262237548828,0,0.9815407549491979,0.0,0.9593700272468586,2.0,1.0089179637038157,34.0,1.4991399077897456,133.0,1.0017586093468274,490.0
2009-11-20 00:00:00-05:00,47.73091384202269,48.029318494489786,46.72719756872747,47.24262237548828,1826500,WHR,48.429466247558594,1,0.9924489504889432,0.0,0.9558233557844262,1.0,0.9925004356117809,33.0,1.4723305489297478,132.0,0.9868376289749349,489.0
2009-11-23 00:00:00-05:00,48.137844847222496,48.72786581071012,47.90725795724577,48.429466247558594,1563700,WHR,49.90792083740234,1,1.012405330427629,1.0,0.9909799124362226,1.0,1.0160647918865144,33.0,1.5048372295813672,132.0,1.011700354697158,490.0
2009-11-24 00:00:00-05:00,49.11444103170268,49.941832353545095,48.4294739383231,49.90792083740234,2080300,WHR,51.16934585571289,1,1.0150345116305195,2.0,1.0256162012945733,2.0,1.0446689213768912,34.0,1.546089808285414,132.0,1.0426062483921363,491.0
2009-11-25 00:00:00-05:00,50.32839314374533,51.48131727506188,49.92148087499781,51.16934585571289,1680900,WHR,50.59288024902344,0,1.0124798093535752,2.0,1.0455061947027915,3.0,1.0676391289410936,35.0,1.5801737195788754,132.0,1.068956687863342,491.0
2009-11-27 00:00:00-05:00,49.98929266908793,51.20325116529799,49.399266587660925,50.59288024902344,972400,WHR,50.294471740722656,0,0.994335171028038,1.0,1.022730309957314,3.0,1.0521775250543615,35.0,1.5572022779194354,132.0,1.056909480847747,491.0
2009-11-30 00:00:00-05:00,50.42332406315707,50.74207355001606,49.704445764568646,50.294471740722656,1154000,WHR,52.20019912719727,1,0.9970421613570439,0.0,1.0043063068901688,3.0,1.0429549843551276,34.0,1.5431392901206944,131.0,1.0506860924224442,490.0
2009-12-01 00:00:00-05:00,50.67427414118333,52.28836181924334,50.67427414118333,52.20019912719727,2698100,WHR,53.66508865356445,1,1.018593429007938,1.0,1.0268966329991296,3.0,1.0791163649349282,34.0,1.5961922711184284,132.0,1.0904754175448117,490.0
2009-12-02 00:00:00-05:00,52.52573103389287,53.8414192257271,52.26802110086357,53.66508865356445,1546400,WHR,52.274784088134766,0,1.0138372979196058,2.0,1.0403356759849012,3.0,1.1054793466644384,34.0,1.6354168011073107,132.0,1.1210184756439423,491.0
2009-12-03 00:00:00-05:00,54.11267476865594,54.25509376889903,52.20696625575743,52.274784088134766,2110000,WHR,53.29884719848633,1,0.9868764750282502,1.0,1.0090588731767327,2.0,1.0741535735786736,33.0,1.588378209496146,131.0,1.0919578139577235,490.0
2009-12-04 00:00:00-05:00,53.42092137087841,53.98381923102908,52.383293492630266,53.29884719848633,2193900,WHR,52.99367141723633,0,1.009699989456376,1.0,1.0181896744990275,3.0,1.0922375338082482,33.0,1.6147150754930408,131.0,1.1133261815633622,490.0
2009-12-07 00:00:00-05:00,53.34633248411118,54.25510297534672,52.674921859389,52.99367141723633,1637600,WHR,52.03742980957031,0,0.997128906293459,1.0,1.0020260989788763,3.0,1.0828196094398015,33.0,1.600587703764709,131.0,1.1069141944444174,490.0
2009-12-08 00:00:00-05:00,52.7969979673689,52.82412614074314,51.86788260660884,52.03742980957031,1412700,WHR,51.33888626098633,0,0.9908956338027811,0.0,0.9845511224054571,2.0,1.060801027137024,32.0,1.5671844669090755,130.0,1.0869223727275237,490.0
2009-12-09 00:00:00-05:00,52.05776985380066,52.51893841036909,50.8370280351873,51.33888626098633,2171600,WHR,51.27785110473633,0,0.9932427119176194,0.0,0.9799606209380385,1.0,1.0447124038248545,31.0,1.5415609146343319,130.0,1.0723158550714378,490.0
2009-12-10 00:00:00-05:00,51.86109383574554,51.86109383574554,51.0608309146517,51.27785110473633,1175800,WHR,50.72173309326172,0,0.9994052124651706,0.0,0.982535013795945,1.0,1.0425684269195021,30.0,1.5352052629984367,129.0,1.071020434430749,490.0
2009-12-11 00:00:00-05:00,51.29140911316079,51.70510463082664,50.47758474925665,50.72173309326172,1595600,WHR,51.81364059448242,1,0.9945478404069267,0.0,0.981573270457435,0.0,1.03045204513234,30.0,1.5138244407283041,129.0,1.0594161533040878,489.0
2009-12-14 00:00:00-05:00,51.04728371360952,51.88145845959532,51.0269388714928,51.81364059448242,1343600,WHR,52.52574157714844,1,1.0106490810141868,1.0,1.0073045820723148,1.0,1.0517183429921035,30.0,1.5418606306027518,129.0,1.0822133389288253,489.0
2009-12-15 00:00:00-05:00,50.97269315493611,52.68172734040475,50.97269315493611,52.52574157714844,1104600,WHR,52.55963516235352,1,1.006824853356853,2.0,1.019213351883307,2.0,1.0645059379461914,31.0,1.5585062880426728,129.0,1.0970562408346685,490.0
2009-12-16 00:00:00-05:00,52.71562087237347,52.946202594645314,52.34939827743858,52.55963516235352,1134700,WHR,53.6854362487793,1,1.0003225337935373,2.0,1.0150621681875074,3.0,1.0636826029469548,31.0,1.554855920441789,130.0,1.0977233270665614,491.0
2009-12-17 00:00:00-05:00,52.12559969629257,53.73290926520259,51.73224888925912,53.6854362487793,1823900,WHR,54.72304534912109,1,1.0105962664570982,2.0,1.0272515345252804,4.0,1.084066290863291,32.0,1.5833538968688372,130.0,1.1211741106739206,491.0
2009-12-18 00:00:00-05:00,53.793925010029895,54.92649884528917,53.42091917246837,54.72304534912109,2118700,WHR,56.66267776489258,1,1.0095712907795387,2.0,1.0313135808341911,5.0,1.101979633399386,33.0,1.6086129173609969,131.0,1.1427650126725042,491.0
2009-12-21 00:00:00-05:00,54.7705303433976,56.6830226015479,54.49925378159663,56.66267776489258,1657300,WHR,56.7304916381836,1,1.017413653756919,2.0,1.0487008491891017,5.0,1.1368684634241908,34.0,1.659613963280643,132.0,1.1831336207216123,492.0
2009-12-22 00:00:00-05:00,56.57450594446859,57.65282877920092,56.28288456643856,56.7304916381836,1545200,WHR,56.20829772949219,0,1.0005980419600935,2.0,1.0338647341886886,5.0,1.1345759959597153,34.0,1.6556405022210414,132.0,1.1843951697027697,493.0
2009-12-23 00:00:00-05:00,56.79832397256548,56.79832397256548,55.67931118185387,56.20829772949219,851500,WHR,56.255767822265625,1,0.9953763103747164,1.0,1.0109044296106513,4.0,1.1208436208118115,33.0,1.634653412306027,131.0,1.1733585370915411,492.0
2009-12-24 00:00:00-05:00,56.36428053109615,56.452443226392894,55.970929722841625,56.255767822265625,229200,WHR,56.038761138916016,0,1.0004220912034483,1.0,1.0024896931695138,4.0,1.1184152635411375,34.0,1.6301578711830307,132.0,1.1742156942086122,492.0
2009-12-28 00:00:00-05:00,56.459240226124805,57.06282808607995,55.720016621481406,56.038761138916016,700000,WHR,55.72676467895508,0,0.9980675222082759,1.0,0.9939616368350126,3.0,1.1101364560116092,34.0,1.6183081235328234,131.0,1.1695656632044946,491.0
2009-12-29 00:00:00-05:00,56.32357405115435,56.486337891677245,55.62503533831482,55.72676467895508,679100,WHR,55.4283561706543,0,0.9972084732060461,0.0,0.9917203198826916,2.0,1.1000077574782656,34.0,1.6039665890951658,130.0,1.162961283139118,490.0
2009-12-30 00:00:00-05:00,55.34018834179731,55.5911199847596,54.76372907062441,55.4283561706543,636500,WHR,54.702728271484375,0,0.9973153867674299,0.0,0.9910026991575154,1.0,1.0909184676345334,33.0,1.5904340502171934,129.0,1.1566208459750846,490.0
2009-12-31 00:00:00-05:00,55.62506056891478,55.909903886741525,54.634905230848005,54.702728271484375,534100,WHR,55.57756805419922,1,0.9934112344135578,0.0,0.983323037693097,1.0,1.073471349620087,33.0,1.5652260242078984,128.0,1.1413843039368101,490.0
2010-01-04 00:00:00-05:00,55.19100065932825,55.767465257544906,54.59419639989388,55.57756805419922,1010100,WHR,55.46227645874024,0,1.0079328747914427,1.0,1.0014908124399189,1.0,1.0872151088997606,33.0,1.5859420862181006,128.0,1.1595031760739014,491.0
2010-01-05 00:00:00-05:00,55.55722247205202,55.57756730716602,54.63488533630644,55.46227645874024,1209300,WHR,54.97399520874024,0,0.9989617096820994,1.0,1.0014940126594725,1.0,1.0819535081022364,32.0,1.5779454351478044,128.0,1.156955798831347,491.0
2010-01-06 00:00:00-05:00,55.42838574238339,55.90989928104093,54.84514282532302,54.97399520874024,1335100,WHR,56.154029846191406,1,0.995578615226434,0.0,0.995383047057708,1.0,1.0698423985281889,31.0,1.5596544864437145,127.0,1.1466449741665095,490.0
2010-01-07 00:00:00-05:00,55.428368100007454,56.62197655922719,54.97397771099287,56.154029846191406,1567300,WHR,57.34764862060547,1,1.0106186953009186,1.0,1.0140843824589283,2.0,1.089971456846968,31.0,1.5882394961175013,128.0,1.1710947220811,491.0
2010-01-08 00:00:00-05:00,55.90310820458633,57.46294465972731,55.90310820458633,57.34764862060547,1357200,WHR,56.98141860961914,0,1.0105163094549587,2.0,1.025840157145338,3.0,1.1099405128463402,31.0,1.616616369399848,129.0,1.1958054606522626,491.0
2010-01-11 00:00:00-05:00,57.52397169938943,57.76133673585028,56.8864725950348,56.98141860961914,848100,WHR,55.84884262084961,0,0.9967967025371698,1.0,1.0141952629397892,2.0,1.1000667405653641,30.0,1.6010521354613718,128.0,1.187985140309038,491.0
2010-01-12 00:00:00-05:00,56.452430195423126,56.452430195423126,55.30629472444609,55.84884262084961,852600,WHR,56.33712768554688,1,0.9899621256175583,0.0,0.9926708912044578,2.0,1.0760020163996533,29.0,1.5640634361402488,128.0,1.1642347439713108,490.0
2010-01-13 00:00:00-05:00,56.33712768554688,56.5338030035559,55.631810909497815,56.33712768554688,721300,WHR,56.40495300292969,1,1.0043524610373624,1.0,0.9965209176788126,3.0,1.0828735272418426,30.0,1.572325606911726,129.0,1.1742605294274386,491.0
2010-01-14 00:00:00-05:00,56.16080465671164,56.96785086638624,56.12011499039836,56.40495300292969,592500,WHR,55.81496047973633,0,1.0006015971762152,2.0,0.9968357643332482,3.0,1.0818667639833104,30.0,1.5688874307957497,129.0,1.1755175513105502,492.0
2010-01-15 00:00:00-05:00,56.3846367940009,56.86615039510694,55.57759017462096,55.81496047973633,728600,WHR,56.045536041259766,1,0.9947425327209463,1.0,0.9917817897954629,2.0,1.068300348287629,30.0,1.5468889849921004,129.0,1.163080401713858,492.0
2010-01-19 00:00:00-05:00,55.611495514591766,56.07944755941276,55.16388831099409,56.045536041259766,703800,WHR,55.17742538452149,0,1.0020612778299278,1.0,0.9992022161122992,3.0,1.0701162889241724,31.0,1.5478562770887228,129.0,1.1677360717131438,493.0
2010-01-20 00:00:00-05:00,55.78101282977955,55.78101282977955,54.268649962137424,55.17742538452149,981200,WHR,53.46163558959961,0,0.9921948611544789,1.0,0.9860859402555804,3.0,1.0516709549442007,30.0,1.5185705687027171,129.0,1.149514703867907,493.0
2010-01-21 00:00:00-05:00,55.102851588971625,55.33343334586493,52.96655538484191,53.46163558959961,1368200,WHR,52.60711288452149,0,0.9842065111798914,0.0,0.9653442533933859,2.0,1.018499000979202,29.0,1.4665410072265859,128.0,1.1136723194007216,493.0
2010-01-22 00:00:00-05:00,53.014025190603846,53.54979504371106,51.501666837733104,52.60711288452149,2366900,WHR,52.03064727783203,0,0.9919436901314377,0.0,0.9631239107304423,1.0,1.0021435200611015,28.0,1.438623091196697,127.0,1.0957926065061079,493.0
2010-01-25 00:00:00-05:00,53.807498680895335,53.8414101916804,51.56269533468264,52.03064727783203,1076100,WHR,51.61016845703125,0,0.9944908453143968,0.0,0.9659548472519746,1.0,0.9906617404567728,28.0,1.4185373355237354,127.0,1.083801120291309,492.0
2010-01-26 00:00:00-05:00,51.77971566298351,52.52572233433939,51.1015268391745,51.61016845703125,996300,WHR,51.4609603881836,0,0.9959429225077072,0.0,0.9741922118604605,0.0,0.9816484822886066,28.0,1.403123817003891,126.0,1.0750712363648762,491.0
2010-01-27 00:00:00-05:00,51.39992588440253,51.79327660044561,50.55218994853529,51.4609603881836,848700,WHR,51.325340270996094,0,0.9985523776588136,0.0,0.9851984726752283,0.0,0.9785041933930217,27.0,1.3946727732037152,126.0,1.0720066959927947,490.0
2010-01-28 00:00:00-05:00,51.57627204680142,52.13916494652896,50.69462433649823,51.325340270996094,1024900,WHR,50.9862174987793,0,0.9986805623286591,0.0,0.9907057537133637,0.0,0.9749830194845769,27.0,1.3865575764547038,126.0,1.0692206500123056,490.0
2010-01-29 00:00:00-05:00,51.62371641780528,52.206959008793255,50.77598069534231,50.9862174987793,1282300,WHR,51.5830307006836,1,0.9966853913711303,0.0,0.9903569626274321,0.0,0.9676835784677194,27.0,1.373051496097256,126.0,1.062240584668193,489.0
2010-02-01 00:00:00-05:00,51.29140935365294,51.75936121088494,51.087955848807525,51.5830307006836,1160200,WHR,55.76744079589844,1,1.0058186367978803,1.0,1.0036947971023615,1.0,0.9785712367880114,27.0,1.3847939381976373,126.0,1.0747143621844024,490.0
2010-02-02 00:00:00-05:00,53.48194376343137,56.472752259413696,53.47516042988772,55.76744079589844,5826000,WHR,55.66572570800781,0,1.0389789633606599,2.0,1.067838585749905,2.0,1.0555244327956887,28.0,1.4917437476420918,127.0,1.1618353878167649,491.0
2010-02-03 00:00:00-05:00,55.109611221233216,55.998036698183554,54.64844273165168,55.66572570800781,2072800,WHR,53.325984954833984,0,0.9990872099296662,1.0,1.0489992973668734,2.0,1.0516530397114938,27.0,1.4838523494139442,126.0,1.1596377864122331,491.0
2010-02-04 00:00:00-05:00,54.885821307604274,54.97398399133927,53.15643775014896,53.325984954833984,2354100,WHR,51.62373352050781,0,0.978532855948911,0.0,0.9973872028376849,2.0,1.005686176652434,27.0,1.4170096389396185,125.0,1.110906510413459,490.0
2010-02-05 00:00:00-05:00,53.20390949831587,53.64473325487312,49.71124130399833,51.62373352050781,2661100,WHR,51.27785110473633,0,0.9837803144300371,0.0,0.9632518633856609,2.0,0.9729611442930421,26.0,1.3677895239280593,124.0,1.0754939402307986,489.0
2010-02-08 00:00:00-05:00,51.67120181619268,52.47824289929236,50.35551400333429,51.27785110473633,1987600,WHR,52.81734848022461,1,0.9966387066143719,0.0,0.9578889278823247,1.0,0.9660038036911665,25.0,1.354464195115272,124.0,1.0683605582575075,488.0
2010-02-09 00:00:00-05:00,52.08490841708371,53.05471872921726,50.98624056111651,52.81734848022461,1725000,WHR,52.65457534790039,0,1.014789321521323,1.0,0.9976430816747452,1.0,0.9941857767233115,25.0,1.3905776358568271,125.0,1.1004735658475169,489.0
2010-02-10 00:00:00-05:00,52.86481220950469,53.38023712013456,51.80005605446634,52.65457534790039,1134600,WHR,54.48565673828125,1,0.9984567160016018,1.0,1.0060121756859675,1.0,0.9901218440966004,25.0,1.3817665071537095,125.0,1.0971263568517056,488.0
2010-02-11 00:00:00-05:00,52.85122528987962,54.5806078800319,52.48500291170029,54.48565673828125,1273100,WHR,55.048583984375,1,1.0170905117034652,1.0,1.0364039750821663,2.0,1.0231396094407026,25.0,1.4247709829446429,126.0,1.1353066293630274,488.0
2010-02-12 00:00:00-05:00,53.5972603576037,55.1028403305012,53.5972603576037,55.048583984375,1163000,WHR,55.82172775268555,1,1.0051392810355906,2.0,1.0336441684053137,3.0,1.0324695123901675,25.0,1.434199669217689,127.0,1.1470429327548477,489.0
2010-02-16 00:00:00-05:00,54.50604478038744,55.8759841075065,54.04487611275088,55.82172775268555,1473700,WHR,56.33035659790039,1,1.0069734066423852,2.0,1.0305756781162045,4.0,1.0453790734138229,26.0,1.448761528262432,128.0,1.1631415176437563,489.0
2010-02-17 00:00:00-05:00,55.74711385194026,56.43208594645987,55.631823004852,56.33035659790039,975500,WHR,57.34764862060547,1,1.0045351706850572,2.0,1.0266488976202104,4.0,1.0527471184882273,27.0,1.4560238208526737,129.0,1.1737192149310147,489.0
2010-02-18 00:00:00-05:00,56.21507446078045,57.54432401184815,55.63183162445263,57.34764862060547,1501500,WHR,57.4222297668457,1,1.0089488905153612,2.0,1.0276105067321755,5.0,1.068634837209991,28.0,1.4761773333147818,129.0,1.1948532985689866,490.0
2010-02-19 00:00:00-05:00,56.92037163197764,57.74097924918373,56.92037163197764,57.4222297668457,1175900,WHR,57.32051086425781,0,1.00064983205775,2.0,1.0182309896248742,5.0,1.0666523828066148,29.0,1.4717865642703565,130.0,1.1963509689980898,490.0
2010-02-22 00:00:00-05:00,57.578225900685375,57.72742825352879,57.05601766573341,57.32051086425781,1336600,WHR,56.23539733886719,0,0.9991135046798741,1.0,1.0083030543925546,4.0,1.0618400635057312,28.0,1.4630519831208693,129.0,1.1941718581107854,490.0
2010-02-23 00:00:00-05:00,56.974625601708354,57.32728139625067,55.88952487907618,56.23539733886719,1211700,WHR,56.95804977416992,1,0.9904442354205859,0.0,0.9877776869482946,3.0,1.0397076208369007,27.0,1.42944472595098,129.0,1.1715321331927369,490.0
2010-02-24 00:00:00-05:00,56.59673163767419,57.02622114291066,55.79911570100939,56.95804977416992,1121100,WHR,56.99893951416016,1,1.0063842250036001,1.0,0.9982698371552133,3.0,1.0511933181236581,27.0,1.4417551926526315,130.0,1.1865183233198746,491.0
2010-02-25 00:00:00-05:00,55.96271620409191,57.12165003242768,55.94226531790415,56.99893951416016,1205500,WHR,57.37389373779297,1,1.0003588173068243,2.0,1.0002090662287701,3.0,1.0498792187066075,28.0,1.4366431739614394,131.0,1.1872623993388387,492.0
2010-02-26 00:00:00-05:00,56.95122298979308,57.56477562361831,56.57627271324953,57.37389373779297,1013700,WHR,58.55327224731445,1,1.0032783503999312,2.0,1.0069595275062133,3.0,1.054493875615912,29.0,1.4398758618167309,132.0,1.1949511254207135,493.0
2010-03-01 00:00:00-05:00,57.605676330862565,58.573723134539264,57.03984417898376,58.55327224731445,884200,WHR,58.88731002807617,1,1.0101734438127556,2.0,1.023230878713396,4.0,1.0740798123169895,29.0,1.4628704927226057,133.0,1.219372577289615,493.0
2010-03-02 00:00:00-05:00,58.86685914276604,59.269078958047885,58.56690415631628,58.88731002807617,961600,WHR,59.09865951538086,1,1.0028443130499678,2.0,1.019617883065254,5.0,1.0784853960411545,29.0,1.4647101898075316,133.0,1.2261727765719421,494.0
2010-03-03 00:00:00-05:00,58.96231158479614,59.6644865235968,58.689620924768434,59.09865951538086,884900,WHR,58.287391662597656,0,1.0017913103407337,2.0,1.0157477909210433,5.0,1.0801063597053029,30.0,1.46334182768215,134.0,1.2304160545608849,494.0
2010-03-04 00:00:00-05:00,59.18044827984679,59.28270790193909,58.15786246120472,58.287391662597656,1046200,WHR,59.08502960205078,1,0.9930888905057963,1.0,0.9973868326470394,4.0,1.0636630878593034,29.0,1.4368641457641014,134.0,1.213417387774692,493.0
2010-03-05 00:00:00-05:00,58.757804929503536,59.30318111746308,58.491932932630505,59.08502960205078,796600,WHR,59.22135543823242,1,1.0067957867006478,1.0,1.0051494552448181,4.0,1.0762249971913351,30.0,1.449917756170795,135.0,1.229908306612679,493.0
2010-03-08 00:00:00-05:00,59.20089935283638,59.45995775644842,58.805503454567216,59.22135543823242,838400,WHR,59.48042678833008,1,1.0011523117381638,2.0,1.005183760812759,4.0,1.076360714480544,31.0,1.4470279524472995,135.0,1.2326048358614394,494.0
2010-03-09 00:00:00-05:00,59.153196936980606,60.046259030693726,58.99640330908931,59.48042678833008,998900,WHR,59.26906967163086,0,1.0021825396825397,2.0,1.0075524250852586,4.0,1.0784097770534307,32.0,1.4472341334545886,135.0,1.237828155185147,495.0
2010-03-10 00:00:00-05:00,59.357691894469454,59.82808298746332,58.9622908366236,59.26906967163086,829300,WHR,58.98956298828125,0,0.9982201430490235,1.0,1.0033929169423135,3.0,1.0719891853477665,32.0,1.436214812032449,134.0,1.2332881307510777,494.0
2010-03-11 00:00:00-05:00,59.22135179825904,59.22135179825904,58.46463792046998,58.98956298828125,939700,WHR,58.62825775146485,0,0.9976364796627286,0.0,0.9962923612994096,3.0,1.064281275360902,32.0,1.4236239691613515,134.0,1.2273269339728243,494.0
2010-03-12 00:00:00-05:00,59.1259185069269,59.23499163070851,58.34193495025474,58.62825775146485,891400,WHR,58.82597351074219,1,0.9969281420575216,0.0,0.9917203055896091,2.0,1.055599587390853,31.0,1.4091956100383423,134.0,1.2196914440299875,493.0
2010-03-15 00:00:00-04:00,58.41694008890128,59.82810877499481,57.91927920488104,58.82597351074219,1434000,WHR,60.03941345214844,1,1.0016833430107424,1.0,0.996397536156127,2.0,1.0571607939049592,31.0,1.4082660736693675,134.0,1.223672609024107,494.0
2010-03-16 00:00:00-04:00,58.873666405580856,60.14849175414152,58.58734366455858,60.03941345214844,998500,WHR,60.40755081176758,1,1.0102085221981827,2.0,1.0150287596292955,2.0,1.0765556815022783,31.0,1.4315942955978247,134.0,1.2487527169691703,494.0
2010-03-17 00:00:00-04:00,60.24393854395906,60.78250101001649,60.0257871198343,60.40755081176758,1045600,WHR,60.60527801513672,1,1.0030564270496058,2.0,1.0173363279146457,3.0,1.0809851118224252,31.0,1.4346062597929934,135.0,1.2562742011218713,494.0
2010-03-18 00:00:00-04:00,60.41439608519382,60.946140090361176,60.41439608519382,60.60527801513672,807100,WHR,58.81912612915039,0,1.0016339358833761,2.0,1.0151417705646477,4.0,1.082624098363088,31.0,1.433371929480972,136.0,1.2602383913706654,495.0
2010-03-19 00:00:00-04:00,58.81912612915039,60.605244281564026,58.61461211853606,58.81912612915039,1575800,WHR,60.2984733581543,1,0.9850436608933939,1.0,0.9845940668784322,4.0,1.0500429649459593,30.0,1.385954180709462,135.0,1.2230982904770733,494.0
2010-03-22 00:00:00-04:00,58.58053151884033,60.51662478538688,58.28739005088966,60.2984733581543,1049700,WHR,61.2392578125,1,1.0124192162650287,1.0,1.0044059223825805,4.0,1.0753108231605302,30.0,1.415328103601499,136.0,1.2537513148609751,495.0
2010-03-23 00:00:00-04:00,60.557533927781904,61.321061349936265,60.2234854794489,61.2392578125,960200,WHR,60.76885223388672,0,1.0077406781028744,2.0,1.016015555505346,4.0,1.0904574023027689,31.0,1.4319600580615002,136.0,1.273177224604304,495.0
2010-03-24 00:00:00-04:00,61.068812336281226,61.27332633243629,60.48252951858608,60.76885223388672,704000,WHR,60.76205825805664,0,0.9961444728679558,1.0,1.0070038335729885,3.0,1.0806337512355828,30.0,1.4158677218755555,135.0,1.2632885880059421,494.0
2010-03-25 00:00:00-04:00,61.38924829103212,62.11187406679137,60.71433778609408,60.76205825805664,723800,WHR,61.36196899414063,1,0.9999440967256595,0.0,1.006368338514005,2.0,1.0790024596600583,30.0,1.4105545521225824,135.0,1.26303005712633,494.0
2010-03-26 00:00:00-04:00,61.08927839702852,61.92779587180812,60.67342640668919,61.36196899414063,728400,WHR,61.40969467163086,1,1.0049123071813306,1.0,1.007815358346627,3.0,1.0878412540477072,31.0,1.4189375349177802,136.0,1.2753603958916575,495.0
2010-03-29 00:00:00-04:00,61.518767799050615,61.79145841931148,61.02111222812994,61.40969467163086,339400,WHR,60.6734504699707,0,1.000388735283576,2.0,1.0049310478314024,3.0,1.0867666910686828,32.0,1.414573253930637,136.0,1.276203317532615,496.0
2010-03-30 00:00:00-04:00,61.37562552524935,61.55969396178687,60.38030887201391,60.6734504699707,714600,WHR,59.48042678833008,0,0.9939693214750799,1.0,0.9947249221318429,2.0,1.0718497900762889,32.0,1.392451297762229,135.0,1.2607747749171736,496.0
2010-03-31 00:00:00-04:00,60.2984936149907,60.57800298813733,59.25545659059869,59.48042678833008,848400,WHR,59.834938049316406,1,0.9900708682161299,0.0,0.9793028584064476,2.0,1.0495678955100167,31.0,1.3605195802908094,134.0,1.2358797802853323,496.0
2010-04-01 00:00:00-04:00,60.04627611389079,60.66664250702222,59.21457165618499,59.834938049316406,849800,WHR,61.859649658203125,1,1.002971212144125,1.0,0.9881563513871907,3.0,1.0544674456166678,32.0,1.3640819434760527,134.0,1.2431302548577055,497.0
2010-04-05 00:00:00-04:00,60.08716785847397,62.03008070050674,60.08716785847397,61.859649658203125,1077200,WHR,62.36411666870117,1,1.0166376471380378,2.0,1.0199173161928616,3.0,1.08794852051832,33.0,1.4052267773025684,135.0,1.285052811167951,497.0
2010-04-06 00:00:00-04:00,61.743745303701296,62.45955761698706,61.17791310947667,62.36411666870117,909300,WHR,60.748416900634766,0,1.0040609540783887,2.0,1.0250088331919307,3.0,1.0948278332401566,33.0,1.4114111877430835,136.0,1.2953623561419931,498.0
2010-04-07 00:00:00-04:00,62.17321734935377,62.44590794848456,60.53708415685018,60.748416900634766,1115200,WHR,62.759498596191406,1,0.9868762365518499,1.0,0.9982074075476304,3.0,1.0654034462738655,32.0,1.3699007706938684,136.0,1.2616707373626663,498.0
2010-04-08 00:00:00-04:00,60.45527375905731,62.92992956583228,60.44164156998783,62.759498596191406,1461400,WHR,63.61169052124024,1,1.0162830186831897,1.0,1.020258612948577,4.0,1.0988178956865073,33.0,1.4102471132886385,136.0,1.3032425522167486,499.0
2010-04-09 00:00:00-04:00,62.80725566761508,63.76848939320376,62.11871789376447,63.61169052124024,1588800,WHR,64.38201904296875,1,1.0067435618118379,2.0,1.0215680848146982,4.0,1.1112212123289824,34.0,1.4241792798248707,137.0,1.3207299634398282,499.0
2010-04-12 00:00:00-04:00,63.72074590183601,64.70243016917875,63.42760436095681,64.38201904296875,1316100,WHR,62.807228088378906,0,1.0060184873487246,2.0,1.0256299188333662,4.0,1.1220498263131353,34.0,1.4359969060977096,138.0,1.3364825486890557,500.0
2010-04-13 00:00:00-04:00,64.06842160593422,64.25248479110422,62.50045437938184,62.807228088378906,1768000,WHR,63.304908752441406,1,0.9876185212971379,1.0,0.999132341628984,3.0,1.0925725697463862,33.0,1.3959576627804984,137.0,1.3035877508379856,500.0
2010-04-14 00:00:00-04:00,63.1617472965588,63.41398191833838,62.43230262069439,63.304908752441406,1151200,WHR,63.55030822753906,1,1.0039463344015072,1.0,0.9989244603602443,4.0,1.098843862886308,34.0,1.402142187218677,137.0,1.3137054128485843,500.0
2010-04-15 00:00:00-04:00,62.87540296511362,64.56607546912862,62.77314333113618,63.55030822753906,1420400,WHR,63.67982864379883,1,1.0019344846900258,2.0,1.0003002822509053,4.0,1.1007137090985264,34.0,1.4028099385155428,137.0,1.3186145227058037,500.0
2010-04-16 00:00:00-04:00,64.49789520028416,64.58651743020897,62.44590491297004,63.67982864379883,1424500,WHR,63.80937194824219,1,1.0010180010761973,2.0,1.002124012797433,4.0,1.100256567260534,35.0,1.400652138039335,138.0,1.3210748013568876,501.0
2010-04-19 00:00:00-04:00,63.27080930849734,64.2933954140818,62.50728167839176,63.80937194824219,1129700,WHR,65.5068588256836,1,1.0010161119831467,2.0,1.0059757346579874,4.0,1.0992193624702402,36.0,1.398552836694141,138.0,1.3235350278393405,501.0
2010-04-20 00:00:00-04:00,64.31384178630483,66.06587751723123,64.31384178630483,65.5068588256836,1679900,WHR,67.33387756347656,1,1.0131266343542675,2.0,1.0240205942500595,5.0,1.1242973096802615,37.0,1.4306825439938082,138.0,1.358450351889894,502.0
2010-04-21 00:00:00-04:00,65.4795926421915,67.45658809220012,65.36369560868381,67.33387756347656,1463700,WHR,68.9359359741211,1,1.0137534523479355,2.0,1.0394872573978693,5.0,1.150617688353561,38.0,1.465098343379951,139.0,1.3959690736974628,503.0
2010-04-22 00:00:00-04:00,66.74760245598664,69.21544012259017,66.65215630647592,68.9359359741211,2174100,WHR,69.68583679199219,1,1.011756517228979,2.0,1.0468126465003393,5.0,1.17220984286706,39.0,1.4945031232562476,139.0,1.4287620456470378,503.0
2010-04-23 00:00:00-04:00,68.23376116239656,69.82217952851799,67.62702714291532,69.68583679199219,1573600,WHR,76.63941192626953,1,1.0054096899996825,2.0,1.039243681316606,5.0,1.1788724942885966,40.0,1.5054450919088642,139.0,1.4438963577443158,503.0
2010-04-26 00:00:00-04:00,78.10511958743065,80.74339337752065,76.54397098099778,76.63941192626953,8098200,WHR,73.44213104248047,0,1.0475213621380266,2.0,1.1008185718733325,5.0,1.287317889447899,41.0,1.648625656268024,140.0,1.5873278878027344,503.0
2010-04-27 00:00:00-04:00,76.18265931734024,77.25978451837838,73.29215092573573,73.44213104248047,4105000,WHR,75.4532241821289,1,0.9786963751801592,1.0,1.0313828502313231,4.0,1.2259061914053504,41.0,1.5738812295521454,139.0,1.5205831571632615,503.0
2010-04-28 00:00:00-04:00,72.2763873549046,75.84180671410154,71.45832050900711,75.4532241821289,3641500,WHR,75.50773620605469,1,1.013506755376047,1.0,1.035999850494627,4.0,1.2511669578500308,41.0,1.6106958877186885,139.0,1.5616230418188526,503.0
2010-04-29 00:00:00-04:00,75.73270112703614,76.10083263565164,74.64194399103111,75.50773620605469,1646800,WHR,74.21929931640625,0,1.0003611001399673,2.0,1.018370165276849,4.0,1.2452771847732054,41.0,1.6056770282583863,139.0,1.5621568573913946,503.0
2010-04-30 00:00:00-04:00,75.54184043877702,75.97132991970501,74.20566192274474,74.21929931640625,1642300,WHR,76.1553955078125,1,0.9913947612389937,1.0,0.9889002662630856,3.0,1.2178176278959092,41.0,1.5727693801058016,138.0,1.534939944379868,503.0
2010-05-03 00:00:00-04:00,75.18052987618175,76.6121493880713,74.51925669373506,76.1553955078125,1831000,WHR,74.40335083007812,0,1.0128751462715815,1.0,1.0160073288871494,3.0,1.2418327690235513,42.0,1.6077423310899468,139.0,1.5743198052165603,504.0
2010-05-04 00:00:00-04:00,75.56227945439075,75.63726950432002,73.88523917633253,74.40335083007812,1886100,WHR,71.04244995117188,0,0.9883630495049264,1.0,0.9900935174889216,3.0,1.205797901848309,42.0,1.5651419178339174,138.0,1.5374674430782984,504.0
2010-05-05 00:00:00-04:00,73.61255207376097,73.62618426382639,69.84261438092342,71.04244995117188,3094100,WHR,70.14939880371094,0,0.976892417238219,0.0,0.9565990929990905,2.0,1.1452166328772584,42.0,1.4893790017055157,138.0,1.467525315448585,503.0
2010-05-06 00:00:00-04:00,70.76976492287619,72.03095845077112,65.02965024142682,70.14939880371094,2688700,WHR,66.90440368652344,0,0.9936749100225232,0.0,0.9584039544695315,1.0,1.1255791278421796,41.0,1.4660908828676698,137.0,1.4486126411983324,503.0
2010-05-07 00:00:00-04:00,70.51072484971525,70.97429745219519,66.50900245476127,66.90440368652344,2476700,WHR,72.69904327392578,1,0.9763232025801056,0.0,0.9327125498631897,1.0,1.0694363452391253,41.0,1.394021806746385,137.0,1.381238977142195,503.0
2010-05-10 00:00:00-04:00,69.36541349830492,72.73313155266149,69.35859480232956,72.69904327392578,2241200,WHR,71.74461364746094,0,1.0415078546666832,1.0,1.0233575490923446,1.0,1.1564496753005848,41.0,1.509241734069269,138.0,1.5002356103863184,504.0
2010-05-11 00:00:00-04:00,71.15833074382459,73.54436412336878,70.96063021109698,71.74461364746094,1853700,WHR,75.95088958740234,1,0.9933923742529982,1.0,1.0175388905207574,1.0,1.13623767134215,40.0,1.4839131444191913,138.0,1.4799674080171394,503.0
2010-05-12 00:00:00-04:00,72.29002905169435,76.20312419264133,72.09232842525631,75.95088958740234,1786000,WHR,74.12382507324219,0,1.0284793771497067,1.0,1.0624036983257943,2.0,1.1964963345174204,40.0,1.5647165325823607,138.0,1.5659676654625632,504.0
2010-05-13 00:00:00-04:00,75.81449704799634,76.24398113488337,73.68070359881875,74.12382507324219,1327500,WHR,72.7331314086914,0,0.9878256339297956,1.0,1.0254448549647237,2.0,1.1622835758101806,39.0,1.5212730256233469,138.0,1.5276713503295498,503.0
2010-05-14 00:00:00-04:00,73.18306652049372,73.51029631182902,71.45830572315951,72.7331314086914,981400,WHR,73.70800018310547,1,0.9905302840405666,0.0,0.9902359938133289,2.0,1.1359098025570864,38.0,1.4873696934598697,137.0,1.4984368231620688,503.0
2010-05-17 00:00:00-04:00,72.86947738107985,74.01477390027947,70.8038545092169,73.70800018310547,1503100,WHR,71.21969604492188,0,1.006657069389026,1.0,1.0007590850663168,2.0,1.1462756963990597,38.0,1.5017315317546085,138.0,1.5179197464793481,503.0
2010-05-18 00:00:00-04:00,74.41016407718135,75.6713522409694,70.85838321325109,71.21969604492188,1636900,WHR,68.19402313232422,0,0.982830720400961,1.0,0.9683548073703907,2.0,1.1036028335550965,38.0,1.4459721787697188,138.0,1.4662198271894376,502.0
2010-05-19 00:00:00-04:00,70.856889033234,71.19231289124865,66.85232247762865,68.19402313232422,3178600,WHR,63.76505279541016,0,0.9782971652255334,0.0,0.9471953161220246,1.0,1.053464165359757,38.0,1.3799566033265982,138.0,1.4035354369043958,502.0
2010-05-20 00:00:00-04:00,65.90766618074905,66.7359609122565,63.41593510770435,63.76505279541016,3046700,WHR,67.79700469970703,1,0.9664367887863998,0.0,0.9119196611135577,1.0,0.983321892051577,37.0,1.286552793234769,137.0,1.3121559049525047,501.0
2010-05-21 00:00:00-04:00,63.03259550869327,67.96814010982665,62.14953616575942,67.79700469970703,2928400,WHR,66.64698028564453,0,1.0306467683849236,1.0,0.9834667201081437,2.0,1.0426051593508592,37.0,1.3635843324481538,137.0,1.3947766668398163,501.0
2010-05-24 00:00:00-04:00,66.86603342059382,68.58423454879402,66.57852716021763,66.64698028564453,1254200,WHR,67.79700469970703,1,0.9914460701667851,1.0,0.9870036736583757,1.0,1.022489500908556,36.0,1.3362522193323652,137.0,1.3707942151640842,501.0
2010-05-25 00:00:00-04:00,65.20943813432042,67.87230469797072,64.4222142032425,67.79700469970703,1797500,WHR,67.7696304321289,0,1.008553929833215,1.0,1.0143176449620632,2.0,1.0376803650804978,36.0,1.3548903921666338,138.0,1.3940355964653117,502.0
2010-05-26 00:00:00-04:00,68.78959613487964,70.75423275583984,67.31783038904805,67.7696304321289,1595400,WHR,71.64411926269531,1,0.9997980751860404,1.0,1.0151972706811834,2.0,1.0349164330007403,35.0,1.3500753713191016,137.0,1.3930397235861551,502.0
2010-05-27 00:00:00-04:00,68.63897713168801,72.4929493002348,68.63897713168801,71.64411926269531,2601700,WHR,71.4935073852539,0,1.0277912963323033,1.0,1.0484871275711305,3.0,1.0906017740015963,35.0,1.4224018126428242,137.0,1.4720577343381696,503.0
2010-05-28 00:00:00-04:00,71.56196048254391,73.12956095687696,70.85003678092738,71.4935073852539,1562600,WHR,67.75593566894531,0,0.9989477827670579,1.0,1.0350839764999147,2.0,1.0846748842700464,35.0,1.4146497446866624,136.0,1.4683781448953481,502.0
2010-06-01 00:00:00-04:00,70.11075542323101,71.71258562019214,67.63271796148678,67.75593566894531,1731200,WHR,70.87744903564453,1,0.9731591621888653,0.0,0.9778314531927136,2.0,1.0257208056587648,34.0,1.3365855690535522,136.0,1.391161945215994,502.0
2010-06-02 00:00:00-04:00,68.3994061738419,70.89113757183625,67.79701135126965,70.87744903564453,1208500,WHR,69.33721923828125,0,1.0225163179370595,1.0,1.013865636249934,2.0,1.0698294384087523,34.0,1.3935982813820214,136.0,1.4546704589471582,503.0
2010-06-03 00:00:00-04:00,70.87743783711647,71.10333781837875,68.59106617907379,69.33721923828125,1312300,WHR,65.47640991210938,0,0.9890152020731935,1.0,0.9874052100915641,2.0,1.0439923580666617,33.0,1.3590455945083109,135.0,1.4225009641752688,503.0
2010-06-04 00:00:00-04:00,67.72170569003318,68.56369421807376,64.99722762319647,65.47640991210938,1452500,WHR,63.21741485595703,0,0.9713618767590259,0.0,0.9490971034178414,1.0,0.9843278703801606,33.0,1.2797059366403223,135.0,1.3428531872528147,503.0
2010-06-07 00:00:00-04:00,65.95558121872843,66.00349892117141,63.1421148631698,63.21741485595703,1741300,WHR,64.41535949707031,1,0.9824467486281993,0.0,0.9388787389569445,1.0,0.9493620036715908,33.0,1.232293962684335,134.0,1.2961864712852325,502.0
2010-06-08 00:00:00-04:00,63.73081793977384,65.0793656432699,61.75249325699805,64.41535949707031,1947000,WHR,65.00406646728516,1,1.0093858701041774,1.0,0.9662578751324347,2.0,0.9659528934289435,34.0,1.2521785179926765,135.0,1.3203566256410388,503.0
2010-06-09 00:00:00-04:00,64.86716024316837,67.32466195773726,64.53857799359531,65.00406646728516,1976300,WHR,68.29670715332031,1,1.004548830021677,2.0,0.9925786100276639,2.0,0.9732781428740879,34.0,1.2600659758132886,136.0,1.3319851001669012,504.0
2010-06-10 00:00:00-04:00,66.57166477034237,68.51576023723239,66.20885858973526,68.29670715332031,1378400,WHR,67.24935913085938,0,1.024700837036449,2.0,1.0461798959152337,3.0,1.0204747084932728,34.0,1.3198996682532464,136.0,1.3988953860567395,505.0
2010-06-11 00:00:00-04:00,67.26989454134686,68.57737138385014,65.84605211362695,67.24935913085938,1694400,WHR,67.24254608154297,0,0.99227312122607,1.0,1.0245713240246153,3.0,1.0031163361517006,33.0,1.2957836466785944,136.0,1.3769413689917493,504.0
2010-06-14 00:00:00-04:00,68.57055367684602,68.95390065203013,66.95503454449496,67.24254608154297,1906700,WHR,70.15182495117188,1,0.999949342309445,0.0,1.0120547717561779,3.0,1.0013623963496645,32.0,1.2918061188792869,135.0,1.37630280227337,503.0
2010-06-15 00:00:00-04:00,67.85176477423917,70.30241971505092,67.27674711868704,70.15182495117188,1685600,WHR,70.37088012695312,1,1.0211746583776433,1.0,1.0379193057682141,3.0,1.041756600860589,33.0,1.3434538234079765,135.0,1.4352664388841156,503.0
2010-06-16 00:00:00-04:00,69.77532704161888,71.04172798512737,68.37201464149662,70.37088012695312,1480500,WHR,69.72740936279297,0,1.0015588596565905,2.0,1.0248843622590895,3.0,1.0424109237334322,33.0,1.3433956281485018,136.0,1.4391618432244704,503.0
2010-06-17 00:00:00-04:00,70.91851031125609,70.91851031125609,68.11873761112278,69.72740936279297,1072000,WHR,69.3851318359375,0,0.9954070048499254,1.0,1.011298382380429,2.0,1.0307191542437333,32.0,1.3269881138701944,136.0,1.4254226155868455,503.0
2010-06-18 00:00:00-04:00,69.81639113172938,70.06282650722117,68.83749650759182,69.3851318359375,1046000,WHR,70.87060546875,1,0.9975395638387016,0.0,1.0001379933289003,2.0,1.0234869262869724,32.0,1.3163327827283997,136.0,1.4178443677784642,503.0
2010-06-21 00:00:00-04:00,70.53518147866795,72.19861811488565,70.3024345714199,70.87060546875,1753300,WHR,67.04401397705078,0,1.0105911790944102,1.0,1.0109760666733085,3.0,1.042807329026129,33.0,1.3401349396478122,137.0,1.4476058863616,503.0
2010-06-22 00:00:00-04:00,71.03488801216292,71.3223994876827,66.62644313340202,67.04401397705078,1504300,WHR,66.88655853271484,0,0.9722539096502163,1.0,0.9649451941087918,2.0,0.9851292027931107,32.0,1.264044087280675,136.0,1.3689940990329192,502.0
2010-06-23 00:00:00-04:00,67.02346998511742,67.73538864705922,65.06568060818272,66.88655853271484,1585400,WHR,64.5454330444336,0,0.9988243502481522,0.0,0.9724322526697877,1.0,0.981499140697775,31.0,1.2574197969999643,135.0,1.3653276396603744,502.0
2010-06-24 00:00:00-04:00,66.36631112441016,66.8044173642228,63.86773827076066,64.5454330444336,1540200,WHR,66.16094970703125,1,0.9821875522071273,0.0,0.952751467867639,1.0,0.9462491995412189,31.0,1.2101170793540583,134.0,1.3171615953191145,502.0
2010-06-25 00:00:00-04:00,64.7850195658345,66.22255594697947,63.98410711067864,66.16094970703125,1864200,WHR,65.46956634521484,0,1.012359891143721,1.0,0.9859829919045875,2.0,0.9683523642015638,32.0,1.23698411220398,134.0,1.349710419463301,502.0
2010-06-28 00:00:00-04:00,66.1130372004538,66.83180283622633,65.03146008456152,65.46956634521484,882000,WHR,61.567684173583984,0,0.9947475450028473,1.0,0.9916430312647382,1.0,0.9569177745575486,31.0,1.2206830323731304,134.0,1.3352090970745503,502.0
2010-06-29 00:00:00-04:00,64.3674573108642,64.3674573108642,60.937901819875975,61.567684173583984,2114700,WHR,60.1164665222168,0,0.9692855272316094,0.0,0.9482741551492855,1.0,0.8999510030301175,30.0,1.1452358285920103,133.0,1.2553573074354512,502.0
2010-06-30 00:00:00-04:00,61.51977943795009,62.17009212223236,59.95217793655474,60.1164665222168,1734700,WHR,58.42560958862305,0,0.9880738975201865,0.0,0.9456434853173565,1.0,0.8792196121954208,29.0,1.1156705736687806,133.0,1.2255174814483667,502.0
2010-07-01 00:00:00-04:00,60.39709223542767,60.39709223542767,56.18031454988365,58.42560958862305,3030100,WHR,57.5699348449707,0,0.9857362297922574,0.0,0.9370879226001132,1.0,0.854974453448697,29.0,1.0818765008466547,133.0,1.190765810634401,502.0
2010-07-02 00:00:00-04:00,59.301823876179135,59.47295923851414,57.15921101989403,57.5699348449707,1228500,WHR,57.124977111816406,0,0.9926232102463021,0.0,0.9495311742626914,0.0,0.84352052957784,28.0,1.0636985838704591,133.0,1.173078512413246,501.0
2010-07-06 00:00:00-04:00,58.62412443254964,59.22651897776624,56.14608271169171,57.124977111816406,2438300,WHR,61.70459365844727,1,0.9961205102688256,0.0,0.9688614613454364,0.0,0.8383289323868615,27.0,1.0532160835990871,132.0,1.1637658047270338,501.0
2010-07-07 00:00:00-04:00,57.20030763663379,61.87572909797538,57.20030763663379,61.70459365844727,2791200,WHR,61.8072624206543,1,1.0385393679110797,1.0,1.0460477172688922,1.0,0.9061297964831823,27.0,1.1348736971672495,132.0,1.2566839871364603,501.0
2010-07-08 00:00:00-04:00,62.23168009781629,63.25164563152336,60.5477031460073,61.8072624206543,1353200,WHR,63.24480819702149,1,1.000831246209605,2.0,1.041815848216209,2.0,0.9078596741565801,28.0,1.1340427726216862,132.0,1.258377724050748,502.0
2010-07-09 00:00:00-04:00,62.05370708343428,63.402255088352085,61.63613622233876,63.24480819702149,977700,WHR,62.04685592651367,0,1.0114955775563463,2.0,1.0490044369208529,3.0,0.9289888197281272,28.0,1.1576204438042978,132.0,1.2872430551871359,502.0
2010-07-12 00:00:00-04:00,62.81354446934713,63.50492778878895,60.82152572282948,62.04685592651367,818500,WHR,64.75762176513672,1,0.9904386913615685,1.0,1.0140744728128073,3.0,0.9117279419383155,27.0,1.1331777552269033,131.0,1.2624824383783941,502.0
2010-07-13 00:00:00-04:00,63.12156807602276,65.09304562179136,62.62869738392138,64.75762176513672,1485400,WHR,65.49694061279297,1,1.0213775245793355,1.0,1.0326155428371326,4.0,0.9513093323051086,27.0,1.17998212350044,131.0,1.3171559830580302,503.0
2010-07-14 00:00:00-04:00,64.65495214534249,66.3320822018927,63.990951179183504,65.49694061279297,2015300,WHR,64.6070327758789,0,1.0056759535647675,2.0,1.0319240673113632,4.0,0.9617727661131537,27.0,1.190930919413616,131.0,1.3317203886715347,503.0
2010-07-15 00:00:00-04:00,66.0993336369368,66.0993336369368,62.662937185445614,64.6070327758789,1368300,WHR,61.88941192626953,0,0.9931600256799571,1.0,1.0090016406784548,3.0,0.9489141170894786,26.0,1.1723292670124623,131.0,1.3131994188651388,502.0
2010-07-16 00:00:00-04:00,64.31953160475253,64.53858471975154,61.48552964454866,61.88941192626953,2118200,WHR,62.53971862792969,1,0.978516227424349,0.0,0.9706685506387764,2.0,0.9102122235270065,25.0,1.1209923014014542,130.0,1.2576123780981885,502.0
2010-07-19 00:00:00-04:00,61.6840416603,62.90937170466224,59.86315856631791,62.53971862792969,2739500,WHR,60.71883010864258,0,1.0052263219936017,1.0,0.979353823842701,3.0,0.9212206480071286,25.0,1.1307389792612674,130.0,1.270445974760451,503.0
2010-07-20 00:00:00-04:00,61.97838920822189,62.47125993316,58.71997014429337,60.71883010864258,6745200,WHR,58.98695373535156,0,0.9852270813022576,1.0,0.9630207391324177,2.0,0.8963719477281756,24.0,1.0956986184927018,130.0,1.2331438390943565,502.0
2010-07-21 00:00:00-04:00,61.06796101363955,61.55398496673073,57.91222353538635,58.98695373535156,3656800,WHR,59.00746154785156,1,0.9855322247791463,0.0,0.9552792271225464,1.0,0.8746034876730228,23.0,1.0627274167076268,129.0,1.1976939501564718,502.0
2010-07-22 00:00:00-04:00,59.89736738085001,60.4518441962178,58.31607855323908,59.00746154785156,2953000,WHR,58.85002899169922,0,1.0001738032469654,1.0,0.9732631632859218,2.0,0.8780395812419644,24.0,1.061388719114732,129.0,1.1978053793156263,503.0
2010-07-23 00:00:00-04:00,58.85002899169922,59.15807055357198,57.6383877067079,58.85002899169922,2076000,WHR,60.362892150878906,1,0.9986642125550814,1.0,0.9804972019964001,2.0,0.8793176690143649,23.0,1.0569271689273012,128.0,1.194328416582992,502.0
2010-07-26 00:00:00-04:00,58.897973213328015,61.170651630498114,58.32295542348834,60.362892150878906,1610200,WHR,58.99379348754883,0,1.0126904293987589,1.0,1.0130512007897816,2.0,0.9053368365462873,23.0,1.082274226272298,129.0,1.2247473737368575,502.0
2010-07-27 00:00:00-04:00,61.09533592618839,61.18432445130943,58.25448732879045,58.99379348754883,1742500,WHR,57.69316101074219,0,0.9885293508611864,1.0,0.9958401155459924,2.0,0.8881831347252618,23.0,1.0560214988126837,129.0,1.1967223682675383,502.0
2010-07-28 00:00:00-04:00,58.98694412270845,59.21284408768988,57.26874859213927,57.69316101074219,1351500,WHR,57.57680130004883,0,0.9888536599279769,0.0,0.9781574368531644,2.0,0.8726440686294406,22.0,1.0312127785536067,128.0,1.1701336203213233,501.0
2010-07-29 00:00:00-04:00,57.85746067394171,58.10389609731224,55.995511685620016,57.57680130004883,1777000,WHR,57.02231979370117,0,0.9989905461200757,0.0,0.9809433904630188,1.0,0.8745939650621161,22.0,1.0277118215573409,127.0,1.167540047734907,501.0
2010-07-30 00:00:00-04:00,56.59790210350484,57.261908319361126,56.15294900005741,57.02231979370117,1800700,WHR,59.38399505615234,1,0.9951615553325749,0.0,0.9775848040025412,1.0,0.8692567422463076,22.0,1.0164371982753648,127.0,1.1560436730652193,501.0
2010-08-02 00:00:00-04:00,57.76162927648554,59.82894822502017,57.29614069134732,59.38399505615234,2090000,WHR,58.24763870239258,0,1.0202882057171672,1.0,1.02150171367362,1.0,0.9077412868853524,23.0,1.0569691278405868,127.0,1.2036093505117653,501.0
2010-08-03 00:00:00-04:00,59.38398019630023,59.38398019630023,57.63155547788976,58.24763870239258,1655600,WHR,58.774715423583984,1,0.9903397044021994,1.0,1.0045331812141591,1.0,0.8923389990777233,23.0,1.035277115919867,127.0,1.1803059256884065,500.0
2010-08-04 00:00:00-04:00,58.672033185825256,59.08960378944465,57.95326796678533,58.774715423583984,1113700,WHR,58.41191864013672,0,1.0045040686895086,1.0,1.009855851985607,2.0,0.9036263303075386,23.0,1.0431587520912455,127.0,1.1907064130507528,500.0
2010-08-05 00:00:00-04:00,58.06964794174984,59.04169547173584,57.741065773338434,58.41191864013672,1567700,WHR,58.13127899169922,0,0.9969041112380616,1.0,1.0007504288094602,2.0,0.901127129969105,23.0,1.0354674057180575,126.0,1.1830905527971958,499.0
2010-08-06 00:00:00-04:00,57.45358418175022,58.309261293224736,57.04970186936217,58.13127899169922,1126200,WHR,58.91851425170898,1,0.9975919688652781,0.0,0.9921721952451936,2.0,0.9009254879825401,22.0,1.0291320579033232,126.0,1.1771759503335326,498.0
2010-08-09 00:00:00-04:00,58.48040790462189,59.418232078382495,58.32296098802515,58.91851425170898,1286600,WHR,56.645809173583984,0,1.0067256441741224,1.0,1.0072089576632006,2.0,0.916726654593237,23.0,1.0416179511930161,127.0,1.1928805454615836,498.0
2010-08-10 00:00:00-04:00,58.48722748140722,58.48722748140722,56.31722695534181,56.645809173583984,2469400,WHR,54.26360321044922,0,0.9803338520854648,1.0,0.9736897285121761,2.0,0.8850573735940814,23.0,1.0002484899637403,126.0,1.1466879871430888,498.0
2010-08-11 00:00:00-04:00,55.61899769847711,55.61899769847711,54.05139701355125,54.26360321044922,2392100,WHR,53.48322296142578,0,0.9785211560324008,0.0,0.947434964842102,1.0,0.8521516404419202,22.0,0.9572009867947863,126.0,1.09834004532565,498.0
2010-08-12 00:00:00-04:00,53.702276022062144,54.49634663101705,53.07249912556222,53.48322296142578,2251000,WHR,52.5317268371582,0,0.9927572785505664,0.0,0.950162760277243,1.0,0.8438137623702985,22.0,0.9424551172571216,126.0,1.0824660524362104,497.0
2010-08-13 00:00:00-04:00,53.38740393351436,53.38740393351436,52.3195205885062,52.5317268371582,1591700,WHR,52.83977127075195,1,0.9910248872816965,0.0,0.9522037965273534,1.0,0.832229339080264,22.0,0.9246875730842762,126.0,1.0631397349288791,497.0
2010-08-16 00:00:00-04:00,52.251065037996256,53.5927660360372,51.77188275271416,52.83977127075195,1956200,WHR,54.37312698364258,1,1.0029234132486025,1.0,0.979369840503384,1.0,0.8395313139394964,23.0,0.9291763820466287,126.0,1.06928443009983,498.0
2010-08-17 00:00:00-04:00,53.57905640352131,55.28356835554953,53.284703374357285,54.37312698364258,1799700,WHR,54.749637603759766,1,1.0143019705451137,2.0,1.0163526110241086,2.0,0.8669754835662904,23.0,0.9550776236895628,127.0,1.100186891990075,499.0
2010-08-18 00:00:00-04:00,54.35260223583104,55.160361505262216,53.32578987075603,54.749637603759766,1554000,WHR,53.40109252929688,0,1.0034503398217667,2.0,1.021534280568079,3.0,0.8757477728790957,24.0,0.960759478870271,127.0,1.1076942814709656,499.0
2010-08-19 00:00:00-04:00,54.3526049506484,54.67434034339739,52.340050943333765,53.40109252929688,2096500,WHR,53.10673522949219,0,0.9875308740606394,1.0,0.9966782082601662,3.0,0.8574679376598728,23.0,0.9364062437514503,126.0,1.0803234194178293,499.0
2010-08-20 00:00:00-04:00,52.92190608448082,53.20257062963231,52.093611427476894,53.10673522949219,1641300,WHR,53.19572830200195,1,0.9972362848252682,0.0,0.9890614091256921,3.0,0.8561008016090798,23.0,0.9305751347899315,126.0,1.074301451234909,498.0
2010-08-23 00:00:00-04:00,53.18888142350981,55.194588565385935,52.78500437732057,53.19572830200195,3007600,WHR,51.47068405151367,0,1.0008371684865365,1.0,0.9894069928446095,3.0,0.8618070234557826,23.0,0.9314276588437314,127.0,1.0760356149391228,498.0
2010-08-24 00:00:00-04:00,52.29213187410001,52.915067230627656,51.14894866716536,51.47068405151367,2683900,WHR,52.44832992553711,1,0.9835186454594252,1.0,0.9677710120200373,2.0,0.8383928100133342,23.0,0.9006229765298913,127.0,1.041122543346054,497.0
2010-08-25 00:00:00-04:00,51.20218462838237,52.74437610279617,50.67893912266634,52.44832992553711,2328400,WHR,51.29856491088867,0,1.0094077670351966,1.0,0.9947617519624438,2.0,0.8578825314380603,24.0,0.9171565571900769,127.0,1.0608581966715687,497.0
2010-08-26 00:00:00-04:00,52.6273294135668,53.08860902132976,51.22971807061733,51.29856491088867,1568400,WHR,52.03524017333984,1,0.988917595881195,1.0,0.9807769308291583,2.0,0.8435786985976435,23.0,0.896629404960886,126.0,1.0375892382617533,496.0
2010-08-27 00:00:00-04:00,51.814927119990166,52.29686028273085,50.16946285376157,52.03524017333984,1545100,WHR,51.20217514038086,0,1.0071290828964508,1.0,0.998954317467541,3.0,0.8597700080481281,24.0,0.9089502924418432,127.0,1.0524375179666159,497.0
2010-08-30 00:00:00-04:00,51.50510226951181,52.7237128034738,51.11266952611387,51.20217514038086,1704600,WHR,51.057579040527344,0,0.9919305899859325,1.0,0.9905433496949615,2.0,0.8493440496709255,24.0,0.8938205094136189,127.0,1.0355845950677065,496.0
2010-08-31 00:00:00-04:00,50.43794720699177,52.25553041691263,50.43794720699177,51.057579040527344,2192400,WHR,53.66691970825195,1,0.9985859921040128,0.0,0.9893273375238618,2.0,0.8498023472615267,24.0,0.8906837758230147,127.0,1.0326874242063693,495.0
2010-09-01 00:00:00-04:00,51.98014876977354,53.69445949023922,51.80802907186038,53.66691970825195,1706300,WHR,53.20564651489258,0,1.0249162392649316,1.0,1.0350000108146158,2.0,0.8959034545753433,24.0,0.9354381169762088,127.0,1.085475800372524,495.0
2010-09-02 00:00:00-04:00,53.70823840383162,53.873471862756986,52.56536095229523,53.20564651489258,1453000,WHR,54.52752304077149,1,0.9956838952253073,1.0,1.0186113159931665,2.0,0.8911283436260955,23.0,0.9267512503274501,126.0,1.076167830619574,495.0
2010-09-03 00:00:00-04:00,53.93543080714845,54.96126807974929,53.49480476156993,54.52752304077149,1396200,WHR,52.31064224243164,0,1.0122699121480496,1.0,1.0340505844262629,2.0,0.9167919218506425,23.0,0.9490385025372018,126.0,1.1029013275046982,495.0
2010-09-07 00:00:00-04:00,53.99741386907241,54.086914257537785,52.08344288785207,52.31064224243164,1830900,WHR,53.336456298828125,1,0.9792501041882982,1.0,0.9878569329989829,2.0,0.883215958135507,23.0,0.9099905203459266,125.0,1.0581178348506006,494.0
2010-09-08 00:00:00-04:00,52.42077818573095,53.64626967415193,52.317505309730784,53.336456298828125,1893300,WHR,52.18669891357422,0,1.0097098175961345,1.0,0.9986335511935764,3.0,0.9040736725568822,24.0,0.927322661148977,125.0,1.0788955214263503,495.0
2010-09-09 00:00:00-04:00,54.052475966127474,54.40359639758248,51.94572711401359,52.18669891357422,1961100,WHR,50.30025863647461,0,0.9891042171460888,1.0,0.9825525271656101,2.0,0.8890972415176899,23.0,0.9068439902527506,125.0,1.0556821960228808,495.0
2010-09-10 00:00:00-04:00,52.26242738699224,52.44831434881877,50.14879246248751,50.30025863647461,3255200,WHR,49.30887222290039,0,0.9815933624902624,0.0,0.9575107787496585,2.0,0.8618700326296419,22.0,0.8737521005301969,124.0,1.0176093291703032,494.0
2010-09-13 00:00:00-04:00,51.16087732453495,51.40873020662435,48.88201331426234,49.30887222290039,3540000,WHR,49.79079055786133,1,0.9900472335716509,0.0,0.9576660843975278,1.0,0.8498385473700856,22.0,0.8563419021092399,123.0,0.9976466382722141,494.0
2010-09-14 00:00:00-04:00,49.57047753448182,50.30026343954955,48.95084551476543,49.79079055786133,2472000,WHR,50.10058975219727,1,1.004862966446486,1.0,0.9765846077206883,2.0,0.8630017955857369,23.0,0.8646474315812642,123.0,1.0074910560047996,494.0
2010-09-15 00:00:00-04:00,49.625543048851874,50.14190204359601,49.23311042295335,50.10058975219727,2042500,WHR,49.96291732788086,0,1.0031013606316617,2.0,0.9952947099630892,2.0,0.8736130503953504,23.0,0.8699247253900358,124.0,1.0138134199428468,495.0
2010-09-16 00:00:00-04:00,49.91472401135631,50.27273075515619,49.12297216615791,49.96291732788086,2340100,WHR,51.2847900390625,1,0.9986241495193025,1.0,1.0014076537960097,2.0,0.8755587953653604,23.0,0.8674906563473112,123.0,1.0111126210878179,494.0
2010-09-17 00:00:00-04:00,50.20387841307876,51.42248896596688,49.97667912319427,51.2847900390625,2340700,WHR,54.99570083618164,1,1.0130558285768476,1.0,1.0238612057283223,3.0,0.9028375726909659,24.0,0.8902325026875539,124.0,1.0378965862916554,495.0
2010-09-20 00:00:00-04:00,51.62215792561726,55.098973737106206,51.484458973491854,54.99570083618164,3578300,WHR,54.024932861328125,0,1.0349161992625264,2.0,1.0735695286731997,4.0,0.9708862814668655,25.0,0.9542088419550403,124.0,1.1129410763599445,496.0
2010-09-21 00:00:00-04:00,55.42254400003111,56.18675589651895,53.72888676401593,54.024932861328125,2754000,WHR,52.72372055053711,0,0.9910955574011152,1.0,1.0374688848603835,3.0,0.9571663234731622,24.0,0.9369165784366539,124.0,1.093254142570692,496.0
2010-09-22 00:00:00-04:00,53.76332000872072,54.93373740416149,52.69618076153734,52.72372055053711,2585900,WHR,52.23489761352539,0,0.9878105037468662,0.0,1.0023823576036777,2.0,0.9376415519208549,24.0,0.913957798813408,124.0,1.0669185813737012,495.0
2010-09-23 00:00:00-04:00,51.88377189315789,53.770202665453176,51.68411237579901,52.23489761352539,2043800,WHR,54.50000381469727,1,0.9953427079589822,0.0,0.9845830825629215,2.0,0.9315251259971381,24.0,0.9050760850737457,124.0,1.0570289042957364,495.0
2010-09-24 00:00:00-04:00,53.24008589959587,54.85801060751799,53.05419361563494,54.50000381469727,2109100,WHR,53.50857925415039,0,1.0212217950348241,1.0,1.0149760672834442,2.0,0.973544820458196,25.0,0.9438397148982904,124.0,1.1028280987679182,495.0
2010-09-27 00:00:00-04:00,54.7134172910008,54.7134172910008,53.3984201123534,53.50857925415039,1740500,WHR,54.35539627075195,1,0.9908208724494153,1.0,1.0020628404592598,1.0,0.9572360956117576,25.0,0.9262784492230403,123.0,1.0827663598817254,494.0
2010-09-28 00:00:00-04:00,53.61872420400213,54.58259552332204,52.53093174983611,54.35539627075195,2533500,WHR,55.59468078613281,1,1.0078507862563073,1.0,1.016662952895468,2.0,0.973318002325417,26.0,0.9404700360103158,124.0,1.099880528402431,495.0
2010-09-29 00:00:00-04:00,54.217722748086175,56.31758585717852,53.92167655979903,55.59468078613281,2407300,WHR,55.7392578125,1,1.0112713383069272,2.0,1.0287936035799712,3.0,0.9959641836162589,27.0,0.9612249789864169,125.0,1.1249066723663785,496.0
2010-09-30 00:00:00-04:00,56.24873078897957,56.785748807767945,54.05936741375176,55.7392578125,3054800,WHR,55.21600341796875,0,1.0012985889854162,2.0,1.0182623644414992,4.0,1.0003359655627715,27.0,0.9629998914477641,126.0,1.12782186703212,496.0
2010-10-01 00:00:00-04:00,56.303801296068606,56.63427346571452,54.61703016120862,55.21600341796875,1588900,WHR,55.04388046264648,0,0.9952840956911058,1.0,1.0060714834118711,3.0,0.9929028044160467,26.0,0.9533864340617307,125.0,1.117224642135154,496.0
2010-10-04 00:00:00-04:00,54.89930053839131,55.29861952119701,54.31409458230801,55.04388046264648,1279500,WHR,57.16439437866211,1,0.9984389340051487,0.0,0.9973552509404681,3.0,0.9922464449424222,25.0,0.9498023645669676,125.0,1.1137432360590724,495.0
2010-10-05 00:00:00-04:00,55.71170367888301,57.605020393955854,54.98191782592957,57.16439437866211,2220600,WHR,56.39331817626953,0,1.018898017272029,1.0,1.025340078276512,3.0,1.0319856207263864,26.0,0.9856296194486964,125.0,1.1566001289159376,496.0
2010-10-06 00:00:00-04:00,57.026717604218994,57.48799727983362,55.71860643593868,56.39331817626953,1338800,WHR,55.46387481689453,0,0.9932098297416868,1.0,1.0086198445743084,2.0,1.020634025920529,25.0,0.9717011857982215,124.0,1.1409598967406878,496.0
2010-10-07 00:00:00-04:00,56.68248576982733,56.8270657510318,54.73408864909708,55.46387481689453,1629900,WHR,56.985389709472656,1,0.9916908038320629,0.0,0.9929744814105651,1.0,1.0068596519360111,24.0,0.9551645097655381,123.0,1.1221195379872748,496.0
2010-10-08 00:00:00-04:00,55.61531832627628,57.267668547399495,55.42943135576283,56.985389709472656,1221700,WHR,57.185054779052734,1,1.0135306789153908,1.0,1.013791422083855,2.0,1.0368713759918071,25.0,0.9807690646738992,123.0,1.1528345985093564,496.0
2010-10-11 00:00:00-04:00,57.00605405002939,58.2659664235334,57.00605405002939,57.185054779052734,1769800,WHR,58.01811599731445,1,1.0017488332507993,2.0,1.0096515499287069,3.0,1.0419908919512264,26.0,0.9836131042717026,123.0,1.156806687617024,496.0
2010-10-12 00:00:00-04:00,57.11621029732242,58.12138888535167,56.62050463688558,58.01811599731445,1818700,WHR,59.65671920776367,1,1.0072312351530572,2.0,1.0212811719011148,3.0,1.0586240858978497,26.0,0.9973324194002099,123.0,1.1735717620225146,496.0
2010-10-13 00:00:00-04:00,58.22468131968811,60.17996483084495,58.19025526122629,59.65671920776367,2740200,WHR,58.14202499389648,0,1.0139248396447171,2.0,1.0381973263156825,4.0,1.0888744632296212,27.0,1.0247840530247052,123.0,1.2066125095619986,496.0
2010-10-14 00:00:00-04:00,59.62225527183457,59.82880098603084,57.73582507603304,58.14202499389648,1505000,WHR,58.10074234008789,0,0.987141677747649,1.0,1.0024925928490604,4.0,1.0615005956931445,27.0,0.9981406291116346,123.0,1.175871938640634,496.0
2010-10-15 00:00:00-04:00,58.92003403024402,59.08526751935287,57.33653023052735,58.10074234008789,1970200,WHR,59.04395294189453,1,0.9996448583016784,0.0,0.9979424934722555,3.0,1.061039637919192,26.0,0.9968594965552596,122.0,1.174927592394129,496.0
2010-10-18 00:00:00-04:00,58.22466135606274,59.877011794783215,57.770268005704025,59.04395294189453,2830500,WHR,58.93381118774414,0,1.0080516714780487,1.0,1.0077082101260977,3.0,1.0782009729864297,27.0,1.0123604395911676,123.0,1.193873300854416,496.0
2010-10-19 00:00:00-04:00,58.0112516950195,60.68943503189526,57.98371190010072,58.93381118774414,2226000,WHR,58.58266830444336,0,0.999066419380271,1.0,1.0026943401216837,2.0,1.0766579578104643,26.0,1.0097450437707158,123.0,1.1915144447523303,496.0
2010-10-20 00:00:00-04:00,59.07837396323493,59.07837396323493,57.58437597964394,58.58266830444336,3117800,WHR,58.89937210083008,1,0.9970119690036824,0.0,1.0003761630823627,1.0,1.0703769414757645,26.0,1.003110511164378,122.0,1.1842984706094526,495.0
2010-10-21 00:00:00-04:00,58.92690663452315,60.221250330538666,58.45185976449869,58.89937210083008,1399000,WHR,58.906246185302734,1,1.002695763499631,1.0,1.0031895077152486,2.0,1.0757683601030563,27.0,1.0080578282981427,122.0,1.1905803814658003,495.0
2010-10-22 00:00:00-04:00,58.913132444255325,59.14721797455426,58.12138075035766,58.906246185302734,909600,WHR,58.389869689941406,0,1.0000583510750392,2.0,1.0005611387790632,3.0,1.0754586798104133,28.0,1.0077244440270372,122.0,1.190590745192434,496.0
2010-10-25 00:00:00-04:00,59.40193409498528,60.20057181011581,58.3347953927436,58.389869689941406,1469400,WHR,58.19023513793945,0,0.9955976675654755,1.0,0.9939988178427045,2.0,1.0655877115631982,28.0,0.9983475440273191,122.0,1.1800292105415475,496.0
2010-10-26 00:00:00-04:00,58.06630872408365,59.222953502512055,57.63256890192696,58.19023513793945,1410700,WHR,55.7943229675293,0,0.9982875761494923,0.0,0.9931145618850107,2.0,1.062330198976146,27.0,0.9942668611063463,122.0,1.1758622035793695,496.0
2010-10-27 00:00:00-04:00,57.33651401942731,57.33651401942731,53.57053411699848,55.7943229675293,5528100,WHR,53.01287841796875,0,0.9789803793581123,0.0,0.961374217851124,2.0,1.0193509584617173,27.0,0.9529825775466798,121.0,1.1273937131231977,495.0
2010-10-28 00:00:00-04:00,56.02841428636464,56.02841428636464,53.01287841796875,53.01287841796875,2934300,WHR,52.20737075805664,0,0.9744369443001659,0.0,0.9323616024823816,1.0,0.9702367724628647,26.0,0.9051817389252552,121.0,1.0712152885766282,494.0
2010-10-29 00:00:00-04:00,53.15747001316159,53.42597643857557,51.86313121237938,52.20737075805664,3085600,WHR,51.82182693481445,0,0.9923445566208026,0.0,0.940352519141222,0.0,0.9573062289027826,26.0,0.8911832235128186,121.0,1.0549822105411217,493.0
2010-11-01 00:00:00-04:00,52.49653886019659,52.77193158999908,51.24350692964071,51.82182693481445,1288300,WHR,53.16433334350586,1,0.9962938883333462,0.0,0.9560283085214243,0.0,0.9520724792843718,26.0,0.8845018040982887,120.0,1.0472557231947401,492.0
2010-11-02 00:00:00-04:00,52.27619506841689,53.460379435202185,51.46378988092533,53.16433334350586,1860000,WHR,53.329566955566406,1,1.0127874607960934,1.0,0.9993268225139257,1.0,0.9784610390380925,26.0,0.9071264544716896,121.0,1.0744371978030862,492.0
2010-11-03 00:00:00-04:00,53.123026468187376,53.687578871305575,52.7374747702624,53.329566955566406,2124700,WHR,54.940616607666016,1,1.0015515781805016,2.0,1.011808096982856,2.0,0.9825015027395787,27.0,0.9097265861342912,121.0,1.077822126620344,493.0
2010-11-04 00:00:00-04:00,54.25213772913725,55.00257718544864,53.84593245941325,54.940616607666016,2003500,WHR,55.12649917602539,1,1.0148799013641527,2.0,1.0348046378114468,3.0,1.0119718315178463,28.0,0.9367495729245351,122.0,1.1103944723712336,493.0
2010-11-05 00:00:00-04:00,55.04387982625908,55.60843225130412,54.63079358278066,55.12649917602539,1830700,WHR,54.024932861328125,0,1.0016888111134363,2.0,1.0270123558608923,4.0,1.0148836952449607,29.0,0.9395641483988599,122.0,1.11415349245057,494.0
2010-11-08 00:00:00-05:00,54.76160497519663,54.76849123402058,53.32956779505038,54.024932861328125,2027100,WHR,52.63421630859375,0,0.9899079078108632,1.0,0.9982952380223318,4.0,0.9941482760687258,29.0,0.9205262147199896,121.0,1.0919119489504703,494.0
2010-11-09 00:00:00-05:00,54.06625385821096,54.32099297365601,52.34505639550118,52.63421630859375,2307200,WHR,53.4534912109375,1,0.9869611133826055,0.0,0.9745061963019326,3.0,0.9686178514054989,28.0,0.8966805586989024,120.0,1.063830689919594,494.0
2010-11-10 00:00:00-05:00,52.55846671006671,53.51545703154604,52.26930688769658,53.4534912109375,1367600,WHR,52.41389846801758,0,1.0077226185907817,1.0,0.9892208796424793,3.0,0.9839723614987467,28.0,0.9103884952225937,121.0,1.080392968336665,495.0
2010-11-11 00:00:00-05:00,52.8476435508155,53.019763281404565,52.01458468508572,52.41389846801758,1943300,WHR,51.03694152832031,0,0.990180236368607,1.0,0.9791388667731283,2.0,0.9655274305619821,27.0,0.8925405874199179,120.0,1.0594097084865195,494.0
2010-11-12 00:00:00-05:00,51.92507998423012,52.59979165128163,50.56189463529128,51.03694152832031,3658500,WHR,51.746070861816406,1,0.986689746165947,0.0,0.9682096596857634,1.0,0.9408451225535407,27.0,0.8691029602094161,119.0,1.0316312626624897,494.0
2010-11-15 00:00:00-05:00,51.43625223983741,52.28996450967151,51.37429166704754,51.746070861816406,2323400,WHR,51.0782585144043,0,1.0068992853683294,1.0,0.9902242080514998,2.0,0.9543165881701877,28.0,0.8811310125888092,120.0,1.0460005203467655,495.0
2010-11-16 00:00:00-05:00,51.36741843276268,51.98016432043168,50.685825695867095,51.0782585144043,1942700,WHR,51.50067138671875,1,0.9935053080193825,1.0,0.9833003874053389,2.0,0.9426140927901508,27.0,0.8696817545616222,120.0,1.0325404820503923,495.0
2010-11-17 00:00:00-05:00,51.30676904024002,51.7638166462775,51.09902445110376,51.50067138671875,1113900,WHR,52.73329925537109,1,1.004117930190163,1.0,0.9989429427331863,2.0,0.9504006657187293,28.0,0.8766626406507684,121.0,1.0410962348280983,496.0
2010-11-18 00:00:00-05:00,52.09620749194021,53.370391018801975,51.583759293125965,52.73329925537109,2282000,WHR,53.05875778198242,1,1.011825586812622,2.0,1.0215860420240177,3.0,0.9730624678267883,28.0,0.8973094027499566,122.0,1.0660188482948756,496.0
2010-11-19 00:00:00-05:00,52.61556316727735,53.33575045370068,52.20006359310685,53.05875778198242,1339600,WHR,52.380130767822266,0,1.0030763985097333,2.0,1.0199015441486103,4.0,0.978538283676803,29.0,0.9025630157302273,122.0,1.0725997737711432,496.0
2010-11-22 00:00:00-05:00,52.92027405692841,53.07954965198967,52.23470798100894,52.380130767822266,1749500,WHR,51.45911407470703,0,0.9935637882427071,1.0,1.0044085568757075,3.0,0.9659202794012075,28.0,0.8908692832174661,121.0,1.058888636414365,496.0
2010-11-23 00:00:00-05:00,51.72226459625261,51.99233623856642,51.22366916942762,51.45911407470703,1162800,WHR,52.44246292114258,1,0.9911303602552971,0.0,0.9853085669859751,3.0,0.9488612622723236,28.0,0.8751875891761022,120.0,1.0403205937362698,495.0
2010-11-24 00:00:00-05:00,52.06851631167986,52.4563104474343,51.62532150416082,52.44246292114258,1054100,WHR,51.93692779541016,0,1.009464234084482,1.0,1.000528667204795,3.0,0.9665819807330692,29.0,0.8917996196004276,121.0,1.0602319840731582,495.0
2010-11-26 00:00:00-05:00,51.89537994382903,52.276247577683534,51.590681610107424,51.93692779541016,473800,WHR,52.02696990966797,1,0.995156753433202,1.0,0.9939039717763317,2.0,0.9577733109964384,28.0,0.8831041830122572,121.0,1.0500511718976717,495.0
2010-11-29 00:00:00-05:00,51.76382460962693,52.34551588865435,51.154432991126846,52.02696990966797,1096500,WHR,50.551944732666016,0,1.0008660902125202,1.0,0.999574417711259,2.0,0.9597814833477207,29.0,0.8846456276363593,121.0,1.051906221062324,496.0
2010-11-30 00:00:00-05:00,51.38985989492407,51.500661213882665,50.51731799966704,50.551944732666016,1917400,WHR,51.45219421386719,1,0.9856205811677284,1.0,0.9781063684380706,2.0,0.9337118763945642,28.0,0.8597469356075632,120.0,1.0221438217863184,496.0
2010-12-01 00:00:00-05:00,51.36909321292867,52.62250293145206,51.18904368587776,51.45219421386719,2639300,WHR,54.5753288269043,1,1.008825617180819,1.0,0.9955515410352189,3.0,0.9505910020433923,29.0,0.8751066276119034,121.0,1.0403955039717736,496.0
2010-12-02 00:00:00-05:00,51.63223588565789,54.69305655986076,51.569914100532266,54.5753288269043,2805700,WHR,55.44095993041992,1,1.0294558858253828,2.0,1.0473367595960636,3.0,1.0079071344845507,29.0,0.9281447667248061,121.0,1.103519858866112,497.0
2010-12-03 00:00:00-05:00,54.076748563064506,55.74565838741697,53.72358111514481,55.44095993041992,2297700,WHR,57.99624633789063,1,1.0078682085470547,2.0,1.0498296978402042,4.0,1.022869188854685,30.0,0.9427093286332932,122.0,1.1209747483738923,498.0
2010-12-06 00:00:00-05:00,56.36889003462144,58.15552193606689,55.82182033069209,57.99624633789063,2775400,WHR,58.5433349609375,1,1.0225259991102633,2.0,1.0739382399940915,4.0,1.0674872764279268,31.0,0.9857594956792298,123.0,1.1725339350339952,498.0
2010-12-07 00:00:00-05:00,58.76493241916573,59.34662376577724,58.25248928763175,58.5433349609375,2203400,WHR,57.836952209472656,0,1.004694444728131,2.0,1.0529071362490479,5.0,1.0745131366330947,32.0,0.9945711799052293,124.0,1.1834204288750763,499.0
2010-12-08 00:00:00-05:00,58.730267873988126,58.90339094191833,57.04059032363111,57.836952209472656,1593200,WHR,59.33969497680664,1,0.9939303917472679,1.0,1.01684971773747,4.0,1.0589416653687782,31.0,0.9821329463064609,124.0,1.1689765012748856,499.0
2010-12-09 00:00:00-05:00,58.30787715723568,59.44356464435451,57.83698195892059,59.33969497680664,1717900,WHR,59.37429428100586,1,1.0128245926421247,1.0,1.026080231689308,4.0,1.0834010494272333,31.0,1.0070616140836697,125.0,1.1991468845859592,499.0
2010-12-10 00:00:00-05:00,59.540496253658375,59.540496253658375,58.46020456460701,59.37429428100586,1366200,WHR,59.26351165771485,0,1.0002914509436969,2.0,1.0129002760076729,4.0,1.0809371396367493,32.0,1.0071318915693648,125.0,1.1996433582027999,499.0
2010-12-13 00:00:00-05:00,59.77595464775783,60.01832597525797,59.12500998250141,59.26351165771485,1157800,WHR,60.90472412109375,1,0.9990662114625736,1.0,1.0066577827458896,3.0,1.076314596381963,31.0,1.0047934029040027,124.0,1.1972040772647632,499.0
2010-12-14 00:00:00-05:00,59.38124246277385,61.84651451168042,59.04192255659613,60.90472412109375,3315800,WHR,60.392276763916016,0,1.0136576230211107,1.0,1.026302456861095,3.0,1.1041465950864104,31.0,1.032035538341919,124.0,1.2301102053505388,500.0
2010-12-15 00:00:00-05:00,60.91857259964857,61.88113685515341,60.184532161628816,60.392276763916016,1221800,WHR,61.991920471191406,1,0.9957752677029209,1.0,1.008977985103568,3.0,1.092754045076045,31.0,1.022887079777836,123.0,1.2195312682880324,499.0
2010-12-16 00:00:00-05:00,60.66926266734395,62.97526374443015,60.66926266734395,61.991920471191406,2061000,WHR,62.37972640991211,1,1.0130706720590925,1.0,1.0266053791693261,3.0,1.1185719942849854,32.0,1.0494640347307962,123.0,1.251580262769225,499.0
2010-12-17 00:00:00-05:00,62.30355181134224,62.56669706248453,61.63183323302532,62.37972640991211,1288200,WHR,61.354827880859375,0,1.0031181217620397,2.0,1.0228459754421955,3.0,1.1221459900557458,33.0,1.0556205496052895,123.0,1.25913859951929,500.0
2010-12-20 00:00:00-05:00,62.60131636085501,63.01681075975424,61.34790147727664,61.354827880859375,1290400,WHR,61.56261444091797,1,0.9917169578463566,1.0,0.9991878919286209,3.0,1.1014454638115847,32.0,1.0379518094040998,122.0,1.2382100600204757,499.0
2010-12-21 00:00:00-05:00,61.63878907586854,61.81191228561055,60.91166948163168,61.56261444091797,1367500,WHR,62.26893997192383,1,1.0016904562618105,1.0,1.0004280604949185,3.0,1.1025188377662394,33.0,1.0410897681023559,123.0,1.2421822050671762,499.0
2010-12-22 00:00:00-05:00,61.54874695703914,62.3589674008468,61.52797302214917,62.26893997192383,751200,WHR,62.22737121582031,0,1.005703922028234,2.0,1.0057716825810568,4.0,1.1125404785751456,33.0,1.0526063348705297,123.0,1.2561939567289617,499.0
2010-12-23 00:00:00-05:00,61.92959925464355,62.98218544107184,61.804950403841694,62.22737121582031,857400,WHR,62.552825927734375,1,0.9996661045158131,1.0,1.0043363603392084,3.0,1.109606230413554,32.0,1.0514636594232887,123.0,1.255116189333473,499.0
2010-12-27 00:00:00-05:00,61.90880792681366,62.8782981290906,61.64565749169336,62.552825927734375,437900,WHR,62.53900146484375,0,1.0026082240560947,1.0,1.009025328493462,3.0,1.1131555041842802,32.0,1.0564754893671076,124.0,1.2614298892749811,500.0
2010-12-28 00:00:00-05:00,62.80215201921554,62.86447381369373,62.199681589431606,62.53900146484375,455700,WHR,62.32433319091797,0,0.9998894854829545,1.0,1.0049630421523457,3.0,1.1104975645597295,32.0,1.0557348534989008,124.0,1.2609026849247635,499.0
2010-12-29 00:00:00-05:00,62.53900420347539,63.21072286208315,62.27585892087922,62.32433319091797,751200,WHR,62.199649810791016,0,0.9982807741398417,0.0,0.9990676685193157,2.0,1.104306348090471,32.0,1.0515698020556639,124.0,1.2563508381505653,498.0
2010-12-30 00:00:00-05:00,62.331225020753365,62.73286648543965,62.0196003576788,62.199649810791016,461900,WHR,61.51410675048828,0,0.9989987199483874,0.0,0.997290520986254,1.0,1.1004607682472194,31.0,1.0489972532714866,123.0,1.2536208417006711,497.0
2010-12-31 00:00:00-05:00,62.102724287323205,62.19274640551737,61.41023182438842,61.51410675048828,670100,WHR,62.649810791015625,1,0.9944586351642861,0.0,0.9885598163461802,1.0,1.0866909841670822,31.0,1.037012200798458,123.0,1.239602343992687,497.0
2011-01-03 00:00:00-05:00,62.137367710155935,62.864481821517735,61.9226913963542,62.649810791015625,1107700,WHR,61.74955749511719,0,1.0091468122383278,1.0,1.0064973558968535,1.0,1.104417347635604,32.0,1.0556116521009125,124.0,1.2622298849766571,498.0
2011-01-04 00:00:00-05:00,62.587472820562425,62.89217122374205,61.13323956744838,61.74955749511719,970400,WHR,62.16504287719727,1,0.9927632004221456,1.0,0.9945571305298617,1.0,1.0870257419853315,31.0,1.0400506959881697,123.0,1.2438628630541642,497.0
2011-01-05 00:00:00-05:00,61.25095308444719,62.59439008413212,61.00858179153959,62.16504287719727,884100,WHR,60.842403411865234,0,1.0033529977971258,1.0,1.0017630846069148,2.0,1.0927432375159203,31.0,1.0467090175911669,123.0,1.2520150916057236,497.0
2011-01-06 00:00:00-05:00,62.061191930353615,62.144287665348585,60.45460922642328,60.842403411865234,1506800,WHR,60.5861701965332,0,0.989247484561025,1.0,0.9847569266395104,2.0,1.0686095548386738,30.0,1.0241726424959265,123.0,1.2252142621126347,496.0
2011-01-07 00:00:00-05:00,60.97396960742392,61.75648426725736,59.803655536699765,60.5861701965332,1231800,WHR,60.87008285522461,1,0.9978898441469108,0.0,0.983564126329649,2.0,1.0638197476154125,29.0,1.0195342076852534,123.0,1.2198900307879386,496.0
2011-01-10 00:00:00-05:00,60.5238366561429,61.02935314815548,59.57512016867183,60.87008285522461,994100,WHR,60.79393768310547,0,1.0023375713605327,1.0,0.9939165189023397,2.0,1.067952303257543,30.0,1.0239994016727592,123.0,1.2254477072225463,496.0
2011-01-11 00:00:00-05:00,61.25790654636871,61.55567863298398,60.57926662646432,60.79393768310547,789600,WHR,62.10966873168945,1,0.9993741356583301,1.0,0.9957807816998285,2.0,1.0657770263751052,30.0,1.02241647515189,122.0,1.2237805648917734,495.0
2011-01-12 00:00:00-05:00,61.244052901593655,62.3174133609326,60.6762091283828,62.10966873168945,1272700,WHR,60.57233810424805,0,1.0107053900773542,1.0,1.0175165175041936,2.0,1.0878686169310436,30.0,1.0441019683002788,123.0,1.2500888383646007,496.0
2011-01-13 00:00:00-05:00,61.95732352230955,62.07504601485276,60.37844099104745,60.57233810424805,1413900,WHR,61.10554122924805,1,0.9874689804390201,1.0,0.9932099428461313,2.0,1.0604346028970124,30.0,1.0179486322459792,122.0,1.2190141860726467,495.0
2011-01-14 00:00:00-05:00,60.46844935023292,61.18171583253235,60.26762587641967,61.10554122924805,862100,WHR,60.406131744384766,0,1.0043820875899603,1.0,1.0002492622417123,3.0,1.0689824346532646,31.0,1.0265003189037403,123.0,1.2296010015122771,495.0
2011-01-18 00:00:00-05:00,60.96704905900223,61.08477153285788,59.94215768767849,60.406131744384766,884700,WHR,59.5335807800293,0,0.9942440963263254,1.0,0.9903046595954901,2.0,1.0562828930826718,30.0,1.0142777729236103,123.0,1.2154027636588747,494.0
2011-01-19 00:00:00-05:00,60.419970330379314,60.48229211909214,59.04883286241394,59.5335807800293,1321900,WHR,59.96295547485352,1,0.9927250870792452,0.0,0.9800500071093696,2.0,1.0408348639031058,29.0,0.9991619738731314,123.0,1.1977844450598174,493.0
2011-01-20 00:00:00-05:00,59.32586329822208,60.46847759795757,58.82034645841938,59.96295547485352,1074500,WHR,61.25094604492188,1,1.0035931978305077,1.0,0.9941449474307515,2.0,1.0478613750356298,30.0,1.005832617737474,124.0,1.2063626346894964,493.0
2011-01-21 00:00:00-05:00,60.48920551905941,62.109640360102496,60.38533061023786,61.25094604492188,1967300,WHR,60.6346435546875,0,1.0106257661367184,2.0,1.0132190369802274,3.0,1.0694158781944303,31.0,1.026773486839274,125.0,1.2321827448377838,493.0
2011-01-24 00:00:00-05:00,61.354836411789286,61.354836411789286,60.02525203712383,60.6346435546875,1743400,WHR,60.78009414672852,1,0.9949435984002792,1.0,1.0045891784709575,2.0,1.0571664762243793,31.0,1.0158173101529357,125.0,1.2197273451184623,492.0
2011-01-25 00:00:00-05:00,60.44770054269895,60.92552229220516,59.9075569736751,60.78009414672852,837000,WHR,61.46564102172852,1,1.0011979648829676,1.0,1.0057527070472772,3.0,1.0573160204652718,32.0,1.0176093140548284,126.0,1.2226123235708732,492.0
2011-01-26 00:00:00-05:00,60.9878194653196,62.14428077096255,60.4753764509369,61.46564102172852,1100300,WHR,63.21070098876953,1,1.0056079410382317,2.0,1.0106346126048125,4.0,1.0663792080176973,33.0,1.0283653536858048,127.0,1.2363045716921015,493.0
2011-01-27 00:00:00-05:00,61.576418616845565,63.245327719657546,61.160924262676176,63.21070098876953,1686900,WHR,62.26893997192383,0,1.0139967209408027,2.0,1.0283445752840326,4.0,1.0930550168638111,34.0,1.0567391796918215,127.0,1.2712295119527717,494.0
2011-01-28 00:00:00-05:00,63.30075786005755,63.903223105066026,62.061195339724286,62.26893997192383,2311700,WHR,59.208099365234375,0,0.9924947106189066,1.0,1.0096792060749038,3.0,1.0739518198189506,33.0,1.0405426895375516,126.0,1.2521333721429682,494.0
2011-01-31 00:00:00-05:00,62.29661479169416,62.379715780509706,59.11807725649077,59.208099365234375,4324100,WHR,59.1527099609375,0,0.974803134622057,0.0,0.9645102944516972,3.0,1.0194389000293758,32.0,0.9891604199141334,126.0,1.1905059989872462,494.0
2011-02-01 00:00:00-05:00,59.67900575697836,59.99062527855725,58.8203165090265,59.1527099609375,3523200,WHR,57.89237594604492,0,0.9995320291859087,0.0,0.9687443461641879,2.0,1.0172556306532021,31.0,0.9878504104656451,126.0,1.1893380861474383,493.0
2011-02-02 00:00:00-05:00,55.75257650908152,58.70259095907191,55.22628069336961,57.89237594604492,7449300,WHR,59.3327751159668,1,0.9892320638228743,0.0,0.9593317483686263,1.0,0.9947929050913353,30.0,0.9663981543714715,126.0,1.1639847695741994,492.0
2011-02-03 00:00:00-05:00,57.58076941940958,59.34662264540082,57.15142204075404,59.3327751159668,3417600,WHR,59.5335807800293,1,1.0122874584240025,1.0,0.9960013255486699,1.0,1.017996508363432,31.0,0.9899103385697477,127.0,1.1929059078248432,492.0
2011-02-04 00:00:00-05:00,59.36738406016329,59.859053098769984,58.80646154525549,59.5335807800293,1729500,WHR,59.83135223388672,1,1.0016893397845745,2.0,1.0086350186160022,2.0,1.0194305577725529,32.0,0.9928155927501467,127.0,1.196952633149973,492.0
2011-02-07 00:00:00-05:00,59.685929444882326,60.46844405713409,59.45740565503324,59.83135223388672,1609100,WHR,59.60284805297852,0,1.0024946309300296,2.0,1.0115437035201027,3.0,1.022668021947916,32.0,0.9973039523391349,128.0,1.2029363582529087,493.0
2011-02-08 00:00:00-05:00,59.85214585423149,60.03219544031423,58.9311292708969,59.60284805297852,1127300,WHR,59.41587829589844,0,0.9980867776536423,1.0,1.0061490600835596,3.0,1.0166801982656208,32.0,0.9931562607234553,127.0,1.1983229634434487,493.0
2011-02-09 00:00:00-05:00,59.49897404211436,60.21224070806903,59.17350161396801,59.41587829589844,1170800,WHR,60.30919647216797,1,0.998429072778581,0.0,0.9978602356958126,3.0,1.011082475169854,32.0,0.9897526981862982,126.0,1.1945374299814708,493.0
2011-02-10 00:00:00-05:00,59.08348651935532,60.69699603960376,59.04885976542862,60.30919647216797,1284800,WHR,60.03908920288086,0,1.0074614125570611,1.0,1.009552041403546,3.0,1.0237976604762606,32.0,1.0043333318040406,126.0,1.212444706452298,494.0
2011-02-11 00:00:00-05:00,59.9282931657598,60.31608722063015,59.18040010282605,60.03908920288086,1278700,WHR,59.17348098754883,0,0.9977556201339135,1.0,1.0033325107209898,2.0,1.01663490577547,32.0,0.9995882708332153,125.0,1.206971735754414,493.0
2011-02-14 00:00:00-05:00,59.87982628397107,60.03909659756738,59.11808560381443,59.17348098754883,1181500,WHR,58.12089538574219,0,0.9927389518240458,0.0,0.9910461457112026,1.0,0.9998126884106014,31.0,0.9850570201985263,124.0,1.1894952371716025,493.0
2011-02-15 00:00:00-05:00,59.00035853078587,59.311983323885215,58.01009405042728,58.12089538574219,1506800,WHR,57.62922286987305,0,0.9910261204812004,0.0,0.9782734291764571,1.0,0.9805402399649926,30.0,0.9674896872774233,123.0,1.168268057273768,493.0
2011-02-16 00:00:00-05:00,58.20399287471118,58.75105726409412,57.06137926889871,57.62922286987305,2097900,WHR,57.67076110839844,1,0.9957522936194038,0.0,0.9758670874783035,1.0,0.9709975357309784,29.0,0.9592855096495517,123.0,1.158331052906208,492.0
2011-02-17 00:00:00-05:00,57.27604068676175,58.0516340079151,57.04751694705175,57.67076110839844,1466900,WHR,57.78157043457031,1,1.0003602623096046,1.0,0.9853754107093115,1.0,0.9702559049454047,30.0,0.9598852101824699,124.0,1.1590898950500756,493.0
2011-02-18 00:00:00-05:00,57.96854106726408,58.41866220642061,57.559973066826814,57.78157043457031,1908600,WHR,56.521244049072266,0,1.0009597842216866,2.0,0.9949442138358138,2.0,0.9703998204281137,31.0,0.9616768194103007,124.0,1.1612282652944896,494.0
2011-02-22 00:00:00-05:00,57.25528446422291,57.25528446422291,56.20269810885031,56.521244049072266,1404600,WHR,56.39594650268555,0,0.9889737939420695,1.0,0.9822139305461423,2.0,0.948151071904624,30.0,0.9407307285265849,123.0,1.135849799197318,493.0
2011-02-23 00:00:00-05:00,56.409867371502585,57.07122283286414,55.34474297906894,56.39594650268555,1418000,WHR,56.173152923583984,0,0.9988903589809978,0.0,0.9859474472460733,2.0,0.9448712405563916,30.0,0.938706412347973,122.0,1.1333050300185106,492.0
2011-02-24 00:00:00-05:00,56.47945971640712,56.702230707223656,55.825072918478185,56.173152923583984,2257600,WHR,56.75096893310547,1,0.9980208282713722,0.0,0.9870778244417854,2.0,0.9400501423744141,29.0,0.9351462199123226,121.0,1.1288147678261804,491.0
2011-02-25 00:00:00-05:00,56.45161987808643,56.93893513415093,56.166196999364125,56.75096893310547,1372700,WHR,57.43320083618164,1,1.005116851918094,1.0,1.0004652721289162,2.0,0.9480805866899106,30.0,0.9448998705363998,121.0,1.1403857355122529,492.0
2011-02-28 00:00:00-05:00,57.14081490663177,57.77431775398984,56.82058193932295,57.43320083618164,1630800,WHR,55.83205795288086,0,1.0059748378821218,2.0,1.0137375258074088,2.0,0.9578827681912543,30.0,0.9563650656537998,121.0,1.1540225042523178,493.0
2011-03-01 00:00:00-05:00,57.48195989466086,57.59334810009096,55.80421621280531,55.83205795288086,1809100,WHR,55.90862655639648,1,0.9858637776453357,1.0,0.9878796347333558,2.0,0.930853399046925,29.0,0.9298552565319765,121.0,1.1217880614736064,493.0
2011-03-02 00:00:00-05:00,55.93647360304221,56.55605578488665,55.60927744405628,55.90862655639648,1141800,WHR,57.32878494262695,1,1.000685234781332,1.0,0.9909433092225453,3.0,0.9320088636915838,29.0,0.9313275428712365,121.0,1.1232540113088125,494.0
2011-03-03 00:00:00-05:00,56.52819974065487,57.43321002310682,56.19404585665554,57.32878494262695,1277100,WHR,56.347198486328125,0,1.0125414239643116,2.0,1.0119690800840722,4.0,0.9558604702555995,29.0,0.9551050274255015,121.0,1.1516837193090481,494.0
2011-03-04 00:00:00-05:00,57.349665388283626,57.356628476231066,55.85292546765786,56.347198486328125,1109000,WHR,55.95038986206055,0,0.9913650497960081,1.0,0.9960619520610002,3.0,0.9400678828096759,28.0,0.938947721410409,120.0,1.1318801082091852,494.0
2011-03-07 00:00:00-05:00,56.66047083614619,57.07816583921304,55.70672957493143,55.95038986206055,836800,WHR,58.03190231323242,1,0.9964664546220127,0.0,0.9942597811463182,2.0,0.9339376498253275,28.0,0.9325417400360603,120.0,1.1238440658905584,493.0
2011-03-08 00:00:00-05:00,56.25669205753963,58.63060038237621,56.22188724173527,58.03190231323242,2082200,WHR,58.37303924560547,1,1.0182617177760447,1.0,1.0232488677461475,3.0,0.9690353342075742,28.0,0.9672966838035809,121.0,1.1655633357024748,493.0
2011-03-09 00:00:00-05:00,57.90661312608206,58.71415630049616,57.58638003008323,58.37303924560547,1089500,WHR,57.27311325073242,0,1.0029306052458316,2.0,1.020395953433407,3.0,0.9750034374414179,28.0,0.97299943411051,122.0,1.1723415115471507,493.0
2011-03-10 00:00:00-05:00,57.55157847045915,58.06674098590239,56.9598431980913,57.27311325073242,910800,WHR,58.01799774169922,1,0.9904888665024296,1.0,1.0013634835869143,2.0,0.9571617571871636,28.0,0.9547640115635178,121.0,1.1501878265345031,493.0
2011-03-11 00:00:00-05:00,57.21741763345576,58.37304098729904,56.96679949671256,58.01799774169922,1057900,WHR,57.08514404296875,0,1.0064609013180184,1.0,1.008494964424607,3.0,0.9703906953990994,28.0,0.9673118968619453,121.0,1.1650728585672814,493.0
2011-03-14 00:00:00-04:00,57.66295836103807,57.78130433617569,56.57694469196381,57.08514404296875,1109100,WHR,56.67438888549805,0,0.991895497514085,1.0,0.9883805579484829,3.0,0.9556691114923848,28.0,0.9519697144236713,120.0,1.146277756986512,493.0
2011-03-15 00:00:00-04:00,55.539644671541296,57.56547284726671,55.35864158203224,56.67438888549805,1834000,WHR,55.49093627929688,0,0.9963892682494663,0.0,0.9859032537111199,2.0,0.9502024172525521,27.0,0.9453677187249462,119.0,1.137955585819059,493.0
2011-03-16 00:00:00-04:00,56.55606067704516,56.7370638402588,55.16374009200813,55.49093627929688,1936100,WHR,55.39347076416016,0,0.9894490333401841,0.0,0.9750936267426197,1.0,0.932155017077683,26.0,0.9258325125981974,119.0,1.1141332583310612,493.0
2011-03-17 00:00:00-04:00,56.63959824640688,56.63959824640688,55.10108473447934,55.39347076416016,1331600,WHR,55.76241302490234,1,0.9991210169424586,0.0,0.979853729374092,1.0,0.9320734028164512,26.0,0.9245089958859705,118.0,1.1121203542562534,492.0
2011-03-18 00:00:00-04:00,56.2288389341953,56.31934313030945,55.198525143855,55.76241302490234,2472100,WHR,56.38201904296875,1,1.0033191428844406,1.0,0.9943143660788152,1.0,0.9398100817890952,26.0,0.9310069937282063,118.0,1.1194687469474691,492.0
2011-03-21 00:00:00-04:00,56.54910133267019,56.73706226948258,56.1035538714144,56.38201904296875,1153700,WHR,55.825077056884766,0,1.0055250716120387,2.0,1.0078900312800203,2.0,0.9518267736229277,26.0,0.941627779033622,119.0,1.1318332764756278,493.0
2011-03-22 00:00:00-04:00,56.36808105529892,56.465543039051205,55.6928049455296,55.825077056884766,803300,WHR,56.235816955566406,1,0.9950364816001622,1.0,1.0009735173166698,2.0,0.9441253360934808,26.0,0.9326339624939703,119.0,1.1205957478237802,492.0
2011-03-23 00:00:00-04:00,55.69977596856182,56.46555108340288,55.20550289160733,56.235816955566406,748200,WHR,56.61871719360352,1,1.0036653276979568,1.0,1.0056519840256273,3.0,0.9527683314670027,26.0,0.9398178736296818,119.0,1.1287741022146207,492.0
2011-03-24 00:00:00-04:00,56.58390705487791,56.87629309955972,55.8181318044478,56.61871719360352,947400,WHR,57.14779281616211,1,1.0033928653458533,2.0,1.0080817250105543,4.0,0.9608618707938946,27.0,0.9465200767501462,119.0,1.136399979001948,492.0
2011-03-25 00:00:00-04:00,56.68136671975331,57.80218515584571,56.63263571432674,57.14779281616211,625600,WHR,56.66745376586914,0,1.004650539271295,2.0,1.012506814894022,4.0,0.9712627653745033,28.0,0.9555901572106348,120.0,1.1469608867405432,492.0
2011-03-28 00:00:00-04:00,57.217421081796125,57.50980715519062,56.65352758449874,56.66745376586914,576000,WHR,56.764896392822266,1,0.9957796598898833,1.0,1.002982040267408,3.0,0.9646106961577764,28.0,0.9477365377409201,120.0,1.1372813932177561,491.0
2011-03-29 00:00:00-04:00,56.67439748996762,56.86235838398272,56.11746727366778,56.764896392822266,780400,WHR,58.60971832275391,1,1.0008590373629462,1.0,1.001375289869409,4.0,0.9675730782111986,29.0,0.94956124079457,120.0,1.1391968106237176,491.0
2011-03-30 00:00:00-04:00,57.00854802823089,58.66540709209464,56.99462716371567,58.60971832275391,1309500,WHR,59.42423629760742,1,1.015989842605148,2.0,1.0253316858464459,4.0,1.0001665014469125,29.0,0.9806346065741819,120.0,1.1761405308036135,491.0
2011-03-31 00:00:00-04:00,58.442647846359,60.6982107640563,58.442647846359,59.42423629760742,2640900,WHR,59.89064407348633,1,1.0069007090160902,2.0,1.0294756353334948,4.0,1.0147372358866589,30.0,0.9944584642360349,120.0,1.192393358417193,491.0
2011-04-01 00:00:00-04:00,59.82799222277141,60.565920124681135,59.70964098595551,59.89064407348633,1940600,WHR,59.28499984741211,0,1.003909049520297,2.0,1.0277881531460924,4.0,1.023364108729747,30.0,1.0023213024966116,121.0,1.2016407707288121,492.0
2011-04-04 00:00:00-04:00,59.946349853396654,60.2317727478505,59.10399672453873,59.28499984741211,1196100,WHR,59.006534576416016,0,0.9949180536714682,1.0,1.0083357717938353,4.0,1.0134648377832318,30.0,0.9924161577594466,120.0,1.1893921594512942,492.0
2011-04-05 00:00:00-04:00,59.10399657049066,59.5008076353032,58.54706633753815,59.006534576416016,917500,WHR,58.818580627441406,0,0.9976459408329392,0.0,0.9960047407845758,3.0,1.0091587124862853,30.0,0.9880593930527288,119.0,1.1837311848106693,491.0
2011-04-06 00:00:00-04:00,59.45905212224032,59.57043500528268,58.47746357706732,58.818580627441406,582800,WHR,58.60971832275391,0,0.9984048057271201,0.0,0.9921326058153991,2.0,1.0065328152591904,29.0,0.9852792719118656,118.0,1.1798970789151717,490.0
2011-04-07 00:00:00-04:00,58.63060227516666,59.15968541850259,58.12936617214103,58.60971832275391,554000,WHR,57.48890686035156,0,0.998221363107916,0.0,0.9913335756707233,1.0,1.0035838496468268,29.0,0.9820567926835765,118.0,1.1756605750936773,489.0
2011-04-08 00:00:00-04:00,58.85338012645955,59.117919073232976,57.23132569100446,57.48890686035156,951100,WHR,57.906620025634766,1,0.990346040182348,0.0,0.9803409477902685,0.0,0.9856918434880729,28.0,0.9636522620773563,117.0,1.1531564060139046,489.0
2011-04-11 00:00:00-04:00,57.52372969605758,58.09458098933857,57.46107781191703,57.906620025634766,838000,WHR,58.71414566040039,1,1.0036198384508952,1.0,0.9921280970178158,1.0,0.9936107555664091,29.0,0.9710215802414178,117.0,1.1616859861077147,489.0
2011-04-12 00:00:00-04:00,57.57940650556551,58.88122792381994,57.42625041973786,58.71414566040039,797400,WHR,58.92298126220703,1,1.0069243726022141,2.0,1.0069725284668236,2.0,1.0081564345518554,29.0,0.9848908156755763,117.0,1.1780871977808358,489.0
2011-04-13 00:00:00-04:00,58.97867533624024,59.30587138208629,58.33820941869607,58.92298126220703,1211000,WHR,58.99262237548828,1,1.0017752524842267,2.0,1.0101923947400508,3.0,1.0121718737765641,30.0,0.9887180591581124,117.0,1.1824692137095245,490.0
2011-04-14 00:00:00-04:00,58.47746524029217,59.06223734327993,57.91357709651375,58.99262237548828,817100,WHR,59.66091537475586,1,1.0005906013380148,2.0,1.010060210306958,4.0,1.0135251304447557,31.0,0.9903196244891178,117.0,1.1840476615882651,491.0
2011-04-15 00:00:00-04:00,59.04829643034802,60.022921582440325,58.74198430250421,59.66091537475586,1044500,WHR,59.09008026123047,0,1.0056323057191459,2.0,1.0139610132007248,5.0,1.0250954225932436,31.0,1.002054665844717,117.0,1.1976222533316758,492.0
2011-04-18 00:00:00-04:00,58.769847182753466,59.36158233453231,58.35215209392612,59.09008026123047,1016900,WHR,59.93939208984375,1,0.995193007768329,1.0,1.0002358189329026,4.0,1.015915968304001,30.0,0.993123944584898,116.0,1.1863675779962308,491.0
2011-04-19 00:00:00-04:00,59.37550402809239,60.69124637969944,59.37550402809239,59.93939208984375,1195100,WHR,60.03683853149414,1,1.0071353070112607,1.0,1.0104211282836328,4.0,1.0307232433744213,31.0,1.008058797239094,116.0,1.2036823341205216,491.0
2011-04-20 00:00:00-04:00,60.72604077419681,60.955769543818256,59.54952864286751,60.03683853149414,1212100,WHR,60.78174591064453,1,1.0008122145623823,2.0,1.0082773924411657,4.0,1.0326189078644883,31.0,1.0108266267312056,116.0,1.2058954432719429,492.0
2011-04-21 00:00:00-04:00,60.04381779159825,60.94882818427382,59.70270077767999,60.78174591064453,623500,WHR,60.71907806396485,0,1.0061655032840344,2.0,1.0146899017862692,4.0,1.0456361261810572,31.0,1.0242417728732913,117.0,1.2210741144003199,493.0
2011-04-25 00:00:00-04:00,60.88615498234888,61.262082032172565,60.03683890437086,60.71907806396485,614400,WHR,61.16464614868164,1,0.9994842187515307,1.0,1.0100751383350195,3.0,1.0453048038687933,30.0,1.0242029339599228,116.0,1.2200428767289975,492.0
2011-04-26 00:00:00-04:00,60.8513761291504,61.19249319883936,60.22483077880617,61.16464614868164,1300000,WHR,61.71460723876953,1,1.0036556815735251,1.0,1.0105125301336577,4.0,1.0533091873859042,31.0,1.0327181427644716,116.0,1.2292216811853487,492.0
2011-04-27 00:00:00-04:00,63.35058276438477,64.04674301454284,59.59827944093525,61.71460723876953,3853700,WHR,60.86527633666992,0,1.0044756220023066,2.0,1.013652724547496,4.0,1.0620159835101988,32.0,1.0428845597809437,117.0,1.24051457687641,492.0
2011-04-28 00:00:00-04:00,61.73547644138539,62.04874635457098,60.2387311990188,60.86527633666992,1329100,WHR,59.99510192871094,0,0.9930712048557551,1.0,0.996989398841799,3.0,1.0468860626081677,32.0,1.0295962467372155,116.0,1.2236598700135763,492.0
2011-04-29 00:00:00-04:00,60.91403342043072,61.02542163095782,59.73056289563237,59.99510192871094,1370900,WHR,59.81406021118164,0,0.9928001680910821,0.0,0.985274850315787,2.0,1.0312973665889642,32.0,1.0158667752766075,116.0,1.206416795694877,491.0
2011-05-02 00:00:00-04:00,60.41275817888963,60.5519933523559,59.6887512107014,59.81406021118164,1131100,WHR,58.70022964477539,0,0.9984889159201539,0.0,0.9852303202752218,2.0,1.0280435625743554,31.0,1.013572107454407,116.0,1.2030226572392013,491.0
2011-05-03 00:00:00-04:00,59.66092883806258,59.93939398882555,58.477458586421214,58.70022964477539,1361800,WHR,58.407833099365234,0,0.9906017192714903,0.0,0.9747977501783982,1.0,1.0091406970171841,30.0,0.9954703498571938,116.0,1.18088660548673,491.0
2011-05-04 00:00:00-04:00,58.74895005914584,58.8672960007236,57.78128795089471,58.407833099365234,1091500,WHR,58.4008903503418,0,0.9975031903136423,0.0,0.9807129844758062,0.0,1.0045237004032201,29.0,0.9910829489695817,116.0,1.1752812505396926,490.0
2011-05-05 00:00:00-04:00,57.934464198426326,59.04135658681813,57.78827116474902,58.4008903503418,1016000,WHR,58.82551574707031,1,0.9999405630947895,0.0,0.9887793423033457,0.0,1.0047504626042822,29.0,0.9919277710483738,115.0,1.1754417080649835,489.0
2011-05-06 00:00:00-04:00,59.20840584390009,59.67483173547169,58.64451267299816,58.82551574707031,1261300,WHR,58.164180755615234,0,1.0036222674640018,1.0,0.9999287763992896,1.0,1.012227224659727,30.0,1.0000176798608378,116.0,1.1842909032628415,489.0
2011-05-09 00:00:00-04:00,58.7280687590719,58.9021087908825,57.82305846914466,58.164180755615234,831700,WHR,58.85338592529297,1,0.9943470663551991,1.0,0.9942640903764773,1.0,1.0014635122499596,29.0,0.9899725146033225,115.0,1.1712866019709873,489.0
2011-05-10 00:00:00-04:00,58.40784380720656,59.09007785184094,58.14329952308706,58.85338592529297,1089700,WHR,58.44960403442383,0,1.0058897581724384,1.0,1.0055189263019766,2.0,1.0136750675723447,30.0,1.0027454866105912,116.0,1.1854575349311987,490.0
2011-05-11 00:00:00-04:00,58.58187615908876,58.83249423146427,57.99709888645248,58.44960403442383,961400,WHR,59.44511032104492,1,0.9965577868815807,1.0,0.9984777368691283,2.0,1.0069296733726534,30.0,0.9968362130969519,116.0,1.1776151107571684,490.0
2011-05-12 00:00:00-04:00,58.32429213878246,59.75142246365977,58.01797999616762,59.44511032104492,1280200,WHR,60.32925033569336,1,1.0084440281488745,1.0,1.011873701171486,3.0,1.0236903541756484,31.0,1.014801596732839,116.0,1.1979234653450357,491.0
2011-05-13 00:00:00-04:00,59.45208692595544,61.26210252933875,59.45208692595544,60.32925033569336,2159300,WHR,59.24321746826172,0,1.0073817134969503,2.0,1.0216931550132258,3.0,1.038111446226889,32.0,1.0306614159209742,117.0,1.2159745949770364,491.0
2011-05-16 00:00:00-04:00,59.90457268327845,60.41972961812469,59.187523391175766,59.24321746826172,1176900,WHR,58.72809600830078,0,0.9909173667870412,1.0,0.9996474063745101,3.0,1.0189640922489345,31.0,1.012727138226883,117.0,1.19433579049278,491.0
2011-05-17 00:00:00-04:00,58.99959815899709,59.62614362648192,58.48444091296855,58.72809600830078,1509500,WHR,58.74207305908203,1,0.9956335023762936,0.0,0.9913746156183691,2.0,1.0098301710536255,30.0,1.0042673316808197,117.0,1.1842265164595693,490.0
2011-05-18 00:00:00-04:00,58.854125361384256,58.97317692536948,58.49696532648073,58.74207305908203,1230000,WHR,58.139793395996094,0,1.0001189838313183,1.0,0.9906323889493804,3.0,1.009428053129544,31.0,1.0051288876773412,117.0,1.1847810244722587,491.0
2011-05-19 00:00:00-04:00,58.889125649746006,59.38635096079347,57.705604170781065,58.139793395996094,1035800,WHR,57.3974838256836,0,0.9948471077562967,1.0,0.9848112122280007,2.0,0.9985797051113352,31.0,0.9954029346151709,117.0,1.1729139015430003,491.0
2011-05-20 00:00:00-04:00,57.922717029077056,57.922717029077056,57.10335451409088,57.3974838256836,945100,WHR,56.40303802490234,0,0.9935751509109201,0.0,0.98199064952928,1.0,0.9854847835309533,31.0,0.9833943288372303,116.0,1.158242648424757,490.0
2011-05-23 00:00:00-04:00,56.73918424993867,57.05432734672662,56.26297264534728,56.40303802490234,1403700,WHR,56.26997375488281,0,0.9912615005220545,0.0,0.9744470411741185,1.0,0.9685070967997057,30.0,0.9671097899544928,116.0,1.1384923535787193,490.0
2011-05-24 00:00:00-04:00,56.57110762353653,56.998297654485945,56.19994374092912,56.26997375488281,944000,WHR,57.43950653076172,1,0.9988190226930331,0.0,0.9804758767416918,1.0,0.9665439876977827,29.0,0.9658466479531719,115.0,1.1361266121444649,489.0
2011-05-25 00:00:00-04:00,56.15093684053386,57.67761505183799,56.07390220221057,57.43950653076172,1261400,WHR,57.600563049316406,1,1.0102852706119223,1.0,1.0054183029212336,1.0,0.9861791179104795,30.0,0.9868733616034628,116.0,1.1599790214348007,490.0
2011-05-26 00:00:00-04:00,57.2714161198773,57.83166689461799,56.99829533650175,57.600563049316406,957000,WHR,58.09779739379883,1,1.001400003660834,2.0,1.0101443103630794,2.0,0.9884657344713365,30.0,0.9903316619932058,117.0,1.1635144131146684,490.0
2011-05-27 00:00:00-04:00,57.719628829080925,58.11880586801393,57.36947334429939,58.09779739379883,638000,WHR,58.68603897094727,1,1.0042976783990547,2.0,1.0163678451839617,3.0,0.9967793836326783,30.0,0.9997593320881067,117.0,1.1738453407180849,490.0
2011-05-31 00:00:00-04:00,58.55998283085615,58.784082041801845,57.95071059659132,58.68603897094727,1106000,WHR,57.53753662109375,0,1.0050370119312677,2.0,1.0185228341559758,4.0,1.006198864415095,31.0,1.0106228583673165,118.0,1.1860004159417568,491.0
2011-06-01 00:00:00-04:00,58.41992436267176,58.86812283733124,57.47450587215402,57.53753662109375,2227800,WHR,56.69013977050781,0,0.9901181636857835,1.0,0.9942156790289435,4.0,0.9860600516667908,31.0,0.9913868298133681,118.0,1.1630938714659695,490.0
2011-06-02 00:00:00-04:00,57.71259792733679,57.92969249914304,56.65512744699319,56.69013977050781,962400,WHR,53.90994644165039,0,0.9925815102140322,0.0,0.9821165592648299,3.0,0.9719101129412933,30.0,0.97722558126237,118.0,1.1462838714843484,489.0
2011-06-03 00:00:00-04:00,55.81478799055468,55.89182263272149,53.45474319510537,53.90994644165039,4139800,WHR,52.53730773925781,0,0.9748626477241227,0.0,0.9460492479821818,2.0,0.9254259453572681,29.0,0.929974207343509,117.0,1.0904683641191173,488.0
2011-06-06 00:00:00-04:00,53.76985609956805,53.83988610281308,52.29920465963536,52.53730773925781,2198100,WHR,52.52331161499024,0,0.987104987226258,0.0,0.940312238769725,1.0,0.9030866456901214,29.0,0.907075781722762,116.0,1.0631497590851067,487.0
2011-06-07 00:00:00-04:00,52.92248856954626,53.05554933538078,52.24318621778744,52.52331161499024,1695800,WHR,52.22218322753906,0,0.9998667804896488,0.0,0.9612673784874266,0.0,0.9042695394900565,28.0,0.9078230557894238,115.0,1.063316230163009,486.0
2011-06-08 00:00:00-04:00,52.47429557718025,52.54432559809212,51.816001626122905,52.22218322753906,1582900,WHR,52.21517562866211,0,0.997125142347135,0.0,0.9747203985788768,0.0,0.9003414781253065,28.0,0.9035570275139548,115.0,1.0576436540081982,486.0
2011-06-09 00:00:00-04:00,52.36924487160309,52.60735334058855,51.82300325968348,52.21517562866211,1242300,WHR,51.10867691040039,0,0.9999329014161819,0.0,0.9911466349698128,0.0,0.9013756178733717,28.0,0.9043763543296713,115.0,1.057928117321168,485.0
2011-06-10 00:00:00-04:00,52.10311681574044,52.187150679717774,50.75852156263728,51.10867691040039,1819700,WHR,51.58487701416016,1,0.9892909653379078,0.0,0.9805712153954791,0.0,0.8833882482546428,28.0,0.8863810179672739,114.0,1.0359267269252952,485.0
2011-06-13 00:00:00-04:00,51.23472174366364,51.93503228465666,50.97560492003587,51.58487701416016,1645500,WHR,52.082122802734375,1,1.0046370982945005,1.0,0.9933379118750072,1.0,0.8925984562048207,29.0,0.8958072269925885,114.0,1.045988306704326,486.0
2011-06-14 00:00:00-04:00,52.208178976628034,52.98552449181423,51.83001045494707,52.082122802734375,1448700,WHR,51.51486587524414,0,1.0047965677549509,2.0,1.004620054803494,2.0,0.9021600648906924,29.0,0.9055521723847088,115.0,1.0564493824445602,487.0
2011-06-15 00:00:00-04:00,51.661930516755525,51.99808208517292,50.89859423325149,51.51486587524414,1308800,WHR,52.72642135620117,1,0.9945243878733435,1.0,0.9963970280373162,2.0,0.893589726851952,28.0,0.8968038580914688,115.0,1.0453515505617894,486.0
2011-06-16 00:00:00-04:00,51.54289393243914,52.76843831086035,51.493872371020274,52.72642135620117,1914800,WHR,53.2586555480957,1,1.0116226066766332,1.0,1.0178179172195099,3.0,0.9154257404924927,29.0,0.9190565871942675,115.0,1.070327537544304,487.0
2011-06-17 00:00:00-04:00,53.17461630169767,53.43373330421311,52.817456183192405,53.2586555480957,1402900,WHR,54.414154052734375,1,1.0050217842685072,2.0,1.0196285758568011,4.0,0.9254635554118377,29.0,0.9292269112663959,116.0,1.0814964405175895,488.0
2011-06-20 00:00:00-04:00,53.14659305071787,54.49118867812248,53.02053687671443,54.414154052734375,1347800,WHR,54.65226364135742,1,1.010731571962526,2.0,1.0305858570241107,4.0,0.9461464763877089,29.0,0.9502145061646159,117.0,1.1053216285691403,488.0
2011-06-21 00:00:00-04:00,54.65926824642958,54.77831981791539,54.309112794096144,54.65226364135742,2082400,WHR,54.07801055908203,0,1.0021831613585301,2.0,1.025115538664589,4.0,0.9509744398972453,29.0,0.9550324957118632,118.0,1.1105181597446159,488.0
2011-06-22 00:00:00-04:00,54.35813599806388,54.78532609034782,53.99397132450297,54.07801055908203,1201500,WHR,54.47018432617188,1,0.9947185539032415,1.0,1.0046837957703743,4.0,0.9416893424689132,29.0,0.9457963932296494,117.0,1.099214774740716,488.0
2011-06-23 00:00:00-04:00,52.20818297090018,54.55422356284656,51.73897057815212,54.47018432617188,3179600,WHR,53.75585174560547,0,1.0036128999427805,1.0,1.0054551470273647,4.0,0.9491505934395853,29.0,0.9533889363203998,118.0,1.1075715088885303,488.0
2011-06-24 00:00:00-04:00,54.58221859942892,54.78530934704916,53.52474792835347,53.75585174560547,1298300,WHR,53.92393493652344,1,0.9933996235425951,1.0,0.9904514089130163,3.0,0.9380255406156142,28.0,0.9414008799755317,118.0,1.0934223860523962,488.0
2011-06-27 00:00:00-04:00,53.67882720994697,54.309108037534834,53.62980566463167,53.92393493652344,754500,WHR,55.55567169189453,1,1.0015609539737866,1.0,0.995346391815499,3.0,0.9424661614458576,28.0,0.9447542642578601,119.0,1.0971485446977483,489.0
2011-06-28 00:00:00-04:00,54.337126731739566,55.99686568874104,54.09902356158555,55.55567169189453,1831100,WHR,56.36800384521485,1,1.0149044813515757,2.0,1.0220569012459202,3.0,0.9722128281107963,28.0,0.9735383063053168,120.0,1.1306450533627024,489.0
2011-06-29 00:00:00-04:00,55.7447277817361,56.56408997624909,55.54163704803739,56.36800384521485,1934800,WHR,56.94928741455078,1,1.0072579116922495,2.0,1.0283368093888492,4.0,0.9872684224396574,29.0,0.9878565587993691,121.0,1.1474910446407791,489.0
2011-06-30 00:00:00-04:00,56.57812345826931,57.08934747025934,56.29799800390354,56.94928741455078,1094900,WHR,57.97174072265625,1,1.0051296987677143,2.0,1.0296279369842278,4.0,0.9980487896711804,30.0,0.9980559205387028,122.0,1.15963101803137,489.0
2011-07-01 00:00:00-04:00,56.97730043646804,58.118805383885615,56.55011032115715,57.97174072265625,987100,WHR,57.29241180419922,0,1.0088970080121868,2.0,1.0323756422633823,5.0,1.0162188714953835,31.0,1.0162406956889982,122.0,1.1807477502565586,489.0
2011-07-05 00:00:00-04:00,57.95070551618017,57.95070551618017,56.816200354819706,57.29241180419922,920400,WHR,56.67618179321289,0,0.9941063296474699,1.0,1.008182470419484,4.0,1.0046972083108723,31.0,1.004650157926275,121.0,1.1672672713610797,488.0
2011-07-06 00:00:00-04:00,56.956307322840814,57.08936280862777,56.52211248477003,56.67618179321289,1083000,WHR,57.42549514770508,1,0.9945929839832619,0.0,0.9934209765297078,3.0,0.9941269523944287,31.0,0.994302377630055,120.0,1.1550711956736606,488.0
2011-07-07 00:00:00-04:00,57.33445665202985,57.92271525722044,57.215399735595135,57.42549514770508,1232100,WHR,56.7672004699707,0,1.0065670669755378,1.0,1.0028372894349658,3.0,1.007411957077124,31.0,1.0077748284572619,121.0,1.1707211764816126,488.0
2011-07-08 00:00:00-04:00,56.92126972454063,57.03332203439084,56.30499804920914,56.7672004699707,966500,WHR,55.1354866027832,0,0.9942352295462191,1.0,0.991972169069784,2.0,0.9964307542599466,30.0,0.9967813438385528,120.0,1.1575985271360518,488.0
2011-07-11 00:00:00-04:00,56.19995695686306,56.36103083548738,54.89737808781014,55.1354866027832,1609400,WHR,54.75031280517578,0,0.9854184567871311,0.0,0.9731047316653774,1.0,0.9688629197751438,29.0,0.9688349766693546,119.0,1.1246772502098588,487.0
2011-07-12 00:00:00-04:00,55.09346369044732,55.67472308801353,54.71529511888431,54.75031280517578,891700,WHR,54.722293853759766,0,0.9964947809481967,0.0,0.9750561134998033,1.0,0.9632913415168961,28.0,0.9627337299060416,119.0,1.117133408713776,487.0
2011-07-13 00:00:00-04:00,55.24052242899207,55.88481252416943,54.63125535929745,54.722293853759766,785900,WHR,53.66482925415039,0,0.9997440551360642,0.0,0.9813869981091031,1.0,0.9641947058850968,27.0,0.9627263611682071,119.0,1.1168869173430196,486.0
2011-07-14 00:00:00-04:00,54.96040886034532,54.98141733517895,53.57379074888837,53.66482925415039,1100500,WHR,53.10458755493164,0,0.9902436325525813,0.0,0.9755818291448566,0.0,0.947071283270978,27.0,0.9447124559787127,118.0,1.0955751978608774,486.0
2011-07-15 00:00:00-04:00,53.93795406104335,53.93795406104335,52.7404228213297,53.10458755493164,1376700,WHR,52.94350051879883,0,0.9947527886171699,0.0,0.9784264646889305,0.0,0.9390720429574737,26.0,0.9353514950661843,118.0,1.0843897772659168,486.0
2011-07-18 00:00:00-04:00,52.99252206580997,53.9029283308146,52.67738431258802,52.94350051879883,1191700,WHR,52.57235336303711,0,0.9984810000910076,0.0,0.9834017025631694,0.0,0.9381848173343874,25.0,0.9329114247328345,118.0,1.0813547475721406,486.0
2011-07-19 00:00:00-04:00,52.50232332255982,52.92250890837316,52.012102353319584,52.57235336303711,2660200,WHR,52.97151184082031,1,0.9964825460619656,0.0,0.9844731075819447,0.0,0.9338721500846078,24.0,0.9267918470302129,117.0,1.0740283917139273,486.0
2011-07-20 00:00:00-04:00,52.60735255264416,53.153594156382255,52.46728717800124,52.97151184082031,1698200,WHR,50.96860122680664,0,1.0037819202187852,1.0,0.9984949552511858,1.0,0.9431259105797404,25.0,0.934215822439779,118.0,1.0824059840418323,487.0
2011-07-21 00:00:00-04:00,52.10310624689135,52.27117928369984,50.42936445152937,50.96860122680664,4872700,WHR,50.76555252075195,0,0.9807301478235788,1.0,0.9706065963147859,1.0,0.910219227420479,24.0,0.8994882108185525,117.0,1.0417428639400623,486.0
2011-07-22 00:00:00-04:00,51.08769500068663,51.56390678470962,50.667509389595736,50.76555252075195,1729500,WHR,50.26830673217773,0,0.9980041244894166,0.0,0.9754295614003325,1.0,0.9095572361094363,23.0,0.8964255134927943,117.0,1.0378190605856732,486.0
2011-07-25 00:00:00-04:00,50.40136748958788,50.8145482835182,50.12124211012048,50.26830673217773,1675200,WHR,50.16325759887695,0,0.9950784242802265,0.0,0.9759080545752845,1.0,0.903507231260027,23.0,0.8881108328535221,117.0,1.0279040211094497,485.0
2011-07-26 00:00:00-04:00,50.34533989171643,50.772529880908806,50.07221912393075,50.16325759887695,1348700,WHR,49.98818588256836,0,0.9989540227317927,0.0,0.9830642437937682,1.0,0.9042824415929941,23.0,0.8867194500428289,117.0,1.026006500843471,485.0
2011-07-27 00:00:00-04:00,49.94616894187226,50.618466707748354,49.61702199189228,49.98818588256836,1829600,WHR,49.26686477661133,0,0.9982519301747156,0.0,0.9912237149075411,0.0,0.9037945973805867,23.0,0.8840644633172422,117.0,1.0226915280812527,484.0
2011-07-28 00:00:00-04:00,50.11424022177878,50.57644792438693,49.16882168992733,49.26686477661133,1574600,WHR,48.4825325012207,0,0.992732650870998,0.0,0.9835583629846244,0.0,0.8932922778045164,23.0,0.8719316075396736,116.0,1.0081723822412905,484.0
2011-07-29 00:00:00-04:00,48.748648755675084,49.168834283794745,47.46007374743275,48.4825325012207,1969500,WHR,47.509090423583984,0,0.9919760909301433,0.0,0.9768041876134109,0.0,0.8817155936222616,23.0,0.858643967009677,116.0,0.992341048081348,484.0
2011-08-01 00:00:00-04:00,49.16882923357298,49.1968423116302,47.102914149125134,47.509090423583984,1554900,WHR,45.61124038696289,0,0.9898590934502767,0.0,0.9679537049416254,0.0,0.8668741853732427,23.0,0.8420759789141276,115.0,0.9726464276366436,484.0
2011-08-02 00:00:00-04:00,46.969845045918746,47.12391427647424,45.57622805280316,45.61124038696289,2418400,WHR,46.86481475830078,1,0.9796193804285096,0.0,0.9468495270714792,0.0,0.835603010540885,22.0,0.8091718505682538,115.0,0.9340205744237898,484.0
2011-08-03 00:00:00-04:00,45.73031426287824,46.92084092529554,44.95296856041127,46.86481475830078,2094700,WHR,45.26109313964844,0,1.0135556644297676,1.0,0.9856542973758118,1.0,0.8615410304392807,23.0,0.8320762837253993,116.0,0.9598722325350582,485.0
2011-08-04 00:00:00-04:00,46.150491006063575,46.22052102994352,44.82690378582379,45.26109313964844,2865000,WHR,46.472633361816406,1,0.9825920671476167,1.0,0.9682396588445077,1.0,0.8355386175870213,22.0,0.8043827004027118,115.0,0.9272730901783293,484.0
2011-08-05 00:00:00-04:00,45.89137401236692,46.96284887162421,44.81989915310962,46.472633361816406,2983100,WHR,41.20629119873047,0,1.0132071405836611,1.0,1.0027805017908684,2.0,0.8610772219514223,23.0,0.8265119892721859,116.0,0.9523353041165232,484.0
2011-08-08 00:00:00-04:00,45.11402441684892,45.275098265895714,41.087236963105525,41.20629119873047,4889000,WHR,41.9066162109375,1,0.9399360543085898,1.0,0.9140051700523752,2.0,0.7678234341507646,22.0,0.7335318965428953,116.0,0.8447312541856682,483.0
2011-08-09 00:00:00-04:00,41.91361814646854,42.19374365425685,39.15439338209537,41.9066162109375,3227200,WHR,40.21184158325195,0,1.0084261883506864,1.0,0.9450710926845112,3.0,0.7853663962790728,22.0,0.7466141502876582,117.0,0.8594045268724473,483.0
2011-08-10 00:00:00-04:00,41.0172000063414,41.85757343228832,40.09979197122393,40.21184158325195,2575300,WHR,42.82400131225586,1,0.9793618307843396,1.0,0.9349048320651258,2.0,0.7581113711218305,22.0,0.7170493565834638,117.0,0.8249965283963884,482.0
2011-08-11 00:00:00-04:00,40.52698034930522,43.55932702907893,40.134808058452045,42.82400131225586,2476500,WHR,43.83245086669922,1,1.031458218980098,1.0,1.0070483169116906,3.0,0.8114131448174622,23.0,0.7641747799511982,117.0,0.8789146652792248,482.0
2011-08-12 00:00:00-04:00,42.97106894674875,44.83389280240211,42.83100625952277,43.83245086669922,2144100,WHR,44.44171905517578,1,1.0116373279667716,2.0,1.043723214794386,3.0,0.8344497640549399,23.0,0.7827590302278795,117.0,0.8999405449443375,482.0
2011-08-15 00:00:00-04:00,44.18260482859583,44.79187442624677,43.48929601842695,44.44171905517578,1812100,WHR,42.79597473144531,0,1.006901998500986,2.0,1.0421729125375312,4.0,0.8497417340325846,24.0,0.7942241280147803,117.0,0.9127732786937002,482.0
2011-08-16 00:00:00-04:00,43.96549197454672,44.30864529218028,42.73994860959799,42.79597473144531,2139200,WHR,42.09569549560547,0,0.9811349400437399,1.0,0.9994109744755606,3.0,0.8220998221211757,24.0,0.7653930489385468,117.0,0.8792595673162308,482.0
2011-08-17 00:00:00-04:00,42.99909734517623,44.182621997572944,41.87859811944888,42.09569549560547,2464400,WHR,40.05778503417969,0,0.9917509075511546,0.0,0.974483225943083,3.0,0.8123688321237433,24.0,0.7534622814886504,117.0,0.8651947149613091,481.0
2011-08-18 00:00:00-04:00,40.8421325141367,40.94718022040088,39.69362303633111,40.05778503417969,2859700,WHR,39.54656219482422,0,0.9751938633849246,0.0,0.9393373975275986,2.0,0.7770930297215639,24.0,0.7176611789133436,116.0,0.8236481208911767,481.0
2011-08-19 00:00:00-04:00,39.35047330233732,40.919171084860494,39.35047330233732,39.54656219482422,2398000,WHR,39.01432037353516,0,0.9935779532506586,0.0,0.9463719396782729,1.0,0.771639736343977,23.0,0.709108232986691,116.0,0.8134931008135371,480.0
2011-08-22 00:00:00-04:00,40.498981434514754,40.548002984771486,38.88826419531096,39.01432037353516,2376900,WHR,40.02276611328125,1,0.9932251038444493,0.0,0.9585341164880762,0.0,0.7658837701134196,22.0,0.7002393288029927,115.0,0.8029090567289282,479.0
2011-08-23 00:00:00-04:00,39.26642911359379,40.029768046327,38.517096718425954,40.02276611328125,2426700,WHR,41.22380065917969,1,1.012759146175186,1.0,0.996894950886923,1.0,0.7903544020199678,22.0,0.7189211633302905,116.0,0.8240019340167624,480.0
2011-08-24 00:00:00-04:00,39.78962298643771,41.36509957603838,39.7119084474128,41.22380065917969,2313600,WHR,40.14993667602539,0,1.0147825882816939,2.0,1.031289928638438,2.0,0.8187777331975241,22.0,0.7410707882877121,116.0,0.8490687224492376,480.0
2011-08-25 00:00:00-04:00,41.428685312658175,41.5841143958058,40.00863775453234,40.14993667602539,2301300,WHR,41.49227142333984,1,0.9868033100319492,1.0,1.0039623310699535,2.0,0.8020654270130907,22.0,0.7223402508150703,116.0,0.8272645214236641,480.0
2011-08-26 00:00:00-04:00,39.86027406737274,42.09985492456706,39.71191140639016,41.49227142333984,1648700,WHR,43.873138427734375,1,1.0164416761692765,1.0,1.0275293544389859,3.0,0.8330964433944446,23.0,0.7470044951826068,117.0,0.8551975725463764,481.0
2011-08-29 00:00:00-04:00,42.31885866891851,44.085088117620415,42.27646819193085,43.873138427734375,1931000,WHR,44.664432525634766,1,1.0278903013357297,2.0,1.0609579329092913,4.0,0.883868989019889,24.0,0.7904258194388086,117.0,0.9045155847183686,482.0
2011-08-30 00:00:00-04:00,43.767187213106446,44.90463995335931,42.68625244081924,44.664432525634766,2766200,WHR,44.28997802734375,0,1.0089373820557732,2.0,1.0563783401042763,4.0,0.902195322690788,25.0,0.8051775092854334,118.0,0.9210629549689503,483.0
2011-08-31 00:00:00-04:00,44.798653078279486,45.49101484480155,43.98618628248523,44.28997802734375,1498900,WHR,42.91231918334961,0,0.9957904898029986,1.0,1.0325460015979522,3.0,0.8971182013982179,25.0,0.7990169693170528,117.0,0.9135956150050306,482.0
2011-09-01 00:00:00-04:00,44.28997623203539,44.40301482821096,42.84873480456005,42.91231918334961,1510400,WHR,41.23086929321289,0,0.9842015762421313,0.0,0.9877064983306495,3.0,0.8719534519727933,25.0,0.7746885998929507,117.0,0.885445552897018,482.0
2011-09-02 00:00:00-04:00,41.89497073441067,42.36832172695436,40.74338813872208,41.23086929321289,1274300,WHR,39.43637847900391,0,0.9800168032543113,0.0,0.9501481576825961,2.0,0.8409154967423683,25.0,0.7449849149891645,116.0,0.8510386099125956,481.0
2011-09-06 00:00:00-04:00,39.54235334427316,39.952117253538525,38.32718638807759,39.43637847900391,2576100,WHR,40.164058685302734,1,0.9777544063573839,0.0,0.9277664433071265,1.0,0.8075203079678573,25.0,0.7132181889485808,116.0,0.8143331643418191,480.0
2011-09-07 00:00:00-04:00,40.11460447375772,40.40426601068671,39.676580302193656,40.164058685302734,2649500,WHR,38.15761947631836,0,1.0091416609282784,1.0,0.9653262255976515,1.0,0.8256387232989296,25.0,0.7269115119599634,117.0,0.8296998547276349,480.0
2011-09-08 00:00:00-04:00,39.67657786638525,39.987433276306085,37.96686906924227,38.15761947631836,3091100,WHR,37.119083404541016,0,0.9743820707615077,1.0,0.944957507670914,1.0,0.78815307505336,24.0,0.6911558178960889,117.0,0.7885860481995256,480.0
2011-09-09 00:00:00-04:00,37.875029487961726,38.16469104614114,36.67399277293031,37.119083404541016,2770100,WHR,36.98484420776367,0,0.9862037518643578,0.0,0.9463938655481703,1.0,0.7705204512098751,24.0,0.6729624740207498,116.0,0.7674575820116645,480.0
2011-09-12 00:00:00-04:00,36.55388647878376,37.40167447255933,35.97456073029374,36.98484420776367,1912800,WHR,37.63482666015625,1,0.9981885009188763,0.0,0.9638398235005985,1.0,0.7719379396829754,23.0,0.6711671179453123,115.0,0.7650087109051573,480.0
2011-09-13 00:00:00-04:00,37.10495769540006,38.15056546244593,36.949528603321305,37.63482666015625,1584300,WHR,38.23533630371094,1,1.0087106046546772,1.0,0.9900752665394729,2.0,0.7897967007525479,23.0,0.6835741187004775,116.0,0.7787298753509737,481.0
2011-09-14 00:00:00-04:00,37.67720981765517,38.78640175248651,37.006042053858856,38.23533630371094,1666500,WHR,38.53911209106445,1,1.0079149644615983,2.0,1.0161853175374576,2.0,0.8069652913869464,23.0,0.6951404323290007,116.0,0.7914255730313773,482.0
2011-09-15 00:00:00-04:00,38.77931931700079,38.77931931700079,37.70545187722959,38.53911209106445,1424600,WHR,37.86796569824219,0,1.003956730314642,2.0,1.0221860205487499,3.0,0.8180129305561202,23.0,0.7015027822760698,116.0,0.7979971668775847,482.0
2011-09-16 00:00:00-04:00,38.71575653821386,39.45757251254428,37.656018662012464,37.86796569824219,2279400,WHR,37.43700408935547,0,0.9912161750947608,1.0,1.0004107718156516,3.0,0.8084032395898139,23.0,0.6900981516633721,116.0,0.7843987723473971,481.0
2011-09-19 00:00:00-04:00,37.06962800618625,37.70546905028287,36.82942067084687,37.43700408935547,1800500,WHR,36.37725830078125,0,0.9942771159711998,0.0,0.9866682420297364,3.0,0.8040761096619887,22.0,0.6830054866455547,116.0,0.7758036754097405,480.0
2011-09-20 00:00:00-04:00,37.585358443764456,38.19294172832029,36.34193156024277,36.37725830078125,1514800,WHR,35.338714599609375,0,0.9856430755485566,0.0,0.9651358333285933,2.0,0.7862057499923377,22.0,0.6644402627100289,116.0,0.7541824648974763,479.0
2011-09-21 00:00:00-04:00,36.41964602113101,36.98483883319944,35.33164817349182,35.338714599609375,1719300,WHR,33.918670654296875,0,0.985518655619239,0.0,0.9522177238438347,1.0,0.7689076664103258,21.0,0.6463758768934008,115.0,0.7330096891894283,478.0
2011-09-22 00:00:00-04:00,34.20833218895363,34.702876995576766,33.452386166921315,33.918670654296875,3024200,WHR,35.3245849609375,1,0.979496136908628,0.0,0.937292559317362,0.0,0.7438465337292507,20.0,0.621292513423117,115.0,0.7039066316204633,478.0
2011-09-23 00:00:00-04:00,33.572485870281234,35.925101827252654,33.572485870281234,35.3245849609375,2217900,WHR,36.95659255981445,1,1.0203039890910517,1.0,0.9900597239392405,1.0,0.7806832574412955,20.0,0.6479482933303194,115.0,0.7334515548318972,478.0
2011-09-26 00:00:00-04:00,35.64251718391766,37.034304405602256,35.331659020555485,36.95659255981445,1832100,WHR,37.61362838745117,1,1.0225785972898465,2.0,1.0385977013293328,2.0,0.8228103165793798,20.0,0.6788119900727747,115.0,0.7676860609338395,479.0
2011-09-27 00:00:00-04:00,37.80437882092208,38.77933835724692,37.17560148711455,37.61362838745117,1815400,WHR,35.614253997802734,0,1.0088109679613442,2.0,1.0497674670754025,3.0,0.8438131327504134,20.0,0.6918015862343567,115.0,0.7816815424367839,479.0
2011-09-28 00:00:00-04:00,37.7902501861961,37.88209218612188,35.48002151672101,35.614253997802734,1877100,WHR,36.09466552734375,1,0.9726965422934167,1.0,0.9924400728524336,3.0,0.8054885251919538,20.0,0.6559744403189645,115.0,0.7404791668272075,479.0
2011-09-29 00:00:00-04:00,36.43378126190146,37.24624789546109,34.99960379584551,36.09466552734375,2271400,WHR,35.261016845703125,0,1.0066994668546434,1.0,0.993775470222687,4.0,0.8227369730258426,21.0,0.665752531823598,116.0,0.7507934961408472,480.0
2011-09-30 00:00:00-04:00,35.388185625756,36.38433927280145,34.985485387272945,35.261016845703125,1537100,WHR,34.25778579711914,0,0.9883169965738353,1.0,0.9711630023520024,3.0,0.8105600029912836,20.0,0.651428903359643,115.0,0.733774950879654,480.0
2011-10-03 00:00:00-04:00,34.94308095505819,35.6495726979185,34.25071937046135,34.25778579711914,3009900,WHR,36.70932388305664,1,0.9855689250901164,0.0,0.9577702721078263,2.0,0.7943486807725026,20.0,0.6339316990123435,115.0,0.7132226440365849,480.0
2011-10-04 00:00:00-04:00,33.657278641212166,36.76584453700527,33.544240028368044,36.70932388305664,2600000,WHR,38.22121810913086,1,1.0345447080624495,1.0,1.0315256068859837,2.0,0.8572981973258226,21.0,0.6802410998314704,116.0,0.7645760948960619,480.0
2011-10-05 00:00:00-04:00,36.86475469223272,38.32719299266181,36.53976900214919,38.22121810913086,1837300,WHR,39.00542068481445,1,1.0201772759929035,2.0,1.0585014167670412,3.0,0.8983863564835781,22.0,0.7092436550022767,116.0,0.7963744911960995,480.0
2011-10-06 00:00:00-04:00,38.24241076513789,39.2950822822463,38.10111183333024,39.00542068481445,1654600,WHR,37.82558441162109,0,1.010154560497913,2.0,1.0630800627286707,3.0,0.9224988513352017,23.0,0.7247735371444093,116.0,0.8129988331750385,481.0
2011-10-07 00:00:00-04:00,39.358670842493744,40.00864491974556,37.267455054046295,37.82558441162109,1712300,WHR,39.29507064819336,1,0.9846437480322887,1.0,1.0167111080560245,3.0,0.9002155424183084,23.0,0.7039070180160999,115.0,0.7886793070025108,481.0
2011-10-10 00:00:00-04:00,38.68042357611896,39.37985159920871,38.43315253995458,39.29507064819336,911400,WHR,39.55647659301758,1,1.0190543796008027,1.0,1.028361935683457,4.0,0.9403387920403807,24.0,0.7323631192635529,115.0,0.8195963883537675,481.0
2011-10-11 00:00:00-04:00,39.06899553203543,39.733099540897534,38.86411226568213,39.55647659301758,869700,WHR,40.757511138916016,1,1.003315165700231,2.0,1.0200027699790146,4.0,0.9516755074128531,25.0,0.7382579778267766,116.0,0.8252776758171273,482.0
2011-10-12 00:00:00-04:00,39.810812015231775,42.09278291023554,39.33039737365755,40.757511138916016,2933800,WHR,40.157005310058594,0,1.0149542387299604,2.0,1.0374032266533766,4.0,0.9852383327840339,26.0,0.7616595012679611,117.0,0.850560953543444,482.0
2011-10-13 00:00:00-04:00,40.55264179951176,40.79284918684885,39.28095404593125,40.157005310058594,1442900,WHR,40.91294097900391,1,0.9925785155098084,1.0,1.016161505201075,3.0,0.9757598430946423,25.0,0.7514984667767017,116.0,0.8382536663502519,482.0
2011-10-14 00:00:00-04:00,40.73631802490787,41.11075782517469,40.04395636825769,40.91294097900391,1056300,WHR,38.84292984008789,0,1.0093244871070959,1.0,1.0193627640930127,4.0,0.9981929897775816,26.0,0.7666792798752804,117.0,0.8542445205219042,483.0
2011-10-17 00:00:00-04:00,40.66568049387735,40.66568049387735,38.72989122787985,38.84292984008789,1489600,WHR,39.00542068481445,1,0.9740456581107193,1.0,0.9699729869174011,3.0,0.9523058093059408,26.0,0.7289673554025656,117.0,0.811262959970728,482.0
2011-10-18 00:00:00-04:00,37.93155257615047,39.22443416386896,36.39846630792785,39.00542068481445,3094400,WHR,39.11139297485352,1,1.0020872740864892,1.0,0.9767187393582222,3.0,0.9607109284002306,27.0,0.7331116613018818,117.0,0.8148712415802905,483.0
2011-10-19 00:00:00-04:00,38.92063983376683,39.63419548445158,38.80053480639249,39.11139297485352,1400700,WHR,38.91356658935547,0,1.0013565874627295,2.0,0.9875133626821931,3.0,0.9677113836919488,28.0,0.7361990251252706,117.0,0.8172707465985908,484.0
2011-10-20 00:00:00-04:00,39.18203151188775,39.4575628610958,38.07283968837978,38.91356658935547,1467300,WHR,40.55263519287109,1,0.9974645756101258,1.0,0.9887267626203721,3.0,0.9672339223199964,28.0,0.7335510064912221,117.0,0.8133099627204523,484.0
2011-10-21 00:00:00-04:00,39.47876720649313,40.55969892588326,39.46463704541613,40.55263519287109,1493000,WHR,41.767799377441406,1,1.0206259839624323,1.0,1.0322626966273498,3.0,1.0116265207726929,29.0,0.7654667420554446,118.0,0.8477337101150157,484.0
2011-10-24 00:00:00-04:00,40.77164592999657,42.03626704765462,40.637413442416296,41.767799377441406,1881600,WHR,40.42547225952149,0,1.0147613917602973,2.0,1.0475954014859175,4.0,1.0448570147220178,30.0,0.7892398834496936,119.0,0.8732683619913274,485.0
2011-10-25 00:00:00-04:00,41.52759803170751,41.52759803170751,40.34775770993338,40.42547225952149,1538100,WHR,41.35803985595703,1,0.9836686496207525,1.0,1.0067564329821748,3.0,1.0142730932525266,30.0,0.7646028573871259,119.0,0.8453481030342477,485.0
2011-10-26 00:00:00-04:00,40.96240338937445,41.89497255805566,40.22058737270342,41.35803985595703,1556200,WHR,42.721561431884766,1,1.0114028802666089,1.0,1.018583056918472,3.0,1.0395199991733772,31.0,0.7828839371464288,120.0,0.8649586914811886,486.0
2011-10-27 00:00:00-04:00,42.5096117287808,43.80249305948429,42.33298877289578,42.721561431884766,2631500,WHR,36.596282958984375,0,1.0162170318964738,2.0,1.0327923721956442,4.0,1.075658612567765,31.0,0.8092522335478881,121.0,0.8935482058266754,487.0
2011-10-28 00:00:00-04:00,37.71960528226548,38.57445990635189,36.57508906261869,36.596282958984375,8701800,WHR,35.89684295654297,0,0.9227755302739227,1.0,0.9019676450950502,3.0,0.9247968291484437,31.0,0.6940956210847681,120.0,0.7656107249513072,486.0
2011-10-31 00:00:00-04:00,36.27128268166332,36.68104645150319,35.69902345502027,35.89684295654297,3179500,WHR,35.23274612426758,0,0.9903516368813171,0.0,0.9110957119002757,2.0,0.9111804041032827,30.0,0.6817314555049186,119.0,0.7511941310571151,485.0
2011-11-01 00:00:00-04:00,34.85830632404534,35.826199357761695,34.44147604462622,35.23274612426758,3370000,WHR,35.91804885864258,1,0.9906635643357801,0.0,0.9184499668600173,2.0,0.8965892386905231,30.0,0.6701225783856369,118.0,0.7375329582078876,484.0
2011-11-02 00:00:00-04:00,35.69197166275449,36.34194292716956,35.25394743260292,35.91804885864258,1728900,WHR,36.3984603881836,1,1.0096316946920918,1.0,0.9636454242899947,2.0,0.9163560203942793,30.0,0.6841567595790932,118.0,0.7521138927212865,484.0
2011-11-03 00:00:00-04:00,36.40552412085132,36.51856270890256,34.91482588807692,36.3984603881836,1704900,WHR,36.48324203491211,1,1.0066431791930293,2.0,1.0108303425024838,2.0,0.9301206448409821,31.0,0.6942398490220199,119.0,0.7623863366710163,485.0
2011-11-04 00:00:00-04:00,36.09467202093339,36.56095657671841,35.54360919002003,36.48324203491211,1292800,WHR,37.02017593383789,1,1.0011632775293358,2.0,1.0138213690274238,3.0,0.9348116129603777,31.0,0.6967154180716415,120.0,0.76435189565227,486.0
2011-11-07 00:00:00-05:00,36.341941674498926,37.06963015029297,35.86859340412808,37.02017593383789,1397600,WHR,37.65601348876953,1,1.007304883415817,2.0,1.0223592739873386,4.0,0.9513371096148553,31.0,0.7078577434455469,120.0,0.7757825147396084,487.0
2011-11-08 00:00:00-05:00,37.22505304711188,37.76905207223282,36.58921202577556,37.65601348876953,1472500,WHR,37.189735412597656,0,1.008514595614049,2.0,1.026183960256911,5.0,0.9704972880772929,31.0,0.7208291311344378,121.0,0.789268231955097,488.0
2011-11-09 00:00:00-05:00,36.93539788215344,37.479397001147376,36.77290505882583,37.189735412597656,2028000,WHR,37.62775421142578,1,0.9937701461603873,1.0,1.0065010296614434,4.0,0.9607937598755039,31.0,0.7126590341377922,121.0,0.7796758686910951,487.0
2011-11-10 00:00:00-05:00,37.684274852249246,38.23533762501559,36.86474442567642,37.62775421142578,2284100,WHR,38.56738662719727,1,1.0058544974046748,1.0,1.0116242916756217,4.0,0.9739837039636863,32.0,0.7218338536988481,121.0,0.7890540482629466,487.0
2011-11-11 00:00:00-05:00,37.89621889285021,38.6874889369482,37.74785626490414,38.56738662719727,1495800,WHR,38.00219345092773,0,1.0123319204535837,2.0,1.0253953014944703,4.0,0.9989481208105124,33.0,0.7405702939955678,122.0,0.8089172778172516,488.0
2011-11-14 00:00:00-05:00,38.36250307250573,38.75107301206496,37.70546550222917,38.00219345092773,1544300,WHR,37.76199722290039,0,0.9926185676388343,1.0,1.0051199126007864,3.0,0.9849655081115345,33.0,0.7304748134572493,121.0,0.7972514544537359,487.0
2011-11-15 00:00:00-05:00,37.98807444300886,37.99513817705154,37.29571261954504,37.76199722290039,1653200,WHR,36.97750854492188,0,0.9968296866119588,0.0,0.998207335536679,2.0,0.979269707240538,33.0,0.7266942864771662,120.0,0.7924248581970647,486.0
2011-11-16 00:00:00-05:00,37.3982749157196,37.95454402725825,36.83487809014424,36.97750854492188,1140200,WHR,35.879241943359375,0,0.9895036946000753,0.0,0.9785679842452428,2.0,0.9601896116125881,32.0,0.7124794963448838,119.0,0.7761805660344886,486.0
2011-11-17 00:00:00-05:00,36.97038078011124,37.12727755629841,35.64389677907861,35.879241943359375,1623700,WHR,36.143104553222656,1,0.9849256713454555,0.0,0.9583728421289156,1.0,0.9338310544984038,31.0,0.6921984927336916,119.0,0.7533724389099057,485.0
2011-11-18 00:00:00-05:00,36.143104553222656,36.3570529298145,35.60823225149245,36.143104553222656,1630800,WHR,34.581275939941406,0,1.0036636213994472,1.0,0.9780881451607942,1.0,0.9423364973177812,32.0,0.6981141734924399,120.0,0.7591541789078164,486.0
2011-11-21 00:00:00-05:00,35.51551775240348,35.5868356865043,34.11058845688007,34.581275939941406,1920500,WHR,34.15339660644531,0,0.9779166872528179,1.0,0.9534763264085102,1.0,0.9043317187601192,31.0,0.6688700411194382,119.0,0.7266085628804859,485.0
2011-11-22 00:00:00-05:00,34.44579350717015,34.716796375318395,33.66131481366524,34.15339660644531,1472500,WHR,33.062252044677734,0,0.9937749127529875,0.0,0.9607980247269705,1.0,0.8969420325970028,30.0,0.6615041578967725,119.0,0.7179015626463798,484.0
2011-11-23 00:00:00-05:00,33.639912594402155,33.98223338301937,33.00519767307414,33.062252044677734,1363600,WHR,32.841156005859375,0,0.9837665099769985,0.0,0.951052545491531,1.0,0.8727181469623773,29.0,0.6413124622325587,118.0,0.6952771307288435,483.0
2011-11-25 00:00:00-05:00,33.026579911598105,33.59710977444618,32.81976198615913,32.841156005859375,561500,WHR,34.18191909790039,1,0.9966451501468814,0.0,0.9614980706740694,1.0,0.8712704282333744,29.0,0.637900408752669,118.0,0.6909414806071738,482.0
2011-11-28 00:00:00-05:00,33.946573889900215,34.44578877191391,33.65417702937111,34.18191909790039,1645000,WHR,33.333251953125,0,1.0200044997930242,1.0,1.0123776554819044,1.0,0.9103548645182046,30.0,0.6648352257423453,118.0,0.7194828337957878,482.0
2011-11-29 00:00:00-05:00,33.6470428079909,33.80393959567481,32.71993111454453,33.333251953125,2706600,WHR,34.987796783447266,1,0.9874299786023796,1.0,0.9945950631747578,1.0,0.8908756453300544,30.0,0.6494019452175251,117.0,0.7019075857399856,482.0
2011-11-30 00:00:00-05:00,34.47431827369106,35.17321806724677,34.267500238316764,34.987796783447266,2151900,WHR,34.94499969482422,0,1.0242172048134353,1.0,1.0387907405399373,2.0,0.9369522017616008,31.0,0.6827241450986689,117.0,0.7370319855234606,482.0
2011-12-01 00:00:00-05:00,35.016314932531245,35.55118737683978,34.55276044643168,34.94499969482422,1906500,WHR,35.26591491699219,1,0.9993880254933557,1.0,1.0260490796292638,2.0,0.9379910663543634,30.0,0.6831181130116858,116.0,0.7364098526188686,482.0
2011-12-02 00:00:00-05:00,35.42280894494893,36.23581714291209,35.19459697655616,35.26591491699219,2335400,WHR,35.4798583984375,1,1.0045707312594097,1.0,1.0209345773915788,3.0,0.9478312092672019,31.0,0.6906485649345071,116.0,0.7434283965865061,483.0
2011-12-05 00:00:00-05:00,35.90775509996705,36.14310019015891,35.2587768943634,35.4798583984375,1803200,WHR,34.994903564453125,0,1.0030241167976413,2.0,1.0194668971990295,3.0,0.9542820153543682,32.0,0.6960574919621563,117.0,0.7481838755573014,484.0
2011-12-06 00:00:00-05:00,35.44419695677652,35.66527571641931,34.93785194665842,34.994903564453125,1605400,WHR,35.401424407958984,1,0.9931187446331534,1.0,0.9960212801481776,3.0,0.9420788257878168,32.0,0.6878575598625796,116.0,0.7382175033369512,483.0
2011-12-07 00:00:00-05:00,34.795236714597465,35.87211205894023,34.32454906361622,35.401424407958984,1569900,WHR,34.830894470214844,0,1.0057747450075119,1.0,1.0052248066553124,3.0,0.9539785064330838,32.0,0.697162144061449,116.0,0.7470414007710363,484.0
2011-12-08 00:00:00-05:00,35.08050052833853,35.4299517302137,34.602682439786896,34.830894470214844,1354600,WHR,35.50839614868164,1,0.9918765328148457,1.0,0.9896658950474271,3.0,0.940041513281269,31.0,0.687249355394651,116.0,0.7352646840192724,483.0
2011-12-09 00:00:00-05:00,34.99491777747944,35.6438961764148,34.96639059674561,35.50839614868164,1201400,WHR,35.23737716674805,0,1.0096319094563742,1.0,1.0075277369293691,3.0,0.9596346459311133,31.0,0.7020242852968795,116.0,0.7498338800380168,483.0
2011-12-12 00:00:00-05:00,35.10187720133246,35.273034766015265,34.424371933253624,35.23737716674805,2480000,WHR,34.13199615478516,0,0.9961691141501101,1.0,1.001215471014528,2.0,0.9534399209888793,31.0,0.6980547132736472,116.0,0.7443894777846368,482.0
2011-12-13 00:00:00-05:00,35.45134717860027,35.95056203535538,33.889520522675646,34.13199615478516,2240000,WHR,33.347503662109375,0,0.9840652876185094,0.0,0.9745868007010013,2.0,0.9249094412926536,31.0,0.6776530497344754,115.0,0.7213231204425343,482.0
2011-12-14 00:00:00-05:00,33.88950911401046,34.19616944904632,33.25479442258779,33.347503662109375,1666700,WHR,33.25480270385742,0,0.9883743582153913,0.0,0.963487869981587,1.0,0.9048894453162085,31.0,0.6636078399391548,114.0,0.7050177977681171,482.0
2011-12-15 00:00:00-05:00,33.9109115800184,34.04641433698781,32.976669475028224,33.25480270385742,1966600,WHR,33.26193618774414,1,0.9986081419201525,0.0,0.9696404244545123,1.0,0.903225239604523,31.0,0.6632466197815793,114.0,0.7033258971372217,482.0
2011-12-16 00:00:00-05:00,33.475884635644306,33.69696624009234,32.812642542802315,33.26193618774414,2087300,WHR,32.35620880126953,0,1.0001072434398557,1.0,0.982722493274156,1.0,0.90368764761456,32.0,0.6648900539739878,114.0,0.7037528021667957,482.0
2011-12-19 00:00:00-05:00,33.38316539737679,33.64703498032044,32.24923596950923,32.35620880126953,1764800,WHR,34.3459358215332,1,0.9861969980006864,1.0,0.9725197700914524,1.0,0.8802632815571898,31.0,0.6483356666413481,113.0,0.6848552688539729,482.0
2011-12-20 00:00:00-05:00,32.96240034524749,34.417251045480384,32.96240034524749,34.3459358215332,1505100,WHR,35.04483795166016,1,1.0298300306761572,1.0,1.0309984026109702,2.0,0.9355019651165797,31.0,0.6897460760666956,114.0,0.7272143162284905,483.0
2011-12-21 00:00:00-05:00,34.33167477732274,35.21599831052184,33.975093190154034,35.04483795166016,1522700,WHR,36.05752182006836,1,1.0100719748768239,2.0,1.041366423086275,3.0,0.9556528191597137,31.0,0.7053402404627913,114.0,0.7422160149771737,484.0
2011-12-22 00:00:00-05:00,35.15893492753589,36.22154898160979,35.05196211113978,36.05752182006836,1599100,WHR,36.50682067871094,1,1.0142426196775942,2.0,1.0539040181503716,4.0,0.9830700825552566,32.0,0.7272728289476368,115.0,0.7638622229983841,484.0
2011-12-23 00:00:00-05:00,36.2215570509369,36.85627181932342,36.20016030649025,36.50682067871094,1119800,WHR,33.24767303466797,0,1.0061917305824157,2.0,1.0471729436791182,4.0,0.9951333678730717,32.0,0.7378720349346917,116.0,0.7735585599079534,485.0
2011-12-27 00:00:00-05:00,35.90064144110682,35.90064144110682,33.20488497682357,33.24767303466797,4245300,WHR,33.069374084472656,0,0.9532768790863166,1.0,0.948834010184557,4.0,0.9071225389729781,32.0,0.6735751196510449,116.0,0.7047031672288522,485.0
2011-12-28 00:00:00-05:00,33.4473523991213,34.23183076597428,32.84829525189669,33.069374084472656,2669700,WHR,33.74688720703125,1,0.9973114160243747,0.0,0.9506724358533873,3.0,0.9027457172476403,32.0,0.6715107931822524,116.0,0.701138541702202,484.0
2011-12-29 00:00:00-05:00,33.15496308148784,33.81820244897553,33.09077827553714,33.74688720703125,2094300,WHR,33.83960723876953,1,1.0101399436224479,1.0,0.9774437834785122,3.0,0.922484196169346,32.0,0.6868809975354818,116.0,0.7156993557397074,485.0
2011-12-30 00:00:00-05:00,33.93944968941646,34.146267748900954,33.69697400048703,33.83960723876953,1682900,WHR,34.595550537109375,1,1.0013718721839115,2.0,0.9928858431268909,3.0,0.9268689657199658,32.0,0.6903368691050004,117.0,0.717853495634604,486.0
2012-01-03 00:00:00-05:00,34.4743140817712,35.41568942152233,34.4315233043272,34.595550537109375,1954500,WHR,34.92359924316406,1,1.011046124870721,2.0,1.0265797312473566,3.0,0.9494857196118268,32.0,0.7073496349264298,117.0,0.7340513131397514,487.0
2012-01-04 00:00:00-05:00,34.5670176792208,35.15181122644764,34.03214533330589,34.92359924316406,1779000,WHR,35.886375427246094,1,1.0047188250588728,2.0,1.0261082851606667,4.0,0.9597631389448953,33.0,0.7155738565291784,118.0,0.7411653128889888,488.0
2012-01-05 00:00:00-05:00,34.602682088977744,35.93629663836472,34.331679285403794,35.886375427246094,2053700,WHR,35.287315368652344,0,1.013596618111549,2.0,1.0372263269474267,5.0,0.9877641357536568,33.0,0.7367923824451553,119.0,0.7617338147797735,489.0
2012-01-06 00:00:00-05:00,35.85071495849958,35.88637257496422,34.95926094437487,35.287315368652344,1839200,WHR,36.00761032104492,1,0.991583125001742,1.0,1.0109098855379561,4.0,0.9731810843495872,32.0,0.7260182805094029,118.0,0.7491787799951816,488.0
2012-01-09 00:00:00-05:00,35.44421075332993,36.32140114230942,35.44421075332993,36.00761032104492,1297000,WHR,36.96325302124024,1,1.0101030325149307,1.0,1.0188884674094536,4.0,0.9952187756254551,32.0,0.7423522742914743,119.0,0.7646541701053664,488.0
2012-01-10 00:00:00-05:00,36.39272023761663,37.33409552189287,36.371326210406416,36.96325302124024,1882700,WHR,36.96325302124024,0,1.0130962230186682,2.0,1.0321001340345104,4.0,1.0231371500129025,33.0,0.7636378959524391,119.0,0.785189062676344,488.0
2012-01-11 00:00:00-05:00,36.7635654587712,37.426807507307,36.58527464401431,36.96325302124024,1794200,WHR,37.09162139892578,1,1.0,1.0,1.0204765217189833,3.0,1.0250048241887826,32.0,0.7651306630108807,119.0,0.7854077114132219,488.0
2012-01-12 00:00:00-05:00,36.35706408310256,37.18433338807402,35.54405837034637,37.09162139892578,3091000,WHR,36.30000686645508,0,1.0017334223937404,1.0,1.0172508430389993,3.0,1.0293977293223688,33.0,0.7693175154140259,119.0,0.7883409017864165,489.0
2012-01-13 00:00:00-05:00,36.83487925022111,37.12014288926201,36.04326768696713,36.30000686645508,2478300,WHR,35.57971954345703,0,0.9892138306346296,1.0,0.9900411679749261,3.0,1.0086904369704082,32.0,0.7544074045531327,119.0,0.7717533146899457,488.0
2012-01-17 00:00:00-05:00,36.89194023277175,37.31983988045182,35.55832551324884,35.57971954345703,2413600,WHR,38.41097640991211,1,0.9899792701089257,0.0,0.9726664035210757,2.0,0.9902951129891058,31.0,0.7409133576070068,119.0,0.7567095589456081,487.0
2012-01-18 00:00:00-05:00,35.65103515490883,38.6035308305638,35.501268791844986,38.41097640991211,3557800,WHR,39.53063583374024,1,1.038265039002193,1.0,1.0418198522850046,2.0,1.0693471778714403,32.0,0.8013100614913192,119.0,0.8171644003941396,488.0
2012-01-19 00:00:00-05:00,38.38957581810255,40.14395661233362,38.22554589038431,39.53063583374024,2828300,WHR,38.64631271362305,0,1.0143653613467474,2.0,1.0574610723258293,3.0,1.1010401910276668,32.0,0.8261652225068024,119.0,0.8412455961305921,488.0
2012-01-20 00:00:00-05:00,39.38800309233648,39.38800309233648,38.09717672479685,38.64631271362305,2614600,WHR,38.4822883605957,0,0.9886881857561706,1.0,1.0252770815912928,2.0,1.077971307787236,31.0,0.809170822514982,119.0,0.822702317781035,487.0
2012-01-23 00:00:00-05:00,38.63918514633373,39.295294031234754,38.32539429535957,38.4822883605957,2046500,WHR,38.76754379272461,1,0.9978733653827131,0.0,1.0092394941619605,2.0,1.0743666772774316,31.0,0.8072440108719564,118.0,0.8194425759163327,487.0
2012-01-24 00:00:00-05:00,38.16848672253125,39.01714977176304,38.03298672255341,38.76754379272461,1926600,WHR,39.1455192565918,1,1.0036926349763808,1.0,0.999999803201537,3.0,1.08363676509149,31.0,0.8147796139504302,118.0,0.825839540560785,487.0
2012-01-25 00:00:00-05:00,38.79607088666712,39.30954643111782,38.08290783890119,39.1455192565918,1740400,WHR,38.810340881347656,0,1.0048512463645274,2.0,1.0059376197225263,3.0,1.096027945676822,31.0,0.8243913854466108,118.0,0.8342162445904238,487.0
2012-01-26 00:00:00-05:00,38.67484084978442,39.4022676560486,38.35391685871172,38.810340881347656,1337700,WHR,38.938697814941406,1,0.9957004082226653,1.0,1.0010301642319894,2.0,1.085521807325505,31.0,0.8189509882557902,118.0,0.8274117753004381,486.0
2012-01-27 00:00:00-05:00,38.65343425381232,39.11698856083491,38.3753011254986,38.938697814941406,1055100,WHR,38.33251190185547,0,1.001650913448527,1.0,1.002828302008652,3.0,1.0875697580427366,32.0,0.823067637609551,119.0,0.8304592559727945,487.0
2012-01-30 00:00:00-05:00,38.525066241590025,38.93869937396349,38.05437876240589,38.33251190185547,1565500,WHR,38.73902130126953,1,0.9921550870588458,1.0,0.987978768614568,3.0,1.0690961402572174,32.0,0.8116832149674827,119.0,0.8178495358305506,486.0
2012-01-31 00:00:00-05:00,38.68910009942652,39.00289089965425,37.73346138907224,38.73902130126953,2691400,WHR,43.95937347412109,1,1.0052744428781855,1.0,0.9986029277177099,3.0,1.079018811556407,32.0,0.8216238683752789,120.0,0.8268619517620173,486.0
2012-02-01 00:00:00-05:00,42.16933527281921,46.533892725315305,41.72004175373096,43.95937347412109,13143400,WHR,45.8991813659668,1,1.063125193506235,2.0,1.1057295893586074,3.0,1.2201414310285348,32.0,0.9335609697621972,120.0,0.938572347585043,486.0
2012-02-02 00:00:00-05:00,44.04495551956106,46.31281730418477,43.85953429517127,45.8991813659668,4831300,WHR,48.96578598022461,1,1.0215873479748008,2.0,1.1147678647503123,4.0,1.2684577737414047,32.0,0.9758867641656477,120.0,0.9802182492826683,487.0
2012-02-03 00:00:00-05:00,46.40552736451976,49.30810125567616,46.38413333992944,48.96578598022461,4802400,WHR,50.44915390014648,1,1.0323259966249378,2.0,1.1340139361558368,4.0,1.3458009311346488,32.0,1.0420503982184193,120.0,1.0458690615424997,488.0
2012-02-06 00:00:00-05:00,49.00856689701866,51.04108055234854,48.62345818742946,50.44915390014648,3650500,WHR,50.42061233520508,0,1.0149209758785434,2.0,1.106280365226506,5.0,1.378492310663786,32.0,1.0744554612448116,121.0,1.077684070252933,489.0
2012-02-07 00:00:00-05:00,50.22092760373905,50.584642188052655,49.47923757186464,50.42061233520508,3661500,WHR,50.064064025878906,0,0.9997170453942085,1.0,1.0517699611925777,4.0,1.3694608432897268,32.0,1.0746711278905536,121.0,1.0772112917850494,488.0
2012-02-08 00:00:00-05:00,50.42064569398632,50.86994207804451,49.422221376089134,50.064064025878906,2467400,WHR,49.586238861083984,0,0.9964517146072607,0.0,1.0183952182272031,3.0,1.3521645097010764,31.0,1.0680044769205683,120.0,1.069745929722547,487.0
2012-02-09 00:00:00-05:00,50.07832323437595,50.07832323437595,49.0157115376621,49.586238861083984,2027100,WHR,49.94995880126953,1,0.9952049803066134,0.0,0.9937685413207888,2.0,1.332649036891802,30.0,1.0587555086838807,120.0,1.0596943307835205,487.0
2012-02-10 00:00:00-05:00,49.10842587924541,50.09258928662783,48.7090561674388,49.94995880126953,1937400,WHR,51.304962158203125,1,1.0036541474230245,1.0,0.9971244706474179,2.0,1.335278168547713,31.0,1.0673624048288735,121.0,1.0676211713736303,487.0
2012-02-13 00:00:00-05:00,50.46342936769453,51.52604100825934,50.27087225744917,51.304962158203125,2473100,WHR,51.397682189941406,1,1.0133820988065947,2.0,1.0206861924279744,2.0,1.363274666660558,32.0,1.0969560503324984,122.0,1.0967484159064356,487.0
2012-02-14 00:00:00-05:00,50.79149443331861,51.53318496696463,50.470567662632746,51.397682189941406,2050500,WHR,49.45785903930664,0,1.0009028008219922,2.0,1.0185709510323855,3.0,1.3570718752011426,33.0,1.0995244957244943,123.0,1.0989298318713114,487.0
2012-02-15 00:00:00-05:00,51.718584721269885,52.1250874635819,49.33662262024926,49.45785903930664,2662800,WHR,50.39211654663086,1,0.9807663205512379,1.0,0.9824892188300897,3.0,1.298097421250717,33.0,1.058770925506443,122.0,1.057639608856837,487.0
2012-02-16 00:00:00-05:00,49.407947804974,50.563274198700185,49.16547491795943,50.39211654663086,1649300,WHR,50.655982971191406,1,1.0093566122759854,1.0,0.9978535031011888,4.0,1.3144254720042317,33.0,1.0794541126525656,122.0,1.0776970540430106,488.0
2012-02-17 00:00:00-05:00,50.75582538735199,51.704333781881154,50.58466773693436,50.655982971191406,1286600,WHR,50.35645294189453,0,1.002611295272446,2.0,1.0002816332062394,4.0,1.3121386663425814,34.0,1.0856520258829536,123.0,1.0834645603581403,488.0
2012-02-21 00:00:00-05:00,50.86279815046254,51.533173285666834,50.19242301525824,50.35645294189453,1914000,WHR,49.978477478027344,0,0.9970347212539791,1.0,0.9981058082849944,3.0,1.2953190572772484,34.0,1.0797916021893381,123.0,1.0771888976391857,487.0
2012-02-22 00:00:00-05:00,50.185295455290415,50.68450751006104,49.350890390883336,49.978477478027344,1370400,WHR,50.56325912475586,1,0.9962328626502726,0.0,0.9962187122251793,2.0,1.2763400344441587,34.0,1.0722564086844582,123.0,1.0691906084234304,487.0
2012-02-23 00:00:00-05:00,49.9499384932636,50.88418030683812,49.59335698383796,50.56325912475586,899600,WHR,50.84853363037109,1,1.0058163074011626,1.0,1.0034531429874067,3.0,1.281606834184466,35.0,1.085378877364921,123.0,1.0817465149352974,488.0
2012-02-24 00:00:00-05:00,50.89132167728997,51.59735165646596,50.4206313971707,50.84853363037109,1840600,WHR,54.271728515625,1,1.0028130308898497,2.0,1.0072897871568347,3.0,1.2798266967097525,35.0,1.092119974301773,123.0,1.0879091250160144,488.0
2012-02-27 00:00:00-05:00,50.449172618104086,54.756679799370325,50.449172618104086,54.271728515625,5862000,WHR,54.30738067626953,1,1.0325645581105916,2.0,1.0599183019276497,3.0,1.354092786690138,36.0,1.1657993047144406,124.0,1.1611036874590572,489.0
2012-02-28 00:00:00-05:00,54.10056268808265,55.65525873634643,53.80816315412766,54.30738067626953,2487000,WHR,54.24996948242188,0,1.0003283519353758,2.0,1.0444957170797642,4.0,1.3441834092843277,36.0,1.1667256639605004,124.0,1.161864741961784,489.0
2012-02-29 00:00:00-05:00,54.4940505320925,55.15449611619624,53.74027742445264,54.24996948242188,2011600,WHR,53.467472076416016,0,0.9994711441117187,1.0,1.0265249503029192,4.0,1.3321534666627886,36.0,1.1658007018671588,123.0,1.160636994586971,488.0
2012-03-01 00:00:00-05:00,54.93193608213935,54.93193608213935,53.17313992863127,53.467472076416016,2034700,WHR,53.22338104248047,0,0.9927356480558588,0.0,1.0007197437355886,3.0,1.3032305082632427,35.0,1.1492697659183422,123.0,1.1439138460680245,488.0
2012-03-02 00:00:00-05:00,53.395669926455966,53.8407554767713,52.76394036723588,53.22338104248047,1348800,WHR,53.01519012451172,0,0.9977121653187688,0.0,0.9873737479889929,2.0,1.2879969702450227,34.0,1.1442913877866194,123.0,1.1386834291087478,488.0
2012-03-05 00:00:00-05:00,52.97211927763867,53.59667394211922,52.649071495198,53.01519012451172,1436900,WHR,52.26142501831055,0,0.9980403452749613,0.0,0.9881182343251605,1.0,1.2737013546954183,34.0,1.1403072934505813,122.0,1.134195091856018,488.0
2012-03-06 00:00:00-05:00,51.7804434753994,52.50550046301264,51.16306908625774,52.26142501831055,1558000,WHR,52.81420516967773,1,0.9928401468343317,0.0,0.9815552553799757,0.0,1.2471722191905594,33.0,1.1246858919205953,121.0,1.11812292453863,487.0
2012-03-07 00:00:00-05:00,52.57012964404527,53.18749876092924,52.354764375691445,52.81420516967773,1088000,WHR,52.72086715698242,0,1.0052607835934766,1.0,0.9973160998123536,1.0,1.2514129746461233,34.0,1.1370183539398444,122.0,1.1299901617577492,488.0
2012-03-08 00:00:00-05:00,52.88597573262462,52.900336333876325,51.4215065919346,52.72086715698242,1957500,WHR,54.056114196777344,1,0.9991155735184754,1.0,0.9983686533403373,1.0,1.240767391299088,33.0,1.1355268950424713,121.0,1.1280867369937353,487.0
2012-03-09 00:00:00-05:00,52.36909967956082,54.45094307000513,52.35474455635575,54.056114196777344,1864100,WHR,53.93408966064453,0,1.0125050083160823,1.0,1.020435739201125,2.0,1.2628700417259222,34.0,1.1645899899018208,122.0,1.1567145724979244,488.0
2012-03-12 00:00:00-04:00,54.178170655279445,54.36482018329836,53.48182918421734,53.93408966064453,1022300,WHR,56.03745269775391,1,0.9988700406909693,1.0,1.0146122702274432,2.0,1.2503784329504306,34.0,1.16223554268333,122.0,1.1541522397487889,488.0
2012-03-13 00:00:00-04:00,54.32890814637746,56.12359987230568,54.27147669667628,56.03745269775391,2218500,WHR,56.353328704833984,1,1.0191264302746115,1.0,1.039413959975123,3.0,1.2878508189553561,35.0,1.2075044136654733,123.0,1.1991362445558138,489.0
2012-03-14 00:00:00-04:00,56.353328704833984,56.992238617597806,55.97285487779096,56.353328704833984,2252600,WHR,56.583045959472656,1,1.0028105152676945,2.0,1.0317273245512362,3.0,1.2837522821961829,36.0,1.2142105078203025,124.0,1.2058483078357738,490.0
2012-03-15 00:00:00-04:00,56.41075707075881,56.654832540023,55.72877086311794,56.583045959472656,1327000,WHR,55.16166687011719,0,1.0020340413380675,2.0,1.0214872615468424,4.0,1.2776723027310481,36.0,1.2190738631335185,124.0,1.2107088538316777,491.0
2012-03-16 00:00:00-04:00,56.87739796440252,56.970720004080135,54.60172367811764,55.16166687011719,2532500,WHR,55.822113037109375,1,0.9872801222235627,1.0,0.9918680442838081,3.0,1.2349775186729004,36.0,1.1885754497649543,123.0,1.1803001334184795,490.0
2012-03-19 00:00:00-04:00,55.16166208213448,56.57588054669514,54.72376218245121,55.822113037109375,1472100,WHR,55.57801055908203,0,1.0059508350458441,1.0,0.9969743916159225,4.0,1.2398283221580273,36.0,1.202806474574058,124.0,1.1944928566181638,490.0
2012-03-20 00:00:00-04:00,55.506223987368784,55.89387804697752,54.56580730090728,55.57801055908203,1107400,WHR,55.649810791015625,1,0.997808777314178,1.0,0.9942464297235956,3.0,1.2250950032955226,35.0,1.197614665301771,123.0,1.189337189471959,489.0
2012-03-21 00:00:00-04:00,55.649810791015625,56.05182554982718,55.08269290139694,55.649810791015625,804000,WHR,54.94628143310547,0,1.0006455240340237,1.0,0.9980430282031402,3.0,1.2179113803088841,35.0,1.1992619965331157,123.0,1.190943525756362,489.0
2012-03-22 00:00:00-04:00,55.40572206754509,55.54929521194583,54.36480307822879,54.94628143310547,874700,WHR,55.118595123291016,1,0.9936387503051693,1.0,0.9912451505930554,2.0,1.194480517442772,34.0,1.1843255818826899,122.0,1.1759685894249596,489.0
2012-03-23 00:00:00-04:00,54.50840076935299,55.3770312811652,53.388514403209456,55.118595123291016,1103500,WHR,56.008750915527344,1,1.0015655647430564,1.0,0.9945082858546375,3.0,1.188806092304495,35.0,1.1881983428086575,123.0,1.1797123595172432,490.0
2012-03-26 00:00:00-04:00,55.91542889425504,56.26718702655236,55.65699278323002,56.008750915527344,1173500,WHR,55.00371551513672,0,1.0080102317203308,2.0,1.0098892586651262,3.0,1.1981253655052135,36.0,1.2074662691946259,123.0,1.1987917547184452,491.0
2012-03-27 00:00:00-04:00,56.14513685557574,56.58304208701785,54.93192346253469,55.00371551513672,1257700,WHR,54.43660354614258,0,0.9909466438076272,1.0,0.9938257732243986,3.0,1.1677756977333587,35.0,1.1861680359384714,122.0,1.1772931998993617,491.0
2012-03-28 00:00:00-04:00,54.91757972732184,55.39138108332467,53.89819590175707,54.43660354614258,1153500,WHR,54.651981353759766,1,0.9948180709462607,0.0,0.9879101263496699,2.0,1.147373147481574,34.0,1.174443423264032,121.0,1.1651524192516194,491.0
2012-03-29 00:00:00-04:00,53.88385308002025,54.81709549572662,53.503379095406416,54.651981353759766,814400,WHR,55.1760139465332,1,1.0019743386332751,1.0,0.9928793612290786,3.0,1.143853617027963,34.0,1.1796233871871804,121.0,1.1697149511850127,492.0
2012-03-30 00:00:00-04:00,54.99654473787989,55.23344540777401,54.386350523851725,55.1760139465332,1180800,WHR,54.39352035522461,0,1.0047713935899552,2.0,1.0021905364871548,3.0,1.1467203332267708,34.0,1.1913568940040842,122.0,1.1808441074427443,493.0
2012-04-02 00:00:00-04:00,55.05397114493046,55.305226918585625,54.06329769885423,54.39352035522461,1155800,WHR,53.4818115234375,0,0.992858474791418,1.0,0.993809027325907,2.0,1.1232571110223204,33.0,1.174929453655953,122.0,1.1640162707720536,493.0
2012-04-03 00:00:00-04:00,54.37197705417021,54.788346834193234,53.30234235725147,53.4818115234375,1342000,WHR,53.28800201416016,0,0.9915484956948953,0.0,0.9826160273675932,2.0,1.0975567825655037,33.0,1.1557689846519656,122.0,1.1444590460913404,492.0
2012-04-04 00:00:00-04:00,52.96495413924386,53.57514837813133,52.25425757757333,53.28800201416016,1545700,WHR,54.00587463378906,1,0.9981847911609485,0.0,0.9832049271249155,2.0,1.0871538050210017,32.0,1.152110657027858,122.0,1.1402787413404738,491.0
2012-04-05 00:00:00-04:00,53.10134832286079,54.16380293077556,52.89316339146652,54.00587463378906,829500,WHR,53.331050872802734,0,1.0066907137858796,1.0,0.9988316815762092,2.0,1.0954514223055671,32.0,1.1679832057370234,123.0,1.1555979035453654,491.0
2012-04-09 00:00:00-04:00,53.11568571170273,53.5177003139585,52.153733739906784,53.331050872802734,1698000,WHR,50.58158493041992,0,0.993713032511399,1.0,0.9931284795049087,1.0,1.0758104671527493,32.0,1.1538455335789464,122.0,1.1411480544974755,490.0
2012-04-10 00:00:00-04:00,53.11568846972342,53.28798279833519,50.48108264387831,50.58158493041992,1965500,WHR,51.64406204223633,1,0.9735406005137871,0.0,0.9554933170242907,1.0,1.015740603850414,31.0,1.0951301440922447,121.0,1.0823390427358899,490.0
2012-04-11 00:00:00-04:00,51.55791484902809,52.42654517525655,51.33537477944724,51.64406204223633,1109000,WHR,51.66558456420898,1,1.0103934496213127,1.0,0.9823844239596947,2.0,1.0317778017482835,32.0,1.11883887922599,121.0,1.1050923435493223,490.0
2012-04-12 00:00:00-04:00,51.593797992952005,52.096309468715205,51.4645799739037,51.66558456420898,1274300,WHR,51.04101943969727,0,1.0002083302254883,2.0,0.9888976967290334,3.0,1.0267085087353474,33.0,1.1200163001615218,121.0,1.1054454108040244,491.0
2012-04-13 00:00:00-04:00,51.50764027275247,52.002976823822486,50.93333686638249,51.04101943969727,1204100,WHR,50.99077224731445,0,0.9939189389955104,1.0,0.9881585783617736,2.0,1.0100717870983003,32.0,1.1073045196524232,120.0,1.0920279438151435,490.0
2012-04-16 00:00:00-04:00,51.47174823810619,52.11783825101638,50.63183395980475,50.99077224731445,788000,WHR,48.81562423706055,0,0.9995075339602293,0.0,0.9962130722937854,2.0,1.0052776533119632,31.0,1.1069924738399988,120.0,1.0908831448353182,490.0
2012-04-17 00:00:00-04:00,51.32819313161514,51.60816465599397,48.13364344218195,48.81562423706055,6099300,WHR,47.53061294555664,0,0.9782063265795351,0.0,0.9603436503205389,2.0,0.959189758612877,31.0,1.0607954436489813,119.0,1.044318741510193,490.0
2012-04-18 00:00:00-04:00,48.822793122825146,48.83714824614402,47.47318149835265,47.53061294555664,3250200,WHR,46.29586791992188,0,0.9866625689899206,0.0,0.9504464499776826,1.0,0.9311809815807641,31.0,1.0339953370832757,118.0,1.016804047766967,490.0
2012-04-19 00:00:00-04:00,47.41575932215236,47.4444695710874,46.07332789040487,46.29586791992188,2713600,WHR,46.06615447998047,0,0.986840122167589,0.0,0.9460728857345567,0.0,0.9047668153770082,30.0,1.0084054360733457,117.0,0.9904218562616869,489.0
2012-04-20 00:00:00-04:00,46.49687947897215,46.77685647913053,45.86514984558205,46.06615447998047,1646300,WHR,47.1860466003418,1,0.9975129015804048,0.0,0.9609165737616233,0.0,0.8982526667744549,29.0,1.0046845196582317,117.0,0.9855527798290483,488.0
2012-04-23 00:00:00-04:00,45.40570964624474,47.3798709352119,45.14009598504979,47.1860466003418,2891000,WHR,47.61676788330078,1,1.0120092835063133,1.0,1.0001523004918136,1.0,0.9175919779512457,30.0,1.0303654222351584,117.0,1.009507803444754,489.0
2012-04-24 00:00:00-04:00,47.09989572808455,48.29874862995461,47.00657371887917,47.61676788330078,1924000,WHR,49.45453643798828,1,1.004543338563364,2.0,1.0144373893480665,2.0,0.9233708221662746,30.0,1.0410526776926727,117.0,1.0187104289646096,489.0
2012-04-25 00:00:00-04:00,48.42079200715268,51.19897742654047,48.42079200715268,49.45453643798828,2546500,WHR,47.35114288330078,0,1.0189321506240898,2.0,1.045022978122471,3.0,0.955573416917217,31.0,1.0823121308303894,118.0,1.0579647902589584,490.0
2012-04-26 00:00:00-04:00,48.73664502829256,49.97857403495982,46.539944245535374,47.35114288330078,3650200,WHR,46.31740188598633,0,0.9782720025370977,1.0,0.9961336479298936,3.0,0.9124006225011223,30.0,1.0374276584977584,118.0,1.0129341440246498,490.0
2012-04-27 00:00:00-04:00,47.860837873444936,48.09773849693116,46.044610713979615,46.31740188598633,2812700,WHR,45.95846557617188,0,0.9889638405308779,0.0,0.9733577287054918,3.0,0.8918063123848583,29.0,1.0159808851176348,118.0,0.9908177081568613,489.0
2012-04-30 00:00:00-04:00,46.31740393907438,46.6189163264057,45.44877649656848,45.95846557617188,1481700,WHR,46.51123428344727,1,0.9961101822211356,0.0,0.9708236757172871,2.0,0.8848784325894766,28.0,1.0092358472798855,118.0,0.9831756491211168,488.0
2012-05-01 00:00:00-04:00,46.18101164282756,47.43729592814736,45.93693344356898,46.51123428344727,1953900,WHR,46.57585144042969,1,1.0059778360707838,1.0,0.9871107695409566,2.0,0.8962272935208354,28.0,1.022442940364671,119.0,0.9950275756369307,488.0
2012-05-02 00:00:00-04:00,46.25998932781626,46.83428756336456,45.98719259973717,46.57585144042969,1277700,WHR,45.08265686035156,0,1.0006941581260165,2.0,1.0007097169256274,2.0,0.8985901739137963,28.0,1.0249291070344386,120.0,0.9964596562097328,488.0
2012-05-03 00:00:00-04:00,46.432265842526775,46.633270445101815,44.97497699689307,45.08265686035156,1574800,WHR,44.34324645996094,0,0.9837091546899482,1.0,0.9781626313314628,2.0,0.8712773793764362,28.0,0.9932720189863331,119.0,0.9645821482080076,488.0
2012-05-04 00:00:00-04:00,45.046765334981,45.046765334981,43.94123450059986,44.34324645996094,1965000,WHR,44.49399566650391,1,0.9917315858947251,0.0,0.970432970141581,2.0,0.8585694535696325,28.0,0.9781725882595919,119.0,0.9488309273126454,488.0
2012-05-07 00:00:00-04:00,44.25709778947575,44.73807384378023,44.192488779653125,44.49399566650391,1341700,WHR,44.23556137084961,0,1.0016969145251986,1.0,0.9800138027296563,3.0,0.8629062222700166,29.0,0.9827431384240465,119.0,0.952117126639164,489.0
2012-05-08 00:00:00-04:00,44.070450058901855,44.33606367042804,43.07260188668417,44.23556137084961,1626400,WHR,43.86944580078125,0,0.9970873933750678,1.0,0.9841877621973737,2.0,0.8594817232408604,28.0,0.9782635667498415,119.0,0.9466367635290142,489.0
2012-05-09 00:00:00-04:00,43.50332714834819,44.42938875334675,43.34539613570389,43.86944580078125,2061700,WHR,43.88380432128906,1,0.9958445543355424,0.0,0.9879397442346846,1.0,0.8544255312700892,27.0,0.9715055244209785,118.0,0.9388504401317848,489.0
2012-05-10 00:00:00-04:00,44.30735169235565,44.64475188598058,43.61101040302186,43.88380432128906,1239200,WHR,44.802696228027344,1,1.0001636238029685,1.0,0.9936283242403787,2.0,0.8567949719505671,27.0,0.9732412807758728,118.0,0.9392090685020781,489.0
2012-05-11 00:00:00-04:00,43.46744478541767,45.15445710617581,43.24490470397138,44.802696228027344,1758300,WHR,43.80484008789063,0,1.0103611248729711,2.0,1.012327864730972,3.0,0.8760626388220218,28.0,0.9948946673223706,119.0,0.958900758763631,490.0
2012-05-14 00:00:00-04:00,44.46528539056964,44.86729736077589,43.73305076902388,43.80484008789063,1143300,WHR,43.76176452636719,0,0.9887384732537988,1.0,0.9928731940260991,2.0,0.858393540674776,27.0,0.9740272634322652,119.0,0.9376033042769999,489.0
2012-05-15 00:00:00-04:00,43.58229534500399,44.78832846284329,43.17310583057448,43.76176452636719,1454700,WHR,44.57244491577149,1,0.9995080823138777,0.0,0.9940318321463927,2.0,0.8594846843985766,26.0,0.9743676850948456,118.0,0.9367313695626898,489.0
2012-05-16 00:00:00-04:00,44.26120483220028,45.37587573031936,44.14539476118284,44.57244491577149,1964600,WHR,42.31413650512695,0,1.0091774228186796,1.0,1.0092230020429245,3.0,0.8770670713688058,27.0,0.9936183180262788,119.0,0.9541478363198104,489.0
2012-05-17 00:00:00-04:00,44.59415013230473,44.59415013230473,42.22004273823395,42.31413650512695,2426500,WHR,41.77127456665039,0,0.9740085479977079,1.0,0.9649487180995039,2.0,0.8347277144773011,27.0,0.9445460128486857,119.0,0.9059009837566605,489.0
2012-05-18 00:00:00-04:00,42.42994471194395,42.84251816772513,41.37317771156162,41.77127456665039,1662000,WHR,42.38652420043945,1,0.9935439224051226,0.0,0.9659238934020347,1.0,0.826407571122872,26.0,0.9336478907060164,119.0,0.8943559567840728,489.0
2012-05-21 00:00:00-04:00,41.80023420716346,42.53852438943074,41.2718506255773,42.38652420043945,1805200,WHR,42.4009895324707,1,1.0073106668995917,1.0,0.9866227117665588,2.0,0.8409261095719177,26.0,0.9485770331077054,120.0,0.9075872242445835,490.0
2012-05-22 00:00:00-04:00,42.41546337041609,42.93660989257641,41.814699695040346,42.4009895324707,1391800,WHR,42.67604446411133,1,1.0001706068664404,2.0,0.9932515656816922,3.0,0.8445279952638651,26.0,0.9501798886516832,120.0,0.9079526220954619,491.0
2012-05-23 00:00:00-04:00,42.01737427154816,42.82080772029509,41.68442071511611,42.67604446411133,1756500,WHR,42.36480331420898,0,1.0032330103521436,2.0,1.008656402619627,3.0,0.8533011644927766,26.0,0.9576248065837432,120.0,0.9138988026462489,491.0
2012-05-24 00:00:00-04:00,42.893186838406905,43.01623656931841,41.69165653763905,42.36480331420898,1301900,WHR,43.83415985107422,1,0.9963400982229894,1.0,1.0010604011298083,3.0,0.8504463085172288,26.0,0.9519850933361543,119.0,0.9072672846572862,491.0
2012-05-25 00:00:00-04:00,42.44443607371502,44.0730169427441,42.372055806210255,43.83415985107422,1304900,WHR,45.47720336914063,1,1.017046104534318,1.0,1.0257802718883304,4.0,0.8827879639664022,27.0,0.9863198900693685,119.0,0.9387355723776588,492.0
2012-05-29 00:00:00-04:00,44.0368132943494,45.52063041186389,44.0368132943494,45.47720336914063,1504500,WHR,45.6943359375,1,1.0183968025884362,2.0,1.0490549449265287,4.0,0.9182651859930818,28.0,1.0244022666390062,120.0,0.9738986530258886,492.0
2012-05-30 00:00:00-04:00,45.11528583026895,47.37357986790568,43.40708594309083,45.6943359375,5554500,WHR,44.78959274291992,0,1.0023815827835163,2.0,1.0382879571107921,4.0,0.9249282068172231,29.0,1.0303140955986911,121.0,0.9784691179454095,493.0
2012-05-31 00:00:00-04:00,45.61473992307794,45.71607339978084,43.75453892608867,44.78959274291992,1872400,WHR,41.843658447265625,0,0.9900010619811223,1.0,1.0080476581450277,3.0,0.9089058033260857,29.0,1.0107454019911009,121.0,0.9590470455495794,492.0
2012-06-01 00:00:00-04:00,43.86309596642701,43.8703356474896,41.62651219345683,41.843658447265625,2075200,WHR,41.45279693603516,0,0.9659953394893711,0.0,0.9439599488624364,3.0,0.8522868881625385,28.0,0.9451782621238273,121.0,0.8960084094942649,491.0
2012-06-04 00:00:00-04:00,41.82194058351646,42.1693707108898,40.2585036297718,41.45279693603516,1852200,WHR,42.603660583496094,1,0.9953075853056189,0.0,0.9452990298164343,2.0,0.8475677970460523,28.0,0.9372868826596052,121.0,0.8876851496027675,491.0
2012-06-05 00:00:00-04:00,41.17051026786258,42.71947062634136,41.04022362452052,42.603660583496094,1068100,WHR,44.000633239746094,1,1.0136915554309855,1.0,0.9844455179899068,2.0,0.8745119984656352,28.0,0.9641477428580367,122.0,0.9123253630009179,492.0
2012-06-06 00:00:00-04:00,42.92938934976124,44.1164433153896,42.66157630641752,44.000633239746094,1470800,WHR,43.4360580444336,0,1.0161305241874172,2.0,1.0247464520342429,2.0,0.9062670304794258,29.0,0.996503117086091,123.0,0.9421940120758908,493.0
2012-06-07 00:00:00-04:00,44.572448070711424,44.84749528314012,43.22615417413382,43.4360580444336,1861200,WHR,44.02956771850586,1,0.9935430402612383,1.0,1.0180160330545767,2.0,0.8985254802140369,28.0,0.9844011355743116,123.0,0.9300943031954341,492.0
2012-06-08 00:00:00-04:00,43.18994157585984,44.24671117282209,42.82079797963513,44.02956771850586,974400,WHR,42.58194732666016,0,1.0067856334290783,1.0,1.021460021221641,3.0,0.9146893025863632,28.0,0.9985358864669843,123.0,0.9427689688357221,493.0
2012-06-11 00:00:00-04:00,44.43490802364376,44.50729102657546,42.50956432372846,42.58194732666016,1273700,WHR,43.1392822265625,1,0.9832860516169151,1.0,0.9827274496506119,3.0,0.8889250947341282,27.0,0.9665386261332987,122.0,0.9117554954036127,493.0
2012-06-12 00:00:00-04:00,42.84251881073728,43.233378751910784,42.36480202523497,43.1392822265625,1477600,WHR,42.154903411865234,0,1.0065017137855716,1.0,0.9931346071865835,3.0,0.9043426014638142,28.0,0.9799343793531414,123.0,0.9236638130209774,493.0
2012-06-13 00:00:00-04:00,42.90043050328447,43.09586049796449,41.843663356759606,42.154903411865234,1368900,WHR,42.01013946533203,0,0.988459016199883,1.0,0.978790729231159,2.0,0.8879468484504772,27.0,0.9584943155755167,122.0,0.9025854307262543,492.0
2012-06-14 00:00:00-04:00,42.31413983359971,42.77738006779594,41.75680306397937,42.01013946533203,1367700,WHR,42.78460693359375,1,0.9982799991352179,0.0,0.9819314791294802,2.0,0.8891326763075033,27.0,0.9561809754743592,121.0,0.8994952877266651,491.0
2012-06-15 00:00:00-04:00,42.26346044566601,42.878703440831536,42.13317382368408,42.78460693359375,1591600,WHR,43.59529113769531,1,1.0091334369303748,1.0,1.0058877609746084,2.0,0.9096521892217981,27.0,0.9748405607337397,121.0,0.9160409095471206,492.0
2012-06-18 00:00:00-04:00,42.70500077490987,43.91376811556932,42.248997451146224,43.59529113769531,1173100,WHR,44.97776412963867,1,1.0093851025782932,2.0,1.020086801213731,3.0,0.9306315538622721,28.0,0.9943138686957821,121.0,0.9333182413818153,493.0
2012-06-19 00:00:00-04:00,43.66042396559202,45.30348071110713,43.66042396559202,44.97776412963867,1117400,WHR,44.73167419433594,0,1.0156082793776362,2.0,1.0434576745251654,3.0,0.9636199884990663,28.0,1.026697466219767,122.0,0.9627956025315522,494.0
2012-06-20 00:00:00-04:00,44.97777089723792,45.43377417990649,44.46386396977858,44.73167419433594,969200,WHR,42.09700012207031,0,0.9972568111014807,1.0,1.0254878884469998,3.0,0.9622222838476963,27.0,1.02198877331108,121.0,0.9574111789510642,494.0
2012-06-21 00:00:00-04:00,44.67377760898894,44.84025441062239,41.92328363798811,42.09700012207031,1529000,WHR,41.06194686889648,0,0.969656635978746,0.0,0.9647029413944507,3.0,0.909757547458143,27.0,0.9628199954809735,121.0,0.9009838394769533,493.0
2012-06-22 00:00:00-04:00,42.27071706591066,42.55300393962592,40.83756364975185,41.06194686889648,1791200,WHR,39.70840835571289,0,0.9875533145785711,0.0,0.9484719917404023,2.0,0.891684563342835,27.0,0.9402531994294017,120.0,0.8788124697308235,493.0
2012-06-25 00:00:00-04:00,40.49012548622252,40.78688890557523,39.46954857955787,39.70840835571289,1714000,WHR,40.12822341918945,1,0.9832421374225776,0.0,0.9339779679157552,1.0,0.8669807150797281,26.0,0.9105810387612224,119.0,0.8498752785755158,492.0
2012-06-26 00:00:00-04:00,39.71564990422987,40.54079693414904,39.14383928107179,40.12822341918945,1708300,WHR,41.1488037109375,1,1.0052584265410924,1.0,0.9658873076918062,1.0,0.8809708530183908,26.0,0.9215809168153271,119.0,0.858867452356987,493.0
2012-06-27 00:00:00-04:00,40.33089629804705,41.64823688215242,40.33089629804705,41.1488037109375,1432700,WHR,41.57585144042969,1,1.0125568112883123,2.0,1.0078358074734808,2.0,0.907775847323699,27.0,0.946393145330074,119.0,0.8806874948662139,494.0
2012-06-28 00:00:00-04:00,40.72175118693773,41.69890118599872,40.22232080594858,41.57585144042969,1201100,WHR,44.26844024658203,1,1.0051622787512475,2.0,1.020901462606491,3.0,0.9212296261155468,28.0,0.9576594482332362,119.0,0.8897930519598393,495.0
2012-06-29 00:00:00-04:00,42.84252655230527,44.26844024658203,42.53852616165752,44.26844024658203,2346700,WHR,44.53623962402344,1,1.031365962176839,2.0,1.070166287305162,4.0,0.984169650619884,29.0,1.0209056867142239,120.0,0.9473126156392768,496.0
2012-07-02 00:00:00-04:00,44.46385938521557,44.59414602397303,43.72556935263293,44.53623962402344,1377800,WHR,45.55681991577149,1,1.0030155998291037,2.0,1.05208242861792,5.0,0.9936096988645271,29.0,1.0282330852656507,121.0,0.9529349446165671,496.0
2012-07-03 00:00:00-04:00,44.66652965735443,45.55681991577149,44.60138633302493,45.55681991577149,722100,WHR,45.7884407043457,1,1.0113280678551855,2.0,1.0492797186636857,5.0,1.0193255884938206,30.0,1.0529499055982423,121.0,0.9746955321316224,496.0
2012-07-05 00:00:00-04:00,45.52787016421086,46.244443981558085,44.94158023636637,45.7884407043457,988500,WHR,45.46995544433594,0,1.0025356629014117,2.0,1.0325465590977208,5.0,1.0263425760269935,31.0,1.0593786052070044,122.0,0.9796009832956759,496.0
2012-07-06 00:00:00-04:00,45.19490559206058,45.57852855371878,44.61585545131945,45.46995544433594,929200,WHR,44.80405807495117,0,0.996510071692572,1.0,1.0076672373216544,4.0,1.0215600261826439,30.0,1.0529518773152746,122.0,0.9727555038569965,495.0
2012-07-09 00:00:00-04:00,45.46272826891883,45.47720487068102,44.48557835844189,44.80405807495117,878100,WHR,43.906517028808594,0,0.9926235984927989,0.0,0.9905586056552862,3.0,1.0091923895609456,29.0,1.038488396459668,122.0,0.9584870547380894,495.0
2012-07-10 00:00:00-04:00,45.06461726663876,45.289000395712186,43.47946704839708,43.906517028808594,1257200,WHR,44.80405807495117,1,0.9898823669546413,0.0,0.9734256290904673,2.0,0.9916316055483128,29.0,1.018706320394153,122.0,0.9392822974419334,494.0
2012-07-11 00:00:00-04:00,43.99338494304524,44.88367524294903,43.69662150974398,44.80405807495117,1288800,WHR,44.659297943115234,0,1.0101176330453587,1.0,0.9966511153278078,2.0,1.014264638250133,30.0,1.040386359920716,123.0,0.9585732672245928,494.0
2012-07-12 00:00:00-04:00,44.31910468072525,45.02120472910299,43.320241178282735,44.659297943115234,1958900,WHR,45.46995544433594,1,0.998381905863148,1.0,0.9984466517018646,1.0,1.0125754769671038,30.0,1.0378390205634074,123.0,0.9555227488714328,494.0
2012-07-13 00:00:00-04:00,44.8474755076159,45.83910180733451,44.68099876472338,45.46995544433594,897200,WHR,44.86195373535156,0,1.0089943882896246,1.0,1.0165704983597719,2.0,1.031759221396363,31.0,1.0574125162825285,124.0,0.9728972065149148,495.0
2012-07-16 00:00:00-04:00,45.49167061370395,45.70157716019774,44.4783335208918,44.86195373535156,907900,WHR,45.91872787475586,1,0.9932692476611454,1.0,1.0027178435689867,2.0,1.0185153716893167,31.0,1.0440221213178433,124.0,0.9599232465931763,495.0
2012-07-17 00:00:00-04:00,45.209390969468,46.01282440375071,44.536244187292205,45.91872787475586,1300300,WHR,47.07684326171875,1,1.0116409584138508,1.0,1.0171883286829417,3.0,1.0425658141096126,32.0,1.069317279898838,124.0,0.9826014100269245,495.0
2012-07-18 00:00:00-04:00,46.519503625568106,47.40255721470844,45.82464590399606,47.07684326171875,2063500,WHR,49.552276611328125,1,1.0124534466836417,2.0,1.0324467853171015,3.0,1.0689045182342782,32.0,1.096684072536425,125.0,1.0074238846243606,496.0
2012-07-19 00:00:00-04:00,48.24941549153738,49.91418339831322,48.24941549153738,49.552276611328125,4024600,WHR,48.93703842163086,0,1.0256178815750536,2.0,1.06390261792391,4.0,1.1242870567934835,32.0,1.154481338865915,126.0,1.0603745940279665,497.0
2012-07-20 00:00:00-04:00,49.1324656657689,49.54503920095771,48.81399143375656,48.93703842163086,978800,WHR,48.71988677978516,0,0.9937532493804898,1.0,1.0352801510133511,3.0,1.110545297778211,31.0,1.1402888353923728,126.0,1.0472086786670023,496.0
2012-07-23 00:00:00-04:00,47.85855243700385,50.03722717923907,47.78616666643051,48.71988677978516,2065100,WHR,45.057395935058594,0,0.9977763825617301,0.0,1.0141323626005745,3.0,1.1050453291527658,31.0,1.1353816958323126,126.0,1.0425432667581076,496.0
2012-07-24 00:00:00-04:00,45.37587292035191,47.511123561066576,44.48558253682608,45.057395935058594,4256200,WHR,46.76559829711914,1,0.9609447966639917,0.0,0.9412707476965315,2.0,1.0224611654720175,31.0,1.0505128491493771,126.0,0.9643018584374322,495.0
2012-07-25 00:00:00-04:00,45.75949780995826,47.40255229289607,45.54235151567131,46.76559829711914,1956500,WHR,48.423118591308594,1,1.018603209101865,1.0,0.978228018461797,2.0,1.0609005499349022,32.0,1.0905939751574567,127.0,1.000941799784422,496.0
2012-07-26 00:00:00-04:00,47.64139877738958,48.66197834371575,47.05511167807938,48.423118591308594,1370000,WHR,49.66084671020508,1,1.017412991249081,2.0,1.0177070245366084,2.0,1.097708713661273,32.0,1.1292543237699713,128.0,1.03642140283425,497.0
2012-07-27 00:00:00-04:00,48.59683993807661,50.13856076819111,48.37245951101188,49.66084671020508,1170900,WHR,49.38579177856445,0,1.0126190668891868,2.0,1.0405544782033282,3.0,1.1244562709477957,32.0,1.157886426979059,129.0,1.0629361951406624,497.0
2012-07-30 00:00:00-04:00,49.66807856888143,50.485985740535966,48.56063940426318,49.38579177856445,1807800,WHR,48.900840759277344,0,0.997222975601824,1.0,1.031911570821474,3.0,1.116415322357854,32.0,1.151068070570329,129.0,1.0571337855813696,496.0
2012-07-31 00:00:00-04:00,49.38580002565377,49.50160731992017,48.69817385261688,48.900840759277344,684900,WHR,48.78504180908203,0,0.9950659514242652,0.0,1.0056265076185704,3.0,1.1035575448994515,32.0,1.139548679681727,128.0,1.046815792431982,496.0
2012-08-01 00:00:00-04:00,49.1976153745661,49.40752199872606,48.068467831611805,48.78504180908203,707100,WHR,48.38693618774414,0,0.9988145784513511,0.0,0.9949810226483395,2.0,1.0991702729600599,31.0,1.1364768799018863,128.0,1.0444192421692329,495.0
2012-08-02 00:00:00-04:00,48.27836304748332,48.69817624462022,47.721029026791385,48.38693618774414,802900,WHR,50.33400344848633,1,0.9959030820454134,0.0,0.9870072480497917,1.0,1.0885037287983483,31.0,1.127001736273277,127.0,1.036006087979808,494.0
2012-08-03 00:00:00-04:00,49.73323677496694,50.85515017624965,49.35685609506014,50.33400344848633,1828200,WHR,50.68143081665039,1,1.0197229409273938,1.0,1.0239120417982948,1.0,1.1295668030533719,32.0,1.171355639546822,128.0,1.0777768876080231,494.0
2012-08-06 00:00:00-04:00,50.34124302995854,51.39077064406715,49.943143301980754,50.68143081665039,1245800,WHR,51.289432525634766,1,1.0034393493498446,2.0,1.0255734580043696,2.0,1.134479184900872,32.0,1.178478247813267,128.0,1.0852557594449297,495.0
2012-08-07 00:00:00-04:00,50.99990597899344,51.948100035040696,50.99990597899344,51.289432525634766,1035400,WHR,51.87571716308594,1,1.0059625042787321,2.0,1.0279397386419193,3.0,1.1453172931303495,32.0,1.191388378936618,129.0,1.0982720160258816,496.0
2012-08-08 00:00:00-04:00,51.057809818157686,52.519910797692816,50.62352278122463,51.87571716308594,1213600,WHR,51.54999542236328,0,1.0056829718099587,2.0,1.0269673062870852,4.0,1.1549401261110748,33.0,1.2039944196624572,129.0,1.1108174641952355,496.0
2012-08-09 00:00:00-04:00,51.88294895076007,52.26656920038553,51.18084901212096,51.54999542236328,814700,WHR,51.998756408691406,1,0.9968506696006223,1.0,1.0078965829605573,4.0,1.1443812399522246,33.0,1.1955780765850224,128.0,1.103841119881206,496.0
2012-08-10 00:00:00-04:00,51.35456286992024,52.14352241430532,51.30389614851999,51.998756408691406,840900,WHR,51.91914367675781,0,1.0043338135746949,1.0,1.0100951702715222,4.0,1.1511804245442312,33.0,1.2051411203232656,128.0,1.1134558290647145,496.0
2012-08-13 00:00:00-04:00,51.96257071870821,52.346190981959744,51.434184445190944,51.91914367675781,594900,WHR,51.76714324951172,0,0.9992338881764534,1.0,1.0037221584988274,3.0,1.145358728012477,33.0,1.2022791403423079,128.0,1.1117303928488982,496.0
2012-08-14 00:00:00-04:00,52.237623166764855,52.74429597082946,51.62962242859837,51.76714324951172,870300,WHR,51.94808578491211,1,0.9985340353893261,0.0,0.9989385246788596,2.0,1.1378237806312075,33.0,1.1976863705064542,128.0,1.1084536149069697,496.0
2012-08-15 00:00:00-04:00,51.81056499273263,52.2158987334857,51.73094507619069,51.94808578491211,1065000,WHR,53.43190383911133,1,1.0017446091291022,1.0,1.002150234060603,2.0,1.1378154502058644,33.0,1.2005516030164156,129.0,1.112325094226231,496.0
2012-08-16 00:00:00-04:00,51.94808419153297,54.26429033599045,51.93361035363205,53.43190383911133,1378500,WHR,54.481422424316406,1,1.014080643388685,2.0,1.023344705215768,3.0,1.1656216657469303,33.0,1.2332605270262587,130.0,1.1440756327976154,496.0
2012-08-17 00:00:00-04:00,53.786562347516735,54.79266235142785,53.62732254449363,54.481422424316406,1411200,WHR,53.308868408203125,0,1.0097255697840608,2.0,1.0336159760887391,3.0,1.183437389540253,33.0,1.2556913347869034,131.0,1.1664976997992387,497.0
2012-08-20 00:00:00-04:00,54.3077291069404,54.3077291069404,52.93972195599756,53.308868408203125,803900,WHR,53.14962387084961,0,0.9891218957936095,1.0,1.0060652750090293,3.0,1.1533974809702505,33.0,1.2271631119064412,130.0,1.1414191941760945,496.0
2012-08-21 00:00:00-04:00,53.33057724021485,54.03267719691337,52.96867050148437,53.14962387084961,850300,WHR,54.01820373535156,1,0.9985041631349043,0.0,0.9978530144992782,3.0,1.1461020870478735,32.0,1.222155246283243,129.0,1.138035902106055,496.0
2012-08-22 00:00:00-04:00,53.14962967642678,54.452496287073146,53.06277006163062,54.01820373535156,825700,WHR,53.56943893432617,0,1.008104856503144,1.0,1.0063377780756877,3.0,1.1612672589742434,32.0,1.2405454901813728,130.0,1.156577816564908,497.0
2012-08-23 00:00:00-04:00,53.80105903453013,54.69134655127147,53.30886563131437,53.56943893432617,554200,WHR,53.815521240234375,1,0.9958288443738542,1.0,0.9974663207453571,2.0,1.1483795672703276,31.0,1.2288761167192295,129.0,1.146952833481071,496.0
2012-08-24 00:00:00-04:00,53.34504146027451,54.16295407655696,53.16408812354052,53.815521240234375,486000,WHR,53.59114074707031,0,1.0022915900467644,1.0,1.0045394702232007,2.0,1.1499464860395952,32.0,1.233395976518993,129.0,1.1523177926896235,496.0
2012-08-27 00:00:00-04:00,53.967521256821655,54.32942792946076,53.323327821304645,53.59114074707031,819300,WHR,53.5477294921875,0,0.9979109257376364,1.0,0.9992980456670645,2.0,1.140380809988862,32.0,1.227249072170487,128.0,1.1475275825213438,496.0
2012-08-28 00:00:00-04:00,53.58391685676006,54.28601689212637,53.43915635395141,53.5477294921875,731700,WHR,54.42219161987305,1,0.9995948132103142,0.0,0.9970083391571163,2.0,1.134590197949467,32.0,1.2252159392276492,128.0,1.1466594810090929,495.0
2012-08-29 00:00:00-04:00,54.035961102902974,54.54607583100806,53.46025701842235,54.42219161987305,664100,WHR,54.15256118774414,0,1.0080991272261648,1.0,1.0117679229525,2.0,1.1483259962353844,32.0,1.243913983993804,129.0,1.1654433638664117,495.0
2012-08-30 00:00:00-04:00,53.96309316321879,54.407624134311575,53.70803021665135,54.15256118774414,644100,WHR,54.99063491821289,1,0.9975166378448344,1.0,1.00457709927761,2.0,1.1385718340917925,31.0,1.236290568137811,129.0,1.1597269723041954,495.0
2012-08-31 00:00:00-04:00,54.88132297484077,55.73395168527416,54.3930692622599,54.99063491821289,1260500,WHR,55.41331100463867,1,1.0076786621646587,1.0,1.0156957879344644,2.0,1.1515300474923522,32.0,1.2536429244711689,130.0,1.1776892952906661,496.0
2012-09-04 00:00:00-04:00,54.09429527049352,56.38981853912829,54.09429527049352,55.41331100463867,1188200,WHR,54.83757400512695,0,1.003828450902662,2.0,1.0166594000814768,3.0,1.1557891163682925,32.0,1.2615245943460636,130.0,1.1867775934938447,496.0
2012-09-05 00:00:00-04:00,55.398700223038624,55.66833547882324,54.451343476458256,54.83757400512695,1263700,WHR,56.66674041748047,1,0.9947779376150974,1.0,1.0013571044785856,3.0,1.1389283473267444,32.0,1.2465241427274194,130.0,1.1744317234792716,496.0
2012-09-06 00:00:00-04:00,55.36229707333632,57.43920189955144,55.36229707333632,56.66674041748047,1100600,WHR,56.856201171875,1,1.0164044451716987,1.0,1.0263452108626159,3.0,1.1714332270184558,32.0,1.2858179290185863,131.0,1.2135750530716471,496.0
2012-09-07 00:00:00-04:00,56.67401646404944,57.26429869809279,56.375236434330255,56.856201171875,713100,WHR,57.21327590942383,1,1.0016689204115223,2.0,1.0197892669388848,4.0,1.169426481255906,33.0,1.2877943013660271,132.0,1.217671915223849,496.0
2012-09-10 00:00:00-04:00,57.05295250860852,58.11691032512337,56.52097082043361,57.21327590942383,869200,WHR,58.044036865234375,1,1.0031303267682583,2.0,1.0180765486857881,4.0,1.1706696997236392,34.0,1.293587475053505,132.0,1.2252418781732948,497.0
2012-09-11 00:00:00-04:00,57.22055860008265,58.35739471944077,57.06752414474951,58.044036865234375,1100900,WHR,58.65616989135742,1,1.0072078806612017,2.0,1.0232790582841569,4.0,1.1815198686485073,34.0,1.31002401407865,132.0,1.2429166627935446,498.0
2012-09-12 00:00:00-04:00,58.19706656289024,58.80920433417982,58.160627408003485,58.65616989135742,883300,WHR,58.97682571411133,1,1.0052453465433853,2.0,1.0203329317658905,5.0,1.1879105039496698,34.0,1.3214396395870434,132.0,1.2558831080802304,499.0
2012-09-13 00:00:00-04:00,58.36468228904117,59.31933380720786,57.08938950996659,58.97682571411133,1440100,WHR,60.73307418823242,1,1.0027259003403208,2.0,1.0177314267788706,5.0,1.188787232022331,34.0,1.3261409585483286,133.0,1.262600661191036,499.0
2012-09-14 00:00:00-04:00,58.96224467131311,61.25048350335419,58.85293276586718,60.73307418823242,1323200,WHR,60.72578811645508,0,1.0146708707930907,2.0,1.0342002339356091,5.0,1.2176420803049672,35.0,1.3627761500323867,134.0,1.3000232443277733,499.0
2012-09-17 00:00:00-04:00,60.48530304708837,61.27962544248031,59.97518825737192,60.72578811645508,1018600,WHR,60.39787673950195,0,0.9999400120202092,1.0,1.0218521084832008,4.0,1.209964175861113,35.0,1.3596412921626073,134.0,1.299659516335475,499.0
2012-09-18 00:00:00-04:00,60.42702696205928,61.19220501463884,59.90233407570032,60.39787673950195,1038300,WHR,61.950077056884766,1,0.9972927554880123,0.0,1.0083463596866704,3.0,1.1957524145158671,35.0,1.3492712583235837,134.0,1.2923855066575305,499.0
2012-09-19 00:00:00-04:00,60.39057671858392,62.16141194233384,60.1209414040796,61.950077056884766,1324000,WHR,61.578426361083984,0,1.0126867697351605,1.0,1.0230089823461819,3.0,1.2175471996370775,36.0,1.3804890446234204,135.0,1.325350381065709,499.0
2012-09-20 00:00:00-04:00,61.62943785283584,62.372748955482194,60.92984929745232,61.578426361083984,1131300,WHR,62.10311126708984,1,0.9969913770059752,1.0,1.008208940690945,2.0,1.2017987461404056,35.0,1.369003543740539,134.0,1.3170523894581936,499.0
2012-09-21 00:00:00-04:00,62.285295937289085,63.01403461808604,61.94278786774093,62.10311126708984,1423100,WHR,62.438323974609375,1,1.0042422249599063,1.0,1.0122582300785823,2.0,1.2038335408975875,35.0,1.3775876858317273,134.0,1.3278136964365619,500.0
2012-09-24 00:00:00-04:00,61.877197694405126,62.94115539181692,61.37436627719757,62.438323974609375,955000,WHR,60.73307418823242,0,1.0026915757544386,2.0,1.0120719384259202,3.0,1.202228286307117,35.0,1.3819794157558225,134.0,1.3344893689267832,501.0
2012-09-25 00:00:00-04:00,62.54034842007966,62.65694926851118,60.718501862095714,60.73307418823242,935000,WHR,59.639984130859375,0,0.9861554726843119,1.0,0.983362720915975,3.0,1.1632480618275183,34.0,1.341253473994307,134.0,1.2975595215553983,501.0
2012-09-26 00:00:00-04:00,60.80597072534765,60.9662941600816,58.74363846915397,59.639984130859375,1343200,WHR,60.83510208129883,1,0.9909191469201072,0.0,0.9729422811147089,2.0,1.1368304070293374,33.0,1.3143794102403477,133.0,1.2737637993808701,500.0
2012-09-27 00:00:00-04:00,60.12093579162871,60.95169736868991,59.581670772796826,60.83510208129883,798900,WHR,60.41974258422852,0,1.0099200422926848,1.0,0.9948517176865269,3.0,1.154009877464308,33.0,1.3377022879213158,134.0,1.2987551074622068,501.0
2012-09-28 00:00:00-04:00,60.47803746854953,60.95900779309338,59.63998665325536,60.41974258422852,1016000,WHR,60.17192077636719,0,0.996574491532969,1.0,0.9935293239970721,2.0,1.1408533649866635,32.0,1.325518802233436,134.0,1.289412310406104,500.0
2012-10-01 00:00:00-04:00,60.6237405206611,61.26502821851495,60.01159746194573,60.17192077636719,1072500,WHR,61.097450256347656,1,0.9979449507457221,0.0,0.99688462416103,1.0,1.1309413898384117,32.0,1.3173695811682937,133.0,1.283736231313895,499.0
2012-10-02 00:00:00-04:00,60.47074008614357,61.388946849827406,60.44158987081208,61.097450256347656,1120800,WHR,61.88448715209961,1,1.0076320135257466,1.0,1.0109975022008437,2.0,1.1425055800295394,33.0,1.3349581964787105,133.0,1.3029941273706533,500.0
2012-10-03 00:00:00-04:00,61.272349331788014,62.5840756152421,60.72579532372343,61.88448715209961,1013500,WHR,61.942813873291016,1,1.0063996137346418,2.0,1.0164703993782371,3.0,1.1507751016930277,34.0,1.3494563097156396,133.0,1.3191670701807972,501.0
2012-10-04 00:00:00-04:00,62.248882913362806,62.5986800733286,61.80435168666162,61.942813873291016,475800,WHR,62.3581428527832,1,1.0004710328070499,2.0,1.013739539098203,3.0,1.1457736679251604,34.0,1.347892749673969,134.0,1.3198045755466488,501.0
2012-10-05 00:00:00-04:00,62.35085391224192,63.79375834862144,62.08850765108201,62.3581428527832,827600,WHR,63.07233428955078,1,1.003341317640921,2.0,1.014102557978427,4.0,1.1471966279009065,35.0,1.354211930222241,134.0,1.3280169737127487,502.0
2012-10-08 00:00:00-04:00,62.12497179195652,63.49499849386323,62.12497179195652,63.07233428955078,753500,WHR,61.3670768737793,0,1.0056939226656783,2.0,1.0161313313428082,5.0,1.154106646405818,35.0,1.3669295090171263,134.0,1.3425657482357949,502.0
2012-10-09 00:00:00-04:00,62.87556555424528,63.356535699239735,61.337926662582575,61.3670768737793,888700,WHR,61.28693389892578,0,0.986296484370749,1.0,0.9878004911355175,4.0,1.1172797153924892,35.0,1.3276005318696016,133.0,1.30561792717881,502.0
2012-10-10 00:00:00-04:00,61.56385820994542,61.95008889654019,60.90799215731468,61.28693389892578,984400,WHR,61.811614990234375,1,0.9993465931171054,0.0,0.9884118841373718,3.0,1.1106412786364086,34.0,1.3234468431939561,133.0,1.3031762607215756,502.0
2012-10-11 00:00:00-04:00,61.95007711942163,62.43833070362362,61.257772033320286,61.811614990234375,894600,WHR,60.90800476074219,0,1.0042622849419698,1.0,0.9972957776937332,3.0,1.1151865297165977,34.0,1.332371797146747,133.0,1.3135277029603678,503.0
2012-10-12 00:00:00-04:00,61.88451231685107,62.23430947058146,60.39060075655712,60.90800476074219,728400,WHR,61.28693389892578,1,0.9926367908299765,1.0,0.9873367090022183,2.0,1.0951443748828407,33.0,1.3104011350475484,133.0,1.2935228875492149,503.0
2012-10-15 00:00:00-04:00,61.1630496333833,61.60758076017547,60.71851850659114,61.28693389892578,852200,WHR,61.83348846435547,1,1.0031010215508105,1.0,0.9992633714465248,2.0,1.0978944223347316,34.0,1.3160300972811818,133.0,1.300768719473808,503.0
2012-10-16 00:00:00-04:00,61.775188023735474,62.00110084117895,61.01001558998313,61.83348846435547,997800,WHR,63.48045349121094,1,1.004439186894738,2.0,1.0066437221994662,3.0,1.1033654129315194,35.0,1.325180090357161,133.0,1.3114713197562877,504.0
2012-10-17 00:00:00-04:00,62.0229755197628,64.79218588944917,62.0229755197628,63.48045349121094,1556500,WHR,63.53874969482422,1,1.013142711825628,2.0,1.026127501945083,4.0,1.126581479332124,36.0,1.3576177442359423,134.0,1.3453986229146015,505.0
2012-10-18 00:00:00-04:00,63.254541954187225,64.02700344824297,62.92660609664209,63.53874969482422,849600,WHR,63.43673324584961,0,1.0004589558283397,2.0,1.021366882484967,4.0,1.1220493545504988,36.0,1.3561977165804957,134.0,1.345665452504025,505.0
2012-10-19 00:00:00-04:00,63.61162905205044,63.92498704973886,62.97762410979597,63.43673324584961,997200,WHR,62.8974494934082,0,0.999196565773077,1.0,1.0115037608317865,4.0,1.1153194092061476,35.0,1.3515198645230597,133.0,1.3425566918864311,504.0
2012-10-22 00:00:00-04:00,63.188946150608025,63.3274083137411,61.71689609351156,62.8974494934082,1032000,WHR,68.36299133300781,1,0.995731291874073,0.0,0.9977802790044407,3.0,1.1015653195375839,34.0,1.3374690853583564,133.0,1.330244494150095,503.0
2012-10-23 00:00:00-04:00,64.95249321310996,68.7492220429377,62.85372727772526,68.36299133300781,5688400,WHR,69.40509033203125,1,1.0416389111996618,1.0,1.062472975662664,3.0,1.190691382827645,35.0,1.4503584861496415,133.0,1.4447212816027466,503.0
2012-10-24 00:00:00-04:00,69.54355250028928,71.38726100255319,69.397806946213,69.40509033203125,3959000,WHR,69.14273834228516,0,1.0075641540945393,2.0,1.0591636477940176,3.0,1.2016892379607205,36.0,1.469140434556345,133.0,1.4655287920994735,504.0
2012-10-25 00:00:00-04:00,69.31035071988494,70.213985314336,68.55975061289314,69.14273834228516,1896200,WHR,69.4415283203125,1,0.9981064157247617,1.0,1.0374159818214157,2.0,1.190155155292045,36.0,1.459564910215426,133.0,1.4587221869236267,504.0
2012-10-26 00:00:00-04:00,69.0261473824343,70.09739442218239,68.24639700572133,69.4415283203125,1266100,WHR,71.18318939208984,1,1.0021560165899264,1.0,1.0234571806133113,3.0,1.1881217185785709,37.0,1.4617319347460305,134.0,1.4637661604946963,504.0
2012-10-31 00:00:00-04:00,69.77672361792011,71.62043145684098,69.63097811628123,71.18318939208984,1605300,WHR,73.28197479248047,1,1.0123851702610298,2.0,1.0241138195411865,4.0,1.2107227616814715,37.0,1.4938716409856747,135.0,1.49908613037014,505.0
2012-11-01 00:00:00-04:00,71.70061286947802,73.35485312317708,71.33624345533906,73.28197479248047,1601300,WHR,71.52572631835938,0,1.0145279688168227,2.0,1.039594761719932,4.0,1.2384854417667173,37.0,1.5331087480325767,135.0,1.5417723981649962,506.0
2012-11-02 00:00:00-04:00,72.81559176418926,73.27470084342241,71.52572631835938,71.52572631835938,1221700,WHR,71.53298950195312,1,0.9878718572241071,1.0,1.0086116423121094,3.0,1.2019532499945245,36.0,1.4919810898174026,134.0,1.5033404507639814,506.0
2012-11-05 00:00:00-05:00,71.21963165590152,71.9192201020048,70.96456867714913,71.53298950195312,1199600,WHR,71.52572631835938,0,1.0000507706472277,1.0,1.0019596833986026,4.0,1.1954935064464782,36.0,1.4877816349054995,134.0,1.5020899210437375,506.0
2012-11-06 00:00:00-05:00,71.88280683344546,72.50952275125834,71.2050794134774,71.52572631835938,1182600,WHR,71.2706527709961,0,0.9999492293527724,1.0,0.9960423999736514,3.0,1.1887577938043965,36.0,1.483372313632197,133.0,1.5004865265466325,506.0
2012-11-07 00:00:00-05:00,70.91356677642108,72.06497534865846,69.7257246021775,71.2706527709961,1217600,WHR,70.9427261352539,0,0.9982137253830248,0.0,0.9922486257141967,2.0,1.1782287131202887,35.0,1.473972117251502,132.0,1.4936689684832285,506.0
2012-11-08 00:00:00-05:00,71.11762190299214,71.62045349005533,70.60750693049053,70.9427261352539,1333700,WHR,70.40345001220703,0,0.9976941224639746,0.0,0.9941586236077659,1.0,1.1666922331884602,35.0,1.463104835835372,132.0,1.485349430523448,506.0
2012-11-09 00:00:00-05:00,70.67308534714952,71.78805472812915,68.86581082829116,70.40345001220703,1367500,WHR,70.30874633789062,0,0.9961847137450378,0.0,0.9897145172563909,1.0,1.1519393506479267,35.0,1.4480676119390037,131.0,1.4725712278351886,506.0
2012-11-12 00:00:00-05:00,70.65124902282005,70.96460703826261,69.50712893105775,70.30874633789062,1131000,WHR,70.6512451171875,1,0.9993269689709001,0.0,0.9917969834718153,0.0,1.1446585704571646,34.0,1.4423531122779671,130.0,1.4690492544022262,506.0
2012-11-13 00:00:00-05:00,70.19943048722668,71.56216888383426,69.92250610387009,70.6512451171875,1269400,WHR,69.69161987304688,0,1.0024297587972402,1.0,0.9990932810944481,1.0,1.1448853450975098,34.0,1.4455066331869615,131.0,1.4746706363789843,506.0
2012-11-14 00:00:00-05:00,71.39105794194039,73.65453684961079,69.39129101195033,69.69161987304688,1699100,WHR,68.82723999023438,0,0.9931622797909434,1.0,0.9899440046605489,1.0,1.124714585645082,33.0,1.422156722274244,131.0,1.4532449293413936,505.0
2012-11-15 00:00:00-05:00,70.05054103192464,71.11269316074934,68.49028311825927,68.82723999023438,1660000,WHR,70.43879699707031,1,0.9937598397527554,0.0,0.9835770447446394,1.0,1.1061477303388634,33.0,1.4008758840387194,131.0,1.4338962194285583,504.0
2012-11-16 00:00:00-05:00,69.36199673056457,70.99550557389205,68.79063469249817,70.43879699707031,1188600,WHR,71.87452697753906,1,1.0115717876497257,1.0,1.0065053497040821,2.0,1.1268292939082096,34.0,1.4296542027673442,132.0,1.4660981412091074,504.0
2012-11-19 00:00:00-05:00,71.31781282635252,73.03189889654396,71.07608101994363,71.87452697753906,864300,WHR,73.9182357788086,1,1.0100885141346632,2.0,1.0224454562653806,3.0,1.144348966174003,34.0,1.4545748137124979,132.0,1.494543733437338,504.0
2012-11-20 00:00:00-05:00,71.70603302622264,74.55552149741793,71.55220524625982,73.9182357788086,1403900,WHR,74.00613403320312,1,1.0140179029646692,2.0,1.041834367083706,3.0,1.1705671078035735,35.0,1.4911863001723271,133.0,1.5354374143111746,505.0
2012-11-21 00:00:00-05:00,74.05008323063561,75.10490867826977,73.59592662074844,74.00613403320312,1035700,WHR,75.25143432617188,1,1.0005942107747778,2.0,1.0305397028716117,4.0,1.165746836494067,35.0,1.488173738739629,134.0,1.5356877761184966,505.0
2012-11-23 00:00:00-05:00,74.13800594160173,75.25143432617188,73.98417812307395,75.25143432617188,372500,WHR,73.97684478759766,0,1.008343297473334,2.0,1.0294620077310297,5.0,1.1786603214655795,36.0,1.508097500633391,135.0,1.5598872782640891,506.0
2012-11-26 00:00:00-05:00,74.63611080004334,75.43455674529915,73.69849051063515,73.97684478759766,844700,WHR,73.39082336425781,0,0.9914587935601503,1.0,1.0023224523575265,4.0,1.1525499172499476,36.0,1.4776809815613106,135.0,1.5319371658195589,505.0
2012-11-27 00:00:00-05:00,73.9109093621376,74.75330437958223,72.95130903261234,73.39082336425781,1456300,WHR,75.14884948730469,1,0.9960234057396092,0.0,0.9903132675727169,3.0,1.1378154881718443,35.0,1.4613970230831024,134.0,1.5183793363552713,504.0
2012-11-28 00:00:00-05:00,73.39081472236201,75.65428755598663,72.96595389908316,75.14884948730469,1586300,WHR,75.09759521484375,0,1.011835397838823,1.0,1.0106789622717383,3.0,1.158784348740697,36.0,1.4914363681883764,135.0,1.5532662859009319,504.0
2012-11-29 00:00:00-05:00,75.2807243547039,75.81546390210501,74.06474977213453,75.09759521484375,974300,WHR,74.59949493408203,0,0.999658865322487,1.0,1.0070331756684825,2.0,1.1520409128412092,35.0,1.4856885059410954,134.0,1.5506917175646158,504.0
2012-11-30 00:00:00-05:00,74.98773346336304,75.08295861847422,73.84500365873544,74.59949493408203,854200,WHR,73.9548568725586,0,0.9966726121378433,0.0,1.0021059597659054,1.0,1.1388133671876144,34.0,1.4712176767202623,134.0,1.5389306022902765,503.0
2012-12-03 00:00:00-05:00,74.90713045118846,75.15618335069232,73.74975316975383,73.9548568725586,747300,WHR,73.55933380126953,0,0.9956605911998962,0.0,0.9935051318160295,1.0,1.123507800156504,34.0,1.4540665693672916,133.0,1.5241446835948973,503.0
2012-12-04 00:00:00-05:00,73.96954699888748,74.27720270560631,73.18575426682217,73.55933380126953,991400,WHR,72.24079132080078,0,0.9973187456102877,0.0,0.9877444953628333,1.0,1.1127397359652291,33.0,1.4419715521614482,132.0,1.5145321959033127,502.0
2012-12-05 00:00:00-05:00,73.50804194804088,73.64722189468256,72.12358597864815,72.24079132080078,988200,WHR,71.49360656738281,0,0.9909565065231267,0.0,0.9776747346639705,0.0,1.0885717210170687,32.0,1.4120006322413905,132.0,1.4859275892586217,502.0
2012-12-06 00:00:00-05:00,72.22612303956636,72.46785481666466,70.7244676247844,71.49360656738281,1463000,WHR,71.7939453125,1,0.9948016288070498,0.0,0.9770941791491736,0.0,1.073462758077175,31.0,1.393464272788924,131.0,1.469216514718708,501.0
2012-12-07 00:00:00-05:00,71.66209211604703,72.16752471190213,71.30315499930107,71.7939453125,1200500,WHR,73.00260925292969,1,1.0020960560856602,1.0,0.9887814596583344,1.0,1.0742758425054306,31.0,1.3952972023508317,132.0,1.4740627431257507,501.0
2012-12-10 00:00:00-05:00,71.50094794191683,73.17841167743798,71.31049205531549,73.00260925292969,970000,WHR,72.78284454345703,0,1.0083473252803368,2.0,1.008071909467652,2.0,1.0884671081860207,31.0,1.4146638720281528,132.0,1.4974745736035877,502.0
2012-12-11 00:00:00-05:00,73.3249052233119,73.49338648809993,71.38373525639189,72.78284454345703,1039200,WHR,74.20392608642578,1,0.998492547070028,1.0,1.0071971392784536,2.0,1.0814800906730013,30.0,1.4063124728070167,132.0,1.4915974275949475,501.0
2012-12-12 00:00:00-05:00,73.09782457081239,74.9144624199439,72.79016897213558,74.20392608642578,1372000,WHR,74.07206726074219,0,1.0096680914675449,1.0,1.0213134883953803,3.0,1.0989298461249901,30.0,1.4293438575721173,133.0,1.5192376015090152,502.0
2012-12-13 00:00:00-05:00,73.97683654315563,75.13421390394623,73.71313016756645,74.07206726074219,848700,WHR,73.32489776611328,0,0.9991107203350521,1.0,1.0123134548254538,3.0,1.0933752567747976,30.0,1.4223409117479766,133.0,1.5150417396364462,502.0
2012-12-14 00:00:00-05:00,73.74975866136333,74.30647274518556,73.09049271850242,73.32489776611328,652600,WHR,74.24055480957031,1,0.9949309031261752,0.0,0.9979262809038565,2.0,1.0789150879712823,30.0,1.4036735524796031,133.0,1.498309287053901,501.0
2012-12-17 00:00:00-05:00,73.61791682973698,74.51891468875225,73.29560774380339,74.24055480957031,1079900,WHR,75.24412536621094,1,1.006205090876453,1.0,1.006994882454114,2.0,1.0891055820167344,30.0,1.4167565956004917,133.0,1.5155285644748697,501.0
2012-12-18 00:00:00-05:00,74.17465152624692,76.33557381563196,72.71693909412416,75.24412536621094,1981100,WHR,74.8265609741211,0,1.0067135344937055,2.0,1.0138379283359207,3.0,1.1001520303125276,31.0,1.431222555942029,134.0,1.5344498033703315,502.0
2012-12-19 00:00:00-05:00,75.30269781291622,76.10113810875977,73.60325977051221,74.8265609741211,1542500,WHR,74.95842742919922,1,0.997217548594781,1.0,1.0065228548995087,2.0,1.0906651558825187,30.0,1.418909888689907,133.0,1.5244286677670174,501.0
2012-12-20 00:00:00-05:00,74.77529827331159,75.2880576743336,73.83035115829247,74.95842742919922,905400,WHR,74.26252746582031,0,1.000880371634593,1.0,1.0058980216011661,3.0,1.0892741676480817,30.0,1.4171201378287335,133.0,1.5256230262491515,501.0
2012-12-21 00:00:00-05:00,73.61058816902671,75.25142930106844,73.31025928300146,74.26252746582031,1670600,WHR,73.691162109375,0,0.9953364461186535,1.0,0.9940579185962503,3.0,1.0756369378097255,30.0,1.3999193174895583,132.0,1.510050826853358,500.0
2012-12-24 00:00:00-05:00,73.88161797279803,74.7533144355249,73.57396237018536,73.691162109375,238300,WHR,73.06118774414062,0,0.9961382148827392,0.0,0.9878627305139654,2.0,1.0637528764905693,30.0,1.3852644755713788,131.0,1.497111223459438,499.0
2012-12-26 00:00:00-05:00,73.8303322372173,74.18193699676439,72.45320334978695,73.06118774414062,481400,WHR,74.10136413574219,1,0.9957072280896135,0.0,0.9851835787716753,1.0,1.051565888538969,29.0,1.3693227265319292,131.0,1.4830694508606552,498.0
2012-12-27 00:00:00-05:00,73.10514135199153,74.27716651268148,73.00991064012945,74.10136413574219,976100,WHR,72.53377532958984,0,1.0070682138785592,1.0,1.001167742163322,2.0,1.0630481892977528,30.0,1.3845588008656378,132.0,1.5028182104118735,499.0
2012-12-28 00:00:00-05:00,73.57395292033216,73.69115264446866,72.51912745981912,72.53377532958984,781200,WHR,74.53355407714844,1,0.9893095965137132,1.0,0.9864514078354139,1.0,1.0374932612269752,30.0,1.3513515319083236,131.0,1.4697644465611293,498.0
2012-12-31 00:00:00-05:00,72.4898323659666,74.71668320264511,72.35065244221876,74.53355407714844,810300,WHR,78.50382232666016,1,1.0135977089923751,1.0,1.012901482736439,2.0,1.062693386575768,30.0,1.384410324843889,131.0,1.508894243312547,499.0
2013-01-02 00:00:00-05:00,75.99128953634109,78.53312366863193,75.97664165968497,78.50382232666016,1643900,WHR,78.30601501464844,0,1.025943128030604,2.0,1.0530818861514795,3.0,1.114898099179737,30.0,1.4534139481013502,131.0,1.5876443615911007,500.0
2013-01-03 00:00:00-05:00,78.47449068010125,79.06783284574377,77.48559452224023,78.30601501464844,1036900,WHR,77.63941192626953,0,0.9987385529162869,1.0,1.0358526823144343,3.0,1.1077982331405702,29.0,1.4451090342528943,130.0,1.5820329716428183,499.0
2013-01-04 00:00:00-05:00,78.2254272836576,78.32797913290202,77.50755875029004,77.63941192626953,606500,WHR,76.45276641845703,0,0.9957254079106055,0.0,1.0175103293813454,2.0,1.0944244761436317,28.0,1.4284045617670498,129.0,1.5669453102278048,499.0
2013-01-07 00:00:00-05:00,77.35375878770677,77.47096413678631,76.04988001681942,76.45276641845703,797600,WHR,76.92156219482422,1,0.9922991191340172,0.0,0.9917710301806157,2.0,1.0743200308100298,27.0,1.4023244862589994,129.0,1.5414142817872292,499.0
2013-01-08 00:00:00-05:00,75.93998714088683,77.2951416003908,75.66163287207411,76.92156219482422,875100,WHR,77.50758361816406,1,1.0030565465590346,1.0,0.9917081706988785,2.0,1.076984259957692,28.0,1.4067006267597504,129.0,1.5492743579774075,499.0
2013-01-09 00:00:00-05:00,77.28783198012994,78.9213409519515,77.28783198012994,77.50758361816406,830500,WHR,77.4856185913086,0,1.0037947592098289,2.0,1.0018369407911483,2.0,1.081097118394878,29.0,1.413226111079679,129.0,1.5593763405091299,500.0
2013-01-10 00:00:00-05:00,77.66142104119872,78.05698074494583,76.95088450953389,77.4856185913086,667200,WHR,76.95086669921875,0,0.9998582839341187,1.0,1.0036816700689333,2.0,1.076866904658354,28.0,1.4086623960920641,129.0,1.5572725134184398,499.0
2013-01-11 00:00:00-05:00,77.7786083983352,77.93243620496791,76.81901349515387,76.95086669921875,552200,WHR,77.22920989990234,1,0.9965373992351363,0.0,0.9985361092812945,2.0,1.0654758475299713,28.0,1.394897661627823,128.0,1.544866455570211,499.0
2013-01-14 00:00:00-05:00,76.91422760141693,77.25118449931763,75.9985820347334,77.22920989990234,987700,WHR,76.49671173095703,0,1.001805312377729,1.0,1.000132631909716,3.0,1.0654102001360815,28.0,1.3958008840282181,129.0,1.5487894120236585,499.0
2013-01-15 00:00:00-05:00,76.51868633562474,77.33910697138833,76.1524280214075,76.49671173095703,712100,WHR,75.3027114868164,0,0.9952350380392954,1.0,0.9917379314882451,2.0,1.0517591458408566,27.0,1.3784844636201095,129.0,1.5324937262298,498.0
2013-01-16 00:00:00-05:00,76.37218509153709,76.48206370331256,75.20015960613486,75.3027114868164,1024200,WHR,78.6722640991211,1,0.99213435585702,0.0,0.9818717253788881,1.0,1.0325454910546925,26.0,1.3533695082789317,128.0,1.5070303496562187,498.0
2013-01-17 00:00:00-05:00,75.82277569148732,78.84073974494558,75.52976800771728,78.6722640991211,1233400,WHR,74.94377136230469,0,1.0218837677972161,1.0,1.022642705419886,2.0,1.075030572196595,26.0,1.4099609608816734,128.0,1.572800764825529,498.0
2013-01-18 00:00:00-05:00,78.45985326860404,78.51845593772926,74.52623712493923,74.94377136230469,2016100,WHR,76.12310028076172,1,0.9757284926302329,1.0,0.9792867576150752,2.0,1.0214051866413285,26.0,1.3396531803025935,128.0,1.4966918433761214,498.0
2013-01-22 00:00:00-05:00,74.96572306801745,76.30622937434823,74.61411833797897,76.12310028076172,1046900,WHR,78.89205169677734,1,1.0078066680380031,1.0,0.9975806965391164,2.0,1.034370752963553,27.0,1.3570817788293181,129.0,1.5185962281361427,499.0
2013-01-23 00:00:00-05:00,75.90338760577824,79.23633546327623,75.74955975900073,78.89205169677734,2803400,WHR,80.5914535522461,1,1.0178624565450016,2.0,1.0274171142156434,3.0,1.069445533374403,27.0,1.4024324169702647,129.0,1.572041169404102,500.0
2013-01-24 00:00:00-05:00,78.89201569229743,81.73418296039995,78.8260918974757,80.5914535522461,1486200,WHR,80.34241485595703,0,1.0106556590464653,2.0,1.0352873274150813,4.0,1.0897281893053057,27.0,1.4284323117504576,129.0,1.6040493432804068,500.0
2013-01-25 00:00:00-05:00,80.9504049294094,81.49246560772878,80.03475924842368,80.34241485595703,973900,WHR,77.85919952392578,0,0.9984525401722316,1.0,1.027678388448544,3.0,1.083625744981224,27.0,1.4198375212361056,129.0,1.5972427552687674,500.0
2013-01-28 00:00:00-05:00,81.18482596174822,81.33865379575862,76.46741669746089,77.85919952392578,1655800,WHR,80.10800170898438,1,0.9843034766632127,0.0,0.9885420820035853,3.0,1.048149802650611,26.0,1.3721781014274816,128.0,1.5461920599334964,499.0
2013-01-29 00:00:00-05:00,77.79324697826162,80.2252014382329,77.08271069592278,80.10800170898438,871100,WHR,79.63919830322266,0,1.0142358804074962,1.0,1.0069053160039387,3.0,1.0762682737464537,26.0,1.407665089023273,129.0,1.5890711232880264,499.0
2013-01-30 00:00:00-05:00,79.91755257364066,80.35706137538506,79.0531828417917,79.63919830322266,1166900,WHR,84.51777648925781,1,0.9970653419545012,1.0,0.9991361564792476,2.0,1.0684488500775504,25.0,1.395415682860152,128.0,1.5780362588542498,498.0
2013-01-31 00:00:00-05:00,82.51800898874386,84.73020700705706,80.83321831028577,84.51777648925781,2924800,WHR,82.58390808105469,0,1.0297189820426602,1.0,1.0499974209558023,2.0,1.1306159353174072,26.0,1.476699078462665,128.0,1.672642002232927,499.0
2013-02-01 00:00:00-05:00,83.98301726905308,84.60565517206844,82.37880435664091,82.58390808105469,1264000,WHR,81.75617980957031,0,0.9884269963335445,1.0,1.0202898252377592,2.0,1.102030844395642,25.0,1.4392205102712425,127.0,1.6324075782350544,499.0
2013-02-04 00:00:00-05:00,81.77082768285393,83.34573952210988,81.55839719396283,81.75617980957031,993400,WHR,81.228759765625,0,0.9949633209881495,0.0,1.0004303291150425,2.0,1.0885086234608188,25.0,1.421546009394363,126.0,1.61412536336326,499.0
2013-02-05 00:00:00-05:00,82.21033484852424,82.46671452323972,80.76727635113714,81.228759765625,1101800,WHR,79.40481567382812,0,0.9967639952174724,0.0,0.9912575106953292,1.0,1.0791019979001018,25.0,1.4093583600665958,125.0,1.6017994765023895,499.0
2013-02-06 00:00:00-05:00,80.43766137034615,81.38260863487238,79.07517978788128,79.40481567382812,1375000,WHR,78.3792724609375,0,0.9886453122467889,0.0,0.9695540364514194,1.0,1.0528986755533143,25.0,1.3749462590801647,125.0,1.56399294256515,499.0
2013-02-07 00:00:00-05:00,79.61722724425181,80.40101974531485,78.26206712797284,78.3792724609375,1595500,WHR,78.6136703491211,1,0.9935003381835645,0.0,0.9715966527828523,0.0,1.0374714010820048,25.0,1.3545318204192685,125.0,1.5419855582880415,499.0
2013-02-08 00:00:00-05:00,78.3792652932856,79.07515373098734,78.1448602374501,78.6136703491211,596800,WHR,77.99105072021484,0,1.0014930472923689,1.0,0.9841897349480511,1.0,1.0386710275356772,26.0,1.3558619824085036,126.0,1.5447258541268345,500.0
2013-02-11 00:00:00-05:00,78.62101550327434,79.2729548922403,77.59549104792222,77.99105072021484,777100,WHR,81.1701431274414,1,0.9960242601586028,1.0,0.9856874016404322,1.0,1.0287819745430034,25.0,1.3425264277160651,125.0,1.530660500925555,499.0
2013-02-12 00:00:00-05:00,78.17415363685643,81.18479658556421,78.09357638315132,81.1701431274414,1204200,WHR,81.29469299316406,1,1.0199740422295995,1.0,1.0260182793108368,2.0,1.0680222485959106,26.0,1.3943834736074265,125.0,1.5910118525151649,500.0
2013-02-13 00:00:00-05:00,81.22143686379994,81.7854777634187,80.75262669689133,81.29469299316406,1124700,WHR,81.309326171875,1,1.00076662660485,2.0,1.0227064080748929,3.0,1.0667444936759136,27.0,1.3936599964126863,125.0,1.5914310462596493,500.0
2013-02-14 00:00:00-05:00,80.73796423350099,81.60233387040594,80.67203484671946,81.309326171875,633100,WHR,81.55106353759766,1,1.0000899927245714,2.0,1.0154047772094537,4.0,1.0644060174281373,27.0,1.3908729710414418,126.0,1.5896768376795265,501.0
2013-02-15 00:00:00-05:00,81.44118494452756,81.7634939938912,80.72331631330603,81.55106353759766,922200,WHR,82.48869323730469,1,1.001484322653003,2.0,1.0110063525718922,4.0,1.0653214194864626,27.0,1.392040269357049,126.0,1.59235073021994,502.0
2013-02-19 00:00:00-05:00,81.57304750435233,82.67182238389516,79.92488518503808,82.48869323730469,1491900,WHR,78.79680633544922,0,1.0057158686292962,2.0,1.011352106690541,5.0,1.0755629406418858,27.0,1.4049914682289373,126.0,1.608530861925739,503.0
2013-02-20 00:00:00-05:00,82.5472931440757,82.69379422098403,78.54042665653073,78.79680633544922,1129600,WHR,78.45984649658203,0,0.9771096167254013,1.0,0.9717429603769591,4.0,1.0263562213344684,26.0,1.339513776867202,126.0,1.5346161451625853,503.0
2013-02-21 00:00:00-05:00,78.45251976640924,78.56239836437065,76.2256688297779,78.45984649658203,1774700,WHR,80.24717712402344,1,0.9978572617895721,0.0,0.9744005055567294,3.0,1.021255883812531,25.0,1.3312074640596403,126.0,1.5261254518539005,503.0
2013-02-22 00:00:00-05:00,78.54041250122734,80.67203240594925,78.34262993552372,80.24717712402344,1250400,WHR,78.45984649658203,0,1.0112618243771876,1.0,0.9992337043324615,3.0,1.0431013885153866,26.0,1.3587952599401654,126.0,1.5588955158491258,503.0
2013-02-25 00:00:00-05:00,80.35706163932912,80.96505170454567,78.45984649658203,78.45984649658203,1588800,WHR,80.65006256103516,1,0.9887381756228125,1.0,0.9845574084254552,2.0,1.0187498219760711,26.0,1.3260511775556973,125.0,1.5222562957514456,503.0
2013-02-26 00:00:00-05:00,79.28758147413781,80.97969832708546,79.00190049675518,80.65006256103516,1166700,WHR,81.709716796875,1,1.013765428422563,1.0,1.0167330910119459,2.0,1.0459431566221422,26.0,1.3606416472286138,125.0,1.5627108996496146,504.0
2013-02-27 00:00:00-05:00,80.73102378481823,82.0482109846378,80.66479922410886,81.709716796875,1080000,WHR,83.11519622802734,1,1.0065265809058777,2.0,1.0225815587549176,3.0,1.0581733726034337,27.0,1.3759745326121682,125.0,1.5811337914258365,505.0
2013-02-28 00:00:00-05:00,81.73914474232687,84.10860946604764,81.56253470072345,83.11519622802734,1227000,WHR,84.14542388916016,1,1.0085271055531515,2.0,1.0281902260762763,4.0,1.0744001126938745,28.0,1.3969264156952763,126.0,1.606223621691871,505.0
2013-03-01 00:00:00-05:00,82.43087212394096,84.24844363680674,81.60671414276827,84.14542388916016,1657300,WHR,86.3603515625,1,1.006159415530153,2.0,1.0309911435286645,4.0,1.0853346452565205,29.0,1.4113307949133538,127.0,1.6240001704059834,505.0
2013-03-04 00:00:00-05:00,83.86579176730453,86.5590308816432,83.59352210892233,86.3603515625,2083100,WHR,87.47882843017578,1,1.0129903381130207,2.0,1.038033026132674,5.0,1.1108465973863295,30.0,1.4452676492461263,128.0,1.664527152655774,505.0
2013-03-05 00:00:00-05:00,86.79448001987883,88.30299170720478,86.21315693159438,87.47882843017578,2092100,WHR,87.20658111572266,0,1.006433974594927,2.0,1.0344945528919058,5.0,1.1215695791762277,31.0,1.4606160128972607,129.0,1.6837920338552081,506.0
2013-03-06 00:00:00-05:00,87.5009256004428,88.29564841078687,86.78714204959653,87.20658111572266,1775500,WHR,85.41844177246094,0,0.9984414994064997,1.0,1.0180397133727452,4.0,1.1143375729590883,31.0,1.4526799626245315,129.0,1.6762757222913165,506.0
2013-03-07 00:00:00-05:00,87.03732795663348,87.05940280968477,85.35957175488822,85.41844177246094,1667900,WHR,86.64730834960938,1,0.9896414823682893,0.0,0.9918315390807706,3.0,1.088330590759242,30.0,1.419808787855265,128.0,1.6397434533171051,505.0
2013-03-08 00:00:00-05:00,86.68410350752089,87.78053072061897,85.74956039243602,86.64730834960938,1719300,WHR,87.78052520751953,1,1.0071418430238246,1.0,1.00028867973798,3.0,1.1007982328869708,30.0,1.4369933800494634,129.0,1.6611542407429696,505.0
2013-03-11 00:00:00-04:00,86.66201760143126,88.06750945591597,86.66201760143126,87.78052520751953,1553500,WHR,87.46412658691406,0,1.006496766225896,2.0,1.0100589699537372,3.0,1.1116648226069,31.0,1.4525374873406287,129.0,1.680639908159127,506.0
2013-03-12 00:00:00-04:00,87.57450646559765,87.96451050467971,86.72090805887527,87.46412658691406,1013100,WHR,86.92692565917969,0,0.9981945319451083,1.0,1.0064523367597253,2.0,1.104566426842076,30.0,1.444096982475004,129.0,1.6723277460715276,506.0
2013-03-13 00:00:00-04:00,87.3831597564768,87.60391945836466,85.96295323018438,86.92692565917969,1158900,WHR,86.45600891113281,0,0.9969195614063026,0.0,1.000914939124264,2.0,1.094819984350965,30.0,1.4323054521930252,128.0,1.6599119973052887,505.0
2013-03-14 00:00:00-04:00,87.09620779255948,87.45677686607002,86.16166440424166,86.45600891113281,1304100,WHR,84.7708740234375,0,0.9972839498350058,0.0,0.993119634982264,2.0,1.085895783217537,30.0,1.421725365675395,127.0,1.6488017290814736,505.0
2013-03-15 00:00:00-04:00,86.02183650353945,86.51486021777717,84.55011990164537,84.7708740234375,1561700,WHR,84.50597381591797,0,0.9901584677661904,0.0,0.9779784859815891,1.0,1.0623884365322476,29.0,1.391434262620665,126.0,1.6146915742908396,504.0
2013-03-18 00:00:00-04:00,84.10125507468469,85.13881247298491,82.87972746690072,84.50597381591797,690100,WHR,84.7488021850586,1,0.9984351066852868,0.0,0.9823445296619108,0.0,1.0570237026594014,28.0,1.3844189019820905,126.0,1.6077412111825178,503.0
2013-03-19 00:00:00-04:00,84.80767219862368,85.42579049859653,83.77010926261472,84.7488021850586,900500,WHR,85.56560516357422,1,1.0014346913858385,1.0,0.9914260644228557,1.0,1.057872854327386,29.0,1.3857702187035439,126.0,1.6104247208980147,504.0
2013-03-20 00:00:00-04:00,85.35956573076452,86.33825865076408,84.88861685172706,85.56560516357422,731600,WHR,83.77012634277344,0,1.0047958536874901,2.0,1.0041797280931153,2.0,1.0657168128149987,29.0,1.3963873436770293,127.0,1.6239007039609816,505.0
2013-03-21 00:00:00-04:00,85.16825857216952,85.29335878004078,83.57144702417379,83.77012634277344,840600,WHR,84.1748275756836,1,0.9893969287826682,1.0,0.989345391399223,2.0,1.0412990605638883,29.0,1.3645811626041486,126.0,1.5878921252787723,504.0
2013-03-22 00:00:00-04:00,84.18218773039187,84.5427567129544,83.33594959183839,84.1748275756836,538600,WHR,83.71123504638672,0,1.002409725469374,1.0,0.9955266029457726,3.0,1.0440620305895492,30.0,1.3685671657490655,127.0,1.5936379415996365,504.0
2013-03-25 00:00:00-04:00,84.5353926830349,85.16823121926281,83.15934136578001,83.71123504638672,1001400,WHR,84.10126495361328,1,0.9972386479136123,1.0,0.9919083909841755,3.0,1.0360309062721513,30.0,1.358503638680058,126.0,1.5830424532927967,503.0
2013-03-26 00:00:00-04:00,84.43239901844197,84.46919418749164,83.74805041886205,84.10126495361328,758200,WHR,85.52882385253906,1,1.0023242005644786,1.0,0.9980615010349912,3.0,1.0387154674208108,30.0,1.3623488514133892,126.0,1.5885948318288303,503.0
2013-03-27 00:00:00-04:00,83.32860320591634,85.77165285650526,83.3138885082215,85.52882385253906,1518800,WHR,87.16979217529297,1,1.0084157174530348,2.0,1.0150914991234423,3.0,1.053528750975616,31.0,1.3827388392209963,127.0,1.613646158953655,504.0
2013-03-28 00:00:00-04:00,85.52883095949257,87.45677652449851,85.44788608005977,87.16979217529297,1373100,WHR,85.41109466552734,0,1.0095019193581114,2.0,1.0262853467158097,4.0,1.0709636306258157,31.0,1.4062914542888139,128.0,1.6425623848100819,505.0
2013-04-01 00:00:00-04:00,87.12564629373708,87.50829023811094,85.2786399128297,85.41109466552734,1011200,WHR,84.61637115478516,0,0.9898094305692857,1.0,1.0026607267849041,3.0,1.0478742771481013,30.0,1.375189125551636,127.0,1.6074681519615954,505.0
2013-04-02 00:00:00-04:00,85.72751911180283,86.23526329620495,84.32202661869474,84.61637115478516,1149200,WHR,82.86502838134766,0,0.9953259109820406,0.0,0.9912248100879729,3.0,1.0367863484631519,30.0,1.3598151351051488,126.0,1.5906790938084496,504.0
2013-04-03 00:00:00-04:00,84.87391899690003,85.43317304402979,82.38671922054543,82.86502838134766,1719400,WHR,82.47499084472656,0,0.9895430610307286,0.0,0.9735286568446438,2.0,1.0142451780044006,30.0,1.329237678611305,126.0,1.5560007744106197,504.0
2013-04-04 00:00:00-04:00,82.79141010465895,83.29179392003684,81.9378118725985,82.47499084472656,920800,WHR,83.44635009765625,1,0.997640997391637,0.0,0.9759492864987737,1.0,1.0082326057187045,30.0,1.32052449211558,126.0,1.5469250105883114,504.0
2013-04-05 00:00:00-04:00,81.12103468010682,83.54936983244342,80.17913675396434,83.44635009765625,989300,WHR,84.22634887695312,1,1.00585433584018,1.0,0.9962224632449938,1.0,1.0187528644472204,30.0,1.3335014897941242,127.0,1.5633817786956685,504.0
2013-04-08 00:00:00-04:00,83.24765589140867,84.24106918837023,82.28368321728131,84.22634887695312,722100,WHR,84.79293823242188,1,1.0046519128281879,2.0,1.0083869996572858,2.0,1.0268716274135095,30.0,1.343371103384707,127.0,1.5762220244841754,504.0
2013-04-09 00:00:00-04:00,84.28519430558063,86.02918016557503,84.28519430558063,84.79293823242188,789400,WHR,86.80184936523438,1,1.0033522171650275,2.0,1.0147413866571,3.0,1.0322466722535084,31.0,1.34969881135081,128.0,1.5850572336471944,504.0
2013-04-10 00:00:00-04:00,85.05050853203448,86.85335922461809,84.65314435358,86.80184936523438,795900,WHR,88.00129699707031,1,1.011707296946122,2.0,1.02908592343913,4.0,1.0545947815212058,32.0,1.3784967958534924,129.0,1.6206808802847545,505.0
2013-04-11 00:00:00-04:00,86.75770020863033,88.60470623102046,86.64732033378203,88.00129699707031,881600,WHR,87.5671615600586,0,1.0068617050482027,2.0,1.029811916774277,5.0,1.0668403667952109,32.0,1.394324912103209,129.0,1.6411022324473479,505.0
2013-04-12 00:00:00-04:00,87.69225615774724,88.30302006056328,86.64733843442772,87.5671615600586,526700,WHR,83.24031829833984,0,0.997527258366454,1.0,1.0149429027561048,4.0,1.0592081181079127,32.0,1.3842965498324575,128.0,1.631104379351932,504.0
2013-04-15 00:00:00-04:00,86.85338073365807,87.43470964161253,83.24031829833984,83.24031829833984,870500,WHR,85.93354034423828,1,0.9746683033711067,0.0,0.9670031241970058,3.0,1.005262197177026,32.0,1.3132222669658855,128.0,1.5488131308760162,504.0
2013-04-16 00:00:00-04:00,83.99823483435421,86.05863492089705,83.99823483435421,85.93354034423828,1018200,WHR,85.74958801269531,0,1.0159198475905697,1.0,0.9956517432301623,3.0,1.0362726905131159,32.0,1.3527284253979317,129.0,1.597173446407492,504.0
2013-04-17 00:00:00-04:00,85.04316454364503,86.09544239751418,84.83712506694137,85.74958801269531,892100,WHR,82.66631317138672,0,0.9989285357664236,1.0,0.9959489014129886,2.0,1.0318135274779925,32.0,1.346700848920453,129.0,1.5920743128405666,503.0
2013-04-18 00:00:00-04:00,85.94088575480193,86.19843501966194,82.36461420802294,82.66631317138672,1300000,WHR,86.19107818603516,1,0.9816924956632301,0.0,0.9721859037571002,1.0,0.9934093078336091,31.0,1.2954186017043892,129.0,1.5332502722388455,503.0
2013-04-19 00:00:00-04:00,83.07840081022933,86.94901692918704,82.6074519608679,86.19107818603516,1325300,WHR,86.84600830078125,1,1.020874212175809,1.0,1.0169298662750428,2.0,1.0342547975617256,31.0,1.3472841084094258,130.0,1.59694321377709,503.0
2013-04-22 00:00:00-04:00,86.47072454858815,87.24337252147471,84.52069861180057,86.84600830078125,878100,WHR,89.77473449707031,1,1.0037849118246451,2.0,1.0160124689015166,3.0,1.040811754314834,31.0,1.3540689827889802,131.0,1.6073830836824683,503.0
2013-04-23 00:00:00-04:00,87.19186966211753,90.06171885493677,86.89017060488943,89.77473449707031,1910800,WHR,87.75111389160156,0,1.016582005883879,2.0,1.040920259552584,3.0,1.0738880224189733,32.0,1.3960245484987148,131.0,1.6597656738598119,503.0
2013-04-24 00:00:00-04:00,88.16319279762403,88.64150187877384,82.82821941637363,87.75111389160156,2433500,WHR,86.3676986694336,0,0.9886009805116477,1.0,1.0127561133881129,3.0,1.0476153867886582,32.0,1.3611586261472681,130.0,1.620713386671915,502.0
2013-04-25 00:00:00-04:00,87.75847053575974,88.6488584873019,85.92617915733008,86.3676986694336,1403900,WHR,85.50672912597656,0,0.9920547630562147,0.0,0.9883456553356303,3.0,1.0298168452390206,31.0,1.3366383292474182,129.0,1.5935543122563156,502.0
2013-04-26 00:00:00-04:00,86.35296726324249,86.64731169544191,84.6089867482903,85.50672912597656,955400,WHR,85.41109466552734,0,0.9949907059793567,0.0,0.9800281649039861,2.0,1.0183635086111076,31.0,1.3201955391684108,129.0,1.5761109598525516,501.0
2013-04-29 00:00:00-04:00,85.55090957508449,85.71279934106546,84.83712594188917,85.41109466552734,993300,WHR,84.09391784667969,0,0.9994404652579366,0.0,0.9821626156951282,1.0,1.017044184221311,30.0,1.3155427617820425,129.0,1.5727603481079977,501.0
2013-04-30 00:00:00-04:00,85.24185543798782,85.45525510045121,83.25503951239213,84.09391784667969,1121600,WHR,83.07842254638672,0,0.9922292751150777,0.0,0.9798174124842214,0.0,1.00105972774518,30.0,1.2922188737924554,129.0,1.5470507028441365,500.0
2013-05-01 00:00:00-04:00,83.94673576723099,84.77825381884232,82.84294806009783,83.07842254638672,1190800,WHR,85.35955810546875,1,0.9939254586141149,0.0,0.9786415780800637,0.0,0.9887118293158885,30.0,1.2737514794328448,128.0,1.526890180250623,500.0
2013-05-02 00:00:00-04:00,83.34330804631965,85.58031782898891,83.15198332687905,85.35955810546875,1020700,WHR,87.1403579711914,1,1.0135428811854312,1.0,1.0079066487969295,1.0,1.0150278476064787,31.0,1.3056202241465302,128.0,1.5671869000208314,501.0
2013-05-03 00:00:00-04:00,86.87544847498346,88.36188571638972,86.67676915990475,87.1403579711914,1237200,WHR,87.5671615600586,1,1.0103234825049494,2.0,1.0249796626763783,2.0,1.0346175473270278,32.0,1.3294376303976578,129.0,1.5981172903171548,502.0
2013-05-06 00:00:00-04:00,86.94904311442896,87.68490161493365,86.46337380930154,87.5671615600586,697600,WHR,90.25304412841795,1,1.0024429606121839,2.0,1.0248019946740239,3.0,1.0377981345266338,33.0,1.3324344435303013,130.0,1.6041947693643508,502.0
2013-05-07 00:00:00-04:00,87.61866940996498,90.36342402377916,86.98583066499236,90.25304412841795,1011000,WHR,90.95209503173828,1,1.0151044846560617,2.0,1.041224587772782,4.0,1.0671762462513055,33.0,1.3694890458731155,130.0,1.6515105919175768,503.0
2013-05-08 00:00:00-04:00,90.25303181342863,90.98153004076184,89.33320883451917,90.95209503173828,830000,WHR,91.76888275146484,1,1.0038577874036037,2.0,1.0305667518787507,5.0,1.0727020650391605,34.0,1.3761941842903382,131.0,1.6624123338866355,503.0
2013-05-09 00:00:00-04:00,91.13604419997,93.69683340999018,91.05509934239603,91.76888275146484,1547800,WHR,94.11630249023438,1,1.0044701365417148,2.0,1.0249348505155593,5.0,1.0800851442493797,34.0,1.3845391177382511,132.0,1.675398890965756,504.0
2013-05-10 00:00:00-04:00,91.96759703549846,94.18252705988938,91.93080186514248,94.11630249023438,922200,WHR,93.65269470214844,0,1.01262833149246,2.0,1.035024225886367,5.0,1.1049343779624612,34.0,1.4156636471496276,132.0,1.7161916512378452,505.0
2013-05-13 00:00:00-04:00,94.05005890592535,94.6093184677084,92.82117674363528,93.65269470214844,584600,WHR,94.92572784423828,1,0.9975309673321047,1.0,1.0163224489464064,4.0,1.0968424783647541,33.0,1.4045620255362417,131.0,1.7056734371520366,505.0
2013-05-14 00:00:00-04:00,93.81458015564888,95.60271618379257,93.77779060637202,94.92572784423828,1252500,WHR,95.88331604003906,1,1.0067506829514214,1.0,1.0197950699676623,4.0,1.1088571151527122,33.0,1.4193017678648077,132.0,1.7267372915979835,505.0
2013-05-15 00:00:00-04:00,96.41571447891268,96.48966309435748,94.507955286778,95.88331604003906,765000,WHR,94.7223892211914,0,1.005018568178464,2.0,1.0192829078124992,4.0,1.1171297740799322,33.0,1.42916432040667,133.0,1.7420225830644716,505.0
2013-05-16 00:00:00-04:00,95.63928876853436,96.66711122700562,94.64104462473333,94.7223892211914,832200,WHR,96.65235137939452,1,0.9939092756050687,1.0,1.000658177741164,3.0,1.100201563484899,33.0,1.4076515592595338,132.0,1.7188333415017163,505.0
2013-05-17 00:00:00-04:00,95.49881378290348,96.85939398525748,95.35092781914078,96.65235137939452,719200,WHR,95.77979278564452,0,1.0100847277553262,1.0,1.0156046836145207,3.0,1.1186783678130339,34.0,1.4317078893229074,133.0,1.751644491585304,506.0
2013-05-20 00:00:00-04:00,96.4970514654587,97.23649247285684,95.49880159228144,95.77979278564452,513100,WHR,96.84458923339844,1,0.9954656297286713,1.0,1.001957024974699,3.0,1.1052674380635554,33.0,1.4142569385936292,133.0,1.7337083379086973,505.0
2013-05-21 00:00:00-04:00,96.00901728800848,97.09599646694036,95.19563895308328,96.84458923339844,784500,WHR,95.18084716796876,0,1.0055278383587423,1.0,1.0090449392552214,3.0,1.113617202927901,34.0,1.4253947085357066,133.0,1.7508248755474733,505.0
2013-05-22 00:00:00-04:00,97.48050914729563,99.15164175851102,94.44140616217842,95.18084716796876,1230000,WHR,96.55618286132812,1,0.991335824583405,1.0,0.9931638754658174,2.0,1.0914463207484937,33.0,1.396567531326893,132.0,1.7186935454023735,504.0
2013-05-23 00:00:00-04:00,93.33222046046002,97.10337312564424,92.91813540983004,96.55618286132812,911600,WHR,95.52838897705078,0,1.0071730311726912,1.0,1.0036738052281777,3.0,1.1040846449086663,33.0,1.412281490745695,132.0,1.7414013569761715,505.0
2013-05-24 00:00:00-04:00,95.32134639019192,95.661482947328,93.81288600402216,95.52838897705078,537000,WHR,95.83895874023438,1,0.9946492637360687,1.0,0.9953158909913616,2.0,1.0897541966656443,32.0,1.3929159194662146,132.0,1.7208119102297927,504.0
2013-05-28 00:00:00-04:00,96.85939104022948,97.2512939096239,95.20303896071177,95.83895874023438,496300,WHR,94.4783935546875,0,1.0016228984039766,1.0,0.9984286386039039,3.0,1.0908717732314703,32.0,1.3932185307802858,132.0,1.7243427483298335,504.0
2013-05-29 00:00:00-04:00,95.0699543746585,95.53579462822076,93.53930577344607,94.4783935546875,487300,WHR,95.33612060546876,1,0.9928510712809913,1.0,0.9891310913212202,2.0,1.0737317668568649,31.0,1.3695376131451282,131.0,1.6978612633390113,504.0
2013-05-30 00:00:00-04:00,94.6336595690882,96.0311969353705,94.36006437420438,95.33612060546876,550100,WHR,94.47097778320312,0,1.0045187643030162,1.0,0.9977865658323193,3.0,1.0818695710242652,31.0,1.378004604781423,131.0,1.7112467026964906,504.0
2013-05-31 00:00:00-04:00,94.5892854021705,96.81499860996814,94.46358179405306,94.47097778320312,520600,WHR,93.48011779785156,0,0.9954419891057286,1.0,0.9930664752322684,2.0,1.0705810659106263,31.0,1.3615886374887305,131.0,1.693724441638119,504.0
2013-06-03 00:00:00-04:00,94.49315386800497,94.58188880748472,90.5815108060158,93.48011779785156,1329500,WHR,90.67761993408205,0,0.9947280967834303,0.0,0.9869005075012689,2.0,1.0577417111027163,31.0,1.3433087057011823,131.0,1.6740157305536012,504.0
2013-06-04 00:00:00-04:00,93.23608433089451,94.25651620787038,90.01951809763388,90.67761993408205,881700,WHR,88.5258560180664,0,0.9847820792203208,0.0,0.9678613564010342,1.0,1.0252517700807682,30.0,1.2993603647428402,131.0,1.6220461906255117,503.0
2013-06-05 00:00:00-04:00,90.1748058901358,91.3283374074359,88.09697898780722,88.5258560180664,819200,WHR,90.86249542236328,1,0.9879926217692887,0.0,0.9570555421202193,1.0,1.0007821645810013,29.0,1.2651965739557114,130.0,1.581858635983843,503.0
2013-06-06 00:00:00-04:00,88.39276553348297,91.02517332239468,87.80121055909352,90.86249542236328,578800,WHR,92.0973663330078,1,1.0130255916035484,1.0,0.9919116772910356,1.0,1.026540501697941,30.0,1.2951218404379343,130.0,1.6218077580040435,503.0
2013-06-07 00:00:00-04:00,91.31355514295528,92.5632120689787,89.05086779468755,92.0973663330078,528300,WHR,93.37661743164062,1,1.0067494088528313,2.0,1.010629750303987,2.0,1.0394797398757933,31.0,1.3090913047327934,131.0,1.6420013145344772,503.0
2013-06-10 00:00:00-04:00,92.96992822796928,94.36747139916996,92.22309116753534,93.37661743164062,678000,WHR,91.76461791992188,0,1.0068971996647038,2.0,1.0249004108005801,3.0,1.052548061757812,32.0,1.3235613096057408,131.0,1.662901610051333,504.0
2013-06-11 00:00:00-04:00,92.35617291816496,93.62801221534704,91.25440751646092,91.76461791992188,777400,WHR,90.8403091430664,0,0.9912931362445663,1.0,1.0048094762246946,3.0,1.0330202002349391,32.0,1.2970951072798018,131.0,1.6323706423335784,504.0
2013-06-12 00:00:00-04:00,92.4005298196403,92.71109362900454,90.7220015382312,90.8403091430664,517500,WHR,94.51531219482422,1,0.9949382046162608,0.0,0.9896721880612228,3.0,1.0214011045325788,32.0,1.2805762395946831,130.0,1.6141256716421193,504.0
2013-06-13 00:00:00-04:00,90.8328949429416,94.84066227400338,90.41141396002898,94.51531219482422,834000,WHR,95.56535339355467,1,1.0198267688092315,1.0,1.0215790372098432,3.0,1.0607810680233345,32.0,1.328460494708336,131.0,1.6774378725841625,505.0
2013-06-14 00:00:00-04:00,93.9829445545954,96.28261202485037,93.9829445545954,95.56535339355467,880100,WHR,95.59494018554688,1,1.0055241872995349,2.0,1.0252424604060266,3.0,1.07056357105605,32.0,1.3391870858204775,132.0,1.6940428606112263,505.0
2013-06-17 00:00:00-04:00,96.4526945307002,97.30304724408354,94.78155049911264,95.59494018554688,543400,WHR,95.83895874023438,1,1.0001547747779533,2.0,1.0207016252247165,3.0,1.0685359266141383,33.0,1.3356479222738942,132.0,1.6925493870940589,505.0
2013-06-18 00:00:00-04:00,96.14213229066416,96.378747568895,94.61148384067148,95.83895874023438,456900,WHR,93.76110076904295,0,1.001274688318301,2.0,1.0144804688707603,4.0,1.0689407190835227,33.0,1.335158961944455,132.0,1.6948454477191373,505.0
2013-06-19 00:00:00-04:00,95.70582250583143,96.2086481441792,93.7463087930108,93.76110076904295,542100,WHR,88.95475006103516,0,0.9890408369250023,1.0,0.9863865080613102,4.0,1.0438152678455823,33.0,1.3026704965498286,131.0,1.6562114260126408,504.0
2013-06-20 00:00:00-04:00,92.54103760149536,92.54103760149536,88.17833479367847,88.95475006103516,1330700,WHR,83.7934341430664,0,0.9736949438914437,0.0,0.9469011052082256,3.0,0.9894165429389106,32.0,1.2328634776370324,131.0,1.5696351956954835,504.0
2013-06-21 00:00:00-04:00,90.05649883941317,90.05649883941317,81.9891967230743,83.7934341430664,3302600,WHR,82.64732360839844,0,0.970122314502185,0.0,0.9148889762879486,2.0,0.9323087277952746,31.0,1.1586522113588629,131.0,1.477159936924575,503.0
2013-06-24 00:00:00-04:00,82.07795648262034,83.5346562525625,79.77089837757876,82.64732360839844,2335900,WHR,84.2962417602539,1,0.9931140031435126,0.0,0.9286308637388736,1.0,0.9203286093857155,30.0,1.1401818741206542,131.0,1.4555828233311991,503.0
2013-06-25 00:00:00-04:00,83.22405497691483,86.03392631736565,83.22405497691483,84.2962417602539,1289200,WHR,83.22407531738281,0,1.0098770991754864,1.0,0.9723807525291686,1.0,0.9388845879056413,31.0,1.1600755829038947,132.0,1.483162496043903,504.0
2013-06-26 00:00:00-04:00,84.9247859977048,86.31493849634387,82.77301591833329,83.22407531738281,1226300,WHR,85.3536605834961,1,0.993599782631893,1.0,0.9839319129167419,1.0,0.9271825210887668,31.0,1.1426099085665962,131.0,1.462875553908844,504.0
2013-06-27 00:00:00-04:00,84.08921736190473,85.77514165735988,83.20928091376486,85.3536605834961,898000,WHR,84.56246948242188,0,1.0126326602663915,1.0,1.017775591638936,2.0,0.9504685968622637,32.0,1.1690097645422555,131.0,1.4987994510526328,504.0
2013-06-28 00:00:00-04:00,85.26493614485081,85.58289598648942,84.34063493560913,84.56246948242188,1136000,WHR,85.70121002197266,1,0.9953436374712202,1.0,1.006495315577824,2.0,0.9412934890953781,32.0,1.1554524751209545,130.0,1.4834464942222918,503.0
2013-07-01 00:00:00-04:00,85.44240680934868,87.07657068504516,84.69556984593068,85.70121002197266,884100,WHR,86.033935546875,1,1.0066881001448191,1.0,1.0126871075013677,3.0,0.9535702916990986,32.0,1.1683663007786103,130.0,1.5019346675291445,503.0
2013-07-02 00:00:00-04:00,85.78252838397107,87.21703969301085,85.53111557958157,86.033935546875,1150900,WHR,85.0282974243164,0,1.0019374340866585,2.0,1.0124608941666349,3.0,0.9569516462066098,32.0,1.1702541212951378,130.0,1.5062946475870453,503.0
2013-07-03 00:00:00-04:00,86.03393738033434,86.03393738033434,84.51808710005434,85.0282974243164,665100,WHR,84.66598510742188,0,0.9941212148053279,1.0,0.9963952201262585,3.0,0.9457247146223048,31.0,1.1540966515061564,129.0,1.4872998009803793,502.0
2013-07-05 00:00:00-04:00,85.24274812079966,85.5828902660869,82.59554828051478,84.66598510742188,1093400,WHR,83.99309539794922,0,0.9978649114661434,0.0,0.9937511204766993,2.0,0.9420679040790387,30.0,1.1467584298160156,128.0,1.47963546258652,501.0
2013-07-08 00:00:00-04:00,84.90261025515025,85.84909377522126,83.83042312664503,83.99309539794922,768100,WHR,84.51069641113281,1,0.9960103558761473,0.0,0.9871726431785697,2.0,0.9352759463099678,29.0,1.1352750350955474,128.0,1.4666569334436135,500.0
2013-07-09 00:00:00-04:00,84.85083852912965,85.36844487358438,84.2962578851484,84.51069641113281,1047400,WHR,88.45193481445312,1,1.0030717469774808,1.0,0.9960433729824499,2.0,0.9415736078230379,30.0,1.1398241677994885,129.0,1.4744517817272857,501.0
2013-07-10 00:00:00-04:00,84.5254992521051,88.76249868177256,84.17796107803886,88.45193481445312,1513800,WHR,91.21746063232422,1,1.0227866468924143,2.0,1.0365865805274395,2.0,0.9845320252510394,31.0,1.1901208810082033,130.0,1.5418304780281529,501.0
2013-07-11 00:00:00-04:00,90.19703387718845,92.09000141418986,90.09350692611342,91.21746063232422,1701100,WHR,91.21002197265624,0,1.0153923032411512,2.0,1.053710782855919,3.0,1.0143199999869916,31.0,1.224272837707371,130.0,1.5885561317922599,501.0
2013-07-12 00:00:00-04:00,90.93643248594437,91.62411265877756,90.36705990808464,91.21002197265624,595400,WHR,92.30440521240234,1,0.9999592240184331,1.0,1.0379324932876473,3.0,1.013211931025293,31.0,1.221121274434049,130.0,1.586845301617808,501.0
2013-07-15 00:00:00-04:00,91.49841173003756,92.57060437708374,90.98820136563668,92.30440521240234,1114000,WHR,89.53148651123047,0,1.0059634724993174,1.0,1.0308860315033606,4.0,1.0235425203318445,32.0,1.2326812302161496,130.0,1.604329742476911,501.0
2013-07-16 00:00:00-04:00,92.23044635132176,92.26001901653312,88.52584664948968,89.53148651123047,1764400,WHR,89.17654418945312,0,0.984750432519745,1.0,0.9888276882076553,3.0,0.992181732751787,31.0,1.19280400333412,130.0,1.5547057497020282,500.0
2013-07-17 00:00:00-04:00,89.89380254613891,90.31528350481716,88.17830040747674,89.17654418945312,979100,WHR,88.2670669555664,0,0.9980138423528833,0.0,0.9833336297441583,2.0,0.9878230807577891,30.0,1.1853426916253977,129.0,1.5471516761818753,499.0
2013-07-18 00:00:00-04:00,89.64981790151207,91.42447728413724,87.93431514798795,88.2670669555664,1774800,WHR,95.32134246826172,1,0.9948745563279625,0.0,0.9796794607672592,1.0,0.9780208804219962,29.0,1.170690007282208,128.0,1.5300096099948806,499.0
2013-07-19 00:00:00-04:00,93.20654074695132,96.11994010599165,91.7350490881285,95.32134246826172,2581500,WHR,97.3695831298828,1,1.0384244056301504,1.0,1.048407008544134,2.0,1.054709509734859,30.0,1.2611888211249371,128.0,1.6506037924556383,500.0
2013-07-22 00:00:00-04:00,95.37309473434048,98.02029480483476,95.05514052779058,97.3695831298828,1423500,WHR,96.89632415771484,0,1.0106296684976888,2.0,1.0591340038634443,2.0,1.0751913930406765,31.0,1.2849951887296158,129.0,1.68431130428042,500.0
2013-07-23 00:00:00-04:00,97.42872247311207,98.07204368595067,96.42308246435864,96.89632415771484,1312600,WHR,95.99422454833984,0,0.9975638598723998,1.0,1.0373653249681052,2.0,1.067727388234281,31.0,1.2755057382594739,129.0,1.6744257419164938,499.0
2013-07-24 00:00:00-04:00,97.23647986385336,97.59140834214678,95.05513143148696,95.99422454833984,1144800,WHR,95.7427978515625,0,0.9953232565544219,0.0,1.0129209672475856,2.0,1.055734933949785,31.0,1.2602507911649727,129.0,1.6571773369386464,499.0
2013-07-25 00:00:00-04:00,95.45441637212598,97.5100610271806,93.93856601843144,95.7427978515625,1803900,WHR,96.41570281982422,1,0.9986886898856031,0.0,0.9945768724974989,2.0,1.0507262360570293,31.0,1.2537254168230099,128.0,1.6512083178246644,498.0
2013-07-26 00:00:00-04:00,94.82590932677869,96.54140642449995,94.67801211377362,96.41570281982422,988400,WHR,96.5414047241211,1,1.0035018225366592,1.0,0.9992949724880331,2.0,1.055536037592011,32.0,1.2593711159077452,128.0,1.6611501093440475,499.0
2013-07-29 00:00:00-04:00,96.2234505443014,97.19211634436816,95.7649895014123,96.5414047241211,787300,WHR,97.3547821044922,1,1.000651449982314,2.0,1.0023185042592382,2.0,1.0547601967112468,32.0,1.2579318488812696,128.0,1.6616608003683062,499.0
2013-07-30 00:00:00-04:00,97.22167688833144,97.4952776670618,95.97202008396576,97.3547821044922,807100,WHR,99.04071807861328,1,1.0041949116879234,2.0,1.0098019067277706,3.0,1.0616720629636194,32.0,1.2653665421732108,129.0,1.674047647441609,499.0
2013-07-31 00:00:00-04:00,97.69493019587964,100.8893203683202,97.53965392200912,99.04071807861328,1299400,WHR,101.0593719482422,1,1.0085843920688062,2.0,1.0208375191729475,4.0,1.0778098935244416,32.0,1.283932542470163,130.0,1.7012957044765233,500.0
2013-08-01 00:00:00-04:00,100.33472312945293,101.43648269126116,99.86887181874567,101.0593719482422,1140500,WHR,101.83580017089844,1,1.0100882206967423,2.0,1.0303517872376884,5.0,1.0976265355107835,32.0,1.3065600775342063,131.0,1.7341303244504271,501.0
2013-08-02 00:00:00-04:00,101.0593849805857,102.28685956466316,100.60832558682098,101.83580017089844,783200,WHR,101.34038543701172,0,1.0038267456763355,2.0,1.0269182339072735,5.0,1.1038846419542157,32.0,1.3129690802590577,132.0,1.7455957560144906,501.0
2013-08-05 00:00:00-04:00,101.44390671969684,101.90975813326672,100.46783924040254,101.34038543701172,521500,WHR,97.46571350097656,0,0.9975616495978383,1.0,1.0121264339316371,4.0,1.096618119310675,31.0,1.3031537498686965,131.0,1.7352711078648517,501.0
2013-08-06 00:00:00-04:00,100.62312963614202,101.4365079421249,97.14035766539384,97.46571350097656,1348400,WHR,98.17559051513672,1,0.9805102964308768,0.0,0.9732129082004679,3.0,1.0540530404213584,30.0,1.250319859307339,130.0,1.6672479468581216,501.0
2013-08-07 00:00:00-04:00,96.6523437706412,98.74495199495014,96.23085695997356,98.17559051513672,1265800,WHR,98.35302734375,1,1.0036284618819638,1.0,0.9819977484689375,3.0,1.0608652380573516,31.0,1.2564036219411583,130.0,1.6776405956488685,502.0
2013-08-08 00:00:00-04:00,98.59704418799956,99.82451875617404,98.23472537806096,98.35302734375,897600,WHR,98.53787231445312,1,1.0009028549152097,2.0,0.9891277136021848,3.0,1.0621269914726263,31.0,1.2556868719580028,130.0,1.6789574910482892,502.0
2013-08-09 00:00:00-04:00,98.3456217773593,99.49175722008056,97.66533762729196,98.53787231445312,789100,WHR,99.86888885498048,1,1.0009388192700832,2.0,0.9976041846315229,3.0,1.0636149804416708,31.0,1.255035227016168,131.0,1.6803923540964185,503.0
2013-08-12 00:00:00-04:00,97.93894760236384,100.7488253551007,97.93894760236384,99.86888885498048,697300,WHR,99.39566040039062,0,1.0067085241081615,2.0,1.0141010080013022,4.0,1.0769848055430675,32.0,1.2688932369029193,131.0,1.7013810010966357,503.0
2013-08-13 00:00:00-04:00,99.97242349245874,100.18686770639212,98.13122257661612,99.39566040039062,962000,WHR,97.94636535644533,0,0.9976251247080414,1.0,1.005355242463232,4.0,1.0713532708347626,31.0,1.2598407593620622,131.0,1.6916915040771332,502.0
2013-08-14 00:00:00-04:00,99.3069341653754,99.73581132355496,96.88156845103052,97.94636535644533,668100,WHR,98.13121032714844,1,0.9926559229419734,0.0,0.9911556943091797,3.0,1.055321049603684,31.0,1.238571081956361,131.0,1.665463091157178,502.0
2013-08-15 00:00:00-04:00,96.4896505675664,98.36043520910368,95.31393091929006,98.13121032714844,1341100,WHR,98.83367919921876,1,1.0009427134646003,1.0,0.9934722085615839,3.0,1.0570684279662397,31.0,1.238016493748968,131.0,1.6670255123545716,503.0
2013-08-16 00:00:00-04:00,98.24951453548856,99.95762130940568,97.95374267132853,98.83367919921876,1012200,WHR,97.46571350097656,0,1.003566467474277,2.0,0.999985009095897,3.0,1.0639376805864573,32.0,1.2440285452859485,131.0,1.677338197347824,504.0
2013-08-19 00:00:00-04:00,98.61184927342516,99.46960351578431,97.45092152218446,97.46571350097656,716800,WHR,99.2699203491211,1,0.9930312280673662,1.0,0.9909631788774336,2.0,1.049040438505073,31.0,1.2241605216479288,130.0,1.6526090317168272,503.0
2013-08-20 00:00:00-04:00,97.83540349373564,99.90583984327228,97.82801314813015,99.2699203491211,644800,WHR,97.38433837890624,0,1.0091707171336295,1.0,1.0095652247994802,3.0,1.0677427840651668,32.0,1.2439488353460413,131.0,1.681641392492216,503.0
2013-08-21 00:00:00-04:00,98.74490656521768,99.37343567628083,97.10335858404024,97.38433837890624,915800,WHR,101.19986724853516,1,0.9904116901285996,1.0,0.9915225041839841,3.0,1.047171447489669,31.0,1.2176209268806604,131.0,1.6481893670286107,503.0
2013-08-22 00:00:00-04:00,97.71709615356691,101.5621972984994,97.65795081921908,101.19986724853516,1019300,WHR,99.3069076538086,0,1.019213657287464,1.0,1.023971938108705,3.0,1.0868904721686012,32.0,1.2623486856723383,131.0,1.7110497995417724,504.0
2013-08-23 00:00:00-04:00,101.229447079355,101.66572575258456,99.24036068572968,99.3069076538086,892900,WHR,98.4195785522461,0,0.9905591240213777,1.0,1.0038570318907334,2.0,1.0658024691326013,31.0,1.2359157900834654,131.0,1.6773966170934194,504.0
2013-08-26 00:00:00-04:00,99.17380007178106,101.05198609016406,98.12379545176724,98.4195785522461,644200,WHR,95.19564056396484,0,0.9955123407157613,0.0,0.9929724461858016,2.0,1.0555337656729815,31.0,1.2221588501783391,130.0,1.6608245657606364,503.0
2013-08-27 00:00:00-04:00,97.25867603631208,97.9537523973746,94.34527662486671,95.19564056396484,1197600,WHR,95.73433685302734,1,0.9833487367212276,0.0,0.9684070609998169,1.0,1.020644586338934,31.0,1.1796866108286193,130.0,1.6050124608860823,502.0
2013-08-28 00:00:00-04:00,95.46683902100082,96.74488295868126,95.19934118897427,95.73433685302734,523400,WHR,96.43279266357422,1,1.0028214337860941,1.0,0.977167496056354,2.0,1.0254936110779804,32.0,1.1838865823533893,131.0,1.612671257782621,502.0
2013-08-29 00:00:00-04:00,95.5188465695188,97.71083645042329,95.5188465695188,96.43279266357422,467900,WHR,95.59314727783205,0,1.003634626859983,2.0,0.993969577905841,2.0,1.031519249693905,33.0,1.1900509326123556,131.0,1.623030506546678,502.0
2013-08-30 00:00:00-04:00,96.50710473564602,97.0495267520122,95.09531200880306,95.59314727783205,552400,WHR,95.52627563476562,0,0.9956274376993111,1.0,0.9929166325447583,2.0,1.0216760981923265,32.0,1.1772808179497738,131.0,1.6075403733952707,501.0
2013-09-03 00:00:00-04:00,97.36160561226936,97.45820550730087,95.11017045311578,95.52627563476562,562700,WHR,97.90402221679688,1,0.9996501054573769,0.0,0.998221846430661,2.0,1.020338179127442,31.0,1.1741127044457265,130.0,1.6050369084020482,501.0
2013-09-04 00:00:00-04:00,95.42967046481164,98.08235785822458,95.26621029935528,97.90402221679688,979400,WHR,96.20987701416016,0,1.0122925240173901,1.0,1.0173102651566195,3.0,1.0448932851050206,31.0,1.200829022802773,130.0,1.6435317742773505,501.0
2013-09-05 00:00:00-04:00,97.78514689577683,98.08978803851892,96.14300539780328,96.20987701416016,572600,WHR,97.61424255371094,1,0.9912724168163712,1.0,0.9987195907759153,2.0,1.0260010329801292,31.0,1.1776593088495744,130.0,1.6137352223817802,500.0
2013-09-06 00:00:00-04:00,97.05695638003044,98.45389068355476,95.68975035505818,97.61424255371094,771900,WHR,100.77218627929688,1,1.0072455664583015,1.0,1.0108184206635984,2.0,1.0397256583551115,32.0,1.1924587475797739,130.0,1.635949287136637,500.0
2013-09-09 00:00:00-04:00,98.23840070960485,101.39635534097714,97.73312207281748,100.77218627929688,914000,WHR,101.76789855957033,1,1.015918143918222,2.0,1.0324456240248918,3.0,1.0721711917171481,32.0,1.2284002461648469,130.0,1.6873933394083909,501.0
2013-09-10 00:00:00-04:00,101.32206505136035,101.7901891011791,100.30409252450208,101.76789855957033,566900,WHR,100.89850616455078,0,1.0049161245343885,2.0,1.0294804832466296,4.0,1.0815755324015541,32.0,1.23784867544252,130.0,1.7025686510957938,501.0
2013-09-11 00:00:00-04:00,101.79759944030502,102.11710471162944,100.2074768076778,100.89850616455078,1166700,WHR,100.2594985961914,0,0.9957102293485544,1.0,1.0145392367007748,3.0,1.0713293119420577,31.0,1.2247202833257227,129.0,1.6865283414447758,501.0
2013-09-12 00:00:00-04:00,100.891094166992,101.84963279382974,99.93999327925678,100.2594985961914,670700,WHR,101.79761505126952,1,0.9968233550083209,0.0,0.9999703993470507,3.0,1.0637122784115385,30.0,1.2145106707143738,128.0,1.6743946145470738,500.0
2013-09-13 00:00:00-04:00,100.839087752288,101.94622244067529,100.11089226957088,101.79761505126952,739800,WHR,104.94813537597656,1,1.0076122855924872,1.0,1.0069088037214495,3.0,1.0784984444529955,31.0,1.230589597852405,128.0,1.6985311430205539,501.0
2013-09-16 00:00:00-04:00,103.80383476023889,105.40882164729074,103.46946532660712,104.94813537597656,1541900,WHR,106.27820587158205,1,1.015238621921836,2.0,1.0295661393399522,3.0,1.1087456002597715,32.0,1.2659683165324918,128.0,1.7493935281136725,502.0
2013-09-17 00:00:00-04:00,104.90356187234308,106.99896368679146,104.39829443051528,106.27820587158205,950400,WHR,111.31603240966795,1,1.0062968969104409,2.0,1.0334688293281962,3.0,1.118369680025704,33.0,1.2792010591251133,129.0,1.7697785157861752,503.0
2013-09-18 00:00:00-04:00,107.4447582148951,111.31603240966795,105.46824757684246,111.31603240966795,1777200,WHR,111.24176788330078,0,1.0231523894101198,2.0,1.0609620777709183,4.0,1.1655226385708484,34.0,1.3365615274577465,130.0,1.8516899687251953,503.0
2013-09-19 00:00:00-04:00,111.91050682952532,112.82445307950354,110.69933445165594,111.24176788330078,1420600,WHR,110.00826263427734,0,0.9996663135317233,1.0,1.0385134156845979,4.0,1.1592938618747326,33.0,1.332515291966039,129.0,1.8484917206370175,502.0
2013-09-20 00:00:00-04:00,111.62810189043935,112.0219164375985,109.8670816951046,110.00826263427734,1256600,WHR,108.71537017822266,0,0.9944248358016591,0.0,1.0114913502811145,3.0,1.1411303231826049,33.0,1.314688979455551,129.0,1.8260881315684083,502.0
2013-09-23 00:00:00-04:00,110.11973069159058,110.17917590260264,107.35559073861012,108.71537017822266,763500,WHR,110.55072784423828,1,0.9940889219905971,0.0,0.9927262935351149,2.0,1.123182553759912,32.0,1.296349303983114,128.0,1.8027278534094486,502.0
2013-09-24 00:00:00-04:00,108.71539759174952,111.81390771722609,108.40331865875376,110.55072784423828,812100,WHR,110.3500747680664,0,1.008370458007729,1.0,1.001669852423785,2.0,1.1370561418618106,33.0,1.3152163870221476,128.0,1.8311671351149381,503.0
2013-09-25 00:00:00-04:00,110.37980304284112,111.18972279122283,108.54447323701274,110.3500747680664,770200,WHR,109.71851348876952,0,0.9990916598138213,1.0,1.0016050549605637,1.0,1.1302167514430521,32.0,1.3097367247285543,128.0,1.8259128560797477,502.0
2013-09-26 00:00:00-04:00,110.8776670098996,111.34579106190104,109.05720096258544,109.71851348876952,817900,WHR,109.5327377319336,0,0.9971301616268842,0.0,0.9986340382247362,1.0,1.119223219188186,31.0,1.2991520204416664,128.0,1.8135420217551064,502.0
2013-09-27 00:00:00-04:00,109.58474521009364,110.71418164717905,109.05718733811064,109.5327377319336,442500,WHR,108.8119888305664,0,0.9991526809730772,0.0,0.9978068741213219,1.0,1.112692551356851,31.0,1.2939677931737819,127.0,1.8085705523948192,501.0
2013-09-30 00:00:00-04:00,108.09865751340544,109.4658749264626,107.21442827136856,108.8119888305664,690200,WHR,107.51166534423828,0,0.9966990322472438,0.0,0.9910666307269461,1.0,1.1008702891866156,31.0,1.2825204269421255,127.0,1.7948361478714165,500.0
2013-10-01 00:00:00-04:00,108.52221153278568,109.309840953356,107.00638658095568,107.51166534423828,1264700,WHR,105.23048400878906,0,0.9939889907495859,0.0,0.984674353168679,0.0,1.0834181810402186,31.0,1.2643721257392715,127.0,1.7716349872818602,499.0
2013-10-02 00:00:00-04:00,106.47137316053976,106.64228241243332,104.33140202280956,105.23048400878906,2223000,WHR,103.59580993652344,0,0.9892772478684335,0.0,0.9729052822929668,0.0,1.0567527658415485,30.0,1.2349807787835385,126.0,1.7324144739359277,498.0
2013-10-03 00:00:00-04:00,105.15621616247762,105.75065716941346,102.58526362613826,103.59580993652344,1877200,WHR,103.78897094726562,1,0.9921720869466097,0.0,0.9687597212114409,0.0,1.0377067091684338,29.0,1.21342032298394,125.0,1.7039554273582598,497.0
2013-10-04 00:00:00-04:00,103.59578248985298,104.80695472852008,102.67439860631296,103.78897094726562,904700,WHR,101.52268981933594,0,1.0009314136260097,1.0,0.9811054472061234,1.0,1.0374641619975877,29.0,1.213304042683219,125.0,1.7055992107030986,497.0
2013-10-07 00:00:00-04:00,102.54066233170995,103.09794854003448,101.12887513916132,101.52268981933594,1160000,WHR,99.6204833984375,0,0.9889617515173383,1.0,0.9730927227399078,1.0,1.0130701140802099,29.0,1.184641482611727,124.0,1.666931461048319,496.0
2013-10-08 00:00:00-04:00,101.02484412442902,102.16913343011916,99.31583089763105,99.6204833984375,1131000,WHR,101.1511688232422,1,0.9905430227112955,0.0,0.9695264934708455,1.0,0.9928803679336953,28.0,1.1604655195349756,123.0,1.6343413565610647,496.0
2013-10-09 00:00:00-04:00,99.36041969706308,102.59268434097918,98.73626184547096,101.1511688232422,1120600,WHR,103.55119323730467,1,1.007624011696206,1.0,0.9923024533826698,2.0,1.0061940347963367,29.0,1.1761160322484292,124.0,1.658054784456888,496.0
2013-10-10 00:00:00-04:00,102.17654959008652,104.30910554397722,101.53752771152246,103.55119323730467,722700,WHR,104.33880615234376,1,1.0117244588186656,2.0,1.0159358517952128,3.0,1.027619105188129,30.0,1.2016597839898178,125.0,1.6958854563806562,497.0
2013-10-11 00:00:00-04:00,103.781520113071,104.36109668687358,102.77841204518816,104.33880615234376,450900,WHR,97.55482482910156,0,1.0037886041529245,2.0,1.0225598639479587,3.0,1.032690097944182,31.0,1.20841419540768,125.0,1.707221411552545,498.0
2013-10-14 00:00:00-04:00,103.10539759035282,103.10539759035282,96.01672045201838,97.55482482910156,3701600,WHR,98.1195297241211,1,0.9663982400521309,1.0,0.9635682496456788,3.0,0.9651902477915161,30.0,1.127929675615619,125.0,1.5949682180266647,497.0
2013-10-15 00:00:00-04:00,97.53995296046132,98.55792549750166,96.27677312525464,98.1195297241211,1686500,WHR,99.37528228759766,1,1.0028859422907457,1.0,0.9720280563828625,4.0,0.9706573031663127,30.0,1.1325296075206277,125.0,1.6029924207694999,497.0
2013-10-16 00:00:00-04:00,98.91458463840353,99.92513076532066,97.71085003796442,99.37528228759766,1106400,WHR,100.08858489990234,1,1.0063584078522632,2.0,0.9879444284051176,4.0,0.9826783189184534,31.0,1.1450392632416233,125.0,1.6222619971449341,497.0
2013-10-17 00:00:00-04:00,98.71395260649848,100.2149017265601,98.06006659743234,100.08858489990234,1199200,WHR,99.14491271972656,0,1.0035760993826224,2.0,1.0019338158764173,4.0,0.9890644441929116,32.0,1.1513156455346376,125.0,1.6325831769385033,498.0
2013-10-18 00:00:00-04:00,101.02483503670682,101.0768425132789,98.37957400519218,99.14491271972656,1071900,WHR,97.31702423095705,0,0.9952634863542003,1.0,1.002916201338241,3.0,0.9791905168651005,32.0,1.1385952485589759,124.0,1.6158524836828663,498.0
2013-10-21 00:00:00-04:00,99.01117322983718,100.3115075874523,96.14300670751976,97.31702423095705,2373700,WHR,108.626220703125,1,0.9906959662663392,0.0,0.9848997405780606,3.0,0.9609950622779702,31.0,1.115866824823523,124.0,1.5848518112781833,497.0
2013-10-22 00:00:00-04:00,104.6583459437954,109.55503097476672,102.54808038973326,108.626220703125,4149700,WHR,107.29613494873048,0,1.0549141413974894,1.0,1.076462043109331,3.0,1.0705429083038882,31.0,1.2429346555783232,125.0,1.7672902279736729,498.0
2013-10-23 00:00:00-04:00,108.30668076027143,109.28750963824368,106.80573184775793,107.29613494873048,1251900,WHR,109.42127990722656,1,0.9938399812729948,1.0,1.0468469616542715,2.0,1.0557106414355373,30.0,1.2255315811233762,124.0,1.743973330634603,498.0
2013-10-24 00:00:00-04:00,107.42991606324404,109.68877772755428,106.77602998288376,109.42127990722656,1090000,WHR,108.61875915527344,0,1.0098060645468137,1.0,1.0484870771016799,2.0,1.0747908248942277,30.0,1.2475241014040876,124.0,1.7768037185240442,498.0
2013-10-25 00:00:00-04:00,109.67389737002507,109.91166685167772,107.14010078327355,108.61875915527344,712200,WHR,108.47762298583984,0,0.9963193881481415,1.0,1.0222375955283727,2.0,1.0655893584276643,29.0,1.236149056874856,124.0,1.7620518256610338,498.0
2013-10-28 00:00:00-04:00,108.85657352872472,109.46587856342036,107.51908435087076,108.47762298583984,564900,WHR,110.66214752197266,1,0.9993498916562237,0.0,0.99990431610998,2.0,1.0630503121268182,28.0,1.2323529234502641,123.0,1.7580887369991378,497.0
2013-10-29 00:00:00-04:00,108.72280287543414,110.67701165854024,108.403286298309,110.66214752197266,891000,WHR,109.25038146972656,0,1.009968635684297,1.0,1.016226232177483,2.0,1.0828094512829476,29.0,1.2549187564230677,123.0,1.7916665317511407,498.0
2013-10-30 00:00:00-04:00,110.71418740487256,111.06342098359366,107.63054175397022,109.25038146972656,971600,WHR,108.4924774169922,0,0.9935803291485071,1.0,0.9996737301592599,2.0,1.0669450650229395,29.0,1.2368911644441132,122.0,1.7671025613750975,497.0
2013-10-31 00:00:00-04:00,108.9011562466412,109.91912878211646,107.93519119602097,108.4924774169922,828200,WHR,109.27263641357422,1,0.9965192702226408,0.0,0.9944289757484894,1.0,1.0577670734336209,28.0,1.2262575934394309,122.0,1.7531801912591845,496.0
2013-11-01 00:00:00-04:00,108.49987148691312,109.43610787963934,107.84598562265268,109.27263641357422,779100,WHR,111.6504135131836,1,1.0035825710687023,1.0,1.0003806907536779,2.0,1.0634863477063183,28.0,1.2329717494575705,122.0,1.764102885040138,496.0
2013-11-04 00:00:00-05:00,110.14946437892624,111.68756818914378,109.91910992317916,111.6504135131836,678800,WHR,109.85968017578124,0,1.0107629199415709,2.0,1.0162453221304597,3.0,1.0843215631842906,28.0,1.2575239167564913,123.0,1.8006812191733845,497.0
2013-11-05 00:00:00-05:00,111.01139580772173,111.0782787621696,109.2280846747685,109.85968017578124,823700,WHR,108.8788604736328,0,0.9919157935081873,1.0,1.001408889403086,2.0,1.0652078128038298,27.0,1.2352073690561078,123.0,1.7700938371372674,496.0
2013-11-06 00:00:00-05:00,109.69621809365992,110.5135643756704,108.6410909265446,108.8788604736328,857100,WHR,106.96176147460938,0,0.9955160178940735,0.0,0.9931410421913589,2.0,1.0540823322191208,27.0,1.222094458271712,123.0,1.7526619837505317,495.0
2013-11-07 00:00:00-05:00,109.6961841162695,110.81818255803556,106.85030880549832,106.96176147460938,844000,WHR,107.92777252197266,1,0.9911179879777999,0.0,0.9783863154887009,2.0,1.034018281992362,27.0,1.198608903273074,123.0,1.7202507700368364,495.0
2013-11-08 00:00:00-05:00,107.01382622878964,107.93519892376445,106.00328002222324,107.92777252197266,681800,WHR,105.89179229736328,0,1.004495384346539,1.0,0.9896573481775242,2.0,1.041712623467376,27.0,1.2073980322715208,124.0,1.7341648227912636,496.0
2013-11-11 00:00:00-05:00,107.60824312110402,108.13580098084718,105.45339659126336,105.89179229736328,1067200,WHR,106.08501434326172,1,0.9904780452325321,1.0,0.9813521131046705,1.0,1.020902318998124,26.0,1.182756176308212,123.0,1.6998687827218475,496.0
2013-11-12 00:00:00-05:00,105.96612388811084,106.7760438550428,104.85897778330164,106.08501434326172,845100,WHR,107.6559829711914,1,1.0009115244679858,1.0,0.9900696648640058,2.0,1.0213506244095578,27.0,1.1829908452348832,124.0,1.7013634628494803,497.0
2013-11-13 00:00:00-05:00,105.45435509441478,107.8649503459986,105.45435509441478,107.6559829711914,714400,WHR,111.23831176757812,1,1.0073498703929902,2.0,1.0070298116310508,3.0,1.035082534270416,27.0,1.198433609604954,125.0,1.7249198120759068,497.0
2013-11-14 00:00:00-05:00,107.8873515484543,112.27568970985676,107.8873515484543,111.23831176757812,1411500,WHR,112.57418060302734,1,1.0163655649438552,2.0,1.0322804775195342,4.0,1.0671565106824559,28.0,1.2360667319509944,125.0,1.7805680300905582,497.0
2013-11-15 00:00:00-05:00,111.87264250189196,113.64141724714308,111.2457404749537,112.57418060302734,1575700,WHR,112.35030364990234,0,1.0059686964802537,2.0,1.0357453117669042,4.0,1.0780115503638923,28.0,1.2486519360511328,125.0,1.8001816108385766,497.0
2013-11-18 00:00:00-05:00,113.07423042383031,114.13399681534383,112.11894772196273,112.35030364990234,1198200,WHR,111.39505767822266,0,0.9990046572569963,1.0,1.0215450867190763,4.0,1.0736326907111957,28.0,1.244047477348878,124.0,1.7948290643258893,497.0
2013-11-19 00:00:00-05:00,110.91741616979655,113.17875143179982,110.00691026500436,111.39505767822266,898700,WHR,108.6784439086914,0,0.995730655750763,0.0,1.003172564523529,3.0,1.0623088946390844,28.0,1.2314308274600545,123.0,1.7778333868689975,497.0
2013-11-20 00:00:00-05:00,111.38757243000153,112.50704551975028,107.85003336676256,108.6784439086914,1126200,WHR,112.1189422607422,1,0.9876558797404403,0.0,0.9769089537680083,2.0,1.0341859351063927,28.0,1.1996265161975033,122.0,1.7329149958069168,496.0
2013-11-21 00:00:00-05:00,108.49184951418164,112.2906029758382,108.49184951418164,112.1189422607422,934900,WHR,112.15626525878906,1,1.015582151635666,1.0,1.0062424654999842,2.0,1.064160445766857,28.0,1.235523067491418,123.0,1.7861101461315958,496.0
2013-11-22 00:00:00-05:00,112.06671106460249,112.9921347721786,111.462197478107,112.15626525878906,836000,WHR,112.89514923095705,1,1.0001664160673829,2.0,1.0073330712720059,2.0,1.0618735107498751,28.0,1.2338260667995669,124.0,1.7850019323649435,497.0
2013-11-25 00:00:00-05:00,112.1562927839848,113.72355989409408,111.61894471125424,112.89514923095705,791400,WHR,114.2683563232422,1,1.0032831785298628,2.0,1.012977958768285,3.0,1.0659588391062056,29.0,1.2398950537261026,124.0,1.7950588990596457,497.0
2013-11-26 00:00:00-05:00,113.05932896673536,114.93257660263876,112.61153515209664,114.2683563232422,589300,WHR,113.67877197265624,0,1.0060450162931542,2.0,1.0200397800600516,4.0,1.0757518867928766,30.0,1.2528207333615098,125.0,1.8151247657094103,498.0
2013-11-27 00:00:00-05:00,114.40268746424628,115.1116962343448,113.19366010954306,113.67877197265624,447300,WHR,114.00715637207033,1,0.9974135039340324,1.0,1.0057976879208144,4.0,1.0675590436305864,29.0,1.2442242237050825,125.0,1.803992969771994,498.0
2013-11-29 00:00:00-05:00,114.02208587128852,115.25350194181632,113.60415099614868,114.00715637207033,267700,WHR,111.4174346923828,0,1.0014422691898504,1.0,1.005344007489057,4.0,1.0676688345267826,30.0,1.2456341956645605,126.0,1.807406713388933,499.0
2013-12-02 00:00:00-05:00,114.19372923121963,114.63406402589548,111.26817387168776,111.4174346923828,595700,WHR,111.19351959228516,0,0.9885118049124149,1.0,0.9837891007958302,3.0,1.0411731404765168,29.0,1.2153282691807366,126.0,1.7646682214007563,499.0
2013-12-03 00:00:00-05:00,110.57407653261464,111.3651689210546,110.11135330725216,111.19351959228516,783800,WHR,110.5143814086914,0,0.9989941415919213,0.0,0.9847712179248567,2.0,1.0373969140689074,28.0,1.2108279462612928,126.0,1.7594366345212347,499.0
2013-12-04 00:00:00-05:00,111.16367213678213,112.25329758816248,109.38744929908836,110.5143814086914,715100,WHR,109.67101287841795,0,0.9969367885378575,0.0,0.985308146389033,1.0,1.0296604242801959,27.0,1.2013906153594043,126.0,1.7470677647123432,498.0
2013-12-05 00:00:00-05:00,110.40239856258091,110.49942317961585,109.12620598832784,109.67101287841795,648200,WHR,111.61144256591795,1,0.9961697344503525,0.0,0.9848268904977351,1.0,1.0204127474303033,27.0,1.1902620432236855,125.0,1.7321705533535714,497.0
2013-12-06 00:00:00-05:00,110.64123050984354,112.14131999081724,110.00685802260006,111.61144256591795,755500,WHR,111.93984985351562,1,1.0087690173339934,1.0,1.0065825584528774,1.0,1.036642230611083,28.0,1.2092946845417165,125.0,1.761175559373957,497.0
2013-12-09 00:00:00-05:00,111.61146925866032,113.798167893149,111.4174199683172,111.93984985351562,835400,WHR,113.14143371582033,1,1.0014690466963685,2.0,1.0085939509412503,2.0,1.0380626937956066,28.0,1.2107981557861054,126.0,1.7647354779447197,497.0
2013-12-10 00:00:00-05:00,112.186150792248,115.71621989869682,111.3950468009068,113.14143371582033,935400,WHR,110.37257385253906,0,1.0053384441533744,2.0,1.01585454309112,3.0,1.0478784998470092,28.0,1.2217368708829006,126.0,1.782037288688478,497.0
2013-12-11 00:00:00-05:00,112.84287577623482,113.33544662781205,110.22331306390396,110.37257385253906,867300,WHR,110.9248504638672,1,0.9876121416576792,1.0,0.9912464060797005,3.0,1.021588580943855,27.0,1.1899720476430895,126.0,1.7369568899686796,496.0
2013-12-12 00:00:00-05:00,110.55169280114852,111.29800812658586,110.25315983825271,110.9248504638672,1036800,WHR,111.08905792236328,1,1.0024956305435282,1.0,0.9939678180168598,4.0,1.0267623135019215,27.0,1.1939902869337047,127.0,1.744160646311498,496.0
2013-12-13 00:00:00-05:00,111.38757954354644,111.7905848709307,109.87256010969564,111.08905792236328,983100,WHR,111.90251922607422,1,1.0007396268985564,2.0,0.9963720302404261,4.0,1.0283065056522864,28.0,1.1938636930987165,127.0,1.7452365876860416,497.0
2013-12-16 00:00:00-05:00,111.64877475416472,113.63396482083829,111.64877475416472,111.90251922607422,908400,WHR,113.08918762207033,1,1.0036479463220687,2.0,1.003735283935532,4.0,1.035533764301983,29.0,1.200713731994574,127.0,1.7564807080480809,497.0
2013-12-17 00:00:00-05:00,112.41003777906828,113.4996634276139,111.0890675337792,113.08918762207033,872800,WHR,116.53716278076172,1,1.0052742761616411,2.0,1.0144744612928862,4.0,1.0458095820268725,30.0,1.2114571875234765,128.0,1.7735191036289795,498.0
2013-12-18 00:00:00-05:00,113.89521087583658,116.94017953492362,112.49960451087333,116.53716278076172,1122400,WHR,114.57432556152344,0,1.0150155901212672,2.0,1.0339690909643025,5.0,1.076701814982064,30.0,1.2461730710202434,128.0,1.8258506735910833,499.0
2013-12-19 00:00:00-05:00,116.36547768755813,116.5222089078232,113.98473011009536,114.57432556152344,716900,WHR,115.88787078857422,1,0.9915069682025879,1.0,1.010013138690903,4.0,1.0578787879417597,30.0,1.2230748436820444,128.0,1.7934359161298261,499.0
2013-12-20 00:00:00-05:00,115.6415853052029,116.85062416792314,114.55197104432828,115.88787078857422,955800,WHR,116.86550903320312,1,1.0056996125518798,1.0,1.0130216858389545,4.0,1.068992038881585,31.0,1.2348718888173271,129.0,1.812261222718188,500.0
2013-12-23 00:00:00-05:00,116.8804385276706,117.18643053098155,116.00725100114003,116.86550903320312,535900,WHR,117.12673950195312,1,1.0042003181452295,2.0,1.0127800286798156,4.0,1.0767962199070709,32.0,1.242968644200602,130.0,1.825799695192019,500.0
2013-12-24 00:00:00-05:00,116.55207346121828,117.701405542688,116.41027171460728,117.12673950195312,289800,WHR,117.76858520507812,1,1.0011164065065632,2.0,1.0079899430258525,4.0,1.0778269516449328,33.0,1.2434709480311665,130.0,1.8281197301920211,501.0
2013-12-26 00:00:00-05:00,116.2983427961576,118.82835182178498,116.2535656893471,117.76858520507812,443500,WHR,117.14167022705078,0,1.002732475428898,2.0,1.0113700344935368,4.0,1.0820312095207174,34.0,1.2478879651866357,131.0,1.8363378919880065,502.0
2013-12-27 00:00:00-05:00,118.47756978275766,118.69399623815502,116.55207468368096,117.14167022705078,341100,WHR,117.2013931274414,1,0.9973312575184335,1.0,1.001569752887567,4.0,1.0743117598522671,34.0,1.2390075617016185,130.0,1.8248272054179655,501.0
2013-12-30 00:00:00-05:00,116.89541239584725,117.59695085984394,116.38791188211412,117.2013931274414,283700,WHR,117.06705474853516,0,1.000254852435296,1.0,0.9998346172786088,4.0,1.0726288167018823,35.0,1.2376130098457117,130.0,1.8240568176272285,501.0
2013-12-31 00:00:00-05:00,117.22378602084288,117.54469623326978,116.68643792703251,117.06705474853516,340500,WHR,116.44758605957033,0,0.9994265622190088,1.0,0.9983452838801342,3.0,1.069233773550215,34.0,1.23417381899262,130.0,1.820263850326562,501.0
2014-01-02 00:00:00-05:00,116.81328468984202,117.25360802425756,115.76097728695576,116.44758605957033,407400,WHR,117.0968780517578,1,0.9973471955042259,0.0,0.9942141274540753,2.0,1.0611649369376848,34.0,1.2256373037775943,130.0,1.8089273435323958,501.0
2014-01-03 00:00:00-05:00,116.64162521644566,118.33576431019668,116.64162521644566,117.0968780517578,442400,WHR,115.26840209960938,0,1.0027801643453984,1.0,1.0009057250948064,2.0,1.0642569360520504,35.0,1.2303659039447492,131.0,1.817298344238764,501.0
2014-01-06 00:00:00-05:00,117.4476415280239,117.69392695701204,115.20869550580602,115.26840209960938,594900,WHR,115.36540985107422,1,0.9921310277036339,1.0,0.9884419146591574,2.0,1.0454029453995464,34.0,1.2092048042113146,130.0,1.787288347476819,500.0
2014-01-07 00:00:00-05:00,115.61169524401166,116.54458928338067,115.27585566741216,115.36540985107422,664400,WHR,117.6192855834961,1,1.000420613745419,1.0,0.9923985943267458,2.0,1.0444176405754781,34.0,1.208302979570472,130.0,1.7871423268137032,501.0
2014-01-08 00:00:00-05:00,116.05201903495134,117.6267446362136,114.52954096631174,117.6192855834961,813500,WHR,118.67157745361328,1,1.009673921835157,2.0,1.010826560108223,3.0,1.0626928057546594,34.0,1.229841557238135,131.0,1.8203211337845298,501.0
2014-01-09 00:00:00-05:00,117.95512122915116,118.93279233228436,116.85803695931882,118.67157745361328,788900,WHR,116.90283203125,0,1.0044533752028826,2.0,1.0159862836909435,4.0,1.0688016688414181,35.0,1.2386830124467971,132.0,1.834803817986957,502.0
2014-01-10 00:00:00-05:00,119.34328633215978,119.41791103192534,116.6416171124002,116.90283203125,852600,WHR,114.55948638916016,0,0.9924917760539821,1.0,1.0011761233051744,3.0,1.0499114517019301,34.0,1.218203131840383,131.0,1.8056857542418905,502.0
2014-01-13 00:00:00-05:00,116.58200741360186,116.82828163011044,114.02959710920264,114.55948638916016,696500,WHR,115.8654556274414,1,0.9898759087091076,0.0,0.9823000680879836,3.0,1.0265325798848832,33.0,1.1918929507428906,131.0,1.7677987052081092,502.0
2014-01-14 00:00:00-05:00,114.60418089066188,115.95500982342206,114.41014300341432,115.8654556274414,1097500,WHR,117.6192855834961,1,1.0056676557097155,1.0,0.9926469809648502,3.0,1.0357944374401427,33.0,1.2034489173837262,132.0,1.7861919803960222,503.0
2014-01-15 00:00:00-05:00,115.86544022621348,117.99990225368931,115.84305168019428,117.6192855834961,753100,WHR,118.7164077758789,1,1.0075115399274432,2.0,1.0076724603156695,3.0,1.048586724113918,34.0,1.2196916645877514,132.0,1.8113859056416104,504.0
2014-01-16 00:00:00-05:00,117.63424122955402,118.85819814996118,117.02226846328564,118.7164077758789,714600,WHR,117.0521011352539,0,1.004642219619,2.0,1.0169936479256252,3.0,1.0550131235944817,35.0,1.2288374826531034,133.0,1.8263903381567628,505.0
2014-01-17 00:00:00-05:00,117.49242447512074,119.22388161800372,116.57445974891876,117.0521011352539,772900,WHR,114.70866394042967,0,0.9929409290141784,1.0,1.0024798519704978,3.0,1.0389261355663817,34.0,1.2095604321550948,132.0,1.7989667789681183,505.0
2014-01-21 00:00:00-05:00,117.38047418830408,117.83572699510692,113.15632668752606,114.70866394042967,1072500,WHR,112.6786880493164,0,0.9898885508336194,0.0,0.9821587776369325,3.0,1.0170111703858227,34.0,1.1835922274272968,131.0,1.7612257818459665,505.0
2014-01-22 00:00:00-05:00,114.73105525625957,114.73105525625957,112.06671538566496,112.6786880493164,1239600,WHR,114.43255615234376,1,0.9910726085978396,0.0,0.9700715391438318,2.0,0.9985326985476157,33.0,1.1611087385273504,130.0,1.728436355915317,504.0
2014-01-23 00:00:00-05:00,111.58162549682416,114.4698742046475,111.58162549682416,114.43255615234376,993600,WHR,108.72322082519533,0,1.0077225066913467,1.0,0.9906063969925424,2.0,1.013205061086358,34.0,1.17752705514909,131.0,1.7537616406608183,504.0
2014-01-24 00:00:00-05:00,112.2383713316867,113.63397747041364,108.58888952083126,108.72322082519533,1330900,WHR,106.34246826171876,0,0.9744154715397617,1.0,0.9577531228156543,1.0,0.9626187597745804,34.0,1.1173577243482218,131.0,1.664908138938166,504.0
2014-01-27 00:00:00-05:00,110.15613979498109,110.15613979498109,105.88721548576842,106.34246826171876,1925800,WHR,107.39478302001952,1,0.9889301144520806,0.0,0.9547963602476537,1.0,0.942140489177733,33.0,1.0917131652837107,130.0,1.6271300349579132,504.0
2014-01-28 00:00:00-05:00,106.15590809332164,108.3575362768092,105.02896453518596,107.39478302001952,1642900,WHR,105.70063018798828,0,1.0049234036275392,1.0,0.9770770568523539,2.0,0.9517242328663476,34.0,1.1012610725370222,131.0,1.6418302973454149,505.0
2014-01-29 00:00:00-05:00,106.56634720426014,107.80523322523084,105.20805940068186,105.70063018798828,1473000,WHR,98.67781829833984,0,0.9920497921258514,1.0,0.9740311975859673,2.0,0.9370971960554044,34.0,1.0829477440017197,130.0,1.6145870783311598,505.0
2014-01-30 00:00:00-05:00,109.29788273506882,109.70835846267298,97.0583153256732,98.67781829833984,4738100,WHR,99.48383331298828,1,0.9656381974632798,0.0,0.9365084320955344,1.0,0.8762075996436977,33.0,1.0103296917441291,130.0,1.5062577972635793,504.0
2014-01-31 00:00:00-05:00,97.76730581874963,101.73770874260369,97.25981687304264,99.48383331298828,3119400,WHR,94.5506820678711,0,1.0040674621355565,1.0,0.9610116214827553,2.0,0.8849580024420061,33.0,1.0178432289408839,131.0,1.5174764103700462,505.0
2014-02-03 00:00:00-05:00,99.4838263897116,100.24507114316349,92.83415469308898,94.5506820678711,3605300,WHR,97.46878814697266,1,0.9745759086447369,1.0,0.934650394836237,2.0,0.8429884959024936,33.0,0.9668438394320237,131.0,1.4413477464118754,504.0
2014-02-04 00:00:00-05:00,95.73733108865927,97.7449211791869,95.222371681008,97.46878814697266,2339300,WHR,97.3045883178711,0,1.015196928081494,1.0,0.9827825661165829,2.0,0.8704814350538729,34.0,0.9959475515143498,132.0,1.4848716757206444,504.0
2014-02-05 00:00:00-05:00,96.67767483776638,97.5657918290364,95.70747409934198,97.3045883178711,1876000,WHR,99.70774841308594,1,0.9991569698483345,1.0,0.9980250322529391,2.0,0.870265950819521,34.0,0.9935012408581347,132.0,1.481433989017896,503.0
2014-02-06 00:00:00-05:00,97.61059243828709,99.7301369654975,97.40909546658308,99.70774841308594,1890900,WHR,101.90937042236328,1,1.012198018332713,1.0,1.0205174634763605,3.0,0.8928531736478886,34.0,1.017161748249597,132.0,1.5170195487868003,503.0
2014-02-07 00:00:00-05:00,100.40926917608208,102.44671842284174,99.70774226400064,101.90937042236328,1958000,WHR,101.9391860961914,1,1.0109198168389373,2.0,1.0378979714909913,3.0,0.913110756129157,35.0,1.0386077582612745,133.0,1.5494659556681998,503.0
2014-02-10 00:00:00-05:00,101.93172704414071,103.60347712061976,101.2973545959943,101.9391860961914,1519900,WHR,102.96913146972656,1,1.0001462638457557,2.0,1.0228086937398966,4.0,0.9139437391479978,35.0,1.0380327535538294,133.0,1.5488709280914683,503.0
2014-02-11 00:00:00-05:00,101.9242945174291,103.3945253046374,101.70785668510904,102.96913146972656,1507800,WHR,102.93926239013672,0,1.005026371724534,2.0,1.0218637875651277,4.0,0.9238247853058388,35.0,1.0475956957493568,133.0,1.5634356075983,504.0
2014-02-12 00:00:00-05:00,103.46169220295684,104.34980921930996,101.9392026355322,102.93926239013672,1250100,WHR,103.31241607666016,1,0.9998549399612617,1.0,1.010268843300801,4.0,0.9247043301014964,34.0,1.046370752228506,132.0,1.5618745174704334,504.0
2014-02-13 00:00:00-05:00,102.05115285183506,103.80498688182998,101.69291332742038,103.31241607666016,868300,WHR,103.4094696044922,1,1.0018092152718336,1.0,1.006807488726826,4.0,0.9293450418501631,34.0,1.0492354597524274,132.0,1.5664345835111397,504.0
2014-02-14 00:00:00-05:00,103.29752683924494,104.76776922480045,102.7079312412886,103.4094696044922,1381000,WHR,101.99144744873048,0,1.0004694884023153,2.0,1.004815447768914,4.0,0.9314666714900492,35.0,1.049329324991557,132.0,1.5668035890648673,504.0
2014-02-18 00:00:00-05:00,103.7825995401337,104.67071653277355,101.3943929556403,101.99144744873048,1432900,WHR,100.83467864990234,0,0.9930963202301853,1.0,0.990936080811476,3.0,0.9199925336501374,35.0,1.0339667634255207,132.0,1.5442745332235692,503.0
2014-02-19 00:00:00-05:00,102.00638795850529,102.2974619098508,100.52122753445693,100.83467864990234,1257000,WHR,102.99898529052734,1,0.9942967465726501,0.0,0.9837773905042302,2.0,0.910631975572144,35.0,1.021313034624306,132.0,1.5257828531767508,502.0
2014-02-20 00:00:00-05:00,101.07349017261274,103.18556414240432,99.5510117519592,102.99898529052734,1314500,WHR,103.58858489990234,1,1.0106180039095873,1.0,1.0047760096075413,3.0,0.9314563066852517,35.0,1.042273665761182,132.0,1.557492531057503,502.0
2014-02-21 00:00:00-05:00,103.2079567389179,104.23041663103098,103.02884832233212,103.58858489990234,1170900,WHR,105.13343811035156,1,1.0028539936300693,2.0,1.0099834776321703,3.0,0.937999543751954,35.0,1.0471748579872588,133.0,1.5653550286128772,502.0
2014-02-24 00:00:00-05:00,104.118448794284,106.04394373452402,103.60350077643056,105.13343811035156,1219300,WHR,105.02896118164062,0,1.0074014863796779,2.0,1.0216113459951988,3.0,0.9531047083592539,35.0,1.0617406156444533,133.0,1.5875758717937536,503.0
2014-02-25 00:00:00-05:00,105.13344488026382,106.13351615322186,104.663273930394,105.02896118164062,1195300,WHR,106.6744155883789,1,0.9995028752571207,1.0,1.014606611311134,3.0,0.9534886457862525,34.0,1.0596872771008805,132.0,1.5848986386089166,502.0
2014-02-26 00:00:00-05:00,105.58743334142557,107.6639403890902,104.12561740246451,106.6744155883789,1190600,WHR,108.72096252441406,1,1.0077724523427218,1.0,1.0190050237528545,4.0,0.9694540670548767,35.0,1.0752666868952143,132.0,1.6085768708286154,502.0
2014-02-27 00:00:00-05:00,106.50202076913033,109.06580409595294,106.44954015314131,108.72096252441406,1110700,WHR,108.42110443115234,0,1.0095013502795007,2.0,1.027324104156002,4.0,0.9888447755404725,35.0,1.0948108399737766,132.0,1.6382209909555259,502.0
2014-02-28 00:00:00-05:00,108.5035657964277,109.82293620216424,107.22166847054164,108.42110443115234,1284000,WHR,107.3041000366211,0,0.9986190695452711,1.0,1.0152190294340537,3.0,0.9865655944239401,35.0,1.0908219904924004,131.0,1.632493619819149,502.0
2014-03-03 00:00:00-05:00,106.77935123908168,108.23366321988082,106.26958709385347,107.3041000366211,1382700,WHR,109.35816955566406,1,0.9948220960212458,0.0,1.0006918898378527,2.0,0.9769778148952123,35.0,1.0787231823005836,130.0,1.614500413341535,502.0
2014-03-04 00:00:00-05:00,108.63850563000132,110.04033752093066,108.383629184136,109.35816955566406,1108300,WHR,110.78244018554688,1,1.0094805132564535,1.0,1.0116787119144675,3.0,0.9958543429749369,36.0,1.0983942478740454,131.0,1.644151045713962,503.0
2014-03-05 00:00:00-05:00,109.18569407325664,111.41964245309258,108.60097240032373,110.78244018554688,1318200,WHR,110.56507110595705,0,1.0064698223174595,2.0,1.0171238535211464,3.0,1.0086541133118299,37.0,1.1115669182215082,132.0,1.6642642889902641,503.0
2014-03-06 00:00:00-05:00,111.1497928991874,111.5995727346976,110.16025667146384,110.56507110595705,648900,WHR,109.4406280517578,0,0.9990179736906842,1.0,1.0117022488784804,2.0,1.0068348760806114,36.0,1.1083219587583,131.0,1.659738988706911,502.0
2014-03-07 00:00:00-05:00,111.66707360746716,111.99690764944616,109.23822079069248,109.4406280517578,903400,WHR,109.22325134277344,0,0.9948890276092658,0.0,0.9995483268023515,2.0,0.9969735609141352,35.0,1.096098403166633,130.0,1.641651151451695,501.0
2014-03-10 00:00:00-04:00,109.24573977297077,109.2832243028571,108.38365277894708,109.22325134277344,985500,WHR,108.26368713378906,0,0.99900588652508,0.0,0.9940781146913187,2.0,0.9955855861497612,34.0,1.0929685227270307,130.0,1.6371964299926907,500.0
2014-03-11 00:00:00-04:00,109.4106426195737,109.93539162635906,107.75393422396056,108.26368713378906,891400,WHR,107.98631286621094,0,0.9955879455763833,0.0,0.9873117666071173,1.0,0.9871552857791641,34.0,1.0824419597720862,130.0,1.6216112386523047,500.0
2014-03-12 00:00:00-04:00,108.25618539462374,108.27117005160764,106.44953906382328,107.98631286621094,865300,WHR,106.21715545654295,0,0.9987173444273844,0.0,0.9898302470437332,0.0,0.9850660632894661,33.0,1.078739859837757,130.0,1.6163021297032085,499.0
2014-03-13 00:00:00-04:00,108.24868611297704,108.9233731813009,105.31758413744778,106.21715545654295,933500,WHR,106.50950622558594,1,0.9917407620729918,0.0,0.9814365524773052,0.0,0.9696457843417112,32.0,1.0601581764273613,130.0,1.5887524178038215,498.0
2014-03-14 00:00:00-04:00,106.17216844305068,107.20667021358092,105.54996205191416,106.50950622558594,1026000,WHR,108.68351745605467,1,1.0013743024345478,1.0,0.9894976164800845,1.0,0.9731131014747445,32.0,1.0621430785446462,131.0,1.5920360570105394,499.0
2014-03-17 00:00:00-04:00,106.82440125459289,109.7255234388157,106.82440125459289,108.68351745605467,985200,WHR,109.69550323486328,1,1.0101026101742265,2.0,1.0107082658628697,2.0,0.993642331209023,32.0,1.0827891597800183,131.0,1.6233689698969185,500.0
2014-03-18 00:00:00-04:00,109.05080837697814,110.04783713618828,108.55604016167032,109.69550323486328,644600,WHR,109.71048736572266,1,1.004634079663911,2.0,1.0174098688497373,3.0,1.0039410515249274,32.0,1.0918214453815693,131.0,1.637302622483893,500.0
2014-03-19 00:00:00-04:00,110.16777101084747,110.86493497020084,108.50355915079764,109.71048736572266,663900,WHR,108.48859405517578,0,1.0000682940826655,2.0,1.0143047998982364,4.0,1.0048236692738968,33.0,1.0908440069701804,132.0,1.6363465790685243,500.0
2014-03-20 00:00:00-04:00,109.3431886513858,109.38067317831997,107.80641455645709,108.48859405517578,739400,WHR,108.64599609375,1,0.9944000987419838,1.0,0.998813012759586,4.0,0.9947560721495977,32.0,1.0776527130468394,131.0,1.6169687046989785,500.0
2014-03-21 00:00:00-04:00,109.29069096489306,109.90540508237196,108.30865828134638,108.64599609375,1264300,WHR,107.16170501708984,0,1.000724905407592,1.0,0.9963425722682115,4.0,0.9974522352820681,32.0,1.078148073975756,132.0,1.6181289578578686,501.0
2014-03-24 00:00:00-04:00,109.35066611615342,109.50060420350756,106.14969155946984,107.16170501708984,756300,WHR,108.96086883544922,1,0.993122158898779,1.0,0.9854814649711793,3.0,0.985327726747543,31.0,1.062446196368778,131.0,1.5948983458303783,500.0
2014-03-25 00:00:00-04:00,107.85889013939804,109.3056990143107,107.52154085143334,108.96086883544922,772100,WHR,106.9293212890625,0,1.0083247380701053,1.0,1.0033826928831466,3.0,1.0032247346166832,31.0,1.0792809296431554,131.0,1.6205394625744978,500.0
2014-03-26 00:00:00-04:00,109.48561250290722,110.22775344722498,106.83936758397442,106.9293212890625,677800,WHR,107.25914001464844,1,0.9905899033892414,1.0,0.9897445067655934,2.0,0.9860651476460324,31.0,1.0583294574671693,130.0,1.589271543401344,499.0
2014-03-27 00:00:00-04:00,106.71190271419982,108.17370725028456,106.4870070689558,107.25914001464844,681300,WHR,110.01034545898438,1,1.0015398529107422,1.0,0.9950620717006227,3.0,0.9906203558039197,31.0,1.0606763835323814,131.0,1.5930723206025519,500.0
2014-03-28 00:00:00-04:00,107.78390007361364,110.28771030164152,107.60398125102398,110.01034545898438,761200,WHR,112.04190063476562,1,1.0126626407677015,2.0,1.0180084428060352,3.0,1.0171346940742565,32.0,1.08679116199205,132.0,1.6327888675123543,500.0
2014-03-31 00:00:00-04:00,110.63256495424336,112.12436200838492,110.07033143556735,112.04190063476562,909500,WHR,114.92052459716795,1,1.0091489962903755,2.0,1.0275272992507025,4.0,1.03662183093463,33.0,1.1055861883474252,133.0,1.6617470154281393,500.0
2014-04-01 00:00:00-04:00,112.24428776515413,115.60270395889732,111.74202723337616,114.92052459716795,1237500,WHR,115.16793060302734,1,1.0126832622600883,2.0,1.0425309140600791,4.0,1.0636120660423918,33.0,1.132540960240781,134.0,1.7031646388359774,500.0
2014-04-02 00:00:00-04:00,114.92054645429435,115.71516808670674,114.12592482188197,115.16793060302734,781600,WHR,114.7630844116211,0,1.0010752647526104,2.0,1.0293883024136825,5.0,1.0659183769689922,34.0,1.1335616668451574,134.0,1.705507804747621,501.0
2014-04-03 00:00:00-04:00,115.60269410784444,115.75262073402664,114.05841668602956,114.7630844116211,835100,WHR,113.94600677490234,0,0.9982392710640604,1.0,1.012191903682451,4.0,1.0622700855014235,33.0,1.1282204858405436,133.0,1.698218380338908,500.0
2014-04-04 00:00:00-04:00,115.97004539698536,117.476838728377,113.74359948109256,113.94600677490234,1361100,WHR,110.81246185302734,0,0.9964274370009525,0.0,0.9980565233311024,3.0,1.0553050681423972,32.0,1.1189051927256213,132.0,1.684871123002984,499.0
2014-04-07 00:00:00-04:00,113.67609805959884,114.9579952613302,109.40312645160748,110.81246185302734,1276900,WHR,110.93242645263672,1,0.9860581675030793,0.0,0.9727046597677311,2.0,1.0275304141174213,31.0,1.087109755515656,131.0,1.6373955770155586,498.0
2014-04-08 00:00:00-04:00,110.59508860423796,112.34925456684842,109.47062148379467,110.93242645263672,982300,WHR,112.50662994384766,1,1.0005410027736197,1.0,0.9806234913527548,2.0,1.0295928107642944,32.0,1.0873082364498492,131.0,1.6380276430846654,498.0
2014-04-09 00:00:00-04:00,111.9518889846255,113.26376664986812,110.43011180803728,112.50662994384766,871200,WHR,110.48262786865234,0,1.007045337178732,2.0,0.9992406933813271,2.0,1.0445350981418513,33.0,1.1016606673028357,132.0,1.6601202030727087,498.0
2014-04-10 00:00:00-04:00,112.21430511243136,113.22631848726202,110.33268979356411,110.48262786865234,916900,WHR,110.78244018554688,1,0.9909233202753777,1.0,0.9887824661081093,2.0,1.0265989157566477,32.0,1.0806885962735735,132.0,1.6292172153282296,497.0
2014-04-11 00:00:00-04:00,109.77041574618956,113.06885772133067,109.07325199717911,110.78244018554688,1230900,WHR,111.22476959228516,1,1.0013549916375462,1.0,0.9971119037387312,3.0,1.0304758176579447,32.0,1.082568700785153,132.0,1.6326308871946666,497.0
2014-04-14 00:00:00-04:00,111.74202621484493,112.87399692180011,110.1677793621296,111.22476959228516,717500,WHR,113.54119110107422,1,1.0019924100986672,2.0,1.0003506813920737,4.0,1.0357932758699786,32.0,1.0858099306308926,133.0,1.638146790526396,497.0
2014-04-15 00:00:00-04:00,111.92195580655915,114.22335908351954,111.26975714037737,113.54119110107422,1120800,WHR,116.01499938964844,1,1.010305926669872,2.0,1.0164148230138057,4.0,1.057941717030504,33.0,1.107088789694061,134.0,1.6713552580344018,497.0
2014-04-16 00:00:00-04:00,114.64314833738254,116.04499158065026,113.72859240787464,116.01499938964844,1010400,WHR,115.25784301757812,0,1.0107764825827,2.0,1.0320773885206318,4.0,1.0807726445954502,34.0,1.1298954827400205,134.0,1.7067007850875093,498.0
2014-04-17 00:00:00-04:00,116.14992181160828,116.68216300623082,114.78556331752276,115.25784301757812,785300,WHR,115.73014831542967,1,0.996726133668833,1.0,1.0167036290786624,4.0,1.0732893297026176,34.0,1.1212802972824667,133.0,1.6945699462319481,497.0
2014-04-21 00:00:00-04:00,115.72264454794852,116.0824822269469,114.69563500598176,115.73014831542967,597500,WHR,116.08995056152344,1,1.0020447179748433,1.0,1.01203596338012,4.0,1.0774704811550448,34.0,1.1247390829492645,133.0,1.7005083554688456,497.0
2014-04-22 00:00:00-04:00,115.82007807738864,116.62969552979304,115.19037942729663,116.08995056152344,869200,WHR,115.09294128417967,0,1.0015520752852614,2.0,1.0066170561332883,4.0,1.0795862412241497,35.0,1.1269943059869922,134.0,1.7047463731130728,498.0
2014-04-23 00:00:00-04:00,115.70015161566398,115.73763613559984,114.35078896866028,115.09294128417967,722400,WHR,115.94005584716795,1,0.9956873570125198,1.0,0.995293596351102,3.0,1.0688648281754038,35.0,1.1160704766985277,134.0,1.6891397616811816,497.0
2014-04-24 00:00:00-04:00,115.6701832887762,116.38234348938288,114.20087459560526,115.94005584716795,859800,WHR,116.50972747802734,1,1.0036666388503226,1.0,1.0027491958769001,3.0,1.0753096857592714,35.0,1.1229594393343048,135.0,1.7005356221608783,498.0
2014-04-25 00:00:00-04:00,113.44368472723686,116.80208832695196,111.71200804986287,116.50972747802734,1533600,WHR,115.73014831542967,0,1.002450729885441,2.0,1.0054988234913622,4.0,1.0787907207935215,36.0,1.1271190962396496,136.0,1.7077523313653764,499.0
2014-04-28 00:00:00-04:00,116.86959998291474,117.4393372553272,113.19634565949832,115.73014831542967,1414000,WHR,114.14088439941406,0,0.996643215727126,1.0,0.9987709223299921,3.0,1.0687599471538243,36.0,1.1182085099475947,136.0,1.6951930107136273,499.0
2014-04-29 00:00:00-04:00,115.60270054239447,115.7376310818683,112.98643673101836,114.14088439941406,984500,WHR,114.98049926757812,1,0.9930862801752532,0.0,0.9883803680774078,2.0,1.0517106003487324,35.0,1.1015302974054066,136.0,1.6707577622385157,499.0
2014-04-30 00:00:00-04:00,114.07342421445196,115.13791823731448,113.54867525088164,114.98049926757812,585900,WHR,114.09591674804688,0,1.0036644980696536,1.0,0.9958447713418974,3.0,1.056133432565707,36.0,1.108365749701647,136.0,1.6820067780765193,499.0
2014-05-01 00:00:00-04:00,114.6656540193028,116.1724356915388,113.51119481919888,114.09591674804688,752500,WHR,114.32080841064452,1,0.9961384828044851,1.0,0.9913501948119624,2.0,1.045347398020577,35.0,1.0986967853848477,135.0,1.6680331352187148,499.0
2014-05-02 00:00:00-04:00,114.35829293064424,116.14994317540196,113.48870239679732,114.32080841064452,643200,WHR,114.3133316040039,0,1.0009845674060924,1.0,0.9970969697568985,2.0,1.0446933480850897,36.0,1.0997291216645066,135.0,1.6703839497326742,499.0
2014-05-05 00:00:00-04:00,113.95349388955022,115.28036829475444,113.22633756976442,114.3133316040039,487100,WHR,111.98190307617188,0,0.9999672979431674,1.0,0.9995019993139233,2.0,1.0423064189356943,35.0,1.0986400667123857,134.0,1.6692944537870678,499.0
2014-05-06 00:00:00-04:00,113.96096416941984,114.60565892002845,111.86195720660103,111.98190307617188,884700,WHR,113.77357482910156,1,0.9896974033451166,0.0,0.9828276755831904,2.0,1.019487989926986,34.0,1.075363845145121,133.0,1.6343123818268734,499.0
2014-05-07 00:00:00-04:00,112.41671980586874,113.82604400792108,110.69253477621982,113.77357482910156,872900,WHR,113.16637420654295,0,1.0079363378889148,1.0,1.0006725579706481,2.0,1.0339428154448316,34.0,1.091646585687857,133.0,1.6594904541222493,499.0
2014-05-08 00:00:00-04:00,113.6611310381566,114.56071387091784,112.49919085006994,113.16637420654295,560500,WHR,113.59366607666016,1,0.9973243995817447,1.0,0.9969622008794404,2.0,1.0268387961300676,33.0,1.085027252867296,132.0,1.6496245938705856,499.0
2014-05-09 00:00:00-04:00,112.88899819372914,113.64614669880947,111.80950794231744,113.59366607666016,562500,WHR,116.85458374023438,1,1.0018843349541813,1.0,1.0020102727502975,2.0,1.0290578495708813,34.0,1.0882917917954462,133.0,1.6547581189880898,500.0
2014-05-12 00:00:00-04:00,114.22332432762003,117.15443695301464,114.1483667437584,116.85458374023438,886600,WHR,113.608642578125,0,1.0141503251431296,2.0,1.0261742173008004,3.0,1.0564388052810836,34.0,1.1185932088159807,133.0,1.700945565235058,501.0
2014-05-13 00:00:00-04:00,116.21740260994343,116.44229827997428,112.31925293786176,113.608642578125,1615800,WHR,108.88497924804688,0,0.9859155787499674,1.0,0.9948272418939507,3.0,1.025517462278374,33.0,1.0867837569642669,132.0,1.652595347381781,500.0
2014-05-14 00:00:00-04:00,113.54835912122532,113.75930260375988,108.0487349081572,108.88497924804688,2546300,WHR,108.58367919921876,0,0.9787694438550306,0.0,0.9616975202740019,2.0,0.9818598168368994,33.0,1.041032893181378,132.0,1.5829105532314764,500.0
2014-05-15 00:00:00-04:00,108.57613811032218,108.65148002591384,106.02974460030978,108.58367919921876,1800100,WHR,109.9773941040039,1,0.9986145127717282,0.0,0.9668632089523251,2.0,0.978003891502077,33.0,1.0376787216675871,131.0,1.577595006684414,499.0
2014-05-16 00:00:00-04:00,108.922676437179,110.26367954023942,107.56660265443236,109.9773941040039,1491300,WHR,109.60070037841795,0,1.0063767755333612,1.0,0.9856207655017618,2.0,0.9895203747829725,33.0,1.0504276578255074,132.0,1.5968648236555127,500.0
2014-05-19 00:00:00-04:00,109.21648428837182,109.85685593400837,108.41791075088788,109.60070037841795,830900,WHR,108.79459381103516,0,0.9982844658230873,1.0,0.9951841139896992,1.0,0.9852428160687511,32.0,1.046319817071428,131.0,1.590518676480591,499.0
2014-05-20 00:00:00-04:00,109.25415178447696,110.060254888053,108.08642137698786,108.79459381103516,573300,WHR,109.54795837402344,1,0.9963089563336308,0.0,0.9965770682329157,1.0,0.9774602523768349,31.0,1.0380845360938613,131.0,1.5779663364822702,499.0
2014-05-21 00:00:00-04:00,109.08085934955211,109.7363016028507,108.89251612072484,109.54795837402344,725200,WHR,109.90959930419922,1,1.0034503790280411,1.0,1.0022606701263685,2.0,0.9835632667477223,32.0,1.044754862951392,131.0,1.587930669842179,500.0
2014-05-22 00:00:00-04:00,109.19389716999989,110.58010089242651,108.78706926512967,109.90959930419922,597800,WHR,110.94171905517578,1,1.0016478855137267,2.0,1.0031355525948913,3.0,0.9863327213127652,32.0,1.0476290770442978,132.0,1.5922718840942582,500.0
2014-05-23 00:00:00-04:00,110.18834595186478,111.13760341919586,109.8192004884016,110.94171905517578,554700,WHR,108.26721954345705,0,1.0046733692089493,2.0,1.0107763900489801,3.0,0.995264421749016,32.0,1.0568584057807409,132.0,1.606256174322222,501.0
2014-05-27 00:00:00-04:00,111.31084086159332,111.48411340187722,107.58917706727011,108.26721954345705,1281000,WHR,107.92820739746094,0,0.9877993136191601,1.0,0.9888120042108891,3.0,0.9712936837263805,32.0,1.0308388317337704,132.0,1.5665632077467302,501.0
2014-05-28 00:00:00-04:00,108.48570753290636,108.93019482566947,107.39331902699936,107.92820739746094,661700,WHR,107.8980484008789,0,0.9984319180530644,0.0,0.9872782033190812,3.0,0.96816197050699,32.0,1.0271184390939232,131.0,1.5606482565380728,501.0
2014-05-29 00:00:00-04:00,108.50074891242546,109.17877980319275,107.29534788933236,107.8980484008789,637000,WHR,108.14666748046876,1,0.9998602626150814,0.0,0.9899906343544802,2.0,0.9681027668235819,31.0,1.0263068547788952,131.0,1.559231769588132,500.0
2014-05-30 00:00:00-04:00,107.94325360619938,108.6815557296778,107.36315333283088,108.14666748046876,1053300,WHR,108.0412139892578,0,1.0011507760260445,1.0,0.9954922565590932,2.0,0.9707160832045919,31.0,1.028097973163747,132.0,1.5618508172759331,500.0
2014-06-02 00:00:00-04:00,108.62130286500673,108.62130286500673,107.64192725844526,108.0412139892578,492600,WHR,108.10903930664062,1,0.9995122136796288,1.0,0.9998606524835898,1.0,0.9701358309305618,31.0,1.0264177659722002,132.0,1.5594327640754495,499.0
2014-06-03 00:00:00-04:00,107.91316644002713,108.91515403745844,107.63441057744654,108.10903930664062,747800,WHR,106.67005920410156,0,1.0003137878228159,1.0,1.0007813402142312,2.0,0.9709383434647347,32.0,1.0262983722488497,133.0,1.5594920139515593,500.0
2014-06-04 00:00:00-04:00,107.57410432610487,108.00353236900196,106.65500002388433,106.67005920410156,986000,WHR,107.88300323486328,1,0.9933001855743095,1.0,0.9897660228992683,2.0,0.95838098486169,32.0,1.0120304003492848,132.0,1.5378598154481933,500.0
2014-06-05 00:00:00-04:00,107.77000189153588,108.417903082917,106.3310568101863,107.88300323486328,891700,WHR,108.5384750366211,1,1.0056533522149411,1.0,1.001048590473387,3.0,0.9693339805168667,33.0,1.0229253888935348,132.0,1.554501200629187,500.0
2014-06-06 00:00:00-04:00,107.94330381171268,108.71927723512536,107.62688846876826,108.5384750366211,672100,WHR,106.92620849609376,0,1.0030286818433778,2.0,1.0063989558499988,3.0,0.9751427948607583,34.0,1.0285489794259732,132.0,1.5630863466183356,500.0
2014-06-09 00:00:00-04:00,108.68156870493104,108.80964071644816,106.80567757061512,106.92620849609376,981400,WHR,107.9959945678711,1,0.9925172584476819,1.0,0.9935038676879028,3.0,0.9605557154751964,34.0,1.0126885728469057,132.0,1.5390432652464765,500.0
2014-06-10 00:00:00-04:00,106.92619508479912,108.01105374694338,106.26323484336604,107.9959945678711,926400,WHR,106.1954345703125,0,1.0049775502787814,1.0,1.0036546135379978,3.0,0.9699501069275942,34.0,1.0221561016581913,133.0,1.5535778455888576,501.0
2014-06-11 00:00:00-04:00,107.12207989227808,107.58163775847436,105.82627776121824,106.1954345703125,884400,WHR,104.38736724853516,0,0.9915936879229795,1.0,0.9877926222296544,3.0,0.9541339995735891,33.0,1.0046699713038485,132.0,1.5268999469605886,500.0
2014-06-12 00:00:00-04:00,106.08245659934065,106.48928448104776,104.15382344393606,104.38736724853516,1331900,WHR,104.13874053955078,0,0.9914139839238499,0.0,0.9773302284701908,2.0,0.938635149018905,32.0,0.9872350293327777,131.0,1.5000977324577143,500.0
2014-06-13 00:00:00-04:00,104.29695391843336,104.40995526366449,103.16689448388615,104.13874053955078,1179800,WHR,104.2517318725586,1,0.998807695057364,0.0,0.98310176830754,1.0,0.9371820874753554,31.0,0.9845654418742786,130.0,1.4957241353305395,500.0
2014-06-16 00:00:00-04:00,104.37226278408582,105.1633065241834,103.24974466784252,104.2517318725586,756200,WHR,103.96546936035156,0,1.0005422096878995,1.0,0.9891632970380762,2.0,0.9387955269435435,32.0,0.9853202236634998,130.0,1.4964935666213772,501.0
2014-06-17 00:00:00-04:00,103.9955992209607,104.51542840705191,102.94088166625326,103.96546936035156,932700,WHR,105.31402587890624,1,0.9986251735662952,1.0,0.9940501696849173,1.0,0.9368758415550361,31.0,0.9822357274042309,130.0,1.4915749461965966,500.0
2014-06-18 00:00:00-04:00,104.15383630469856,105.48730997741114,103.27992070588346,105.31402587890624,684100,WHR,104.94483947753906,0,1.0064438062458672,1.0,1.008644250722948,2.0,0.9492916736855775,32.0,0.9943617547888196,131.0,1.5100592448882029,501.0
2014-06-19 00:00:00-04:00,105.374256020967,105.75848352859748,104.72635491524775,104.94483947753906,643700,WHR,104.62090301513672,0,0.9982441339596249,1.0,1.0040362236775828,2.0,0.9465349372578857,31.0,0.9900850281552538,131.0,1.5038302802666788,501.0
2014-06-20 00:00:00-04:00,105.5098891173944,105.69069127709736,104.44010085543376,104.62090301513672,997700,WHR,104.96746826171876,1,0.998454248969563,0.0,1.0000144246127007,2.0,0.9439407932664033,31.0,0.9862111116946238,131.0,1.4982328838174725,501.0
2014-06-23 00:00:00-04:00,104.21409521296935,106.1728582423815,103.3100498535822,104.96746826171876,952100,WHR,104.66609954833984,0,1.0016535518858738,1.0,1.0019561100813654,2.0,0.9473941550646491,31.0,0.9887073870093182,131.0,1.5021946790801866,502.0
2014-06-24 00:00:00-04:00,104.98252630682587,106.41393032895635,104.33462510305375,104.66609954833984,782400,WHR,104.71131896972656,1,0.9985624024027872,1.0,0.9977448839555687,2.0,0.9454341727704165,30.0,0.9850729350972565,131.0,1.496872890687462,502.0
2014-06-25 00:00:00-04:00,104.31956178512846,104.81679073147684,103.37031592937596,104.71131896972656,964900,WHR,104.0483169555664,0,1.000215970861169,1.0,0.9993242465335742,2.0,0.9468876204329048,30.0,0.9847808676863589,131.0,1.4965011456244617,503.0
2014-06-26 00:00:00-04:00,104.83936068774216,104.83936068774216,103.106600963823,104.0483169555664,839600,WHR,104.31201934814452,1,0.9968240890475714,1.0,0.9946989537435575,2.0,0.9424364703440777,29.0,0.97782873431906,131.0,1.4861263810385243,502.0
2014-06-27 00:00:00-04:00,104.0558638192434,104.94484984071768,103.67917736001294,104.31201934814452,1459400,WHR,104.88460540771484,1,1.0012656074436055,1.0,0.9978092311073183,3.0,0.9463759452064772,29.0,0.9796216171255555,131.0,1.4889888921649284,502.0
2014-06-30 00:00:00-04:00,104.65106158265112,105.44963524082829,103.70934519412872,104.88460540771484,775300,WHR,106.88101959228516,1,1.0027370712134507,2.0,1.0034454454040034,3.0,0.9529942637307409,30.0,0.9843019132818381,131.0,1.4962728425878435,502.0
2014-07-01 00:00:00-04:00,105.2462016265928,107.66453391872268,105.2462016265928,106.88101959228516,1058100,WHR,105.66806030273438,0,1.009427470509297,2.0,1.0182300649126972,4.0,0.9721740436706079,31.0,1.0022153618994092,132.0,1.523778870934925,503.0
2014-07-02 00:00:00-04:00,106.5645757359557,106.91113226728518,105.33658594107698,105.66806030273438,631000,WHR,107.38577270507812,1,0.9942932743338627,1.0,1.0048427327101341,3.0,0.9618913027787088,31.0,0.9900616222361484,132.0,1.5056078334522325,502.0
2014-07-03 00:00:00-04:00,105.97696900034666,107.46864418744812,105.67562442566954,107.38577270507812,405600,WHR,105.59275817871094,0,1.0080623398231974,1.0,1.0147361979075535,4.0,0.9780538314678705,31.0,1.005274466346351,133.0,1.5291699137842494,502.0
2014-07-07 00:00:00-04:00,106.59474560775212,107.23510573458049,105.44208588390188,105.59275817871094,907400,WHR,107.52891540527344,1,0.9915812428655284,1.0,0.9953839198678868,3.0,0.9627337162469944,30.0,0.9877097291966975,132.0,1.502760381040454,502.0
2014-07-08 00:00:00-04:00,105.49481078723475,108.72678710421994,104.92978108802627,107.52891540527344,1973200,WHR,106.30846405029295,0,1.009084750480807,1.0,1.0086070625101038,3.0,0.9808267100540252,31.0,1.0051030302950639,132.0,1.5293217809143596,503.0
2014-07-09 00:00:00-04:00,107.54399530536232,108.01108288485206,106.11259120950427,106.30846405029295,1452100,WHR,104.8770751953125,0,0.9942926191946058,1.0,0.9982315892260764,2.0,0.9703543373211685,30.0,0.993134762268156,131.0,1.5110233963043398,502.0
2014-07-10 00:00:00-04:00,104.20657359046886,105.25376174849568,103.62647307980956,104.8770751953125,1655500,WHR,106.04476928710938,1,0.9932221265712905,0.0,0.9862559601933493,2.0,0.9582143303615999,29.0,0.9792625927099076,131.0,1.4897432103284798,502.0
2014-07-11 00:00:00-04:00,105.41193878604466,108.62130332335168,104.83183841228936,106.04476928710938,1451500,WHR,104.95238494873048,0,1.0055361458395278,1.0,0.9997583950178881,2.0,0.9699902890709238,29.0,0.9896577537196743,131.0,1.505323689073817,503.0
2014-07-14 00:00:00-04:00,106.44406018694242,106.47420154277808,104.37228455226398,104.95238494873048,1043600,WHR,105.44966888427734,1,0.9948227532151553,1.0,0.9906558888647561,2.0,0.961620027936036,28.0,0.978899616392824,131.0,1.488846086458424,502.0
2014-07-15 00:00:00-04:00,104.9072391517827,105.9694983358818,104.45521054284885,105.44966888427734,1035000,WHR,105.9242172241211,1,1.0023634937325354,1.0,0.9992721865228013,2.0,0.9676256532342907,29.0,0.9829410587185368,132.0,1.4949122915096706,503.0
2014-07-16 00:00:00-04:00,105.78860414634175,106.83579184832604,104.90715937522316,105.9242172241211,1654900,WHR,104.68871307373048,0,1.002245066070273,2.0,1.0045006715265854,3.0,0.973440048922663,29.0,0.9867149121646033,133.0,1.5006704623029679,503.0
2014-07-17 00:00:00-04:00,105.0804587417188,105.41947427944532,104.3948980749596,104.68871307373048,969500,WHR,105.09552001953124,1,0.9941337687641336,1.0,0.9931389410292374,3.0,0.9637688200378546,28.0,0.9748655651836101,132.0,1.4822070358766861,503.0
2014-07-18 00:00:00-04:00,105.54000727358311,106.20297910712364,105.0201781309714,105.09552001953124,940100,WHR,105.73590087890624,1,1.0019391683531331,1.0,0.9987970130842445,3.0,0.9690002954114777,29.0,0.9783722150725255,132.0,1.4869687481453966,504.0
2014-07-21 00:00:00-04:00,104.4551576341713,106.02217479036672,104.4551576341713,105.73590087890624,744500,WHR,107.88300323486328,1,1.0030374071219843,2.0,1.003388697244451,4.0,0.9764358463208236,29.0,0.9840098522551021,133.0,1.4950106418810067,505.0
2014-07-22 00:00:00-04:00,105.92424047864876,108.5535046949099,105.8714988547234,107.88300323486328,1536400,WHR,109.4198989868164,1,1.0100510877764521,2.0,1.0190575107421094,4.0,0.9975881683026295,29.0,1.0035472956287828,134.0,1.5242725985975527,506.0
2014-07-23 00:00:00-04:00,103.13675941133272,109.4952293897067,101.98409963751789,109.4198989868164,5960500,WHR,110.67803192138672,1,1.0070725965288088,2.0,1.0267939968253184,4.0,1.0127847003909272,30.0,1.0173260542500653,135.0,1.544895137834661,506.0
2014-07-24 00:00:00-04:00,109.2315571182121,112.10190645385237,108.7117279007856,110.67803192138672,3281800,WHR,112.16970825195312,1,1.00571624153566,2.0,1.027055438556725,5.0,1.0249774537215606,31.0,1.0284779642066033,135.0,1.5615027438719602,507.0
2014-07-25 00:00:00-04:00,110.30134638504128,112.31285096474151,109.67604540028982,112.16970825195312,1587000,WHR,111.22044372558594,0,1.0066937018495503,2.0,1.0274086221215604,5.0,1.0392425748052339,31.0,1.0417342491951078,135.0,1.5813568085242886,507.0
2014-07-28 00:00:00-04:00,112.1546187545176,112.43337454153968,111.12250157104644,111.22044372558594,1575800,WHR,109.61575317382812,0,0.9957506429089916,1.0,1.008580668494266,4.0,1.0309054609951904,31.0,1.03238653909204,134.0,1.566807705374578,507.0
2014-07-29 00:00:00-04:00,111.22044107412655,111.61218669182936,109.3294678031118,109.61575317382812,1536900,WHR,107.57412719726562,0,0.9927335709712085,0.0,0.9909147797161753,3.0,1.0167705831914555,30.0,1.0170918920995167,133.0,1.54308260455518,507.0
2014-07-30 00:00:00-04:00,109.57810216573236,110.09040179097312,106.70022324101232,107.57412719726562,2393500,WHR,107.46112060546876,0,0.9905998107597179,0.0,0.9757147710819992,2.0,0.9988736106364134,30.0,0.997906965564038,132.0,1.5133057169440052,506.0
2014-07-31 00:00:00-04:00,107.46865019681118,108.3651658756106,106.15024749164952,107.46112060546876,1902700,WHR,108.11656188964844,1,0.9994744741015644,0.0,0.9804110514896738,1.0,0.9985228853451918,30.0,0.9966506314708181,131.0,1.5106361151675776,506.0
2014-08-01 00:00:00-04:00,107.09951517303536,109.6911202952774,106.63995715431732,108.11656188964844,1539600,WHR,109.82671356201172,1,1.0030403948896451,1.0,0.9937403084217078,1.0,1.0054941009587843,30.0,1.0024775306903553,132.0,1.5187002747909635,507.0
2014-08-04 00:00:00-04:00,108.56105245668655,110.50474465478456,108.56105245668655,109.82671356201172,1233400,WHR,108.40283966064452,0,1.007846774206817,2.0,1.0120518989342877,2.0,1.0219276743851637,31.0,1.0178677397014035,133.0,1.5415025460943848,508.0
2014-08-05 00:00:00-04:00,109.00554035503322,110.26367187570632,107.97342303170085,108.40283966064452,1020600,WHR,109.84174346923828,1,0.9934753387873435,1.0,1.0011689271769093,2.0,1.0094912994147507,30.0,1.0042905883053512,132.0,1.5203251487591893,508.0
2014-08-06 00:00:00-04:00,108.07131300167596,110.6403167029284,108.02611247834338,109.84174346923828,1104900,WHR,107.41592407226562,0,1.0065930791406512,1.0,1.0102267057826428,3.0,1.0240055253654543,30.0,1.0171881493913515,132.0,1.5392748896828057,508.0
2014-08-07 00:00:00-04:00,110.0678002597322,110.18080161187947,107.14470933155246,107.41592407226562,1297100,WHR,111.61219787597656,1,0.9888343669320244,1.0,0.9879983132923942,3.0,1.0023551596466818,30.0,0.9943968602121102,131.0,1.504162428946125,507.0
2014-08-08 00:00:00-04:00,107.815203268346,111.7026104469013,107.79260299950457,111.61219787597656,1670600,WHR,111.28829193115234,0,1.0191586074262307,1.0,1.0200357930684556,3.0,1.041071251373674,31.0,1.0327945154859184,131.0,1.561680028268589,507.0
2014-08-11 00:00:00-04:00,111.82318047480533,112.23753804102006,111.11501931093996,111.28829193115234,941000,WHR,109.80410766601562,0,0.9985468585326821,1.0,1.0143656998755803,2.0,1.0376137210752923,31.0,1.0293441707633917,131.0,1.5558877250595284,507.0
2014-08-12 00:00:00-04:00,111.09991006206204,111.7026107222909,109.2692078124783,109.80410766601562,774800,WHR,109.73631286621094,0,0.9932870407673854,0.0,0.998287652181836,2.0,1.0238032666287191,30.0,1.0151710724069172,131.0,1.5339219048607102,507.0
2014-08-13 00:00:00-04:00,110.24107139180953,110.51981572050556,108.82472648707584,109.73631286621094,1079800,WHR,112.94567108154295,1,0.9996911967297852,0.0,0.997862588937675,1.0,1.023149592409734,30.0,1.0141090642136035,130.0,1.5317649716235642,506.0
2014-08-14 00:00:00-04:00,110.105451846391,113.05868392117522,110.105451846391,112.94567108154295,1455100,WHR,111.83067321777344,0,1.0144122939738358,1.0,1.0168203091311936,2.0,1.0523938642983348,31.0,1.0432235885611107,130.0,1.5752114135831534,507.0
2014-08-15 00:00:00-04:00,113.4504203270667,113.48809127053914,110.81361522180735,111.83067321777344,698500,WHR,113.19430541992188,1,0.9950395230990821,1.0,1.0063863877460846,1.0,1.04163539515002,30.0,1.0323769902891327,130.0,1.558370334978371,506.0
2014-08-18 00:00:00-04:00,112.62927560917352,113.72920536547714,112.47106220411716,113.19430541992188,920800,WHR,115.1906967163086,1,1.0060599148165856,1.0,1.0151754060136033,2.0,1.0537994572003095,30.0,1.0444284868488354,130.0,1.5760133233287434,507.0
2014-08-19 00:00:00-04:00,113.75929299211391,115.5447828525511,113.65382125975808,115.1906967163086,1358100,WHR,115.79341888427734,1,1.0087413414966535,2.0,1.0231939573100732,3.0,1.07167863215053,30.0,1.0621508860931073,131.0,1.6024002181654164,507.0
2014-08-20 00:00:00-04:00,114.71610109510428,116.09477495840738,114.62568852508586,115.79341888427734,702100,WHR,114.42228698730467,0,1.0026093663038327,2.0,1.0175977594562096,4.0,1.0760303385760008,31.0,1.067134076788693,131.0,1.6093385731493504,508.0
2014-08-21 00:00:00-04:00,114.97224602042712,115.28866127902738,113.39769931850245,114.42228698730467,972300,WHR,114.4072494506836,0,0.9940441426800936,1.0,1.0029452336709241,3.0,1.0622204887109008,31.0,1.0539106960578755,131.0,1.5888828147355958,508.0
2014-08-22 00:00:00-04:00,114.51272123410304,114.98735000727166,113.7593480680892,114.4072494506836,548200,WHR,113.48812866210938,0,0.9999342849841188,0.0,0.9983041942220348,3.0,1.0610123252871968,31.0,1.0531518502308659,131.0,1.587335166631849,507.0
2014-08-25 00:00:00-04:00,115.04007548181563,115.04007548181563,113.28471469678462,113.48812866210938,603500,WHR,114.26410675048828,1,0.9959669178191086,0.0,0.9897765233120795,2.0,1.051620173497241,30.0,1.04398789863302,131.0,1.573267034354578,507.0
2014-08-26 00:00:00-04:00,113.76687770180736,114.56546291433833,113.2997900172926,114.26410675048828,785200,WHR,115.46788787841795,1,1.0034071151353274,1.0,0.9981574026975771,2.0,1.0577940530112158,31.0,1.0504099942661715,131.0,1.5827136152779908,507.0
2014-08-27 00:00:00-04:00,114.43064147960378,115.59659635798212,113.9536541621058,115.46788787841795,838600,WHR,115.46788787841795,0,1.0052399367788285,2.0,1.0092470637349769,2.0,1.0677256958885681,31.0,1.0607336886246934,131.0,1.597989680961859,508.0
2014-08-28 00:00:00-04:00,114.71077102026187,115.83887929788156,114.41549590768844,115.46788787841795,742800,WHR,115.85404205322266,1,1.0,1.0,1.0074057125640512,2.0,1.066279943351717,31.0,1.0599595906886712,131.0,1.5966168255163284,507.0
2014-08-29 00:00:00-04:00,115.10449209350806,116.06603388073398,114.98335060559069,115.85404205322266,515400,WHR,116.1341323852539,1,1.0016693366466327,1.0,1.008229435977639,3.0,1.068534977947083,31.0,1.0627111481317537,132.0,1.600547276372207,508.0
2014-09-02 00:00:00-04:00,116.2174156859636,116.474832596272,115.4375863941748,116.1341323852539,577200,WHR,116.02810668945312,0,1.0012073474551417,2.0,1.0060337440086633,4.0,1.069869110651503,31.0,1.0645682964427756,132.0,1.6029588769678005,509.0
2014-09-03 00:00:00-04:00,115.93725640391156,117.05778561875552,115.74797727391244,116.02810668945312,687000,WHR,116.58845520019533,1,0.9995433120552966,1.0,1.0020528065292573,3.0,1.0674006727436842,31.0,1.0628240646717442,132.0,1.60002197739872,509.0
2014-09-04 00:00:00-04:00,116.12661335140582,117.73926476382728,115.70262966452152,116.58845520019533,842600,WHR,115.08928680419922,0,1.002408893443314,1.0,1.0049470560662277,3.0,1.0711444317600545,31.0,1.0672149403311857,132.0,1.6062695626252292,509.0
2014-09-05 00:00:00-04:00,116.30067794945512,116.3688156687967,114.89244065298504,115.08928680419922,1077300,WHR,115.52090454101562,1,0.9935290788703921,1.0,0.9926727050101765,3.0,1.0559329479512447,31.0,1.0529400434287155,131.0,1.5841966923085946,508.0
2014-09-08 00:00:00-04:00,114.5745083623332,116.95185510107596,114.47607946289014,115.52090454101562,959700,WHR,114.5215072631836,0,1.0018716334013629,1.0,0.9969684475451616,3.0,1.0580916130901916,32.0,1.0563572058021076,131.0,1.5887042338230124,509.0
2014-09-09 00:00:00-04:00,115.5890449499186,115.5890449499186,113.37069780139088,114.5215072631836,604000,WHR,116.23255920410156,1,0.995655595548691,1.0,0.9911021381912992,2.0,1.047277907612292,32.0,1.0466968629026567,131.0,1.5735915000459584,508.0
2014-09-10 00:00:00-04:00,114.39275961277204,116.3991258025819,114.39275961277204,116.23255920410156,770400,WHR,116.1190185546875,0,1.0074150456679407,1.0,1.00555423122954,3.0,1.060987752939825,32.0,1.0617154359240826,132.0,1.5957596200957864,508.0
2014-09-11 00:00:00-04:00,115.74803865686894,116.38401409828997,115.55118086355716,116.1190185546875,523900,WHR,115.16504669189452,0,0.9995113411731082,1.0,1.0053885827236864,2.0,1.0579951154788105,32.0,1.0601235785355732,131.0,1.5928429331769878,508.0
2014-09-12 00:00:00-04:00,116.10387576260275,116.5732845216136,114.84705899520785,115.16504669189452,735500,WHR,115.9675750732422,1,0.9958753238716385,0.0,0.9969980509583005,2.0,1.047735856487388,31.0,1.0510220261003986,130.0,1.5784050374484704,508.0
2014-09-15 00:00:00-04:00,115.53602451876635,117.4969541939268,115.00603353396826,115.9675750732422,949100,WHR,115.53601837158205,0,1.0034721554024648,1.0,1.0031698105357574,2.0,1.0532766092866057,32.0,1.0579718653514345,130.0,1.5880170398968936,509.0
2014-09-16 00:00:00-04:00,115.30888104056574,116.83826007987854,114.89246452581664,115.53601837158205,765300,WHR,116.83074188232422,1,0.9981358531190013,1.0,0.997685528076259,2.0,1.047626022694254,32.0,1.0538724829500838,129.0,1.5807862338090106,508.0
2014-09-17 00:00:00-04:00,115.70264475813528,117.33044195820564,115.70264475813528,116.83074188232422,650000,WHR,116.51272583007812,0,1.0055718963819413,1.0,1.0078246460661038,2.0,1.0574700862364688,32.0,1.0654651521454814,130.0,1.5971171720897517,509.0
2014-09-18 00:00:00-04:00,117.3834056929592,117.42126385062528,116.24016326864522,116.51272583007812,547100,WHR,117.97394561767578,1,0.9986371332552663,1.0,1.0043990828238594,2.0,1.0527103049817488,32.0,1.062312869507515,130.0,1.591417533915958,508.0
2014-09-19 00:00:00-04:00,117.17139210340366,118.20864997783576,116.59598749292486,117.97394561767578,1096400,WHR,116.30072021484376,0,1.0062315686370398,1.0,1.0120941442253109,3.0,1.0637880896885408,32.0,1.0752725628379367,131.0,1.610004201719852,508.0
2014-09-22 00:00:00-04:00,117.53482438170506,117.53482438170506,115.95244137939132,116.30072021484376,974600,WHR,115.4527587890625,0,0.9928578474463468,1.0,0.9971696148662226,2.0,1.0467728875469968,32.0,1.0597997945370938,130.0,1.5858588040031862,507.0
2014-09-23 00:00:00-04:00,115.59660129399768,116.24015527198492,115.23318842131712,115.4527587890625,596400,WHR,116.45972442626952,1,0.9963411059483299,0.0,0.9900404934202314,2.0,1.037407018366195,31.0,1.0518770335740946,130.0,1.5730040991073502,507.0
2014-09-24 00:00:00-04:00,115.4603245959526,116.815558732618,114.0520867322158,116.45972442626952,1039600,WHR,113.9687728881836,0,1.0043420070504443,1.0,0.999311390367698,2.0,1.044644291634686,31.0,1.0607907753244918,131.0,1.585397047045954,508.0
2014-09-25 00:00:00-04:00,115.891855724414,116.41425652923132,113.7794937182301,113.9687728881836,686200,WHR,114.1656494140625,1,0.9891899154526592,1.0,0.982225368896167,2.0,1.0212183412232347,30.0,1.0379338153875535,131.0,1.5502882374851858,507.0
2014-09-26 00:00:00-04:00,113.93852359188952,114.53664084475632,113.27225703968408,114.1656494140625,452500,WHR,112.71955871582033,0,1.0008629847433461,1.0,0.990423524942789,2.0,1.0216858893897238,31.0,1.0395240696027135,132.0,1.5517468394157392,508.0
2014-09-29 00:00:00-04:00,113.27981778310354,113.38581367848302,112.02301261008569,112.71955871582033,811900,WHR,110.27408599853516,0,0.993626333289148,1.0,0.9839923053690507,2.0,1.0079427355267785,30.0,1.0261621909839378,132.0,1.5309001002003453,508.0
2014-09-30 00:00:00-04:00,112.66657848184276,112.99214479797016,109.78196457153128,110.27408599853516,1159700,WHR,107.1698760986328,0,0.9890334420946494,0.0,0.9714275717436258,2.0,0.9853877398034341,30.0,1.0037150594034274,132.0,1.4966037729735293,507.0
2014-10-01 00:00:00-04:00,110.02420942297206,110.14533932047398,106.75345958404466,107.1698760986328,1499400,WHR,108.31316375732422,1,0.9857240924513911,0.0,0.9597910705226493,1.0,0.9577003350728845,29.0,0.9753336167040776,132.0,1.4534884390198908,506.0
2014-10-02 00:00:00-04:00,106.81407522708778,108.51002158483196,106.47337486376442,108.31316375732422,1133500,WHR,108.34343719482422,1,1.0053056967242324,1.0,0.979957172086518,2.0,0.9676281664601468,30.0,0.9855761505602186,132.0,1.4679928909202966,506.0
2014-10-03 00:00:00-04:00,108.97183407972554,109.47911258867904,107.81344610220864,108.34343719482422,1225900,WHR,108.94151306152344,1,1.0001397300491512,2.0,0.9906679809540597,2.0,0.9673993244515876,31.0,0.9856069347780969,133.0,1.467434888965278,506.0
2014-10-06 00:00:00-04:00,109.36549653224928,110.68288364716152,108.75980090863388,108.94151306152344,729300,WHR,107.5711669921875,0,1.0027524955869866,2.0,1.0030669616039798,3.0,0.9723203962760352,31.0,0.9907116423077292,134.0,1.4745208679744262,507.0
2014-10-07 00:00:00-04:00,108.4797049316997,108.72198787700252,107.16231741016064,107.5711669921875,1184400,WHR,108.97183227539062,1,0.9936708276439237,1.0,0.995404141804451,3.0,0.9597159807102068,31.0,0.9780213457942432,133.0,1.454999025729116,507.0
2014-10-08 00:00:00-04:00,107.41217327541789,109.10055231759452,105.88280542161807,108.97183227539062,835300,WHR,106.9654769897461,0,1.0064683009284099,1.0,1.0050135435758643,4.0,0.971703366591562,31.0,0.9905607162383007,133.0,1.472949599563271,507.0
2014-10-09 00:00:00-04:00,109.03998149897014,109.48667770685488,106.54149336513092,106.9654769897461,841600,WHR,106.47333526611328,0,0.990708621439841,1.0,0.9889679843126005,3.0,0.9536650896600901,30.0,0.9722299680254177,132.0,1.4448920392304643,507.0
2014-10-10 00:00:00-04:00,106.96545654648286,108.11627727384128,105.97363542431071,106.47333526611328,1230600,WHR,106.31431579589844,0,0.997694225720096,0.0,0.9878338012936367,2.0,0.9490256675557069,30.0,0.9674431046730336,132.0,1.4373143674551503,507.0
2014-10-13 00:00:00-04:00,107.29100271807904,109.16107016566886,106.24617807184389,106.31431579589844,1304600,WHR,110.03182220458984,1,0.9992526846862533,0.0,0.9911904112314603,1.0,0.9474367433240428,29.0,0.9657105876794443,131.0,1.434249700199417,506.0
2014-10-14 00:00:00-04:00,107.20020028012028,111.28106071535296,106.77621658077496,110.03182220458984,1512300,WHR,108.78253173828124,0,1.0171831419920379,1.0,1.0211641483892395,2.0,0.9799406224415546,29.0,0.9990918695993098,131.0,1.483378182805931,506.0
2014-10-15 00:00:00-04:00,107.22287304380887,109.32765673574332,106.02662716341624,108.78253173828124,1483700,WHR,110.3572998046875,1,0.9942906375025342,1.0,1.009924803994814,1.0,0.9686851346966541,28.0,0.9874364810138214,130.0,1.4655404214685666,506.0
2014-10-16 00:00:00-04:00,107.01842473126952,111.65954114340174,107.01842473126952,110.3572998046875,944600,WHR,113.59782409667967,1,1.0071861334168155,1.0,1.0181327161036937,2.0,0.9825714090325545,28.0,1.001323257977635,131.0,1.4857118513735548,507.0
2014-10-17 00:00:00-04:00,111.27348102661692,114.3019488799857,110.65263957138608,113.59782409667967,1240900,WHR,115.99788665771484,1,1.0144695251242357,2.0,1.034430677179396,3.0,1.0109855345969507,28.0,1.030117357135262,132.0,1.528148997951024,508.0
2014-10-20 00:00:00-04:00,113.97637434524997,116.24772507120517,113.97637434524997,115.99788665771484,1118300,WHR,117.55752563476562,1,1.010453429435372,2.0,1.0379801508370787,4.0,1.0317594891732664,28.0,1.0516001985165704,132.0,1.559114271563851,509.0
2014-10-21 00:00:00-04:00,116.59598408966392,117.6483759514827,115.89187102973604,117.55752563476562,743000,WHR,116.89127349853516,0,1.0066778113242678,2.0,1.0379566013763661,4.0,1.044650536367163,29.0,1.0653429721917633,133.0,1.5786905351050318,510.0
2014-10-22 00:00:00-04:00,117.51968188911516,119.01877006210998,116.68684870818102,116.89127349853516,977900,WHR,119.39730072021484,1,0.9971582190282338,1.0,1.0175043978459566,4.0,1.0376119567369213,29.0,1.0590184247240417,132.0,1.5683728945561382,510.0
2014-10-23 00:00:00-04:00,117.48179640240164,120.0257089645935,117.42122568036328,119.39730072021484,814800,WHR,120.09386444091795,1,1.0106057909484851,1.0,1.0232151565878547,4.0,1.0580066278562503,30.0,1.0813003124983864,133.0,1.6005747909124894,510.0
2014-10-24 00:00:00-04:00,119.62445571661092,121.12354376235824,118.89761849742958,120.09386444091795,908000,WHR,119.170166015625,0,1.0029085153109278,2.0,1.0178518317403158,4.0,1.0621973026589129,31.0,1.0871511423259925,134.0,1.608472950196582,510.0
2014-10-27 00:00:00-04:00,119.3745907629046,119.70015695691907,117.36823609435152,119.170166015625,1115300,WHR,127.24105834960938,1,0.9961394179328567,1.0,1.0046208952233435,3.0,1.0523127681389322,30.0,1.078457104809764,133.0,1.594729551817667,509.0
2014-10-28 00:00:00-04:00,116.79284331306386,129.4594167691226,116.5808515153018,127.24105834960938,2885900,WHR,127.36974334716795,1,1.0327537528161526,1.0,1.055427969424032,3.0,1.120709194508183,30.0,1.1507470368794057,134.0,1.7010922418711425,509.0
2014-10-29 00:00:00-04:00,125.41638081134008,127.8240180030105,125.41638081134008,127.36974334716795,1270800,WHR,129.12625122070312,1,1.000505418453188,2.0,1.0384439184474838,4.0,1.118727784935059,31.0,1.151124749409343,135.0,1.701144579978942,510.0
2014-10-30 00:00:00-04:00,127.521156014016,129.69408872690437,127.12746366098204,129.12625122070312,889000,WHR,130.26194763183594,1,1.0068480908502857,2.0,1.0363244516477124,4.0,1.1309629937604662,31.0,1.1661624952952243,135.0,1.7228443209334166,511.0
2014-10-31 00:00:00-04:00,130.50421900021868,131.51118572962335,129.61839373134816,130.26194763183594,924500,WHR,130.6783905029297,1,1.00437836577052,2.0,1.0286504342791267,4.0,1.1371178200017744,32.0,1.1756287565659613,135.0,1.7362178689072063,511.0
2014-11-03 00:00:00-05:00,129.89098240354542,131.1856574743177,129.17929062041696,130.6783905029297,784500,WHR,130.7692413330078,1,1.0015959313691034,2.0,1.0135177091415886,5.0,1.1375974926663661,32.0,1.1785014801453497,136.0,1.7399534445263105,512.0
2014-11-04 00:00:00-05:00,130.5496709466513,131.0796620570633,129.232294839264,130.7692413330078,749700,WHR,130.86758422851562,1,1.000347491501224,2.0,1.0087019193529558,5.0,1.1351798315728427,33.0,1.1783902767021608,137.0,1.739316613674019,513.0
2014-11-05 00:00:00-05:00,131.98054634464756,132.0789636282462,130.56473071407274,130.86758422851562,588800,WHR,132.37432861328125,1,1.000375875587455,2.0,1.0040424925898561,5.0,1.1325820279777488,34.0,1.178261179129669,138.0,1.7387947866745994,513.0
2014-11-06 00:00:00-05:00,130.4891147467011,132.41975378317164,130.3679732585346,132.37432861328125,552200,WHR,133.1087188720703,1,1.0057238012309657,2.0,1.010565898143744,5.0,1.141893376909454,35.0,1.1907787145154227,138.0,1.7569166654019601,514.0
2014-11-07 00:00:00-05:00,132.0638938647373,133.72198170587467,132.0638938647373,133.1087188720703,722800,WHR,131.57937622070312,0,1.0027662416329224,2.0,1.0117746294566805,5.0,1.1449094788835805,35.0,1.1962134718017543,139.0,1.7647522849796196,514.0
2014-11-10 00:00:00-05:00,133.10875600320855,133.12390158001875,131.359817344061,131.57937622070312,891800,WHR,132.4954376220703,1,0.9942220950631302,1.0,0.9987818899673034,4.0,1.1285600845539339,35.0,1.18138699075862,138.0,1.742654630211635,513.0
2014-11-11 00:00:00-05:00,131.95787962053635,134.14594667115912,131.8291711531686,132.4954376220703,774100,WHR,132.65443420410156,1,1.0034689465005648,1.0,1.0031066982163015,4.0,1.1332903013161082,35.0,1.1885515694742401,138.0,1.7529428499872135,513.0
2014-11-12 00:00:00-05:00,131.90488444368688,133.44183056082514,131.65503452354866,132.65443420410156,656900,WHR,132.65443420410156,0,1.000599647968661,2.0,1.0016005071114384,4.0,1.1318324790810326,35.0,1.1890641086063538,138.0,1.753184445871226,514.0
2014-11-13 00:00:00-05:00,132.85884741383595,134.16866774238042,132.09416363597174,132.65443420410156,501700,WHR,131.1856231689453,0,1.0,1.0,1.001177024666455,3.0,1.1291251880228064,34.0,1.188208637415892,137.0,1.751305134866625,514.0
2014-11-14 00:00:00-05:00,132.36672345647315,132.9875531872085,130.34522311009897,131.1856231689453,936400,WHR,132.91188049316406,1,0.9944329490761159,0.0,0.992973955136706,2.0,1.1139738558734928,34.0,1.174259800603897,137.0,1.7301153047918711,513.0
2014-11-17 00:00:00-05:00,131.2537925540479,134.16111881712652,130.99637556832155,132.91188049316406,784000,WHR,134.1762237548828,1,1.0065364393842486,1.0,1.004015086126857,3.0,1.1256844680883038,35.0,1.188795909427306,138.0,1.7510117597404393,514.0
2014-11-18 00:00:00-05:00,132.9269858092563,134.72134870820307,132.9269858092563,134.1762237548828,786600,WHR,136.77659606933594,1,1.0047338059674291,2.0,1.010998665418798,3.0,1.133083798595358,36.0,1.1990107230953169,139.0,1.7657575126567955,514.0
2014-11-19 00:00:00-05:00,134.14583314585218,136.8222142908311,133.61360122543226,136.77659606933594,1086500,WHR,138.4265594482422,1,1.0095971406244826,2.0,1.0242296051809034,3.0,1.151395038523228,36.0,1.2211715759990782,139.0,1.7979382332814327,515.0
2014-11-20 00:00:00-05:00,135.60572368203518,138.63945227581294,135.47645654934888,138.4265594482422,921000,WHR,139.65061950683594,1,1.0059954377187397,2.0,1.027700897802684,4.0,1.1615430670671851,36.0,1.2347443902298103,139.0,1.817549145631877,515.0
2014-11-21 00:00:00-05:00,140.28169845851087,140.92037657763404,139.26285313489308,139.65061950683594,983700,WHR,140.47940063476562,1,1.0044018716789107,2.0,1.0239187807018402,5.0,1.167864521342221,37.0,1.2444748247960205,139.0,1.8315751790662793,515.0
2014-11-24 00:00:00-05:00,139.81031415163602,140.87477783055854,138.76104880970954,140.47940063476562,1214600,WHR,140.3654022216797,0,1.0029585587703551,2.0,1.0186909761791751,5.0,1.1707770006090066,37.0,1.2506918545362657,139.0,1.8403923681854713,515.0
2014-11-25 00:00:00-05:00,140.5554859140008,141.10292787602867,139.77234202978082,140.3654022216797,864600,WHR,139.55178833007812,0,0.9995940875105166,1.0,1.0088090351516983,4.0,1.1659027414763892,36.0,1.2484903993876026,139.0,1.836916677922078,514.0
2014-11-26 00:00:00-05:00,140.35775264156177,140.616263585846,138.83708364913656,139.55178833007812,593400,WHR,141.551513671875,1,0.9970933764732426,0.0,0.9989765850605012,3.0,1.1553821567463276,36.0,1.2401265810152644,138.0,1.8243351406574302,513.0
2014-11-28 00:00:00-05:00,140.08407322862726,141.90887191902812,139.53663130114955,141.551513671875,353300,WHR,141.00404357910156,0,1.0071138450795678,1.0,1.0087782998746366,3.0,1.1679153715845387,36.0,1.2565511854129898,139.0,1.8484542651974871,514.0
2014-12-01 00:00:00-05:00,141.62752349488497,142.06090816652787,140.19809079179896,141.00404357910156,630600,WHR,140.5250244140625,0,0.9980624338162029,1.0,1.0029419775764319,2.0,1.1592670967490712,36.0,1.2503677718819544,139.0,1.8393436065617406,513.0
2014-12-02 00:00:00-05:00,140.8063444595955,141.27014895729727,139.65823196759845,140.5250244140625,655300,WHR,144.01499938964844,1,0.9982985090369045,0.0,0.9994699127632947,1.0,1.1513839650058646,35.0,1.2447949489626025,139.0,1.8311565595638255,512.0
2014-12-03 00:00:00-05:00,140.85200422953872,144.05301844529046,140.67713049572978,144.01499938964844,710000,WHR,143.1405792236328,0,1.0122653218655575,1.0,1.0190018786529513,2.0,1.1752455150189327,36.0,1.2741592261685768,140.0,1.8745635683573398,513.0
2014-12-04 00:00:00-05:00,143.7108301401855,144.63084005700904,142.5475191985608,143.1405792236328,565200,WHR,143.57398986816406,1,0.996954890550139,1.0,1.0076970677439199,2.0,1.1638503410077128,35.0,1.2650113704240198,139.0,1.861189472962649,512.0
2014-12-05 00:00:00-05:00,142.95050990143432,144.36473278019233,142.2890224845556,143.57398986816406,582600,WHR,141.870849609375,0,1.0015116449990809,1.0,1.0078781956144254,2.0,1.163047180155142,36.0,1.267424330783105,139.0,1.8648079820349994,513.0
2014-12-08 00:00:00-05:00,143.4599463560199,143.70325903011377,141.25498035553184,141.870849609375,524200,WHR,142.5094757080078,1,0.9940333822047497,1.0,0.9947117376085175,2.0,1.145121747340484,36.0,1.2511203582599852,138.0,1.8407769608281077,512.0
2014-12-09 00:00:00-05:00,140.1752550561993,142.71476925125566,139.77227873909442,142.5094757080078,527600,WHR,139.33892822265625,0,1.0022456760956302,1.0,0.996416613333125,3.0,1.1461839222032855,36.0,1.2553291536130213,139.0,1.8471426999684812,512.0
2014-12-10 00:00:00-05:00,141.6883711833831,143.03415520348312,139.27050088640434,139.33892822265625,908800,WHR,140.2512969970703,1,0.9887508765664981,1.0,0.980660856675352,2.0,1.1171192288662433,36.0,1.2261730134301165,138.0,1.8042238132494346,512.0
2014-12-11 00:00:00-05:00,139.77988175139464,141.84799237240844,139.52137082421365,140.2512969970703,483500,WHR,137.34681701660156,0,1.0032632355930793,1.0,0.9911128486465033,3.0,1.1209260228106606,36.0,1.2329361836158723,138.0,1.814189107516105,512.0
2014-12-12 00:00:00-05:00,139.84071312863057,141.11808106018233,137.20235161225753,137.34681701660156,1120800,WHR,139.41493225097656,1,0.9895371047790127,1.0,0.9792058729109026,2.0,1.0946747040937779,36.0,1.2063238539772951,137.0,1.7748951652426577,511.0
2014-12-15 00:00:00-05:00,138.28964045669335,140.57824309003482,137.41524883400157,139.41493225097656,1206000,WHR,132.62513732910156,0,1.007472547199344,1.0,0.9974432858760054,3.0,1.1080021567164102,36.0,1.2233567521582196,137.0,1.7998255714195404,512.0
2014-12-16 00:00:00-05:00,136.145489672169,137.65094868897924,132.313409010711,132.62513732910156,2474900,WHR,143.65000915527344,1,0.9750411954666982,1.0,0.9624785428608154,2.0,1.0517659221458548,36.0,1.1631199587999088,136.0,1.7106228830500692,511.0
2014-12-17 00:00:00-05:00,132.62515755150542,144.25067998103015,131.42383910356236,143.65000915527344,3197700,WHR,144.85899353027344,1,1.0399054057755983,1.0,1.0360050168002504,3.0,1.134967274888835,37.0,1.2585242168037443,137.0,1.8508872940888987,512.0
2014-12-18 00:00:00-05:00,145.71056481830774,146.3188349962417,143.20906835881263,144.85899353027344,1537600,WHR,144.25828552246094,0,1.0041904563245734,2.0,1.0378266712479014,3.0,1.1402551829122716,37.0,1.2678289957014925,137.0,1.8644819411017424,513.0
2014-12-19 00:00:00-05:00,145.60408106065998,147.33764308195998,142.93531069671317,144.25828552246094,1678100,WHR,144.68409729003906,1,0.9979222687423572,1.0,1.0233880501417452,3.0,1.1310323102342292,37.0,1.2613618779079887,136.0,1.8547912315112292,513.0
2014-12-22 00:00:00-05:00,143.99980064242928,145.04145555764063,142.4259137122117,144.68409729003906,665500,WHR,145.32278442382812,1,1.0014736909256212,1.0,1.0187922895548192,3.0,1.1298650133571613,37.0,1.2638669380411156,136.0,1.8582789224041698,514.0
2014-12-23 00:00:00-05:00,145.3075744803335,146.1211266295891,144.75253336154884,145.32278442382812,686600,WHR,145.33799743652344,1,1.0022023171657672,2.0,1.005312519950292,4.0,1.1300573423389386,38.0,1.2682250714923937,136.0,1.8645022490245853,514.0
2014-12-24 00:00:00-05:00,146.1059430363897,146.1667712147209,145.26197091495098,145.33799743652344,254400,WHR,146.32638549804688,1,1.000052339406087,2.0,1.0030751488594212,4.0,1.125062913572896,39.0,1.2671106531226217,137.0,1.862699788243,515.0
2014-12-26 00:00:00-05:00,146.3339962688799,147.85466540702907,145.9538289843426,146.32638549804688,462100,WHR,146.7673797607422,1,1.0033887856020636,2.0,1.0078552764768887,4.0,1.1270204982745078,40.0,1.2744333581849125,137.0,1.873346630354102,515.0
2014-12-29 00:00:00-05:00,145.59646963856335,147.5277143237059,145.33034790081217,146.7673797607422,635700,WHR,147.24639892578125,1,1.0015046183677976,2.0,1.0074107194009587,5.0,1.124864407853777,40.0,1.2769529419277361,138.0,1.876927742462564,516.0
2014-12-30 00:00:00-05:00,146.66093804520025,148.25764531886296,146.3872171297662,147.24639892578125,725600,WHR,147.30723571777344,1,1.001629240531444,2.0,1.007156007953597,5.0,1.122955348880405,40.0,1.2797489434500096,139.0,1.880969072083279,517.0
2014-12-31 00:00:00-05:00,148.17401673381394,149.56543050199744,147.0715222364535,147.30723571777344,508800,WHR,146.752197265625,0,1.0002065389281847,2.0,1.004844272836664,5.0,1.1179675226087404,40.0,1.2789344775724178,139.0,1.879670736146177,517.0
2015-01-02 00:00:00-05:00,147.63418830803548,149.13204860533685,145.42161153160103,146.752197265625,502400,WHR,143.72601318359375,0,0.9981124956730099,1.0,0.9991304313859833,4.0,1.1082626070484567,40.0,1.2727240130411595,139.0,1.8705366419027958,517.0
2015-01-05 00:00:00-05:00,145.47478465412212,146.2123099629894,143.3230368727837,143.72601318359375,732200,WHR,142.53993225097656,0,0.9895820616721945,0.0,0.9820044098322419,3.0,1.080681786656742,39.0,1.24525397788149,138.0,1.8300604038160577,516.0
2015-01-06 00:00:00-05:00,144.4711770825007,144.84374522323478,141.52868581337174,142.53993225097656,825700,WHR,145.8930206298828,1,0.9958567166247573,0.0,0.9795592454903034,2.0,1.0670067763518725,39.0,1.2339119971969104,137.0,1.8130657776933783,516.0
2015-01-07 00:00:00-05:00,143.9997831192596,146.60012630624684,143.17102111090188,145.8930206298828,605300,WHR,149.65670776367188,1,1.011625191731443,1.0,1.0044706993183032,2.0,1.0867621411157842,40.0,1.2617490603884274,137.0,1.8537168889652877,516.0
2015-01-08 00:00:00-05:00,147.10198224037106,150.06728347197517,146.18958275386123,149.65670776367188,882100,WHR,149.96078491210938,1,1.0127345308495,2.0,1.0270608525393956,2.0,1.108831373720416,41.0,1.2928342483709603,138.0,1.8993843661306056,517.0
2015-01-09 00:00:00-05:00,150.05203295028255,152.00608677423605,149.2460685556414,149.96078491210938,881400,WHR,151.27621459960938,1,1.0010148844973032,2.0,1.024635208751245,3.0,1.1056328191862106,41.0,1.2938782938345852,139.0,1.9010618089908995,518.0
2015-01-12 00:00:00-05:00,150.50826903820757,152.4015068379017,148.46296660119634,151.27621459960938,872200,WHR,150.06723022460938,0,1.004366760024938,2.0,1.0230674933840376,4.0,1.1095376379706439,42.0,1.303634779666527,139.0,1.9155202147065107,518.0
2015-01-13 00:00:00-05:00,152.88807658139316,155.9902430162364,148.12077558355907,150.06723022460938,1185700,WHR,151.1165008544922,1,0.9959880183366682,1.0,1.004662481808202,4.0,1.0953532408606972,41.0,1.291771426262395,138.0,1.898076939277349,517.0
2015-01-14 00:00:00-05:00,148.40971155081812,152.62196010507105,148.11318152264673,151.1165008544922,1110700,WHR,148.6302490234375,0,1.0034838224034326,1.0,1.0046605119888155,4.0,1.0980004619196675,41.0,1.299353945776013,138.0,1.909163395306424,518.0
2015-01-15 00:00:00-05:00,151.1697761679316,152.61440770133458,148.36413879454156,148.6302490234375,900600,WHR,152.19615173339844,1,0.9917054919458936,1.0,0.9894817599450737,3.0,1.075684732255165,40.0,1.2765897796919718,138.0,1.8756710297045378,517.0
2015-01-16 00:00:00-05:00,148.09035017498954,152.4090444600251,147.77101108504962,152.19615173339844,612500,WHR,150.45501708984375,0,1.0118536893736376,1.0,1.0102144586422603,3.0,1.0969092278187977,40.0,1.30553599561975,139.0,1.9184750566889794,517.0
2015-01-20 00:00:00-05:00,153.13138657710803,153.30627189156587,149.2460762365566,150.45501708984375,726500,WHR,150.28773498535156,0,0.9942470579237328,1.0,0.9997474122531339,2.0,1.0800062686064569,40.0,1.2889298886915024,139.0,1.8944441734229163,516.0
2015-01-21 00:00:00-05:00,150.31814326358776,151.3902177995253,149.53499957892598,150.28773498535156,875200,WHR,151.84642028808594,1,0.9994437701213482,0.0,0.998343294104706,2.0,1.0748332515040397,39.0,1.2859168384715447,138.0,1.8902429285698379,516.0
2015-01-22 00:00:00-05:00,151.84642028808594,152.70559045283625,150.72872755522906,151.84642028808594,944000,WHR,152.76644897460938,1,1.0051589179029552,1.0,1.0077202124933846,2.0,1.081885971927182,39.0,1.2973387629438027,139.0,1.90762459825426,517.0
2015-01-23 00:00:00-05:00,152.23421699645604,153.5648027427329,151.5423096239632,152.76644897460938,379800,WHR,154.401123046875,1,1.0030203211333466,2.0,1.0082904852513186,3.0,1.0841159912847453,40.0,1.3031317919810395,140.0,1.9169283706392481,518.0
2015-01-26 00:00:00-05:00,152.5154852488407,154.9257440743119,151.92242530323117,154.401123046875,451200,WHR,153.4887237548828,0,1.0053217664270606,2.0,1.0161220955788004,3.0,1.0922079606578845,40.0,1.3149668525452143,140.0,1.9350970162345227,519.0
2015-01-27 00:00:00-05:00,152.43947002074873,154.53038992234627,151.91483735278973,153.4887237548828,470700,WHR,153.1389617919922,0,0.9970366048069794,1.0,1.006100191367374,3.0,1.0824206411207642,39.0,1.3050717405819017,140.0,1.9213946484607698,518.0
2015-01-28 00:00:00-05:00,155.30590797709974,157.50327403669587,152.88805003548404,153.1389617919922,1154000,WHR,155.0702362060547,1,0.9988593268664999,0.0,1.0000693942154042,3.0,1.07691465769105,38.0,1.2996904326970224,140.0,1.9147726106726632,517.0
2015-01-29 00:00:00-05:00,152.84246144207313,155.21470163341172,151.68674962500188,155.0702362060547,1010900,WHR,151.36740112304688,0,1.0062661154391463,1.0,1.008435399050126,3.0,1.0873343219875997,38.0,1.3136023297285497,140.0,1.9366141381095296,517.0
2015-01-30 00:00:00-05:00,154.933371960333,154.933371960333,151.15450838068213,151.36740112304688,804400,WHR,152.91845703125,1,0.9879165134045492,1.0,0.9861499608691875,2.0,1.0588104682144897,37.0,1.2797717649173255,140.0,1.888206906749937,517.0
2015-02-02 00:00:00-05:00,151.65631069330084,153.762428713627,149.78588288848763,152.91845703125,1282500,WHR,152.87286376953125,0,1.005097364424398,1.0,0.9981833887512017,2.0,1.0669050762182426,37.0,1.2904655914337786,140.0,1.9053329438484472,518.0
2015-02-03 00:00:00-05:00,153.72443475854635,154.27948733697224,150.69830647819518,152.87286376953125,1185600,WHR,163.3807373046875,1,0.9998509007332211,1.0,0.9986887338127247,2.0,1.0638647246434056,36.0,1.2876655037562807,140.0,1.9025705797754853,517.0
2015-02-04 00:00:00-05:00,157.53376113099932,165.07628057475736,156.67457913771668,163.3807373046875,2154300,WHR,160.68907165527344,0,1.0332260992427096,1.0,1.053240684498832,3.0,1.1329162511409634,36.0,1.3732285304568224,140.0,2.0307339323604796,518.0
2015-02-05 00:00:00-05:00,163.661981987062,163.85206558983444,160.08080180604517,160.68907165527344,1158700,WHR,160.5370635986328,0,0.9916941795409685,1.0,1.0284383205608796,2.0,1.110711323523429,35.0,1.347941067810013,139.0,1.9947610315420545,518.0
2015-02-06 00:00:00-05:00,160.86401354340683,162.02732467368932,159.29011518962085,160.5370635986328,840000,WHR,156.8494415283203,0,0.9995267880164219,0.0,1.0155454867394953,2.0,1.1059710851345192,35.0,1.3440233364099972,138.0,1.990343565348525,518.0
2015-02-09 00:00:00-05:00,159.7615248469723,160.53706949624708,156.48448411763266,156.8494415283203,1081000,WHR,158.21043395996094,1,0.9883812890253874,0.0,0.9873075665657269,1.0,1.0775531504201612,34.0,1.3107852830082158,137.0,1.9422350987642372,518.0
2015-02-10 00:00:00-05:00,158.12679668513184,159.08481415898564,156.11951369101965,158.21043395996094,804700,WHR,157.9822998046875,0,1.0043197897845015,1.0,0.9892272896577096,2.0,1.0837319787123607,34.0,1.3197207370006756,138.0,1.956652035890874,518.0
2015-02-11 00:00:00-05:00,158.37767698898955,159.47256051365147,157.01667175143933,157.9822998046875,598300,WHR,161.9893035888672,1,0.9992784965278702,1.0,0.9945146854462346,1.0,1.0790491244935112,34.0,1.315418253936169,137.0,1.951412374573438,517.0
2015-02-12 00:00:00-05:00,159.05441130176618,162.62798192654853,157.97473746374686,161.9893035888672,1104000,WHR,162.12615966796875,1,1.012522998108839,1.0,1.0180725791633725,2.0,1.1025515330288262,35.0,1.346155641340776,137.0,1.9983039724791551,518.0
2015-02-13 00:00:00-05:00,161.12252392886873,162.96253245204082,161.12252392886873,162.12615966796875,488400,WHR,162.3390655517578,1,1.0004222448312907,2.0,1.016901499952443,3.0,1.099838122776764,35.0,1.344605185605794,138.0,1.9973870594782313,519.0
2015-02-17 00:00:00-05:00,161.42666618753807,163.62403311382337,161.25179244649456,162.3390655517578,703000,WHR,161.60911560058594,0,1.0006561747368916,2.0,1.0112727789745888,4.0,1.0977868650351035,35.0,1.343629442260141,139.0,1.9973975357710816,520.0
2015-02-18 00:00:00-05:00,161.1605209875298,162.64317108258777,161.13010110764998,161.60911560058594,745300,WHR,161.44183349609375,0,0.9977467076722725,1.0,1.0024807938101006,3.0,1.0898006357171661,34.0,1.3349974594093508,138.0,1.9858542618012636,519.0
2015-02-19 00:00:00-05:00,161.60149725172872,162.26299618756934,159.8679354369861,161.44183349609375,810900,WHR,162.1565704345703,1,0.9994821804270814,0.0,0.9971633170034294,3.0,1.0858637755581109,33.0,1.3310710927484473,137.0,1.9812665222693688,518.0
2015-02-20 00:00:00-05:00,160.62069122735195,162.55193609045958,160.39258851708612,162.1565704345703,807900,WHR,162.1033477783203,0,1.0022087158953654,1.0,1.0013710569227774,3.0,1.087926359594731,33.0,1.3344544504374303,137.0,1.9874446907090104,519.0
2015-02-23 00:00:00-05:00,162.05013038485654,162.89410232458246,161.1985476733599,162.1033477783203,607800,WHR,162.9397430419922,1,0.9998358642149072,1.0,1.0010705935924804,2.0,1.0849459297218562,32.0,1.331514866937172,137.0,1.9842098126031742,518.0
2015-02-24 00:00:00-05:00,162.5671748291675,163.89016150163775,161.72320277293073,162.9397430419922,676300,WHR,163.39749145507812,1,1.0025731827172855,1.0,1.0054897889635261,2.0,1.0878046177185148,33.0,1.3359153661690164,137.0,1.9918726907623967,518.0
2015-02-25 00:00:00-05:00,161.81807739734705,164.54963628257252,161.78755068213192,163.39749145507812,798200,WHR,162.367431640625,0,1.0014026852124043,2.0,1.0060938836107558,3.0,1.0879739020001462,34.0,1.3372704622206217,137.0,1.9948579164250533,519.0
2015-02-26 00:00:00-05:00,162.86338012765853,163.55009146647018,161.09321495995022,162.367431640625,762100,WHR,161.71890258789062,0,0.9968380272355151,1.0,0.9986131915594311,3.0,1.0786236492311077,33.0,1.3264976705462372,137.0,1.9797102574030876,519.0
2015-02-27 00:00:00-05:00,162.72607474620287,163.2525500432723,161.1848014323608,161.71890258789062,611500,WHR,164.04603576660156,1,0.9979989003415457,0.0,0.9951602790202037,2.0,1.0718570824051588,33.0,1.318854156777095,137.0,1.9693132156198236,518.0
2015-03-02 00:00:00-05:00,161.71886874466247,165.5720454016397,161.71886874466247,164.04603576660156,732200,WHR,163.64166259765625,0,1.007143596209174,1.0,1.0070727922921223,3.0,1.0844633873376566,34.0,1.3354500535773928,137.0,1.9950842947800902,518.0
2015-03-03 00:00:00-05:00,163.79426124986182,164.48859850630774,161.78755462789232,163.64166259765625,540500,WHR,161.36793518066406,0,0.9987659800140077,1.0,1.0037253373686927,2.0,1.0794559268027901,33.0,1.3298691412098274,136.0,1.9875952108489163,518.0
2015-03-04 00:00:00-05:00,163.4356722561985,163.4356722561985,160.73463961966982,161.36793518066406,726100,WHR,160.85670471191406,0,0.9930041222396668,0.0,0.992249456896962,1.0,1.0623285349605531,33.0,1.3092290913312818,136.0,1.9575212099695884,517.0
2015-03-05 00:00:00-05:00,162.23774177052798,162.75657953380625,160.03265799153274,160.85670471191406,741200,WHR,155.21046447753906,0,0.9984134345873722,0.0,0.9909469757749727,1.0,1.0569586783016676,32.0,1.3029072603178933,136.0,1.9488662842109028,517.0
2015-03-06 00:00:00-05:00,160.6125408839461,160.8567080547026,154.2033040044972,155.21046447753906,1180900,WHR,156.9501190185547,1,0.9821359483528307,0.0,0.9638931101591585,1.0,1.018370607608501,32.0,1.2553035010651101,136.0,1.8782167701585553,517.0
2015-03-09 00:00:00-04:00,155.29439964111734,157.4002891538306,154.18804477004548,156.9501190185547,922900,WHR,154.54664611816406,0,1.0055729474923838,1.0,0.9833636045016882,1.0,1.028161261787927,32.0,1.267377204227921,137.0,1.896939496854028,518.0
2015-03-10 00:00:00-04:00,155.95057235171754,156.17947615214126,153.26479182130976,154.54664611816406,729000,WHR,150.06021118164062,0,0.992284116018554,1.0,0.9794676327042771,1.0,1.0107381729355713,32.0,1.2460950758664693,137.0,1.8656547219414383,518.0
2015-03-11 00:00:00-04:00,155.00448095529126,155.21049559159908,148.88518845378724,150.06021118164062,1315000,WHR,152.22711181640625,1,0.9852713921928956,0.0,0.9648633729322197,1.0,0.9803486340609869,31.0,1.2082129479455488,137.0,1.8094356607757427,517.0
2015-03-12 00:00:00-04:00,150.22804259359157,152.95960168358107,149.89231855624192,152.22711181640625,650700,WHR,150.78500366210938,0,1.0071683476940898,1.0,0.9897801700888827,2.0,0.9928963567547561,32.0,1.2238578040644723,137.0,1.833445363427098,517.0
2015-03-13 00:00:00-04:00,151.2580745513012,152.71540485949424,149.0529911623798,150.78500366210938,864800,WHR,151.60147094726562,1,0.995240757446218,1.0,0.9860783366728667,2.0,0.9822761451390392,31.0,1.210624609300101,136.0,1.8140017102428483,517.0
2015-03-16 00:00:00-04:00,151.09788483434144,152.53996387223685,150.44932590322398,151.60147094726562,600800,WHR,150.25856018066406,0,1.0027000787194962,1.0,0.9984021913539302,2.0,0.9855643656642389,32.0,1.2155439682502467,136.0,1.8217340771436035,517.0
2015-03-17 00:00:00-04:00,151.4869986237594,151.4869986237594,149.35059406405588,150.25856018066406,768300,WHR,151.77694702148438,1,0.9955512137145694,1.0,0.995178962926653,2.0,0.9761351237449379,31.0,1.2032117493968566,135.0,1.8035674244585542,516.0
2015-03-18 00:00:00-04:00,149.25902829552504,152.39497918350864,145.77210164165373,151.77694702148438,1423000,WHR,148.1297607421875,0,1.0050271799328683,1.0,1.0029546608835185,3.0,0.9852611390997358,31.0,1.2136875648932313,136.0,1.8197258404760033,516.0
2015-03-19 00:00:00-04:00,150.92236128039838,152.00582676758034,147.8321893171342,148.1297607421875,1104900,WHR,151.03680419921875,1,0.9878389306244831,1.0,0.9841832286476649,2.0,0.9611828004589084,31.0,1.1830286790888018,135.0,1.7740525940124845,516.0
2015-03-20 00:00:00-04:00,148.8164573434017,151.36490233116663,148.34339807306685,151.03680419921875,1023000,WHR,150.4340362548828,0,1.0097171402078324,1.0,1.003162150241084,3.0,0.9793731410046541,31.0,1.2045572576476467,136.0,1.8068283710164796,516.0
2015-03-23 00:00:00-04:00,150.3119526869198,152.73830247690344,149.9991179099632,150.4340362548828,823100,WHR,151.27333068847656,1,0.9980005762964405,1.0,1.0007105471251434,2.0,0.9749260581273522,30.0,1.1981648127737832,135.0,1.7976428842841052,515.0
2015-03-24 00:00:00-04:00,149.84651540760362,153.60049770669977,149.84651540760362,151.27333068847656,902800,WHR,148.0915985107422,0,1.002781816175378,1.0,1.0049369164911262,3.0,0.9797372189592165,30.0,1.2031498067906035,136.0,1.8056903367531911,515.0
2015-03-25 00:00:00-04:00,150.8536837975622,151.97529013995828,147.96951494880477,148.0915985107422,662500,WHR,149.5871124267578,1,0.9893717270548514,1.0,0.98864094875327,2.0,0.9589476838367105,29.0,1.176315872664279,135.0,1.7658521246498469,514.0
2015-03-26 00:00:00-04:00,147.16075079951025,150.49509011724405,147.1073465108215,149.5871124267578,1048200,WHR,151.4564666748047,1,1.0050239196189263,1.0,0.9966854422943573,3.0,0.9683370096609321,29.0,1.1867027550657407,135.0,1.78176616502117,515.0
2015-03-27 00:00:00-04:00,149.16745206510993,151.50988260411216,148.5112674112962,151.4564666748047,542300,WHR,153.39451599121094,1,1.0062095801997366,2.0,1.008576750032419,3.0,0.9799929484733311,29.0,1.2000317756161634,135.0,1.8020480679496114,516.0
2015-03-30 00:00:00-04:00,151.89903275086527,154.180421831406,151.89140689238005,153.39451599121094,686400,WHR,154.17282104492188,1,1.006357366144788,2.0,1.0174708182902714,4.0,0.9918818891245443,29.0,1.2139072894917897,135.0,1.8230557806192156,517.0
2015-03-31 00:00:00-04:00,152.99779821911744,156.1413757583773,152.60865813559317,154.17282104492188,1007300,WHR,153.66160583496094,0,1.0025305192066591,2.0,1.0187148718314374,4.0,0.996117958880325,30.0,1.218561971706262,135.0,1.830227074154028,518.0
2015-04-01 00:00:00-04:00,154.04310840783114,154.50854201243416,151.76171883075486,153.66160583496094,934000,WHR,152.89093017578125,0,0.9983393176158285,1.0,1.0079177814077953,4.0,0.9917538899139694,30.0,1.2130296147065105,135.0,1.8220780487928412,518.0
2015-04-02 00:00:00-04:00,152.6009845794703,153.87520140360513,152.03635674521502,152.89093017578125,821900,WHR,153.3792724609375,1,0.997485991571922,0.0,0.9985348439018098,3.0,0.9856823344888188,30.0,1.2054633574421891,135.0,1.8108999700221202,517.0
2015-04-06 00:00:00-04:00,152.41025282511896,154.44747483248597,151.93719343808073,153.3792724609375,588600,WHR,150.86895751953125,0,1.001594481869121,1.0,0.9992146138446496,3.0,0.9880358902307352,30.0,1.2076923893029412,136.0,1.8146494099566877,517.0
2015-04-07 00:00:00-04:00,153.36398683390192,154.1956593911818,150.82317908775892,150.86895751953125,656200,WHR,149.65577697753906,0,0.9917491222822648,1.0,0.9861056647986272,2.0,0.9717385151849979,29.0,1.186434105687711,135.0,1.7830099573340406,516.0
2015-04-08 00:00:00-04:00,147.6567079138081,150.52560207666548,145.1464153340937,149.65577697753906,1985600,WHR,149.6710205078125,1,0.995963125817173,0.0,0.9839863852922952,1.0,0.9639560493389953,28.0,1.1755199783460724,134.0,1.7667791917312428,515.0
2015-04-09 00:00:00-04:00,149.7625773558453,150.3806093651248,147.44304794629176,149.6710205078125,1001600,WHR,149.29713439941406,0,1.0000509260460524,1.0,0.9892779641692987,2.0,0.9642203914067284,28.0,1.1741939615749284,135.0,1.7650835290405893,515.0
2015-04-10 00:00:00-04:00,150.67817110047574,150.93760155747924,149.11400907256362,149.29713439941406,605300,WHR,147.97720336914062,0,0.998749411593638,1.0,0.9915171656070513,2.0,0.9618912529439271,28.0,1.1698468667023967,134.0,1.7588032076660993,515.0
2015-04-13 00:00:00-04:00,149.38875574624166,149.38875574624166,146.8021690555726,147.97720336914062,809900,WHR,149.40399169921875,1,0.9955598890903894,0.0,0.9898536730752743,1.0,0.953708697132356,27.0,1.1581701657886416,133.0,1.7414475715666946,514.0
2015-04-14 00:00:00-04:00,147.58803626185954,150.25092762712237,146.5274598875056,149.40399169921875,633600,WHR,148.747802734375,0,1.0047978431512798,1.0,1.001360354649456,2.0,0.9628242829900893,28.0,1.1680257839870827,133.0,1.756391312784048,514.0
2015-04-15 00:00:00-04:00,149.95335187192163,150.3119651058609,147.97717197768142,148.747802734375,778000,WHR,146.00096130371094,0,0.9977991446736374,1.0,0.9981772322801847,2.0,0.9589506899148275,27.0,1.1617066313678917,132.0,1.7468706766652349,513.0
2015-04-16 00:00:00-04:00,147.938988215922,148.00765584814948,145.89414110606984,146.00096130371094,861500,WHR,144.66571044921875,0,0.9906807363904361,0.0,0.9845941872271028,1.0,0.9416929614439388,27.0,1.139159999473461,132.0,1.7128966758918673,513.0
2015-04-17 00:00:00-04:00,144.7725306523515,146.16883079206963,144.21552878223957,144.66571044921875,931300,WHR,148.6715087890625,1,0.9954062471406177,0.0,0.9817220460623882,1.0,0.9336449713823672,27.0,1.1277234069786861,131.0,1.6955703381670673,512.0
2015-04-20 00:00:00-04:00,145.92468650374445,148.73253893537554,145.81024042624398,148.6715087890625,1104900,WHR,148.00009155273438,0,1.0136559497981392,1.0,1.0079561338714074,2.0,0.9598254165063236,27.0,1.157773874788839,131.0,1.740746589418069,512.0
2015-04-21 00:00:00-04:00,149.86182575103513,149.9381192710683,147.75592434654854,148.00009155273438,977100,WHR,146.32147216796875,0,0.9977368334698886,1.0,1.0053178331562367,1.0,0.9559810226774005,26.0,1.151365027882735,131.0,1.7311190368692448,512.0
2015-04-22 00:00:00-04:00,147.74828779292454,148.25949974602352,146.09256833937144,146.32147216796875,933800,WHR,145.6729278564453,0,0.9942966483204794,0.0,0.9972025404979605,1.0,0.9459610851986165,25.0,1.137231080655873,130.0,1.7097582505123825,512.0
2015-04-23 00:00:00-04:00,145.91709506942215,146.64194756383012,144.87940769933766,145.6729278564453,1207300,WHR,149.92283630371094,1,0.9977789152412881,0.0,0.993226705650462,1.0,0.9425620527374295,25.0,1.1311649413256326,129.0,1.7004740354398837,512.0
2015-04-24 00:00:00-04:00,148.40445236837382,150.449299902567,147.34387602794632,149.92283630371094,1163000,WHR,150.9452667236328,1,1.0143774335174944,1.0,1.0149275812214316,2.0,0.9703972185222033,26.0,1.1629308305236274,130.0,1.748222590062272,513.0
2015-04-27 00:00:00-04:00,150.0601782104809,152.7383213239066,150.0601782104809,150.9452667236328,1975100,WHR,140.16397094726562,0,1.003398267910869,2.0,1.018712969334176,2.0,0.9774500036037174,26.0,1.1695261468677023,131.0,1.7582477046958231,514.0
2015-04-28 00:00:00-04:00,139.27888263863363,143.06339134026743,136.6694077776906,140.16397094726562,4734600,WHR,136.60076904296875,0,0.9629647761691591,1.0,0.956063497833861,2.0,0.9087342245918292,26.0,1.085145565910067,130.0,1.631111047261039,514.0
2015-04-29 00:00:00-04:00,139.58412105574175,139.8130248588182,135.23499536741326,136.60076904296875,1636800,WHR,133.9836883544922,0,0.9871255207421921,0.0,0.9442809289210012,2.0,0.8871970134597229,25.0,1.056822826670984,130.0,1.588208023482367,513.0
2015-04-30 00:00:00-04:00,137.10437614298755,137.7910760151756,133.33512941990014,133.9836883544922,1691300,WHR,136.81439208984375,1,0.9903280450265023,0.0,0.9414037086530141,2.0,0.8719824918190273,25.0,1.0359452053833622,129.0,1.5564081528633944,513.0
2015-05-01 00:00:00-04:00,134.18965365240788,137.63081283373916,133.82341459957692,136.81439208984375,1244800,WHR,137.45530700683594,1,1.010453189811046,1.0,0.979332914000014,2.0,0.8929782856915899,25.0,1.0570962194624667,130.0,1.5878527393578563,513.0
2015-05-04 00:00:00-04:00,136.8830534195593,138.24120100196018,136.40236832316668,137.45530700683594,1036900,WHR,137.03570556640625,0,1.0023368054112543,2.0,1.0032968581447745,2.0,0.8994347435367891,26.0,1.0612127751855966,131.0,1.5938296945624737,514.0
2015-05-05 00:00:00-04:00,137.54691753015587,138.54645223857173,136.99755298708976,137.03570556640625,930000,WHR,136.45582580566406,0,0.9984713472528806,1.0,1.0048228694316508,2.0,0.8989932201517414,26.0,1.0572138009883627,130.0,1.5875360286857185,513.0
2015-05-06 00:00:00-04:00,137.20357916719604,137.91316830366185,135.7233474481854,136.45582580566406,840500,WHR,139.26364135742188,1,0.9978797158440957,0.0,1.0007835924996702,2.0,0.8971895961174755,26.0,1.0519840370315099,130.0,1.5794253003921024,512.0
2015-05-07 00:00:00-04:00,136.98987863812198,139.49254512921755,136.69994472687495,139.26364135742188,955900,WHR,141.65182495117188,1,1.0101835955968137,1.0,1.013526926523395,3.0,0.9175558919486231,26.0,1.0727812279972553,130.0,1.6104331246546566,513.0
2015-05-08 00:00:00-04:00,141.09483475234578,143.81112975679216,140.4081351451645,141.65182495117188,1214200,WHR,142.6666717529297,1,1.0085014314987075,2.0,1.0236995424628106,3.0,0.9349673738395379,27.0,1.0903448721939686,130.0,1.6364806213589411,514.0
2015-05-11 00:00:00-04:00,141.7663314406331,144.16216667682676,141.171188471565,142.6666717529297,1557000,WHR,142.2622528076172,0,1.0035694012648568,2.0,1.0233256398054262,3.0,0.9436717352993927,27.0,1.0971748910787422,131.0,1.6466084845420281,514.0
2015-05-12 00:00:00-04:00,142.6056026636714,143.29993987554488,141.2245657396895,142.2622528076172,939600,WHR,143.8800048828125,1,0.9985806321841973,1.0,1.0128307626130972,3.0,0.9430618495415984,26.0,1.092942538725492,131.0,1.6403481900758052,514.0
2015-05-13 00:00:00-04:00,142.53059526579108,144.35535870753515,141.97090334000455,143.8800048828125,1045900,WHR,145.1374053955078,1,1.0056536636295976,1.0,1.0136329379686295,4.0,0.955735144273801,26.0,1.104173401980737,132.0,1.657348924454623,515.0
2015-05-14 00:00:00-04:00,144.91505416954942,145.85811069509433,144.20968626116732,145.1374053955078,933600,WHR,144.0103759765625,0,1.004350604731682,2.0,1.014098509127609,4.0,0.9658488354434975,27.0,1.1126221645269414,132.0,1.6701257959100775,516.0
2015-05-15 00:00:00-04:00,144.90742050916734,145.20643535336896,141.85593418898114,144.0103759765625,1225800,WHR,144.68502807617188,1,0.9961022373625096,1.0,1.002918238712475,3.0,0.9602051901988498,27.0,1.1028187411609975,132.0,1.6554853825456566,516.0
2015-05-18 00:00:00-04:00,143.864647416756,145.1757192232525,143.36629342483027,144.68502807617188,659500,WHR,145.69708251953125,1,1.002336899341446,1.0,1.004791934331697,3.0,0.9665801790776378,27.0,1.106768404874565,133.0,1.6615744532883385,516.0
2015-05-19 00:00:00-04:00,145.4824058605056,146.38711296654213,144.07933303251633,145.69708251953125,1000300,WHR,144.98410034179688,0,1.0034852506625949,2.0,1.0070160994052846,4.0,0.9751225708000426,28.0,1.1132787295288422,133.0,1.6715058925663322,516.0
2015-05-20 00:00:00-04:00,145.55912980634815,145.7047941102041,144.03338074876385,144.98410034179688,772600,WHR,147.24588012695312,1,0.9975472021590248,1.0,1.0005610787420656,3.0,0.9722981286198022,27.0,1.106644447359781,132.0,1.6616698697084422,515.0
2015-05-21 00:00:00-04:00,143.96437959487548,147.60623285959286,143.84170383503977,147.24588012695312,1014500,WHR,147.21517944335938,0,1.0077397253407343,1.0,1.0132213550082918,3.0,0.9892520392373644,27.0,1.122663930575778,132.0,1.685881088310402,515.0
2015-05-22 00:00:00-04:00,147.25351707394026,147.9895598044855,147.08484085858618,147.21517944335938,893900,WHR,144.37840270996094,0,0.9998957394107101,1.0,1.0085617884689848,3.0,0.9907266874227512,27.0,1.1210981908075224,132.0,1.6838007276747746,515.0
2015-05-26 00:00:00-04:00,146.8241966832087,147.93591802586545,144.01038711148942,144.37840270996094,656200,WHR,143.80331420898438,0,0.9902714706117679,0.0,0.9895429531122918,2.0,0.9735292660816467,27.0,1.0982756387539585,132.0,1.6497000036315215,515.0
2015-05-27 00:00:00-04:00,144.39368085313177,144.78469653486567,141.9938883520782,143.80331420898438,962700,WHR,143.77273559570312,0,0.9980044240588021,0.0,0.9881665918889194,1.0,0.9718624018592077,26.0,1.0927071852579573,132.0,1.6414429188694093,515.0
2015-05-28 00:00:00-04:00,143.76506104710143,144.4397661796573,142.86801628622985,143.77273559570312,577700,WHR,141.2655792236328,0,0.9998936677331022,0.0,0.9896039746112111,1.0,0.9738351811223426,26.0,1.0912931381241366,131.0,1.6393866109519442,515.0
2015-05-29 00:00:00-04:00,143.55803435456178,144.40907847483265,141.09690296923642,141.2655792236328,875800,WHR,143.34332275390625,1,0.9912041425951476,0.0,0.9804183431840622,0.0,0.9590295115229063,26.0,1.0711822583429744,131.0,1.6091701357329864,515.0
2015-06-01 00:00:00-04:00,141.56455966701847,144.34003094331516,140.51417645562486,143.34332275390625,902500,WHR,144.31703186035156,1,1.0073003462500179,1.0,1.0002138809867724,1.0,0.9750671672802176,27.0,1.085776917388755,131.0,1.6311448378504696,516.0
2015-06-02 00:00:00-04:00,142.70695667295405,144.8920612199226,142.269928744159,144.31703186035156,770800,WHR,145.09909057617188,1,1.0033849263230974,2.0,1.007094433477124,2.0,0.9829045455194269,28.0,1.091906946799242,132.0,1.6405056158128475,517.0
2015-06-03 00:00:00-04:00,144.37838516329245,145.26010396162508,143.21298892759376,145.09909057617188,717100,WHR,144.13307189941406,0,1.0027021947127077,2.0,1.0107240413664553,3.0,0.9895621322009854,28.0,1.0965889248973804,132.0,1.64763519617424,518.0
2015-06-04 00:00:00-04:00,144.03339637106598,144.9687786707775,143.61938025924556,144.13307189941406,707700,WHR,143.96438598632812,0,0.9966600578978164,1.0,1.0034912412691082,3.0,0.9841388615354094,28.0,1.088117377929512,131.0,1.6349476428590948,517.0
2015-06-05 00:00:00-04:00,143.74970924658697,144.40907686122193,142.4539742609318,143.96438598632812,485700,WHR,142.14727783203125,0,0.9994144831602338,0.0,0.9985642460520048,3.0,0.9836694512826285,28.0,1.0856296646347612,131.0,1.6313339267337832,516.0
2015-06-08 00:00:00-04:00,144.0333796083883,144.8384231921871,142.0246137718082,142.14727783203125,639800,WHR,140.29954528808594,0,0.993648954642232,0.0,0.9875990629571975,2.0,0.9723698092470925,27.0,1.0708238330130093,130.0,1.6090908072577033,516.0
2015-06-09 00:00:00-04:00,142.33131165527615,142.33131165527615,140.09253137740805,140.29954528808594,1138800,WHR,142.5919647216797,1,0.993458122405011,0.0,0.9802336670703304,1.0,0.9608789237304195,27.0,1.0558194794118743,130.0,1.5866018612855928,515.0
2015-06-10 00:00:00-04:00,141.18122862678865,142.93698004828835,140.6445368188414,142.5919647216797,828600,WHR,143.1669921875,1,1.0081035285700677,1.0,0.9997526109208477,1.0,0.9775845188460871,27.0,1.0718383584080873,131.0,1.6108986896241229,515.0
2015-06-11 00:00:00-04:00,143.25900485259385,145.29077084710755,142.77597638261355,143.1669921875,674700,WHR,142.599609375,0,1.0020122815118024,2.0,1.0051459540103713,2.0,0.9823227866368454,28.0,1.0748993712217791,132.0,1.6157748458991679,515.0
2015-06-12 00:00:00-04:00,142.2085819476782,143.42765300467957,141.6642274062324,142.599609375,481800,WHR,141.08151245117188,0,0.9980145237078172,1.0,1.0030847507677745,2.0,0.9794576863747081,27.0,1.0694078549752528,131.0,1.6077755664179352,514.0
2015-06-15 00:00:00-04:00,141.6872165090718,142.07823220666495,140.30714390138914,141.08151245117188,628200,WHR,140.989501953125,0,0.9946485796655924,0.0,0.9938962661503664,2.0,0.9698130087401684,27.0,1.0568463972933262,131.0,1.5891005792521191,514.0
2015-06-16 00:00:00-04:00,140.65214959422605,142.0628851868946,140.05412012126874,140.989501953125,644100,WHR,142.2622833251953,1,0.9996738037822099,0.0,0.9922834421991004,2.0,0.9702974336345659,26.0,1.0550293332013718,130.0,1.586518093660173,513.0
2015-06-17 00:00:00-04:00,141.06622398260737,142.5229605257073,140.5678581238599,142.2622833251953,465200,WHR,143.56565856933594,1,1.0044934628419717,1.0,1.0017061223853043,2.0,0.9799753225801684,27.0,1.0633658303909206,131.0,1.5992476161462856,514.0
2015-06-18 00:00:00-04:00,142.57661325198652,144.44736554450014,142.51527538516612,143.56565856933594,542900,WHR,143.81103515625,1,1.0045599994020933,2.0,1.0103163152284482,2.0,0.9898295439790075,27.0,1.0718600774463396,132.0,1.6122748577532813,514.0
2015-06-19 00:00:00-04:00,144.27871453681706,145.35210984516232,143.55802079854726,143.81103515625,1032300,WHR,141.7869110107422,0,1.0008538499894788,2.0,1.0103204738086575,3.0,0.9920092703172284,28.0,1.0724479927122985,132.0,1.6134313758347052,514.0
2015-06-22 00:00:00-04:00,144.1023660152865,144.14836649567425,141.10454325398285,141.7869110107422,799900,WHR,142.0399169921875,1,0.9929126796159652,1.0,0.9951140373864383,3.0,0.9789247156892182,27.0,1.056183905677415,132.0,1.58919954285659,513.0
2015-06-23 00:00:00-04:00,142.0322541455749,143.5119907729739,141.51089979985997,142.0399169921875,497900,WHR,140.0924835205078,0,1.0008914096783081,1.0,0.9954220369502816,4.0,0.9817352896407538,27.0,1.0568930343189595,132.0,1.590518406235572,513.0
2015-06-24 00:00:00-04:00,141.94024729055403,143.1669695407202,139.98514517738076,140.0924835205078,900300,WHR,136.6806640625,0,0.9930974483322696,1.0,0.9847692274854102,3.0,0.9697612300925517,26.0,1.041285455255233,132.0,1.5672704546643177,512.0
2015-06-25 00:00:00-04:00,140.81320839535175,140.81320839535175,136.61932618662237,136.6806640625,1298600,WHR,136.3279571533203,0,0.9876728667943317,0.0,0.970176941999312,2.0,0.9480568868805118,25.0,1.0149491856011261,131.0,1.527744207423586,512.0
2015-06-26 00:00:00-04:00,137.15600082561727,137.99170734431436,135.6455894556407,136.3279571533203,1033900,WHR,133.23048400878906,0,0.9987080740981404,0.0,0.9780635181136066,1.0,0.9475090788262105,25.0,1.0113855022440212,130.0,1.5224463937466353,512.0
2015-06-29 00:00:00-04:00,135.60726521677103,136.79566167026368,133.03880753883874,133.23048400878906,746500,WHR,132.67845153808594,0,0.9885090849643678,0.0,0.9677222466238476,1.0,0.928094612706947,25.0,0.9876338143598669,129.0,1.4865967880103652,511.0
2015-06-30 00:00:00-04:00,134.29620137217367,134.6335538227327,132.52511270574175,132.67845153808594,845300,WHR,131.10667419433594,0,0.9979239792391038,0.0,0.9769991875432953,0.0,0.9264757950083212,24.0,0.9827545162442504,129.0,1.4791842593095652,511.0
2015-07-01 00:00:00-04:00,134.0738214982118,134.17349698250754,129.8799403994671,131.10667419433594,1611800,WHR,130.13294982910156,0,0.9940414481696577,0.0,0.9783726329350008,0.0,0.9176107495424072,24.0,0.9704302747445683,128.0,1.4604241366102846,511.0
2015-07-02 00:00:00-04:00,131.0990064586997,131.0990064586997,128.95222824725946,130.13294982910156,1282600,WHR,129.3739471435547,0,0.9962726773594384,0.0,0.980689945679778,0.0,0.9128746016356928,24.0,0.9625235846066318,128.0,1.4483614282357211,511.0
2015-07-06 00:00:00-04:00,129.8876386504506,131.29071173600332,128.6455672392221,129.3739471435547,1329600,WHR,131.28306579589844,1,0.9970752118945538,0.0,0.9852971209709026,0.0,0.9097090253861592,23.0,0.9562915941284355,127.0,1.4387184580274777,511.0
2015-07-07 00:00:00-04:00,129.68831590361643,131.43640465690524,127.76388804512008,131.28306579589844,1420000,WHR,130.9073486328125,0,1.0073242558518356,1.0,1.0028113512274504,1.0,0.925086213931303,24.0,0.9696871656227858,128.0,1.4586899533855022,512.0
2015-07-08 00:00:00-04:00,130.14830570161607,132.40242255880392,129.82629067901803,130.9073486328125,1263300,WHR,130.73867797851562,0,0.9985670064868519,1.0,1.0026543305595448,1.0,0.9242916616247971,24.0,0.9661689871585903,128.0,1.4532590520689577,512.0
2015-07-09 00:00:00-04:00,132.4637660507728,132.4637660507728,130.4089883967809,130.73867797851562,730700,WHR,133.72885131835938,1,0.9993553479237526,0.0,1.0019272396574725,1.0,0.9251327803444778,23.0,0.9642211683579113,127.0,1.4501341754264978,512.0
2015-07-10 00:00:00-04:00,132.0881010419921,134.02786617296354,131.3213950866989,133.72885131835938,901600,WHR,134.44952392578125,1,1.0113063911769946,1.0,1.019225232642192,2.0,0.9479709655069682,24.0,0.9854376683186936,128.0,1.4819667072892166,513.0
2015-07-13 00:00:00-04:00,134.57986250244298,135.25456732186984,133.7134812410427,134.44952392578125,651700,WHR,134.6948699951172,1,1.002687288289989,2.0,1.0168507429164508,3.0,0.9543821343343304,25.0,0.9899020903481329,128.0,1.4886090038988349,513.0
2015-07-14 00:00:00-04:00,134.449530221384,135.53058821249493,134.1658528176607,134.6948699951172,566600,WHR,133.0234375,0,1.0009115778551496,2.0,1.0134760247058923,3.0,0.9572529075243897,26.0,0.9908689088570451,128.0,1.4899442570901185,514.0
2015-07-15 00:00:00-04:00,134.03549462848852,134.34983507082168,131.98838013668225,133.0234375,1056000,WHR,130.3399658203125,0,0.9937567493581003,1.0,0.9977226332306484,3.0,0.9471298040459364,25.0,0.9777579669661186,128.0,1.4701178272248718,514.0
2015-07-16 00:00:00-04:00,133.836141855182,134.11215636840856,130.27862796192878,130.3399658203125,942800,WHR,129.35862731933594,0,0.9898107647233593,0.0,0.9781806967697785,3.0,0.9299723461488032,25.0,0.9573231914292051,127.0,1.439187689758997,514.0
2015-07-17 00:00:00-04:00,130.48568598868218,131.78908374876167,128.79893525804968,129.35862731933594,956300,WHR,125.08037567138672,0,0.9962212405962135,0.0,0.977226087614468,2.0,0.92483606112786,25.0,0.949456499477024,126.0,1.4271040029571822,514.0
2015-07-20 00:00:00-04:00,129.1669187255226,129.4889337368596,122.06722768737546,125.08037567138672,3575300,WHR,127.43418884277344,1,0.9831855509663933,0.0,0.9584743125632518,1.0,0.8964487965797747,25.0,0.9175920288505054,125.0,1.3787634748161792,514.0
2015-07-21 00:00:00-04:00,125.08039618709606,127.74086651368104,124.57436750099558,127.43418884277344,1631700,WHR,136.74964904785156,1,1.0093214946865163,1.0,0.9874997001091999,1.0,0.9157785544229226,25.0,0.9343657297156001,125.0,1.4035002923814066,515.0
2015-07-22 00:00:00-04:00,133.02345833489107,138.58207546992253,132.62476803707162,136.74964904785156,3137100,WHR,137.5699920654297,1,1.0352612797189162,2.0,1.0536015903814178,2.0,0.9843958165011681,25.0,1.0019019209187014,125.0,1.5046336916476302,516.0
2015-07-23 00:00:00-04:00,135.6762398330689,138.39037274375198,135.17021128563644,137.5699920654297,1940700,WHR,135.01690673828125,0,1.0029904640230969,2.0,1.048243634783708,3.0,0.9906093677354186,26.0,1.0071624812000208,125.0,1.5121613509966396,517.0
2015-07-24 00:00:00-04:00,137.93037964951034,138.1297306606386,134.80989288018765,135.01690673828125,1299900,WHR,131.750732421875,0,0.9906338663437126,1.0,1.019994559317702,3.0,0.972410036161756,26.0,0.9877827596926831,125.0,1.48264093223796,517.0
2015-07-27 00:00:00-04:00,133.89751117370412,134.13518811890967,131.0223641933088,131.750732421875,1391100,WHR,135.4922637939453,1,0.9877564822829002,0.0,0.9853889404333581,3.0,0.9491410089081243,26.0,0.9632634898157751,125.0,1.4454272337092837,516.0
2015-07-28 00:00:00-04:00,132.9544692077728,135.63793978271104,132.709117711114,135.4922637939453,964300,WHR,137.04869079589844,1,1.0140004842972525,1.0,1.0013032834203688,3.0,0.9762502237438656,26.0,0.989810640529512,126.0,1.4850052535935674,517.0
2015-07-29 00:00:00-04:00,135.71461820951632,137.75405887751288,134.95558679400963,137.04869079589844,619100,WHR,136.56565856933594,0,1.005710800434729,2.0,1.0123580038419822,3.0,0.9875128267687058,26.0,1.0003159386936888,127.0,1.5005741584612395,517.0
2015-07-30 00:00:00-04:00,136.68067147997445,137.93039420941588,135.36959917232244,136.56565856933594,557700,WHR,136.26663208007812,0,0.9982346239234781,1.0,1.0102889561238355,2.0,0.984087859138244,26.0,0.9959630504197879,126.0,1.4937257269621003,517.0
2015-07-31 00:00:00-04:00,137.0486753494012,137.45502852780365,135.92927962276215,136.26663208007812,477500,WHR,134.91720581054688,0,0.9989039915746555,0.0,1.0062162659691904,2.0,0.981955395677556,26.0,0.9930163619143062,125.0,1.4889183426999975,516.0
2015-08-03 00:00:00-04:00,136.2206031882376,136.71129437862703,134.07382484315835,134.91720581054688,568100,WHR,134.08155822753906,0,0.9950239428720103,0.0,0.9916147257568184,2.0,0.9727390371130538,25.0,0.9824233940790503,125.0,1.4726499303371299,516.0
2015-08-04 00:00:00-04:00,134.924927866028,135.13960462484383,133.67520495556587,134.08155822753906,741700,WHR,133.2841339111328,0,0.9968934891355504,0.0,0.9875206847721306,1.0,0.9675943066353554,24.0,0.9756496451011266,124.0,1.4620722958691625,515.0
2015-08-05 00:00:00-04:00,134.7638821935754,135.22389865571657,132.57110313026303,133.2841339111328,917900,WHR,130.73867797851562,0,0.9970174770366848,0.0,0.9871214287727456,0.0,0.9629263671335685,23.0,0.9691174842888554,124.0,1.4519606411336239,514.0
2015-08-06 00:00:00-04:00,133.813164064542,134.35753033712635,130.13297383725964,130.73867797851562,898000,WHR,130.6543731689453,0,0.990358954537303,0.0,0.9766993980640215,0.0,0.94584885006393,23.0,0.9500808005515669,123.0,1.4228934898788763,513.0
2015-08-07 00:00:00-04:00,130.991725683113,131.81975787369984,130.0333431765026,130.6543731689453,660000,WHR,134.0662078857422,1,0.9996774787654062,0.0,0.9843235493675581,0.0,0.9467487276127703,22.0,0.9489339676052843,123.0,1.4206175556627991,513.0
2015-08-10 00:00:00-04:00,131.91176595772038,135.00925296369732,131.10672234039072,134.0662078857422,652100,WHR,131.46707153320312,0,1.0128884376998706,1.0,1.011324390012122,1.0,0.9727722552283211,22.0,0.9730280501003509,124.0,1.456258497781079,514.0
2015-08-11 00:00:00-04:00,133.01582084383725,133.40683667071326,130.78470369865218,131.46707153320312,674900,WHR,132.4790802001953,1,0.990211636152626,1.0,0.9956451662519487,1.0,0.9553623318681798,22.0,0.95356241781513,124.0,1.4266095774316478,514.0
2015-08-12 00:00:00-04:00,130.37063940670998,132.58641853626725,129.32025628236315,132.4790802001953,843800,WHR,133.8438262939453,1,1.003834148216771,1.0,1.0045343732179859,2.0,0.9641418503241976,22.0,0.9603585046458031,124.0,1.436143064892608,515.0
2015-08-13 00:00:00-04:00,132.48675386200793,135.05521106482598,132.48675386200793,133.8438262939453,910600,WHR,135.87564086914062,1,1.0051244037237181,2.0,1.010125985609936,3.0,0.9754765317567681,22.0,0.9696328093400374,125.0,1.4494475971795848,516.0
2015-08-14 00:00:00-04:00,133.8055369691285,136.21299338746957,133.59086022092015,135.87564086914062,713700,WHR,136.84933471679688,1,1.0075330661022208,2.0,1.0174416990419641,4.0,0.9913816059638297,23.0,0.9837057573990114,125.0,1.4699250944971345,516.0
2015-08-17 00:00:00-04:00,134.95557028517527,137.4550272055125,134.40354112378742,136.84933471679688,603300,WHR,140.26881408691406,1,1.0035702408463483,2.0,1.0204793642508723,4.0,0.9997498579272787,23.0,0.9901340335568928,125.0,1.4789287340167316,516.0
2015-08-18 00:00:00-04:00,136.84931300641628,140.56782886031186,136.1362705781592,140.26881408691406,1414300,WHR,141.51853942871094,1,1.0123394277310191,2.0,1.0324257807762804,5.0,1.0255982162902615,24.0,1.0141563276203434,125.0,1.514244609671499,517.0
2015-08-19 00:00:00-04:00,140.04646588943532,143.23596440736608,138.4133790056918,141.51853942871094,1397300,WHR,140.3838653564453,0,1.0044349944247146,2.0,1.027945623202852,5.0,1.0350965233644414,25.0,1.0223907762238635,126.0,1.5260878845714485,517.0
2015-08-20 00:00:00-04:00,140.100176197133,142.39263121939047,139.39480812082405,140.3838653564453,1063600,WHR,136.16696166992188,0,0.9959749400749867,1.0,1.0101067359128315,4.0,1.0272254688670022,25.0,1.0134326544686707,126.0,1.5122780579662687,516.0
2015-08-21 00:00:00-04:00,139.2337850255597,139.92381560097718,135.33124341426853,136.16696166992188,1503000,WHR,128.56890869140625,0,0.9847517950610888,0.0,0.9793541935173607,3.0,0.9972943290296603,25.0,0.9823474660148771,126.0,1.4654072160309544,515.0
2015-08-24 00:00:00-04:00,128.80658563830312,133.0618055393691,125.20307040369882,128.56890869140625,1920600,WHR,127.6258773803711,0,0.9712994957270228,0.0,0.9358537035546659,2.0,0.9431074472967951,25.0,0.9271502117217009,125.0,1.3823843588373184,515.0
2015-08-25 00:00:00-04:00,132.75513035050105,133.29183387384586,127.61820283352056,127.6258773803711,1195500,WHR,129.57615661621094,1,0.9963190846874965,0.0,0.946408591514791,1.0,0.9379923296098036,24.0,0.9200270673378776,124.0,1.3709960335617588,515.0
2015-08-26 00:00:00-04:00,130.3007797717879,130.77101319641125,125.59844552555404,129.57615661621094,1254100,WHR,131.5496063232422,1,1.0075826742329175,1.0,0.9781964185783462,1.0,0.9540486716769911,24.0,0.9337063597207569,125.0,1.3906267776445436,516.0
2015-08-27 00:00:00-04:00,130.9329167071132,135.12646020475242,129.77660603297065,131.5496063232422,1470700,WHR,129.88450622558594,0,1.0075574684198771,2.0,1.0065196669644347,2.0,0.9701920182100487,24.0,0.9474980947729563,125.0,1.4104117844342947,517.0
2015-08-28 00:00:00-04:00,131.5650051456286,131.8193948630164,129.04424500296614,129.88450622558594,1150500,WHR,129.5838623046875,0,0.9936308996503076,1.0,1.0034262338854907,2.0,0.9595923724599302,24.0,0.9351346020609675,124.0,1.3912211091259274,516.0
2015-08-31 00:00:00-04:00,130.13117599660785,131.78084509935346,128.7667263738039,129.5838623046875,701300,WHR,123.49397277832033,0,0.998841308007595,0.0,0.9995361184126457,2.0,0.9590694573097646,24.0,0.9326059626014024,124.0,1.3866429264643045,516.0
2015-09-01 00:00:00-04:00,126.8935288493281,128.85925927041018,122.792474840633,123.49397277832033,1446100,WHR,128.15777587890625,1,0.9759366934509704,0.0,0.9586729824989996,2.0,0.9161051734822149,24.0,0.8886008064795566,123.0,1.3202563357724948,516.0
2015-09-02 00:00:00-04:00,124.88156205944549,128.16548038276852,124.14923426408627,128.15777587890625,1132400,WHR,127.45622253417967,0,1.01853276651353,1.0,0.9970733892582704,2.0,0.9521315929356908,25.0,0.921812470889714,124.0,1.3687822103323528,517.0
2015-09-03 00:00:00-04:00,128.89004772443917,129.88448113325904,127.00140998910824,127.45622253417967,995400,WHR,126.32308959960938,0,0.9972554189164834,1.0,0.9979716958330372,1.0,0.9486974952235872,24.0,0.9164516390611355,123.0,1.3599846301339884,516.0
2015-09-04 00:00:00-04:00,126.25371377856987,127.39460374297892,125.26699622622677,126.32308959960938,557500,WHR,127.71063232421876,1,0.9955349672711976,0.0,0.9946466217186145,1.0,0.9422320893964611,23.0,0.9079958452313518,123.0,1.3466281482981202,515.0
2015-09-08 00:00:00-04:00,128.3119128120385,128.87464726600356,127.00913450089634,127.71063232421876,851200,WHR,127.24812316894533,0,1.0054620414726887,1.0,1.00854701019488,2.0,0.9543480670265903,24.0,0.917666501601666,123.0,1.3601267009799005,515.0
2015-09-09 00:00:00-04:00,129.1907163607314,129.8845097257397,126.94747114362256,127.24812316894533,903300,WHR,124.98175811767578,0,0.9981859451958071,1.0,0.9989712169300305,2.0,0.9525329651738831,24.0,0.9140507552535092,123.0,1.3539121526040336,515.0
2015-09-10 00:00:00-04:00,127.04769401031784,127.17103662669628,123.56334155452228,124.98175811767578,967600,WHR,125.6832504272461,1,0.9910146845420977,0.0,0.9860963239616231,1.0,0.9374399788683556,24.0,0.8975178096597141,123.0,1.328560653363419,515.0
2015-09-11 00:00:00-04:00,124.6117363903416,126.12265410870614,124.32651686822886,125.6832504272461,683700,WHR,124.53466033935548,0,1.002798525065953,1.0,0.994413135406654,2.0,0.9446594551164422,24.0,0.9023035442553304,123.0,1.3347504290043788,516.0
2015-09-14 00:00:00-04:00,125.41345596977992,126.09182865382697,123.9410842408143,124.53466033935548,459100,WHR,129.0905303955078,1,0.9954096408032038,1.0,0.9881218398562888,2.0,0.9382632609635186,23.0,0.8938266260651504,123.0,1.3213008429280646,516.0
2015-09-15 00:00:00-04:00,126.50039398365016,130.09265691511771,126.0764110454918,129.0905303955078,969300,WHR,129.5684814453125,1,1.0179630029767626,1.0,1.0220324389418793,2.0,0.9743889877217442,23.0,0.9261996241010341,123.0,1.3682565720768474,517.0
2015-09-16 00:00:00-04:00,129.68410782073985,129.7689044169205,127.14022169792236,129.5684814453125,696200,WHR,129.86138916015625,1,1.0018478035866727,2.0,1.0220612684289,3.0,0.9795022056722485,24.0,0.9292806383203205,124.0,1.3719520149838151,517.0
2015-09-17 00:00:00-04:00,129.58387415662094,132.04295138817648,128.82840945874196,129.86138916015625,740400,WHR,126.50037384033205,0,1.0011290439075506,2.0,1.016546109476284,4.0,0.9832252066893438,24.0,0.9310638842696392,124.0,1.3737021472966584,517.0
2015-09-18 00:00:00-04:00,128.08837171711394,129.52219721255173,125.92992309050022,126.50037384033205,1050100,WHR,125.3903350830078,0,0.9868895607500648,1.0,0.9889711421543759,3.0,0.9594233841654175,24.0,0.9067012768806976,124.0,1.3368915626876208,516.0
2015-09-21 00:00:00-04:00,127.15563090878751,127.4023161707414,124.32652547538297,125.3903350830078,668500,WHR,121.74407196044922,0,0.9955931730786384,0.0,0.9789831339577041,3.0,0.95236363827061,24.0,0.8984889961162099,124.0,1.3239042681729007,516.0
2015-09-22 00:00:00-04:00,124.12608051886843,124.57318865495296,120.47213512144562,121.74407196044922,1108400,WHR,121.74407196044922,0,0.9852458297240764,0.0,0.9615453309077631,2.0,0.9263797820922312,24.0,0.8722294568828698,123.0,1.2842447051899033,515.0
2015-09-23 00:00:00-04:00,121.85200556537178,123.10852163758663,120.75735461274492,121.74407196044922,707500,WHR,120.62627410888672,0,1.0,0.0,0.973578344622878,1.0,0.9277312214362249,24.0,0.8720351473937811,123.0,1.283074174655204,515.0
2015-09-24 00:00:00-04:00,120.95003954623144,121.35860153354233,118.25969873498764,120.62627410888672,1057200,WHR,119.4468994140625,0,0.9953880585241119,0.0,0.9791012187311372,0.0,0.9206224137234963,24.0,0.8638686160176772,122.0,1.27013744126093,515.0
2015-09-25 00:00:00-04:00,122.02933148869356,122.39164313528602,118.50643238621844,119.4468994140625,735100,WHR,113.46491241455078,0,0.9950874365614554,0.0,0.9807584799090003,0.0,0.9129754589339661,24.0,0.855257670810445,122.0,1.2566244298253284,514.0
2015-09-28 00:00:00-04:00,118.00535846240147,118.43704589282665,113.3030237468412,113.46491241455078,1159600,WHR,112.13129425048828,0,0.9743165151112494,0.0,0.9502506484636544,0.0,0.8690983709084626,24.0,0.8123515103888788,122.0,1.1927476027091064,513.0
2015-09-29 00:00:00-04:00,112.94070223026652,114.19723013283917,110.8130950400336,112.13129425048828,1081500,WHR,113.51888275146484,1,0.9940884725688556,0.0,0.9544494924347857,0.0,0.8607781072656662,24.0,0.8026894272456424,122.0,1.1778231612679564,512.0
2015-09-30 00:00:00-04:00,112.92531833598557,113.89661518526228,110.83624495636587,113.51888275146484,926000,WHR,114.15867614746094,1,1.0061492905497014,1.0,0.979982589558551,1.0,0.8734150426162239,24.0,0.8125013377689526,122.0,1.1914510433762797,513.0
2015-10-01 00:00:00-04:00,113.48031533318417,114.613488778503,111.98481856830838,114.15867614746094,972700,WHR,114.55182647705078,1,1.0028100854519444,2.0,0.9966348617073271,2.0,0.8802281183915267,25.0,0.8169445906135702,122.0,1.1972253638733779,513.0
2015-10-02 00:00:00-04:00,112.91756637783357,114.73682862075972,111.36811461128045,114.55182647705078,900900,WHR,120.3411102294922,1,1.001718986776201,2.0,1.0086884783169159,3.0,0.8851006843685928,26.0,0.819626433292898,122.0,1.2004043569280998,513.0
2015-10-05 00:00:00-04:00,115.6156500384367,120.74967240533933,115.6156500384367,120.3411102294922,1439900,WHR,118.8995590209961,0,1.0246464786622091,2.0,1.0469874320354426,4.0,0.9314382282034616,26.0,0.8607345878988569,123.0,1.2600202423076519,513.0
2015-10-06 00:00:00-04:00,119.42374747022096,120.47984063342908,116.83361147013645,118.8995590209961,991000,WHR,121.56678771972656,1,0.9939744725969364,1.0,1.022404834737164,4.0,0.9221303847561919,25.0,0.8501824774137527,122.0,1.2439010616371455,513.0
2015-10-07 00:00:00-04:00,119.4623056809956,122.6460180245988,118.93810541574912,121.56678771972656,740300,WHR,123.51707458496094,1,1.0110919001136003,1.0,1.0310694164712095,4.0,0.9444187917741453,25.0,0.8688914298953504,123.0,1.2707327997253648,513.0
2015-10-08 00:00:00-04:00,121.09653193283827,124.09522978940994,120.74964116268842,123.51707458496094,508100,WHR,122.29912567138672,0,1.0079576306938145,2.0,1.03124019614675,4.0,0.9607525949428728,26.0,0.8824010167316393,124.0,1.2899773177240006,514.0
2015-10-09 00:00:00-04:00,123.2087628868625,124.07985405918576,120.88072067914068,122.29912567138672,648200,WHR,122.4687271118164,1,0.9950452862248131,1.0,1.0080312910192877,3.0,0.9522716743147303,26.0,0.8733011327118223,124.0,1.276147289255422,513.0
2015-10-12 00:00:00-04:00,122.5535237074312,122.69999162372967,121.38180390224692,122.4687271118164,253200,WHR,119.65499114990234,0,1.0006929073344444,1.0,1.005901197423289,3.0,0.9544456570184043,27.0,0.8742016603486374,124.0,1.2768064481330075,513.0
2015-10-13 00:00:00-04:00,121.02714510241242,122.5072208794144,119.54706932541043,119.65499114990234,949600,WHR,116.7950668334961,0,0.9883789329599151,1.0,0.981572392275042,3.0,0.9331747456637199,27.0,0.8538516885606023,124.0,1.2464224353623312,513.0
2015-10-14 00:00:00-04:00,119.70126389592669,120.2717146527403,115.75439442473738,116.7950668334961,868100,WHR,119.2155990600586,1,0.9879047425879377,0.0,0.9656714896823549,2.0,0.9121319185966741,26.0,0.8332902959187525,123.0,1.2156656834452555,512.0
2015-10-15 00:00:00-04:00,116.98007029649904,119.27727036035924,115.00663573726898,119.2155990600586,955100,WHR,120.84990692138672,1,1.0102560289697,1.0,0.9927460502202408,2.0,0.9331652178770222,26.0,0.8504235698767338,123.0,1.2398604067227115,512.0
2015-10-16 00:00:00-04:00,120.03278245368358,121.27388992706356,117.9822550172119,120.84990692138672,844900,WHR,120.46443176269533,0,1.0068077579685872,2.0,1.0087902865045246,3.0,0.9480257484715429,26.0,0.8619625561113823,123.0,1.255807067496573,513.0
2015-10-19 00:00:00-04:00,120.49526153396678,120.78819729274008,118.8455923498728,120.46443176269533,712600,WHR,119.9171142578125,0,0.9984026015163732,1.0,1.008948646728819,2.0,0.9468032664734701,26.0,0.8591419004932549,122.0,1.2507732431645355,512.0
2015-10-20 00:00:00-04:00,120.19462926811038,120.74965928870613,118.05930576561282,119.9171142578125,808700,WHR,117.83574676513672,0,0.9977231301073498,0.0,1.003923789665375,2.0,0.9439648303247833,26.0,0.8551646614904513,122.0,1.244093325864368,511.0
2015-10-21 00:00:00-04:00,120.69569318595732,122.18347368637508,117.5119812432209,117.83574676513672,933000,WHR,123.19332885742188,1,0.9912456679439291,0.0,0.9847830073668048,2.0,0.929734409857653,25.0,0.8403592425705707,121.0,1.2214704600550899,511.0
2015-10-22 00:00:00-04:00,118.14410357552758,123.7406543810353,117.84346329145812,123.19332885742188,1626400,WHR,112.470458984375,0,1.0222279493809905,1.0,1.022757785165377,2.0,0.9737804323069886,25.0,0.8784897850508668,121.0,1.2758519550128593,512.0
2015-10-23 00:00:00-04:00,128.09607090699384,129.24467686118123,108.30774604772247,112.470458984375,6520100,WHR,115.76211547851562,1,0.9544992891303045,1.0,0.9469106076383913,1.0,0.8918526564791173,25.0,0.8021784583472448,121.0,1.1638695380507555,512.0
2015-10-26 00:00:00-04:00,113.85035177539152,117.07259856724907,112.80196295188463,115.76211547851562,2037600,WHR,118.4755630493164,1,1.0144223781460076,1.0,0.9824023071126118,2.0,0.9204486998942447,26.0,0.8259261784142917,121.0,1.1969433701597487,512.0
2015-10-27 00:00:00-04:00,115.55394557785772,119.13851480229722,114.1201202406014,118.4755630493164,1479800,WHR,121.67466735839844,1,1.0115841635208076,2.0,1.007895709184493,3.0,0.9440808964099705,27.0,0.8455003831624085,121.0,1.2239608373382165,512.0
2015-10-28 00:00:00-04:00,118.56034367222657,121.867385728554,118.26740798555944,121.67466735839844,1629100,WHR,125.42115783691406,1,1.0133212627098078,2.0,1.02839398364182,4.0,0.9711734392218532,28.0,0.8685155226680684,121.0,1.2559051796340321,512.0
2015-10-29 00:00:00-04:00,121.28156952831388,125.67554758808504,120.53382104345982,125.42115783691406,2076200,WHR,123.44772338867188,0,1.0151620954160365,2.0,1.0560821896930548,4.0,1.0021251112803773,29.0,0.8953817802500916,121.0,1.2933956442239734,512.0
2015-10-30 00:00:00-04:00,125.25928142872542,127.1093737466779,123.40917734817285,123.44772338867188,1604400,WHR,124.26485443115234,1,0.9920703848607999,1.0,1.0205981754609585,4.0,0.9873158182647243,29.0,0.8814754357407797,120.0,1.2719194667799925,511.0
2015-11-02 00:00:00-05:00,124.06443147732784,124.89697659433848,122.91582527872414,124.26485443115234,943900,WHR,124.0259017944336,0,1.003298706305801,1.0,1.0131102499595817,4.0,0.9946982969906999,30.0,0.8874750129033729,120.0,1.279190975778527,512.0
2015-11-03 00:00:00-05:00,124.28029159395898,124.84302624967148,122.36081134077776,124.0259017944336,759400,WHR,124.10295104980467,1,0.9990376096140219,1.0,1.0020929740845512,3.0,0.9941171694506611,29.0,0.885941615746767,119.0,1.2755966798681502,511.0
2015-11-04 00:00:00-05:00,124.06440501543672,124.51151313638918,122.37618986846392,124.10295104980467,714900,WHR,122.30683135986328,0,1.0003105211445096,1.0,0.9987962686538753,3.0,0.9957143066884369,30.0,0.8867015536790821,119.0,1.2752672389388935,511.0
2015-11-05 00:00:00-05:00,124.12609387087493,124.48068920696878,120.80362990772652,122.30683135986328,1027700,WHR,120.60319519042967,0,0.9927108425957081,1.0,0.9893001313261747,2.0,0.9826401477321207,29.0,0.8741383394924103,118.0,1.2557226873604597,511.0
2015-11-06 00:00:00-05:00,121.7980518490639,122.26058080163192,117.442619889881,120.60319519042967,1239100,WHR,119.87083435058594,0,0.992986554760098,0.0,0.980029768717418,2.0,0.9706737325230352,28.0,0.8622328538254841,118.0,1.2371792189430424,511.0
2015-11-09 00:00:00-05:00,119.73978726152131,121.0194401489945,118.36763331414294,119.87083435058594,698000,WHR,120.91154479980467,1,0.9969545117148759,0.0,0.9810846975711887,1.0,0.9668550827876639,27.0,0.8573064730622985,117.0,1.2286217212795032,511.0
2015-11-10 00:00:00-05:00,119.52396978441855,121.05029642004372,118.12869026655224,120.91154479980467,478900,WHR,122.50729370117188,1,1.0043222035303867,1.0,0.9946731531995003,2.0,0.9773432295491793,27.0,0.8650401484730231,117.0,1.2382093795103628,512.0
2015-11-11 00:00:00-05:00,120.7342811626508,122.83877563510843,120.2948891026742,122.50729370117188,646100,WHR,119.87083435058594,0,1.0065555686289285,2.0,1.0104532699542024,2.0,0.9926170126743934,27.0,0.8767112328619532,118.0,1.2534422670580965,512.0
2015-11-12 00:00:00-05:00,121.15048723805911,121.15048723805911,119.56248964250412,119.87083435058594,800800,WHR,116.45590209960938,0,0.9891225360482075,1.0,0.9926965953365954,2.0,0.9741027052413911,26.0,0.8581216136541356,118.0,1.2253978029912873,512.0
2015-11-13 00:00:00-05:00,119.04602658618543,120.27942928106914,115.94712260577484,116.45590209960938,803100,WHR,119.25414276123048,1,0.9855499538381843,0.0,0.9710866838619386,2.0,0.9494289084120784,26.0,0.8340680987431102,117.0,1.1894873645743647,512.0
2015-11-16 00:00:00-05:00,116.62546097997895,119.56249925670434,115.97022548196745,119.25414276123048,1043900,WHR,121.23532104492188,1,1.0118715376057612,1.0,0.9954440647874225,3.0,0.974481537410981,27.0,0.8544746431919801,117.0,1.2169973508880425,513.0
2015-11-17 00:00:00-05:00,120.89613470426391,124.17234822523692,120.387355193277,121.23532104492188,935000,WHR,122.53780364990234,1,1.0082381084490601,2.0,1.0114347449018501,3.0,0.9916611155678424,28.0,0.8690571942284625,117.0,1.2361003740451793,514.0
2015-11-18 00:00:00-05:00,121.94081136564718,123.0107434384141,120.56850872844142,122.53780364990234,753800,WHR,123.83258819580078,1,1.0053430114850068,2.0,1.022248978494098,3.0,1.0030106843497082,29.0,0.8787942103458837,117.0,1.2482558151267193,514.0
2015-11-19 00:00:00-05:00,123.08053609966554,124.11944928164452,122.56882835440466,123.83258819580078,635000,WHR,125.8096694946289,1,1.005255438919419,2.0,1.026266814721699,4.0,1.0144037401989812,29.0,0.8884830705094523,117.0,1.2602835542907036,515.0
2015-11-20 00:00:00-05:00,124.35208160575576,125.949219740856,123.43722066634976,125.8096694946289,843100,WHR,127.5230712890625,1,1.007919657982263,2.0,1.0267335352166311,5.0,1.0314077467435359,29.0,0.9030485733011097,117.0,1.2792225233578471,515.0
2015-11-23 00:00:00-05:00,127.9882623341744,129.3993213318277,126.86406444383697,127.5230712890625,1044400,WHR,127.68584442138672,1,1.006763443955697,2.0,1.0268575777072797,5.0,1.0457919201636423,30.0,0.9156848257504803,118.0,1.2954248364375396,516.0
2015-11-24 00:00:00-05:00,126.6701899069695,128.445645138766,126.42208495337076,127.68584442138672,665700,WHR,129.3373260498047,1,1.0006378034712113,2.0,1.0175971294683086,5.0,1.0473985084256399,31.0,0.9171662097384777,119.0,1.2958617441184879,516.0
2015-11-25 00:00:00-05:00,127.8409703697148,129.771498113364,127.18971227437584,129.3373260498047,592300,WHR,128.92640686035156,0,1.0064254192545767,2.0,1.0197072807361933,5.0,1.0600986138914443,32.0,0.9293549321824243,119.0,1.3113732082032963,516.0
2015-11-27 00:00:00-05:00,129.08922730733337,130.03510727667012,128.32942615878977,128.92640686035156,305400,WHR,126.00347137451172,0,0.9984089164017618,1.0,1.0083683155859773,4.0,1.056619616720387,31.0,0.9267239666123146,119.0,1.3059630455337021,516.0
2015-11-30 00:00:00-05:00,129.08145514278073,129.77148104524682,125.78638537128418,126.00347137451172,731700,WHR,126.57718658447266,1,0.9885343549917401,0.0,0.9852085749149931,3.0,1.03286958204554,31.0,0.9060922000604145,119.0,1.2751847944317651,515.0
2015-12-01 00:00:00-05:00,126.87955720294828,127.62386048012638,125.17387648769343,126.57718658447266,659300,WHR,125.1428680419922,0,1.0022714138707094,1.0,0.9911604775213253,3.0,1.0375363951268237,32.0,0.9106745696799163,119.0,1.2798026382550691,516.0
2015-12-02 00:00:00-05:00,126.99585962524824,127.18968724621767,124.50710776666878,125.1428680419922,753000,WHR,122.1967315673828,0,0.9943019297981288,1.0,0.9838472885152448,2.0,1.0261394397089563,31.0,0.9008217725754659,119.0,1.2641547833124018,515.0
2015-12-03 00:00:00-05:00,125.76316586002189,125.76316586002189,120.1809188227949,122.1967315673828,916800,WHR,124.19695281982422,1,0.988088698779887,0.0,0.9715940186976662,1.0,1.0026740570763912,31.0,0.8801562172976943,118.0,1.2333104331999343,515.0
2015-12-04 00:00:00-05:00,122.28968436909572,124.82495223948612,122.0648495983423,124.19695281982422,1005700,WHR,122.39056396484376,0,1.0081179891335934,1.0,0.9949809967792521,2.0,1.019196076571803,32.0,0.8950191196553064,119.0,1.252359911951666,516.0
2015-12-07 00:00:00-05:00,123.64656368134108,124.21254908595138,120.2041818195146,122.39056396484376,877100,WHR,122.23545837402344,0,0.9926744513325958,1.0,0.9862184949995538,2.0,1.0048248461991245,31.0,0.8825132768830876,118.0,1.233037779986833,516.0
2015-12-08 00:00:00-05:00,121.3360953392656,123.60774946483711,121.3360953392656,122.23545837402344,758300,WHR,114.93978118896484,0,0.999365948114034,0.0,0.9919091436219967,1.0,1.0038672550395271,31.0,0.8818298807021916,118.0,1.2303721889026304,516.0
2015-12-09 00:00:00-05:00,120.9019208041948,121.15777468786013,114.35829831617076,114.93978118896484,1776600,WHR,115.65309143066406,1,0.9692392966546534,0.0,0.9484114324576797,1.0,0.9457828828089692,30.0,0.8298035712610333,117.0,1.1559865048413451,515.0
2015-12-10 00:00:00-05:00,115.32746236831916,116.63773929580589,113.78458987335698,115.65309143066406,991400,WHR,113.27289581298828,0,1.003093375062272,1.0,0.9647149959358065,2.0,0.9534719499842675,30.0,0.8354766882369824,118.0,1.1621868816563645,516.0
2015-12-11 00:00:00-05:00,113.76909417818656,115.2034118472852,113.07130746349064,113.27289581298828,1012700,WHR,111.66796112060548,0,0.9896027722918915,1.0,0.9623999653800861,1.0,0.9359824526154774,29.0,0.8189007776618136,117.0,1.137366444113365,515.0
2015-12-14 00:00:00-05:00,113.66826346458298,114.6916670880724,110.70657192131677,111.66796112060548,990700,WHR,112.45104217529295,1,0.9928650814518032,0.0,0.9663717229471481,1.0,0.924609446176288,29.0,0.8077875298563333,117.0,1.1203893978111468,514.0
2015-12-15 00:00:00-05:00,112.49757074790024,113.8853714913498,111.53618136246156,112.45104217529295,824100,WHR,118.7000503540039,1,1.0034940413047153,1.0,0.9899124745288251,2.0,0.9327589013064325,30.0,0.8141872181215024,117.0,1.1273821154669625,514.0
2015-12-16 00:00:00-05:00,113.76131408855458,119.11096400052304,113.20308954417004,118.7000503540039,1462500,WHR,113.9939193725586,0,1.0270343008563496,2.0,1.0380505458210265,3.0,0.9850076908499741,31.0,0.8600839542566767,117.0,1.1890519639020312,514.0
2015-12-17 00:00:00-05:00,118.8938881635018,119.6691987825522,113.94740262826376,113.9939193725586,811000,WHR,110.30342864990234,0,0.9797754493295402,1.0,0.9997960448083132,2.0,0.946969882985107,31.0,0.8267091484306667,117.0,1.1409864233466875,514.0
2015-12-18 00:00:00-05:00,113.26510862163674,113.77681639323936,110.23364171355692,110.30342864990234,1805300,WHR,113.64501953125,1,0.9835464362142762,0.0,0.9724937272544912,2.0,0.9176237485331635,31.0,0.8007435098615064,116.0,1.1031947878234183,514.0
2015-12-21 00:00:00-05:00,110.86165755253388,113.73030416323044,110.86165755253388,113.64501953125,941100,WHR,113.92414093017578,1,1.0149212504417295,1.0,0.9984741303710798,3.0,0.9461838788584631,32.0,0.8257612405499337,116.0,1.1357080174188485,514.0
2015-12-22 00:00:00-05:00,114.03268394046194,114.21876274251002,110.89267365891806,113.92414093017578,958000,WHR,116.4051513671875,1,1.0012265343790865,2.0,0.9983422544270064,3.0,0.9484473445023842,33.0,0.8285458649591915,116.0,1.1375869723010597,514.0
2015-12-23 00:00:00-05:00,114.79250364524646,116.51369439509206,113.78459734024544,116.4051513671875,681500,WHR,115.96318817138672,0,1.010771580167965,2.0,1.0242033836219595,3.0,0.9685280327861412,34.0,0.8473272722342364,116.0,1.1614122798491602,514.0
2015-12-24 00:00:00-05:00,116.3275731942557,116.85479044512928,115.4282220750218,115.96318817138672,313900,WHR,115.50575256347656,0,0.9980980059646748,1.0,1.0167911697073393,3.0,0.9645238260504565,33.0,0.8448679386850207,115.0,1.15606791991128,513.0
2015-12-28 00:00:00-05:00,115.56777882181616,116.11825447064308,113.54421798589604,115.50575256347656,601300,WHR,116.4206085205078,1,0.9980237711096016,0.0,1.0036241805679635,3.0,0.9605397356279743,32.0,0.8423143656880671,114.0,1.1505943418987348,512.0
2015-12-29 00:00:00-05:00,116.34307275104118,116.70746957299896,114.32727287818066,116.4206085205078,643300,WHR,115.18787384033205,0,1.0039445966933442,1.0,1.0067175276394904,3.0,0.9678969329500752,32.0,0.8497514472163789,114.0,1.158771034775775,513.0
2015-12-30 00:00:00-05:00,115.80811270704486,116.43611224928534,114.35828601914164,115.18787384033205,444700,WHR,113.86985778808594,0,0.9946775063347845,1.0,0.9938855706497913,2.0,0.9583325274711925,31.0,0.8415292546519308,114.0,1.1455983845929807,512.0
2015-12-31 00:00:00-05:00,114.8389959849078,115.3274454218021,113.85436009475296,113.86985778808594,379300,WHR,114.81575012207033,1,0.9942459220089361,0.0,0.9868306997968332,1.0,0.9480281668056867,31.0,0.8326266625258237,114.0,1.1316245369312312,511.0
2016-01-04 00:00:00-05:00,111.95485196055198,114.89328591838252,110.5593022693444,114.81575012207033,1097700,WHR,112.34244537353516,0,1.0041362127797566,1.0,0.9970109539876763,2.0,0.9567995307371919,31.0,0.8402244394879249,115.0,1.1401425825699965,512.0
2016-01-05 00:00:00-05:00,115.24985867854689,116.0329295667522,112.14086897662722,112.34244537353516,984100,WHR,109.47384643554688,0,0.9891119721956807,1.0,0.9809227876727084,2.0,0.9376438786880618,30.0,0.8229329343373732,114.0,1.1147491863930503,511.0
2016-01-06 00:00:00-05:00,110.70658736110882,112.00911522665167,108.85359563435028,109.47384643554688,892400,WHR,106.72146606445312,0,0.9870676814827591,0.0,0.9676138013481224,1.0,0.9153347008082036,30.0,0.8028651086578219,113.0,1.0854965491213735,511.0
2016-01-07 00:00:00-05:00,107.20991537577002,109.06290665848846,106.62843260717266,106.72146606445312,1274600,WHR,105.10108184814452,0,0.9872690099555523,0.0,0.9576183683033255,1.0,0.8942838989892402,29.0,0.78367360081576,112.0,1.05745916075765,511.0
2016-01-08 00:00:00-05:00,107.86118513468548,108.44266796742184,104.86848634899027,105.10108184814452,815300,WHR,104.20948028564452,0,0.9923502751134066,0.0,0.9581566440905063,1.0,0.8824994857086496,29.0,0.7728230178691463,111.0,1.0407157292857299,510.0
2016-01-11 00:00:00-05:00,105.82212743914285,106.56641884518908,102.68986660032736,104.20948028564452,937100,WHR,104.1319580078125,0,0.9957402934978021,0.0,0.968762719982331,0.0,0.876556864269852,29.0,0.7673018784395002,111.0,1.0312265977048758,509.0
2016-01-12 00:00:00-05:00,105.25615593849848,105.7135981537198,101.86030377638012,104.1319580078125,801000,WHR,100.75938415527344,0,0.99962790754222,0.0,0.9830487135751603,0.0,0.8777608978882157,28.0,0.7677935507801593,110.0,1.0297921269446637,509.0
2016-01-13 00:00:00-05:00,104.52739464461904,105.28719582098432,100.54228627458087,100.75938415527344,1157900,WHR,103.91486358642578,1,0.983539695640948,0.0,0.96712290029706,0.0,0.8517364325753034,27.0,0.7439770282360426,110.0,0.9958264273650516,509.0
2016-01-14 00:00:00-05:00,101.59668097227508,104.7211931175648,100.71282749064522,103.91486358642578,1223000,WHR,99.7359390258789,0,1.0154170808783654,1.0,1.0028131690367459,1.0,0.8804631368152569,28.0,0.7683718219726378,110.0,1.026351869961869,509.0
2016-01-15 00:00:00-05:00,100.76710337721404,101.3485862334354,97.44877549080128,99.7359390258789,1461300,WHR,98.62722778320312,0,0.9794799504497784,1.0,0.9725560500564663,1.0,0.8474706121428666,28.0,0.738579791523994,110.0,0.9844880851597391,508.0
2016-01-19 00:00:00-05:00,100.790344344727,101.95330985639691,97.52628851845787,98.62722778320312,1373500,WHR,101.27881622314452,1,0.994410700028081,0.0,0.9723302817522624,1.0,0.8403356921655779,28.0,0.7314887597348113,110.0,0.9729695669960959,508.0
2016-01-20 00:00:00-05:00,96.9060594825218,102.37975573331931,95.8283783413416,101.27881622314452,1627800,WHR,103.4031753540039,1,1.0132641734426857,1.0,1.0041201337871046,2.0,0.8656218746639147,28.0,0.7522833610843676,110.0,0.998513729846927,508.0
2016-01-21 00:00:00-05:00,102.05414242376166,106.0082195545114,101.93783873061228,103.4031753540039,1218300,WHR,103.56599426269533,1,1.0103788277341375,2.0,1.0198355972098834,3.0,0.8849215853489633,29.0,0.769190906308306,110.0,1.0188043107866636,509.0
2016-01-22 00:00:00-05:00,105.41898617528136,106.57420326048236,101.55794259183492,103.56599426269533,1581200,WHR,103.28684997558594,0,1.0007866819439484,2.0,1.0221448316048527,3.0,0.8878594770585457,29.0,0.7715691520475708,110.0,1.0197571802076697,509.0
2016-01-25 00:00:00-05:00,102.9147043049286,104.310253527468,101.60442786727327,103.28684997558594,1268400,WHR,104.08543395996094,1,0.9986505175302892,1.0,1.012294497625036,3.0,0.8873922102474554,28.0,0.7706424173744102,110.0,1.0164148466001173,508.0
2016-01-26 00:00:00-05:00,103.70552755848053,105.96943278437968,103.06977910429822,104.08543395996094,1071100,WHR,102.62785339355467,0,1.0038509677822867,1.0,1.0093225582976169,4.0,0.8965112594594776,28.0,0.7777394038821444,111.0,1.023687314943064,508.0
2016-01-27 00:00:00-05:00,103.32563998453014,104.88400992619847,101.82928447600176,102.62785339355467,1312800,WHR,102.35650634765624,0,0.9929487814495758,1.0,0.9925913590486545,3.0,0.886858648659907,27.0,0.7680520426373273,110.0,1.0088194862990896,507.0
2016-01-28 00:00:00-05:00,103.89161798752504,105.49651657080202,101.97659990356976,102.35650634765624,1945400,WHR,104.1939697265625,1,0.9986762548799284,0.0,0.9919753352601329,2.0,0.887208844250232,27.0,0.7671468491003383,110.0,1.0056390570554568,506.0
2016-01-29 00:00:00-05:00,104.41105570368902,107.80691922206562,102.37198545750236,104.1939697265625,2871800,WHR,104.9925537109375,1,1.0088959532499262,1.0,1.0085552801890523,2.0,0.9057619375341657,27.0,0.7820607454432859,110.0,1.0231513429826584,507.0
2016-02-01 00:00:00-05:00,104.29477894506972,107.17117447291824,102.54256952317476,104.9925537109375,1975300,WHR,102.4883041381836,0,1.003817568987008,2.0,1.0129404142202114,3.0,0.9152279135367724,28.0,0.7891892475556888,111.0,1.0304373839532999,508.0
2016-02-02 00:00:00-05:00,104.27926962703408,104.5506330533509,102.16267512478352,102.4883041381836,1433100,WHR,104.72894287109376,1,0.9879302139064078,1.0,0.9918366560984241,2.0,0.8962125370628401,27.0,0.77177874134096,110.0,1.0053377409455408,508.0
2016-02-03 00:00:00-05:00,103.7675536003426,104.75995008549896,101.99984662176416,104.72894287109376,1310800,WHR,108.38843536376952,1,1.01081299344166,1.0,1.0094155967207388,3.0,0.91815805522658,28.0,0.7899832691037977,111.0,1.0267650962871913,508.0
2016-02-04 00:00:00-05:00,106.10902007311527,109.3808320871384,106.00047705119376,108.38843536376952,1416800,WHR,106.85330963134766,0,1.0171712533392883,2.0,1.0326795459582185,4.0,0.9519398074351865,29.0,0.8188757334005158,112.0,1.0620484764060654,508.0
2016-02-05 00:00:00-05:00,108.31864615182884,109.71419572920097,106.29508506827858,106.85330963134766,898900,WHR,104.8530044555664,0,0.9928678996146556,1.0,1.0129206227505954,3.0,0.940248928126434,29.0,0.8084993925733022,112.0,1.0464378668886145,507.0
2016-02-08 00:00:00-05:00,106.00820961926014,106.2795730475414,102.9612447951951,104.8530044555664,1119600,WHR,106.24854278564452,1,0.9905515091299543,0.0,0.9942216862074363,2.0,0.9248254275008271,28.0,0.794647478148109,111.0,1.0262916802003337,507.0
2016-02-09 00:00:00-05:00,103.37989638078628,107.05487230838357,103.37989638078628,106.24854278564452,1185800,WHR,104.17071533203124,0,1.0066107442049372,1.0,1.000321008724484,3.0,0.9393795720162489,28.0,0.8064886297920707,112.0,1.0393828336563802,507.0
2016-02-10 00:00:00-05:00,107.16341422259244,107.36499068609696,104.11643792053066,104.17071533203124,796800,WHR,100.58878326416016,0,0.9901252980729964,1.0,0.9817904319765611,2.0,0.923144487803655,28.0,0.7921072536035965,111.0,1.0185231519812261,506.0
2016-02-11 00:00:00-05:00,101.9145575248024,103.17056851366722,99.425817575029,100.58878326416016,1182900,WHR,102.4883041381836,1,0.9825066378242356,0.0,0.9621773556798152,1.0,0.8934959055458147,28.0,0.7663047744253512,110.0,0.9830182148782874,506.0
2016-02-12 00:00:00-05:00,102.18593349500496,102.94573452627178,101.00745813915218,102.4883041381836,1128500,WHR,105.01580047607422,1,1.009353693704795,1.0,0.9886026107972429,2.0,0.9126339396370735,28.0,0.7822022863401751,110.0,1.0010678454986186,507.0
2016-02-16 00:00:00-05:00,103.89160266405284,105.41121638596302,101.82927398085288,105.01580047607422,1382500,WHR,107.65186309814452,1,1.0121804642977503,2.0,1.0126648072470164,3.0,0.9373971789379443,28.0,0.802879563234576,111.0,1.025210213936841,507.0
2016-02-17 00:00:00-05:00,105.9074145470206,108.34963778647456,105.6515606732199,107.65186309814452,906000,WHR,108.91561889648438,1,1.01239522068267,2.0,1.0352823687134571,3.0,0.9630601168504118,28.0,0.824389202230389,112.0,1.0503621444264144,507.0
2016-02-18 00:00:00-05:00,107.69062685120652,109.07067863493606,106.58193848249223,108.91561889648438,841900,WHR,110.79963684082033,1,1.0058353903674753,2.0,1.0379630819346894,4.0,0.976537705040863,28.0,0.8354294092128209,112.0,1.0621263586573804,507.0
2016-02-19 00:00:00-05:00,107.99300452159837,111.25706723967647,107.99300452159837,110.79963684082033,1254700,WHR,114.90878295898438,1,1.0085748162457528,2.0,1.035759936066542,5.0,0.9956630866593442,28.0,0.8512205271827112,113.0,1.0799040550785242,507.0
2016-02-22 00:00:00-05:00,112.50531549805838,115.39722056571816,112.26497111802584,114.90878295898438,1247600,WHR,116.4051513671875,1,1.0182055508687213,2.0,1.0497946751455483,5.0,1.0345430175738592,28.0,0.8840940469353101,113.0,1.1192919418956853,508.0
2016-02-23 00:00:00-05:00,114.74598689475918,117.02540231105758,114.24978850572369,116.4051513671875,1217800,WHR,117.9963150024414,1,1.0064689938051596,2.0,1.041785386388543,5.0,1.0497920554271805,28.0,0.8969040358822845,113.0,1.1331729175010565,509.0
2016-02-24 00:00:00-05:00,115.60955906151035,118.26150746217924,114.03398355673188,117.9963150024414,1129200,WHR,118.4564971923828,1,1.0067881982988314,2.0,1.0368279976200039,5.0,1.0659589297751015,28.0,0.910408987504385,114.0,1.1479386391684434,510.0
2016-02-25 00:00:00-05:00,118.49549888166048,119.04148682661392,116.15554034473594,118.4564971923828,1123800,WHR,120.54684448242188,1,1.0019461903864446,2.0,1.0237070507283863,5.0,1.071805722518765,29.0,0.915181485022499,115.0,1.1516823453933815,511.0
2016-02-26 00:00:00-05:00,118.65147222234113,121.4828253471436,118.46428319038222,120.54684448242188,924400,WHR,121.14742279052734,1,1.0087461006837437,2.0,1.0245118107574156,5.0,1.0916176421066457,30.0,0.93258492612273,115.0,1.1712279770094587,512.0
2016-02-29 00:00:00-05:00,120.5156241771756,123.07397712676328,120.02424112453453,121.14742279052734,1148200,WHR,122.86339569091795,1,1.0024848678244702,2.0,1.0188122801288093,5.0,1.0979559727816446,30.0,0.9384652448225795,116.0,1.1762822097626,512.0
2016-03-01 00:00:00-05:00,122.06001107849109,123.29239036300068,121.14742890422872,122.86339569091795,684900,WHR,123.87740325927734,1,1.0070323640200447,2.0,1.0221402185916724,5.0,1.113891318603871,31.0,0.9528948791435747,117.0,1.1921315663964165,513.0
2016-03-02 00:00:00-05:00,122.6918210055813,124.01779505031884,122.4812214173752,123.87740325927734,748900,WHR,123.27677917480467,0,1.0041096064075081,2.0,1.0205892677277242,5.0,1.122799271065957,32.0,0.9618626984492904,118.0,1.2011566365187876,513.0
2016-03-03 00:00:00-05:00,123.99436480545576,124.04895763194963,121.52181082436134,123.27677917480467,1012800,WHR,125.70255279541016,1,0.9975698404997339,1.0,1.0076376655303032,4.0,1.1175106769693468,31.0,0.9581493777587249,118.0,1.194529619276575,513.0
2016-03-04 00:00:00-05:00,123.76817885114222,126.4981299853353,122.62940590008432,125.70255279541016,1106500,WHR,124.13481903076172,0,1.0097428714319776,1.0,1.0188779750143417,4.0,1.1389305375072427,32.0,0.9779533713108,118.0,1.2172132551705466,513.0
2016-03-07 00:00:00-05:00,125.18780533159271,125.92099438234656,123.63562825815332,124.13481903076172,1048200,WHR,123.66680145263672,0,0.9937249829631605,1.0,1.0013215111094962,3.0,1.1244035524813234,32.0,0.9666714200592583,118.0,1.2012440139321887,512.0
2016-03-08 00:00:00-05:00,123.62000418979572,124.6261810458084,121.59983109789071,123.66680145263672,946100,WHR,123.6901397705078,1,0.998111321559512,0.0,0.996255027539205,2.0,1.1186904357095773,32.0,0.963819225728985,118.0,1.195938679026028,511.0
2016-03-09 00:00:00-05:00,123.74473258332064,124.62612027585796,122.40315616171824,123.6901397705078,718000,WHR,123.49517059326172,0,1.0000943507700073,1.0,0.9967437751784054,2.0,1.117547400166493,32.0,0.9648594868230369,118.0,1.1953721846458727,512.0
2016-03-10 00:00:00-05:00,124.46235740652456,125.42173674363532,122.16138945006443,123.49517059326172,879400,WHR,128.46368408203125,1,0.9992112428648807,1.0,0.9948224824796289,2.0,1.114070937828307,32.0,0.9641595985643546,118.0,1.192707912206615,511.0
2016-03-11 00:00:00-05:00,125.09415095383912,129.35286759240816,124.984953396482,128.46368408203125,1373700,WHR,129.5088653564453,1,1.0197195430784625,1.0,1.0302635125046748,2.0,1.1559735808170037,33.0,1.0036753301450059,118.0,1.2398207350770971,512.0
2016-03-14 00:00:00-04:00,127.64469936227688,130.8036449243826,127.1377132419074,129.5088653564453,963900,WHR,131.69284057617188,1,1.0040515212827454,2.0,1.0297692929058901,3.0,1.1624048873828003,33.0,1.0124978048462847,119.0,1.2490175941044654,512.0
2016-03-15 00:00:00-04:00,129.82867441042382,133.02662194574037,128.93949079792566,131.69284057617188,1545100,WHR,135.88916015625,1,1.0083612594026854,2.0,1.0339380996041907,4.0,1.1797142201095754,33.0,1.030219129189281,119.0,1.2691410535656966,513.0
2016-03-16 00:00:00-04:00,130.29666203506386,136.4975482764365,129.5088685679606,135.88916015625,1388000,WHR,137.7845458984375,1,1.0156823686518226,2.0,1.0468316664265767,4.0,1.2133387736766752,34.0,1.0634538246061915,120.0,1.3085629510404388,513.0
2016-03-17 00:00:00-04:00,135.59278676476077,138.82973636391435,134.98439853198374,137.7845458984375,1053000,WHR,138.78294372558594,1,1.006925713724974,2.0,1.0385679565315076,5.0,1.2252516720435402,35.0,1.0787344131503855,120.0,1.3257708169630045,513.0
2016-03-18 00:00:00-04:00,138.19795405504817,140.1245209888175,137.8235639983647,138.78294372558594,1640800,WHR,138.41632080078125,0,1.003609960912274,2.0,1.0300691927046655,5.0,1.2295490645465013,35.0,1.0869476057531362,121.0,1.3343018394146717,514.0
2016-03-21 00:00:00-04:00,139.00910587620757,140.038681207384,137.51153418436067,138.41632080078125,739900,WHR,138.19015502929688,0,0.9986774029670277,1.0,1.0139412093180387,4.0,1.2218820536859665,34.0,1.0845130408639894,120.0,1.3297034024736072,514.0
2016-03-22 00:00:00-04:00,138.20575808591593,138.9623456597316,136.73158462900963,138.19015502929688,734100,WHR,136.50534057617188,0,0.9991823554715931,0.0,1.0027394435516497,3.0,1.2159881312876497,33.0,1.083077095012768,120.0,1.3264662222087182,513.0
2016-03-23 00:00:00-04:00,137.8235187721589,138.09651862281757,136.36494881410152,136.50534057617188,673800,WHR,136.56773376464844,1,0.9938666105557667,0.0,0.9896290883503759,2.0,1.1975550037255702,33.0,1.0703111722957097,119.0,1.3092718388614952,512.0
2016-03-24 00:00:00-04:00,135.71755195648723,136.66913574417546,134.32917795182223,136.56773376464844,809500,WHR,138.04971313476562,1,1.0002284853189103,1.0,0.9918313268724153,2.0,1.1944240323668283,34.0,1.0713006376315435,119.0,1.308838696870152,513.0
2016-03-28 00:00:00-04:00,136.98893180081967,138.89209936186745,136.89532539671455,138.04971313476562,577800,WHR,138.28370666503906,1,1.005396523006275,2.0,1.0036632182205751,2.0,1.2035907602072107,34.0,1.083447637037924,119.0,1.3219702663713357,514.0
2016-03-29 00:00:00-04:00,137.67531856373603,138.68150712471964,135.53035715739702,138.28370666503906,874600,WHR,138.3304901123047,1,1.0008467796998386,2.0,1.0055583228334333,3.0,1.2015982415270061,35.0,1.085825691935036,119.0,1.3231340701030263,515.0
2016-03-30 00:00:00-04:00,139.30547238853563,139.52386746628025,137.82349218768113,138.3304901123047,961400,WHR,140.66265869140625,1,1.0001691288726706,2.0,1.0056932612295775,4.0,1.197761739621489,36.0,1.086716328932346,120.0,1.3225146489575141,515.0
2016-03-31 00:00:00-04:00,138.05750856138738,140.85765517242515,137.7221203268224,140.66265869140625,1198200,WHR,142.97926330566406,1,1.008359232436716,2.0,1.0165039530601467,5.0,1.213429177963805,36.0,1.1054624936113286,121.0,1.3436895508245583,516.0
2016-04-01 00:00:00-04:00,140.49110551236234,143.3146635485275,139.77351966221624,142.97926330566406,1567900,WHR,142.7218475341797,0,1.0081673562142965,2.0,1.0237581928447912,5.0,1.2280042770580915,37.0,1.1240360859232623,121.0,1.3646146162093697,517.0
2016-04-04 00:00:00-04:00,143.47063939693803,144.0556289485283,142.01206925683215,142.7218475341797,1010700,WHR,141.3022918701172,0,0.9990990032529882,1.0,1.0151231928621185,4.0,1.2199871547528978,37.0,1.1222999312509117,121.0,1.3609747629414148,516.0
2016-04-05 00:00:00-04:00,141.80148252326748,143.64225028831748,140.420903724069,141.3022918701172,858400,WHR,142.23040771484375,1,0.9950019893835791,0.0,1.0007293347762254,3.0,1.2019313281763584,37.0,1.1114292191586361,121.0,1.3462873307152023,515.0
2016-04-06 00:00:00-04:00,141.6922156376264,143.05719071396217,141.04482603036772,142.23040771484375,682700,WHR,140.74069213867188,0,1.003273399668134,1.0,1.0017686655908726,3.0,1.2034910828312035,38.0,1.1189913755194099,121.0,1.3539537994102162,516.0
2016-04-07 00:00:00-04:00,141.5752710670354,142.35525715789336,139.22751721814453,140.74069213867188,912500,WHR,142.41766357421875,1,0.9947354497440091,1.0,0.9911672294603896,2.0,1.184781946135461,38.0,1.10756933968158,121.0,1.3386288587701751,516.0
2016-04-08 00:00:00-04:00,142.1446755717102,143.18205854518766,141.38808807903598,142.41766357421875,600000,WHR,143.14303588867188,1,1.0059223801866093,1.0,1.0037713086812798,2.0,1.1924934062753734,39.0,1.120962564944495,122.0,1.3533741802552652,517.0
2016-04-11 00:00:00-04:00,142.1446547479962,144.73420211236066,141.81706205199092,143.14303588867188,700200,WHR,144.43002319335938,1,1.0025401685729776,2.0,1.0082851589263702,3.0,1.1915195165865555,40.0,1.1268940673883556,122.0,1.3590324825643922,518.0
2016-04-12 00:00:00-04:00,143.29125016422833,145.0696175014372,142.41765764827707,144.43002319335938,503700,WHR,146.1147918701172,1,1.0044753403145472,2.0,1.0128874971519326,4.0,1.1955126472295363,40.0,1.1371804985488096,123.0,1.369975015623762,519.0
2016-04-13 00:00:00-04:00,145.0384072853685,146.40338290739038,144.53921667680905,146.1147918701172,677300,WHR,145.17881774902344,0,1.005798653389804,2.0,1.0191502062198419,4.0,1.2017689465745998,41.0,1.1504415253192268,124.0,1.3846416772750227,520.0
2016-04-14 00:00:00-04:00,146.21620069842012,146.30979522263402,143.21324942902737,145.17881774902344,858200,WHR,145.389404296875,1,0.9967868360644179,1.0,1.0063910392385544,4.0,1.1864992973006545,41.0,1.1430536184573348,124.0,1.374495633700684,519.0
2016-04-15 00:00:00-04:00,145.3582100895943,146.21619956035514,144.27402988652932,145.389404296875,793900,WHR,148.1973419189453,1,1.000724740463251,1.0,1.0037154655468596,4.0,1.1811237380404938,41.0,1.1448299904815624,124.0,1.3752163836540345,519.0
2016-04-18 00:00:00-04:00,145.54539424526308,148.72772669302495,145.4751864591062,148.1973419189453,896400,WHR,148.31436157226562,1,1.0095642519911514,2.0,1.0160100978981856,4.0,1.1966771600535022,41.0,1.1669330946112548,125.0,1.400468213019263,519.0
2016-04-19 00:00:00-04:00,149.96794030238493,150.99751583090816,145.89641164971246,148.31436157226562,1137100,WHR,146.99620056152344,0,1.0003946544164783,2.0,1.0114254648256675,4.0,1.1904528144324436,41.0,1.167781227804015,126.0,1.4002380776618921,520.0
2016-04-20 00:00:00-04:00,148.5561729198467,149.7885406094748,146.68419894887202,146.99620056152344,1031000,WHR,146.20838928222656,0,0.9955363567045563,1.0,1.001232674210226,3.0,1.1730136170979573,41.0,1.1573542032550679,126.0,1.3864754412887863,520.0
2016-04-21 00:00:00-04:00,147.3159680949514,147.9399593434051,146.02120023884066,146.20838928222656,612900,WHR,146.0991973876953,0,0.9973131004541345,0.0,0.9944718817527947,3.0,1.1602270565914854,40.0,1.151286158682396,125.0,1.3777420254581874,520.0
2016-04-22 00:00:00-04:00,146.20839496779783,146.6451852882078,145.29581264087471,146.0991973876953,878700,WHR,145.1085968017578,0,0.9996264486468681,0.0,0.9927706009845547,2.0,1.1527330482789264,40.0,1.1506019756107302,124.0,1.375422355695706,519.0
2016-04-25 00:00:00-04:00,146.10698987666794,147.02736768573192,144.39101107732426,145.1085968017578,1002500,WHR,139.95291137695312,0,0.9965983033225648,0.0,0.9901958518100175,1.0,1.1385164560843526,40.0,1.1426225350347163,124.0,1.3648304996154106,518.0
2016-04-26 00:00:00-04:00,136.34158353892536,140.11671370774587,133.53362859422333,139.95291137695312,3337200,WHR,139.03250122070312,0,0.9819137790375666,0.0,0.9660382148602784,0.0,1.0929544323806917,39.0,1.1019089952819536,124.0,1.3151647541331413,518.0
2016-04-27 00:00:00-04:00,140.53007287718356,141.95744865171372,137.16833520073806,139.03250122070312,1311600,WHR,136.32598876953125,0,0.9967008663726179,0.0,0.9703530951321824,0.0,1.080977215962621,38.0,1.0944881833373654,124.0,1.3053539593162706,518.0
2016-04-28 00:00:00-04:00,137.90935982297793,139.33673601482477,135.78779638061334,136.32598876953125,852800,WHR,135.82676696777344,0,0.9901709496908272,0.0,0.964772009217138,0.0,1.0553067839268082,38.0,1.0731985485426212,123.0,1.2788403350463557,517.0
2016-04-29 00:00:00-04:00,136.32595755156797,136.72374614280284,134.99998367914273,135.82676696777344,883100,WHR,137.9093017578125,1,0.9981656559001016,0.0,0.9754211708337472,0.0,1.0472405788165955,37.0,1.0693233631003947,122.0,1.273063449967654,517.0
2016-05-02 00:00:00-04:00,136.4975292170302,138.8608854850567,136.0373404034921,137.9093017578125,920200,WHR,137.9717254638672,1,1.0076078201887482,1.0,1.000724244290777,1.0,1.059278806917922,37.0,1.085688666797176,123.0,1.291444134150079,518.0
2016-05-03 00:00:00-04:00,136.59895436457975,139.0013127145643,135.78776224555014,137.9717254638672,991400,WHR,136.637939453125,0,1.000226270384315,2.0,1.0040641539309156,2.0,1.0555533100893795,38.0,1.0861282494164664,124.0,1.2908913174623062,518.0
2016-05-04 00:00:00-04:00,136.8407434267411,138.8843029036062,135.7253572767774,136.637939453125,960000,WHR,137.5037384033203,1,0.99514297498908,1.0,0.9978354222936751,2.0,1.0411296355946074,38.0,1.0757174821034043,123.0,1.277314640400673,517.0
2016-05-05 00:00:00-04:00,136.73935539073952,138.54892877750223,136.55216635186258,137.5037384033203,729500,WHR,137.82351684570312,1,1.0031582171560527,1.0,1.0024337993083583,3.0,1.0435844877137572,38.0,1.082675135220522,123.0,1.284283355139469,518.0
2016-05-06 00:00:00-04:00,136.55214782315176,138.42410936777242,136.35715133301872,137.82351684570312,564500,WHR,136.56773376464844,0,1.001161448553626,2.0,1.0018483234539424,4.0,1.0415776597716455,39.0,1.0853585586551313,123.0,1.2861401621141524,519.0
2016-05-09 00:00:00-04:00,137.66751678344826,138.385102411573,135.7253475312044,136.56773376464844,732800,WHR,138.27590942382812,1,0.9954233851179244,1.0,0.9946599267952054,3.0,1.0274312363899871,39.0,1.0756622309522845,123.0,1.2733283298425009,518.0
2016-05-10 00:00:00-04:00,137.55832377200542,139.087101483552,136.69253888417694,138.27590942382812,726800,WHR,134.44618225097656,0,1.0062150815618767,1.0,1.0066549947763535,3.0,1.0356350291364647,39.0,1.0893088361909644,123.0,1.2881024940802792,519.0
2016-05-11 00:00:00-04:00,137.45692867001188,137.93272060338623,134.16538681649922,134.44618225097656,745900,WHR,133.79879760742188,0,0.9859574002629088,1.0,0.9819078872219522,3.0,1.0032660913394507,38.0,1.0594959792712795,122.0,1.2513465590513682,519.0
2016-05-12 00:00:00-04:00,134.59438668606933,135.8501646634704,132.07503515560165,133.79879760742188,796700,WHR,131.59922790527344,0,0.9975865917643774,0.0,0.982496784596396,2.0,0.99519888174176,37.0,1.054733804373345,122.0,1.2442624473070925,518.0
2016-05-13 00:00:00-04:00,133.9157870843537,134.8517678260251,131.28723829192992,131.59922790527344,789100,WHR,130.7100830078125,0,0.9917121851306191,0.0,0.9752600978330569,1.0,0.9760936301311073,36.0,1.037822858330305,121.0,1.2227932339485705,517.0
2016-05-16 00:00:00-04:00,131.47446611733812,131.70846434725456,128.7445145388165,130.7100830078125,1760100,WHR,132.40260314941406,1,0.9966103189613595,0.0,0.9771544628938885,1.0,0.9671183062008946,35.0,1.0312984108339023,120.0,1.213538812669882,516.0
2016-05-17 00:00:00-04:00,130.36683952624995,133.59598059385783,129.99244963625426,132.40260314941406,1172300,WHR,131.01385498046875,0,1.0064326816252036,1.0,0.9985762601121081,1.0,0.9775323917683159,35.0,1.0450673064423783,121.0,1.2282258018212164,517.0
2016-05-18 00:00:00-04:00,131.99461508895985,133.42260755356418,130.26847969244938,131.01385498046875,785600,WHR,131.5552978515625,1,0.9947279369755228,1.0,0.9932446917471558,1.0,0.9655435532768213,34.0,1.034636009471855,120.0,1.214361076789332,516.0
2016-05-19 00:00:00-04:00,130.22930765070947,131.72007089441652,129.13870238014437,131.5552978515625,819800,WHR,131.8926544189453,1,1.0020620962716063,1.0,1.0007537450692472,2.0,0.9679218478378387,34.0,1.0394260415477932,121.0,1.2184075735620763,516.0
2016-05-20 00:00:00-04:00,132.23787199966304,132.8106446543084,130.66865546628915,131.8926544189453,888700,WHR,130.9275665283203,0,1.0012805435171361,2.0,1.0028723417733767,3.0,0.9688077360769465,34.0,1.0425028895938568,122.0,1.2205576133064833,516.0
2016-05-23 00:00:00-04:00,131.7984821093762,132.62232311397034,130.7235727062623,130.9275665283203,538400,WHR,136.71795654296875,1,0.9963279541918556,1.0,0.9952049517207,3.0,0.96049810813717,33.0,1.0352961214665222,122.0,1.2106614601286756,516.0
2016-05-24 00:00:00-04:00,131.7984605794305,137.43979453253246,131.7984605794305,136.71795654296875,1545800,WHR,136.82781982421875,1,1.021634548369061,1.0,1.0324455740161071,3.0,1.001071182175395,33.0,1.0813243149683032,123.0,1.2630959640344204,517.0
2016-05-25 00:00:00-04:00,136.9612017779564,138.4519645010025,136.20013088673466,136.82781982421875,691900,WHR,135.14877319335938,0,1.0004016266772935,2.0,1.0242810104610411,4.0,1.0001711641576292,33.0,1.0823451980690224,124.0,1.2629980782754906,518.0
2016-05-26 00:00:00-04:00,136.41199297466315,137.4712189177324,134.60739157677605,135.14877319335938,628200,WHR,137.0004425048828,1,0.9938265031845926,1.0,1.006297844283881,3.0,0.9865431318078267,32.0,1.0693407468483744,123.0,1.246434770273739,517.0
2016-05-27 00:00:00-04:00,135.17230390585715,137.6124359619781,135.17230390585715,137.0004425048828,503800,WHR,137.00828552246094,1,1.0068038752445885,1.0,1.012384532298302,3.0,0.9983927735820333,33.0,1.0842428250864038,123.0,1.2624293400379385,517.0
2016-05-31 00:00:00-04:00,137.15736300195968,137.25936590312648,135.87844775380893,137.00828552246094,772600,WHR,137.4868927001953,1,1.000028623239977,2.0,1.0034248407780832,4.0,0.9970807600547147,33.0,1.0845826874676179,123.0,1.2614139603741745,518.0
2016-06-01 00:00:00-04:00,136.01967918484257,137.61243288658142,135.18014265707808,137.4868927001953,500200,WHR,137.32998657226562,0,1.0017435904733676,2.0,1.0057972360487752,4.0,0.9989460409450046,34.0,1.0886005249886521,124.0,1.2647321870943216,518.0
2016-06-02 00:00:00-04:00,137.47906406131892,137.93413830131286,135.93338478877524,137.32998657226562,526300,WHR,136.37274169921875,0,0.9994290520715282,1.0,1.0039117727863358,3.0,0.9961578007719503,34.0,1.0875866903631395,124.0,1.2621887196605592,518.0
2016-06-03 00:00:00-04:00,136.3335088969788,137.1024335099365,135.1095220889829,136.37274169921875,608300,WHR,137.17306518554688,1,0.9965026111391283,0.0,0.9951333208729981,3.0,0.9876997681805034,33.0,1.0802033739708676,124.0,1.2523176476008735,517.0
2016-06-06 00:00:00-04:00,136.44337326942386,138.05182261624185,135.541078548419,137.17306518554688,498700,WHR,139.6053466796875,1,1.0029257384547126,1.0,1.0007212944062036,3.0,0.9918586019081584,34.0,1.086650348716737,125.0,1.2585688854021668,518.0
2016-06-07 00:00:00-04:00,137.000453393862,140.71950098210405,136.7650685134617,139.6053466796875,857000,WHR,142.1003875732422,1,1.0087878295050154,2.0,1.0146208836478132,3.0,1.0080921556342484,34.0,1.106022938516061,125.0,1.279739244620324,519.0
2016-06-08 00:00:00-04:00,139.91133602473505,142.1631576641324,139.51903193579918,142.1003875732422,838000,WHR,140.98626708984375,0,1.0088569048839968,2.0,1.025874802372371,3.0,1.0245562757031486,34.0,1.1258279462375158,125.0,1.301426040866496,519.0
2016-06-09 00:00:00-04:00,141.44134133968876,141.66887247852503,139.58181153094446,140.98626708984375,559000,WHR,139.28363037109375,0,0.9960643835905143,1.0,1.012486433685369,3.0,1.0153894089819255,33.0,1.117058145244392,125.0,1.290071685332177,518.0
2016-06-10 00:00:00-04:00,140.07608022565245,140.2094621632216,138.51470582910335,139.28363037109375,565900,WHR,137.3142547607422,0,0.9939250103768732,0.0,0.9960944716681089,3.0,1.002718383369739,32.0,1.103630749823343,125.0,1.273393138053857,517.0
2016-06-13 00:00:00-04:00,139.00116930363484,139.67593272635807,137.17303105402223,137.3142547607422,838400,WHR,137.19659423828125,0,0.9928800048148854,0.0,0.9818121026531388,2.0,0.9885964132817597,31.0,1.0881529167228203,125.0,1.254326525693085,517.0
2016-06-14 00:00:00-04:00,136.8199856437632,137.4947491938675,135.29784377686485,137.19659423828125,711600,WHR,138.32643127441406,1,0.9995713811571019,0.0,0.9843615183284935,1.0,0.9879373673384834,30.0,1.0873951171010976,124.0,1.2521639659869221,517.0
2016-06-15 00:00:00-04:00,137.8242824936118,140.0682624767343,136.71798203253817,138.32643127441406,1047600,WHR,136.85919189453125,0,1.0041006991485752,1.0,0.9978718711770865,1.0,0.9960839436010612,31.0,1.0965321335167277,124.0,1.2613560258570933,518.0
2016-06-16 00:00:00-04:00,137.8870386129092,137.8870386129092,135.36059944837885,136.85919189453125,923700,WHR,137.80857849121094,1,0.9946681830141176,1.0,0.9932013376741302,1.0,0.9856758514630569,31.0,1.0851403310721603,123.0,1.24687213381707,518.0
2016-06-17 00:00:00-04:00,136.95335845928588,138.42841367771675,136.45120970940442,137.80857849121094,956900,WHR,139.4484100341797,1,1.003456490710018,1.0,1.0022368443626712,2.0,0.9923582053046375,32.0,1.092805789680929,124.0,1.2544053034408886,518.0
2016-06-20 00:00:00-04:00,139.15810883543716,141.55900797746224,139.15810883543716,139.4484100341797,720300,WHR,139.01687622070312,0,1.005914482270367,2.0,1.011024379375299,3.0,1.0038195667417016,32.0,1.1059003671336052,124.0,1.2681971524277138,518.0
2016-06-21 00:00:00-04:00,140.06040657155583,140.5860926330222,138.3656619451013,139.01687622070312,642700,WHR,139.81716918945312,1,0.9984503137921414,1.0,1.005242379708183,3.0,1.000597065312778,31.0,1.1025156919767056,124.0,1.2631532555700042,517.0
2016-06-22 00:00:00-04:00,139.60532163787593,141.0176186947735,139.14240570516708,139.81716918945312,480200,WHR,140.2879180908203,1,1.0028701407949405,1.0,1.008854344639022,3.0,1.0061722156596602,31.0,1.1087523382955398,125.0,1.2693229717279826,517.0
2016-06-23 00:00:00-04:00,141.52760021428304,142.02189513187028,139.23654620444745,140.2879180908203,695900,WHR,127.55374145507812,0,1.0016806153216924,2.0,1.00726707550969,4.0,1.009322925121001,31.0,1.1123456624747345,126.0,1.2724904950749159,517.0
2016-06-24 00:00:00-04:00,134.0110626085018,134.08167446246026,126.29836373680466,127.55374145507812,2818500,WHR,121.19056701660156,0,0.9524563256614679,1.0,0.9295238184194532,3.0,0.9191497531090057,30.0,1.0115582504134333,126.0,1.1561244577831091,516.0
2016-06-27 00:00:00-04:00,125.92959446257916,125.92959446257916,119.40950335641882,121.19056701660156,1821800,WHR,126.35330200195312,1,0.9744188139315717,0.0,0.9072966558009036,2.0,0.8755880955221811,29.0,0.9614457960586719,126.0,1.0976995723892788,515.0
2016-06-28 00:00:00-04:00,124.85470940628552,126.8005344322996,124.305474076631,126.35330200195312,1718500,WHR,128.5894317626953,1,1.0208558386269893,1.0,0.964230629964617,3.0,0.9146911397049494,30.0,1.0025547462946922,127.0,1.143623894488512,516.0
2016-06-29 00:00:00-04:00,127.93036377700756,130.04096165771352,127.26344204747583,128.5894317626953,926800,WHR,130.7471160888672,1,1.0087711060743803,2.0,0.998403972860762,3.0,0.932308841723806,31.0,1.0203473821969435,128.0,1.1629811708391773,517.0
2016-06-30 00:00:00-04:00,128.57374792093256,130.7471160888672,126.95745686882772,130.7471160888672,876200,WHR,131.24143981933594,1,1.0083200163804404,2.0,1.0304230499979592,3.0,0.949269871304891,31.0,1.0374232285571197,129.0,1.1815675740714613,518.0
2016-07-01 00:00:00-04:00,131.02959221623894,132.9283429542087,130.53528513307032,131.24143981933594,717400,WHR,128.64434814453125,0,1.0018868142112358,2.0,1.028341518500953,4.0,0.9539553730919351,32.0,1.041346854659407,129.0,1.1851090655474585,518.0
2016-07-05 00:00:00-04:00,130.44893717997329,130.97462316541248,127.08297373010538,128.64434814453125,629900,WHR,130.57452392578125,1,0.9900067960808777,1.0,0.9963538012328271,4.0,0.936640728802948,31.0,1.020813319026726,129.0,1.160777035152499,518.0
2016-07-06 00:00:00-04:00,128.2206988080831,130.71575965837346,127.65577982206166,130.57452392578125,846200,WHR,131.72003173828125,1,1.0074461236785508,1.0,1.004733417592877,4.0,0.952146230827843,31.0,1.0361349688092865,130.0,1.1772892439987745,518.0
2016-07-07 00:00:00-04:00,130.93542351867686,132.40263705824225,129.93896772757128,131.72003173828125,488000,WHR,134.46615600585938,1,1.0043672572981923,2.0,1.0086880998649832,4.0,0.9619852074022405,31.0,1.0452914518542205,130.0,1.1866880664639545,519.0
2016-07-08 00:00:00-04:00,133.28924371584802,135.47045353556206,132.2378596379213,134.46615600585938,721300,WHR,135.5175323486328,1,1.0103165543293242,2.0,1.0238854245080953,4.0,0.9834352540214707,31.0,1.0670833234335848,130.0,1.210462731863869,519.0
2016-07-11 00:00:00-04:00,134.81923151361354,135.9647528072908,133.618781898043,135.5175323486328,673100,WHR,136.3021240234375,1,1.0038942217182876,2.0,1.025214858408057,4.0,0.9922932026471469,32.0,1.075398650081743,130.0,1.218956746460105,519.0
2016-07-12 00:00:00-04:00,137.11026943198692,137.1730395184588,135.32136387013287,136.3021240234375,554400,WHR,136.35708618164062,1,1.0028864420081922,2.0,1.0193398620319394,5.0,0.9991462208370914,32.0,1.081512217966572,131.0,1.2250581001021885,519.0
2016-07-13 00:00:00-04:00,136.83569777615062,137.0475453926515,134.67018294003543,136.35708618164062,470000,WHR,136.6709442138672,1,1.0002015782197924,2.0,1.0110066853868631,5.0,1.0009971160292441,32.0,1.0817417383976267,132.0,1.2245899109518172,520.0
2016-07-14 00:00:00-04:00,137.3849407578445,138.79722635282994,136.54540399185862,136.6709442138672,596400,WHR,137.70660400390625,1,1.0011495450916592,2.0,1.0059484704145005,5.0,1.0047324607427708,32.0,1.0839800968520403,133.0,1.22643986928256,521.0
2016-07-15 00:00:00-04:00,137.2986162913358,138.6795226453182,136.71016004248722,137.70660400390625,688000,WHR,139.67596435546875,1,1.0037745792130814,2.0,1.008759346075298,5.0,1.013499652138743,33.0,1.0917569138729253,134.0,1.2347069982934982,522.0
2016-07-18 00:00:00-04:00,138.06751504463912,142.53977968603547,137.282906792739,139.67596435546875,1309800,WHR,140.71951293945312,1,1.0070997985317196,2.0,1.0169897813336273,5.0,1.0288182307766627,34.0,1.1069405396907634,134.0,1.2513222869131762,522.0
2016-07-19 00:00:00-04:00,139.44843926615363,141.96703734775645,139.44843926615363,140.71951293945312,531800,WHR,144.1089630126953,1,1.0037217026253487,2.0,1.0180392270456358,5.0,1.037189733215546,35.0,1.1150703991259046,134.0,1.2596296416193675,522.0
2016-07-20 00:00:00-04:00,140.31146282109032,145.93710125540449,139.95839158345458,144.1089630126953,1557700,WHR,143.36361694335938,0,1.0118999691372559,2.0,1.0309964012433537,5.0,1.062302523235423,36.0,1.1416919896695914,134.0,1.2888801277913124,522.0
2016-07-21 00:00:00-04:00,144.16392069128378,144.862221538071,142.68101161340203,143.36361694335938,1258500,WHR,147.20034790039062,1,0.9974072446511251,1.0,1.0159351293056889,4.0,1.0563655335750446,36.0,1.1354867022275934,134.0,1.2811370914183595,522.0
2016-07-22 00:00:00-04:00,146.7217364096861,147.71819219633414,142.6182387917194,147.20034790039062,1331800,WHR,149.27952575683594,1,1.0132044280132757,1.0,1.0292745899550055,4.0,1.0835493605811803,37.0,1.1653044907634733,135.0,1.3142686893968925,523.0
2016-07-25 00:00:00-04:00,145.87432963672651,149.36583312265296,145.1995662236578,149.27952575683594,1120100,WHR,149.05984497070312,0,1.0070128802700757,2.0,1.0299799954106053,4.0,1.0971107740015649,38.0,1.1812484873709634,135.0,1.3316376699211971,524.0
2016-07-26 00:00:00-04:00,149.23245971219623,149.53061462426066,147.5690943547203,149.05984497070312,1105700,WHR,149.56198120117188,1,0.9992636547244935,1.0,1.016762237541262,3.0,1.093723427038795,38.0,1.179061901772749,134.0,1.3284849824452167,524.0
2016-07-27 00:00:00-04:00,148.4713765011957,150.40151755312456,148.4007646507049,149.56198120117188,1044800,WHR,150.94296264648438,1,1.0016815121550418,1.0,1.012654066509501,3.0,1.0958462365172181,38.0,1.1825475271471078,135.0,1.3317824569910197,524.0
2016-07-28 00:00:00-04:00,149.56204424765176,151.45295330012453,148.63621211404686,150.94296264648438,936500,WHR,150.92724609375,0,1.0045955365247254,2.0,1.0116214902309815,4.0,1.1042156480619492,38.0,1.192912875222378,136.0,1.3428805759091764,524.0
2016-07-29 00:00:00-04:00,151.35092928841908,151.8923109059538,150.08770950489543,150.92724609375,961900,WHR,150.74671936035156,0,0.9999479360590103,1.0,1.0064882026139594,3.0,1.1021804427168913,38.0,1.1921852846443468,136.0,1.34155154866021,523.0
2016-08-01 00:00:00-04:00,150.92717582478855,152.292397878072,150.43286901767158,150.74671936035156,826800,WHR,148.589111328125,0,0.9994015833181803,0.0,1.0033209715488027,2.0,1.0990905568587077,37.0,1.190132617869976,136.0,1.3387703334867669,522.0
2016-08-02 00:00:00-04:00,150.38585891794793,150.98215686637647,148.2752608509219,148.589111328125,647200,WHR,147.37295532226562,0,0.9927920154855366,0.0,0.9895807176460515,2.0,1.0819440972173047,36.0,1.1725317695693789,136.0,1.3184725221865838,522.0
2016-08-03 00:00:00-04:00,148.2831036809047,148.44786469365877,146.80803647705312,147.37295532226562,754800,WHR,148.4557342529297,1,0.9958908382428078,0.0,0.9843513934777915,1.0,1.0716834261277401,36.0,1.1623246791654962,136.0,1.3065755005465434,521.0
2016-08-04 00:00:00-04:00,147.77311692514434,148.95002931602093,147.0042041819798,148.4557342529297,630900,WHR,148.73028564453125,1,1.0036601552480218,1.0,0.9948892411567685,1.0,1.0782270060961328,36.0,1.1702073318010493,137.0,1.3150496613863956,522.0
2016-08-05 00:00:00-04:00,149.07551506865812,150.2681225414143,147.49845735080686,148.73028564453125,633700,WHR,148.73028564453125,0,1.000923836833564,2.0,0.9996728331968258,2.0,1.0783564958084424,37.0,1.1718296848213128,137.0,1.3163510528005338,523.0
2016-08-08 00:00:00-04:00,149.5855054629207,149.5855054629207,148.0319850265174,148.73028564453125,391300,WHR,148.47927856445312,0,1.0,1.0,1.0023899551418838,2.0,1.0764142944950754,37.0,1.171192485933513,137.0,1.3152244581648864,522.0
2016-08-09 00:00:00-04:00,149.01280646023815,149.01280646023815,147.76528214023568,148.47927856445312,449700,WHR,146.549072265625,0,0.9991554542305993,0.0,1.000846427639056,2.0,1.0724141068061661,37.0,1.1686269380753658,136.0,1.311902137225734,521.0
2016-08-10 00:00:00-04:00,148.93428714328596,148.93428714328596,145.9449207905891,146.549072265625,752100,WHR,146.81590270996094,1,0.9934575565588954,0.0,0.9889339980072304,2.0,1.0564585934753,37.0,1.1529737970995073,135.0,1.293795158115667,520.0
2016-08-11 00:00:00-04:00,147.20036509072716,148.4321939083219,146.48636865737814,146.81590270996094,637400,WHR,145.91355895996094,0,1.0009095511294699,1.0,0.992932128800181,2.0,1.0565524797855947,37.0,1.154675540813346,135.0,1.2950817326951731,521.0
2016-08-12 00:00:00-04:00,145.98417081062925,146.8472444482487,145.16032996965956,145.91355895996094,619300,WHR,145.0426483154297,0,0.9969174822894408,1.0,0.9906036453784368,1.0,1.0481856200155697,37.0,1.147251659113946,134.0,1.2860696755661214,521.0
2016-08-15 00:00:00-04:00,146.22740219128232,146.42355420880443,144.52480411585077,145.0426483154297,1169500,WHR,143.59901428222656,0,0.9970067294570315,0.0,0.9896462684673554,1.0,1.0402495486021195,36.0,1.140232894372947,133.0,1.2773687337970991,520.0
2016-08-16 00:00:00-04:00,144.14039592426153,145.0034578701407,143.30870107042415,143.59901428222656,902500,WHR,142.90072631835938,0,0.9949985250908998,0.0,0.9863650917101356,1.0,1.028456644051442,35.0,1.1288101149247145,132.0,1.2636529453177836,520.0
2016-08-17 00:00:00-04:00,143.653943649454,144.32086555309957,141.95134492250992,142.90072631835938,901500,WHR,144.82296752929688,1,0.997562692509238,0.0,0.9865130489522158,1.0,1.02199487132955,35.0,1.1232320878659265,132.0,1.2565230639323333,519.0
2016-08-18 00:00:00-04:00,143.1360528961133,145.24665064430317,142.10037640822583,144.82296752929688,650900,WHR,143.48129272460938,0,1.0066808582401812,1.0,1.0025418466496157,1.0,1.0347426694514648,35.0,1.1380316209892145,133.0,1.2724045679038676,520.0
2016-08-19 00:00:00-04:00,144.37574556268817,145.19174476679163,142.84576202020742,143.48129272460938,773800,WHR,144.1796112060547,1,0.9953463233477511,1.0,0.9966101314082814,1.0,1.0243449714706225,34.0,1.1269603807198367,133.0,1.2596214160031043,520.0
2016-08-22 00:00:00-04:00,143.49700584309798,144.5405362775619,142.57117383229107,144.1796112060547,425900,WHR,146.12539672851562,1,1.002427575217568,1.0,1.0026627087705655,2.0,1.0282255403278038,35.0,1.1318566029927346,134.0,1.2647553480677278,520.0
2016-08-23 00:00:00-04:00,145.2701649184556,146.82369736245374,145.0112548166238,146.12539672851562,666200,WHR,143.23037719726562,0,1.0067025558267306,2.0,1.0126359845395818,3.0,1.040973001713341,35.0,1.1465358315018352,134.0,1.2807906046977438,521.0
2016-08-24 00:00:00-04:00,145.85721650754755,146.12543255248562,142.50463029543485,143.23037719726562,754600,WHR,142.449462890625,0,0.9899949481153517,1.0,0.9921204668713166,3.0,1.0195961353737195,34.0,1.1234089530138927,133.0,1.2544455126727252,520.0
2016-08-25 00:00:00-04:00,143.00953543690525,143.45129822480624,141.62905832132844,142.449462890625,711000,WHR,142.79656982421875,1,0.9972664703732669,0.0,0.9899664127536989,2.0,1.0134404514097544,33.0,1.1168436855819517,133.0,1.2466557757618986,519.0
2016-08-26 00:00:00-04:00,142.85178265496882,143.68795551883312,141.67641258802257,142.79656982421875,892000,WHR,143.04893493652344,1,1.00121686857584,1.0,0.9933240222876636,3.0,1.0152518282942826,34.0,1.1191013843652093,134.0,1.248732257018453,520.0
2016-08-29 00:00:00-04:00,142.78073092748096,144.06655020142202,142.78073092748096,143.04893493652344,491000,WHR,141.40028381347656,0,1.000882872419197,2.0,0.9966473010405541,3.0,1.0162421347197732,35.0,1.1203923645825429,135.0,1.2499949044002931,520.0
2016-08-30 00:00:00-04:00,143.04896484748974,143.46705119512364,140.9269726094212,141.40028381347656,471500,WHR,140.9190216064453,0,0.9942040581784973,1.0,0.9916902838717636,2.0,1.0040273283156658,34.0,1.1070204739243035,134.0,1.2346764701251967,519.0
2016-08-31 00:00:00-04:00,141.2266701319947,141.99973349728322,140.01974037508572,140.9190216064453,685300,WHR,140.1381072998047,0,0.9982953266114217,0.0,0.9915296310992353,2.0,1.0004545408702268,33.0,1.1027877446500098,134.0,1.2295754962497314,518.0
2016-09-01 00:00:00-04:00,140.87962245613295,141.12416212751737,139.10472376625015,140.1381072998047,630100,WHR,140.3984375,1,0.9972215104107852,0.0,0.9892526477110618,2.0,0.9951414987652613,32.0,1.0962025055649063,134.0,1.2218864607260125,517.0
2016-09-02 00:00:00-04:00,141.14783681657912,141.5895995226581,139.74369560203633,140.3984375,430400,WHR,140.89535522460938,1,1.0009279725049052,1.0,0.9944573294606809,2.0,0.9970595086670305,33.0,1.0978030685271567,134.0,1.2232844571768764,517.0
2016-09-06 00:00:00-04:00,141.01367694934189,141.19511964299576,139.71208983009225,140.89535522460938,463800,WHR,143.7667999267578,1,1.0017665435123764,2.0,1.0010310045270228,2.0,1.0003975999489552,34.0,1.1012185203360418,135.0,1.2267384890447441,517.0
2016-09-07 00:00:00-04:00,140.8954086291715,143.91668219276193,140.4931025757941,143.7667999267578,1105900,WHR,137.88990783691406,0,1.0100872021453697,2.0,1.0180087224664482,3.0,1.0200068253052446,35.0,1.123001810928697,136.0,1.2508351019655044,517.0
2016-09-08 00:00:00-04:00,143.14361078387483,143.5143563207258,137.75580582639307,137.88990783691406,1249700,WHR,131.5160675048828,0,0.9791345566150165,1.0,0.9806012095027054,3.0,0.9782308389435187,35.0,1.0766851530708719,135.0,1.1988986317644272,517.0
2016-09-09 00:00:00-04:00,135.6811626992168,136.09924903993868,130.8692096724882,131.5160675048828,2026400,WHR,134.0403594970703,1,0.9763411322857828,0.0,0.9468855202413242,3.0,0.933764883709855,34.0,1.0266924521086396,135.0,1.1427739632936893,517.0
2016-09-12 00:00:00-04:00,129.96203781255844,134.49789042210145,129.89892885357452,134.0403594970703,1021800,WHR,131.5160675048828,0,1.0095056708688468,1.0,0.9739769342111491,3.0,0.9520049250764224,35.0,1.0462368612540816,135.0,1.163979001235105,517.0
2016-09-13 00:00:00-04:00,132.7229978147862,133.59073099560734,130.85344145960326,131.5160675048828,759100,WHR,129.63070678710938,0,0.9904943291311532,1.0,0.968840496805875,2.0,0.934772733762739,34.0,1.0264713694116594,134.0,1.1413653883495636,517.0
2016-09-14 00:00:00-04:00,131.35827668415624,132.21022945681503,129.26783333259115,129.63070678710938,1058600,WHR,130.23812866210938,1,0.9927804556541625,0.0,0.9752636989919864,1.0,0.9224450317892738,33.0,1.0117635809477799,133.0,1.1243443289220674,516.0
2016-09-15 00:00:00-04:00,129.46505299760784,130.3722306765305,128.58943581431504,130.23812866210938,724700,WHR,128.3843536376953,0,1.002337417158737,1.0,0.9912462705826522,2.0,0.9277333236025744,34.0,1.016385885198367,134.0,1.1289488799128817,516.0
2016-09-16 00:00:00-04:00,129.70172159773327,129.85160387502685,126.87765879526496,128.3843536376953,1343000,WHR,127.65860748291016,0,0.9928321195901867,1.0,0.9818175695066944,2.0,0.9157712212897327,33.0,1.0018252851700478,134.0,1.1122274831023795,516.0
2016-09-19 00:00:00-04:00,128.6288820921355,130.26179471340004,127.35095884892152,127.65860748291016,949000,WHR,126.56211853027344,0,0.997165529754816,0.0,0.9858905877132558,1.0,0.9119636861137426,32.0,0.9959781797425897,134.0,1.1052888468343893,516.0
2016-09-20 00:00:00-04:00,128.19501916075876,128.46323523745917,125.86004793359857,126.56211853027344,751900,WHR,128.33702087402344,1,0.9956868624764298,0.0,0.9849591987758368,1.0,0.9042373807833092,32.0,0.987275049426856,134.0,1.0951720331812291,515.0
2016-09-21 00:00:00-04:00,126.59367049285018,128.70777848399962,126.45956846919115,128.33702087402344,993900,WHR,129.646484375,1,1.0069631554971035,1.0,1.0007874153944916,2.0,0.9161387580243122,33.0,1.0008797482007967,135.0,1.1098784038504892,516.0
2016-09-22 00:00:00-04:00,129.7253615335461,130.26966568575983,128.9444138688928,129.646484375,661200,WHR,127.92681121826172,0,1.0050757644358408,2.0,1.0119325213643826,2.0,0.9251239421659145,33.0,1.0107704364517711,136.0,1.1205296025335258,517.0
2016-09-23 00:00:00-04:00,129.08641269063511,129.35461672235078,127.65072308095526,127.92681121826172,635100,WHR,126.6961669921875,0,0.99332355804674,1.0,0.9992236177342153,2.0,0.9129247400310587,32.0,0.996913639844724,136.0,1.1050282649424152,516.0
2016-09-26 00:00:00-04:00,127.50079080854609,127.65855711609932,126.02564513908906,126.6961669921875,569400,WHR,128.43167114257812,1,0.9951667982413706,0.0,0.9911013040829877,2.0,0.9045783255334793,31.0,0.9868753733577824,136.0,1.0937856474797278,515.0
2016-09-27 00:00:00-04:00,126.94075667964016,128.96019510173576,126.88554386676226,128.43167114257812,612500,WHR,128.02145385742188,0,1.0068024883645739,1.0,1.0017474796200472,3.0,0.917276074366537,31.0,0.9999291401969206,136.0,1.1081324200282783,515.0
2016-09-28 00:00:00-04:00,128.28177375350288,128.66831154528396,126.00201567342496,128.02145385742188,865500,WHR,126.49112701416016,0,0.9984004200176689,1.0,0.9990396494360241,2.0,0.9144140486242038,31.0,0.9963051857031002,135.0,1.1039675301048688,514.0
2016-09-29 00:00:00-04:00,127.47718191125588,128.8655428731176,126.11247326717728,126.49112701416016,588100,WHR,127.9188995361328,1,0.9939872251579034,0.0,0.9919826570258201,1.0,0.9039228421471144,30.0,0.984029950547853,134.0,1.0901748670087434,513.0
2016-09-30 00:00:00-04:00,126.74351806916214,128.62885406392996,126.58575173374052,127.9188995361328,628200,WHR,127.84790802001952,0,1.0056120921857237,1.0,1.0031921408392808,2.0,0.9145399329869366,30.0,0.9949026173520873,134.0,1.1018482485418717,514.0
2016-10-03 00:00:00-04:00,127.66646529715445,129.06272205777725,127.05116815589017,127.84790802001952,494300,WHR,128.0056915283203,1,0.9997224365554248,1.0,1.0008274172207705,2.0,0.914753767912688,29.0,0.9940737363259387,134.0,1.1006057393795696,514.0
2016-10-04 00:00:00-04:00,127.95046668261423,129.02329477174578,127.2483961561327,128.0056915283203,574500,WHR,129.44931030273438,1,1.0006166945025565,1.0,1.0027313464473695,2.0,0.9167038845874953,29.0,0.9951012923064212,134.0,1.1013364602161033,514.0
2016-10-05 00:00:00-04:00,128.45535912011238,130.19870972482872,128.45535912011238,129.44931030273438,575000,WHR,131.1531982421875,1,1.0056072663733346,2.0,1.0117765558325023,3.0,0.927801139057072,29.0,1.0061382176925486,134.0,1.1131006661645513,515.0
2016-10-06 00:00:00-04:00,129.22053286228848,131.72906302489042,128.97599314978916,131.1531982421875,753900,WHR,128.9680938720703,0,1.0065382637679383,2.0,1.0176775688794162,4.0,0.9405981070444165,29.0,1.019101071228975,135.0,1.1270748482633544,515.0
2016-10-07 00:00:00-04:00,131.3819542863176,131.71326728074345,128.2817914923,128.9680938720703,588300,WHR,127.44562530517578,0,0.9915996712443002,1.0,0.9990955830239973,3.0,0.9257794615942337,28.0,1.0019197356411953,134.0,1.1076579529622212,514.0
2016-10-10 00:00:00-04:00,129.78060866898468,130.34068112702582,127.27207867504389,127.44562530517578,596800,WHR,127.0275421142578,0,0.9940624527744472,0.0,0.9879170110472125,3.0,0.9159750998314143,27.0,0.9898524344441054,134.0,1.0939810457863868,513.0
2016-10-11 00:00:00-04:00,127.54818201750383,127.61917508518188,125.5287434026383,127.0275421142578,961700,WHR,126.86971282958984,0,0.9983570637519166,0.0,0.9861716552783383,2.0,0.9143556074946908,26.0,0.9862917014664349,134.0,1.0897983395346953,512.0
2016-10-12 00:00:00-04:00,127.46134550719276,127.46134550719276,126.33329294276172,126.86971282958984,564700,WHR,126.8303451538086,0,0.9993783734105244,0.0,0.9889072398398859,1.0,0.9147394097304455,25.0,0.9848321404448261,133.0,1.0878522702229048,512.0
2016-10-13 00:00:00-04:00,125.7101880493647,127.31942461209688,125.13433526426998,126.8303451538086,623600,WHR,126.8066635131836,0,0.9998448259094059,0.0,0.9953078015576486,0.0,0.9163582316719535,24.0,0.9843437605296477,132.0,1.0869188644001315,512.0
2016-10-14 00:00:00-04:00,128.07670273964,129.11008637644056,126.60945252793758,126.8066635131836,542400,WHR,128.58941650390625,1,0.9999066317618652,0.0,0.9985092892442411,0.0,0.918017429867446,24.0,0.9839662307757121,132.0,1.0861719020308014,511.0
2016-10-17 00:00:00-04:00,125.31571972685788,131.01117261572216,125.21316618666488,128.58941650390625,1447300,WHR,128.02145385742188,0,1.006980345941893,1.0,1.0107265341915181,1.0,0.9330188332443697,24.0,0.9975311330661503,133.0,1.1008841145677775,511.0
2016-10-18 00:00:00-04:00,129.56759298774512,129.56759298774512,126.74353076466154,128.02145385742188,1106100,WHR,131.31883239746094,1,0.9977866773699624,1.0,1.0046925049118185,1.0,0.9312919184610924,23.0,0.9928113783860856,133.0,1.0954694551253432,511.0
2016-10-19 00:00:00-04:00,128.39221651304183,131.92624551249162,127.94258179231632,131.31883239746094,1039400,WHR,131.0032958984375,0,1.0127144863902802,1.0,1.0234230521844367,2.0,0.9573378803712917,24.0,1.018126054700395,133.0,1.123090209592366,511.0
2016-10-20 00:00:00-04:00,130.77452445538395,131.94200991135014,129.59914285784967,131.0032958984375,700300,WHR,131.87892150878906,1,0.9987971411292168,1.0,1.014366187900859,2.0,0.9571959781165424,23.0,1.0150962502887693,133.0,1.1198187126824901,510.0
2016-10-21 00:00:00-04:00,130.0645901120391,132.0130355683291,128.92075679217103,131.87892150878906,892600,WHR,134.4663543701172,1,1.0033308666481429,1.0,1.0131876616146496,3.0,0.9658361321330171,23.0,1.0213709421338333,133.0,1.126739207408989,510.0
2016-10-24 00:00:00-04:00,132.39169078547334,135.72061344906274,132.39169078547334,134.4663543701172,1416500,WHR,119.97525787353516,0,1.0097145813936061,2.0,1.0238208911679019,3.0,0.9867682525027422,24.0,1.0408943576896297,133.0,1.148228103082474,511.0
2016-10-25 00:00:00-04:00,123.44617802450324,126.04935309172696,117.17485980764098,119.97525787353516,5778900,WHR,117.94792175292967,0,0.9430474584373195,1.0,0.924817814901867,3.0,0.8837528048245387,24.0,0.9287686959690536,132.0,1.0240628757444996,510.0
2016-10-26 00:00:00-04:00,119.88847065184294,120.9928591321875,117.52193938413376,117.94792175292967,1826700,WHR,116.5043487548828,0,0.9914790306527158,0.0,0.9283265113889538,2.0,0.872099840985897,24.0,0.9132857519904519,131.0,1.0063595486542098,510.0
2016-10-27 00:00:00-04:00,118.14514538789884,118.32657610094914,115.10020768142904,116.5043487548828,1518000,WHR,118.9734344482422,1,0.9938427851650992,0.0,0.9383815459966518,2.0,0.8647155358883458,24.0,0.9023020261718212,131.0,0.9936591452386087,510.0
2016-10-28 00:00:00-04:00,117.34840601707012,120.53534189061332,117.00132483627796,118.9734344482422,1365900,WHR,118.18460083007812,0,1.0104854294947627,1.0,0.9786135154981116,2.0,0.8862738005234176,24.0,0.9215756511347636,131.0,1.0143023303001286,511.0
2016-10-31 00:00:00-04:00,119.6597350956955,119.6597350956955,117.86117193689697,118.18460083007812,1263500,WHR,118.77625274658205,1,0.9966738060667507,1.0,0.9988800275902971,1.0,0.8837490575036241,23.0,0.9156310152053801,131.0,1.0071668915887046,511.0
2016-11-01 00:00:00-04:00,118.5159327692589,119.8254047262112,117.9558482052961,118.77625274658205,1210900,WHR,118.9261245727539,1,1.0024968340026363,1.0,1.0059193508891542,2.0,0.8915013361700088,24.0,0.9203667457808722,131.0,1.011791028511273,512.0
2016-11-02 00:00:00-04:00,118.65792048474948,121.25322414828908,117.96373386939212,118.9261245727539,1145500,WHR,119.1075439453125,1,1.0006305020078556,2.0,1.0055225839019575,3.0,0.8959384825446521,25.0,0.921624636522734,132.0,1.0126512757138928,512.0
2016-11-03 00:00:00-04:00,119.7307253256776,119.7307253256776,118.55534358980616,119.1075439453125,722700,WHR,120.52739715576172,1,1.0007621584529955,2.0,1.0026428415309308,4.0,0.9004076136446799,26.0,0.9230733520875587,133.0,1.013769486037976,513.0
2016-11-04 00:00:00-04:00,120.67727935173151,121.85266053983416,119.29680317992108,120.52739715576172,978300,WHR,122.21556854248048,1,1.005925067537836,2.0,1.011947614854001,4.0,0.9141690591946159,26.0,0.9340580828146497,134.0,1.0254031772330443,514.0
2016-11-07 00:00:00-05:00,122.27079338812696,123.10696592024784,121.59238721430786,122.21556854248048,726600,WHR,124.58210754394533,1,1.006954563572472,2.0,1.0192225840290636,5.0,0.9297586968635057,27.0,0.9471027162599731,134.0,1.039307711384984,514.0
2016-11-08 00:00:00-05:00,122.11303439738954,125.34728706651694,121.61605890379292,124.58210754394533,1030100,WHR,126.79875183105467,1,1.0095889841387164,2.0,1.0289940406385079,5.0,0.95022732958178,28.0,0.9653799899133879,134.0,1.0589578524573617,514.0
2016-11-09 00:00:00-05:00,123.79324695862262,127.62702815951322,121.71859603005228,126.79875183105467,1453100,WHR,130.15924072265625,1,1.008817872182554,2.0,1.0338573517038891,5.0,0.969204292570611,29.0,0.982345700981583,135.0,1.0773152647915534,514.0
2016-11-10 00:00:00-05:00,127.33517817649992,130.82186669568446,126.52266993978148,130.15924072265625,1410500,WHR,128.5421142578125,0,1.0130779698977417,2.0,1.0424697373195302,5.0,0.9965081887487127,30.0,1.007952324924037,136.0,1.105339506817164,514.0
2016-11-11 00:00:00-05:00,129.93837136544386,130.76665988816765,127.43773758538278,128.5421142578125,803000,WHR,128.5263214111328,0,0.993749060707603,1.0,1.0164681716000796,4.0,0.9861760933700446,29.0,0.99514300136849,135.0,1.0911127413228787,513.0
2016-11-14 00:00:00-05:00,128.5026570588148,130.60098456755884,127.83214701513462,128.5263214111328,823200,WHR,130.37220764160156,1,0.9999385655938716,0.0,1.0062997455620182,3.0,0.98794412099997,29.0,0.9947961308931494,134.0,1.0904737572035845,513.0
2016-11-15 00:00:00-05:00,129.31514788721037,130.58518678386233,128.24233196139275,130.37220764160156,1130600,WHR,128.66587829589844,0,1.0071297671609898,1.0,1.0115804130059052,3.0,1.003908711924346,29.0,1.0088386272555843,134.0,1.1056005584447333,514.0
2016-11-16 00:00:00-05:00,130.10237553623918,130.55475954323776,127.57065511330546,128.66587829589844,830200,WHR,129.5785369873047,1,0.9934128244519425,1.0,0.9954564035095611,2.0,0.992994452898257,28.0,0.9954858814387377,133.0,1.090635329870764,513.0
2016-11-17 00:00:00-05:00,129.0547279182507,130.54678571128724,128.21346541283987,129.5785369873047,876100,WHR,127.81666564941406,0,1.0035340887833155,1.0,1.0034190451109113,2.0,1.001797157781495,29.0,1.002430185285134,133.0,1.0978644724527609,514.0
2016-11-18 00:00:00-05:00,129.92776650171757,130.27696050075485,127.25317177151555,127.81666564941406,683000,WHR,129.21348571777344,1,0.993154995431763,1.0,0.9908889151393299,2.0,0.9900424930822018,29.0,0.9887912209253732,132.0,1.0824488154595877,514.0
2016-11-21 00:00:00-05:00,127.99920847201808,129.39602088208252,127.7134954665418,129.21348571777344,573600,WHR,130.1420440673828,1,1.0054344599687213,1.0,1.000651523888331,3.0,1.0026201093788256,29.0,0.9995497871954894,132.0,1.093766298876612,515.0
2016-11-22 00:00:00-05:00,129.2452324850134,130.44363336786662,128.57856076236106,130.1420440673828,766100,WHR,131.20558166503906,1,1.0035802527533482,2.0,1.0082018490556877,3.0,1.01151355394183,29.0,1.0067077188243119,132.0,1.1010989756683522,516.0
2016-11-23 00:00:00-05:00,130.11034615010882,131.24525428276257,128.65004020358765,131.20558166503906,630200,WHR,131.43569946289062,1,1.004069436615985,2.0,1.012457003755964,4.0,1.0211282942943558,30.0,1.0148630943886023,133.0,1.1095437626775038,517.0
2016-11-25 00:00:00-05:00,131.39601474542886,132.1023591199767,131.19760326819545,131.43569946289062,173100,WHR,129.0706787109375,0,1.0008761676643645,2.0,1.0113340535670543,4.0,1.024179056105635,31.0,1.0164721947315636,134.0,1.1109266294716422,518.0
2016-11-28 00:00:00-05:00,130.9516162325063,131.8325639533827,128.85639085718938,129.0706787109375,568200,WHR,129.8246307373047,1,0.9909214478028058,1.0,0.9912234965492813,4.0,1.0071979179698882,31.0,0.9981050624039479,133.0,1.0904090110481215,517.0
2016-11-29 00:00:00-05:00,129.7611375959749,130.51509897038844,127.98336596897674,129.8246307373047,537600,WHR,128.9198455810547,0,1.0029121888224781,1.0,0.9960786178628843,4.0,1.0144764654726013,31.0,1.0037900168500171,134.0,1.096252267850944,517.0
2016-11-30 00:00:00-05:00,130.09443815546553,130.8325351605872,127.8246103328438,128.9198455810547,577700,WHR,129.05477905273438,1,0.996503171124176,1.0,0.990995233613866,3.0,1.0089799448079417,30.0,0.9965870958664105,134.0,1.0880963842766675,517.0
2016-12-01 00:00:00-05:00,128.49128505334838,130.32461752144593,128.01510471013938,129.05477905273438,556700,WHR,132.4119110107422,1,1.0005230493963164,1.0,0.9953235971980183,3.0,1.0119780153245608,30.0,0.9974803389634046,134.0,1.0887312117640322,517.0
2016-12-02 00:00:00-05:00,129.6420939016209,134.62619038786002,129.30081978500607,132.4119110107422,1550200,WHR,134.9197998046875,1,1.012839616232541,2.0,1.0196797585786674,3.0,1.0390467140978206,31.0,1.0231110415246414,135.0,1.1165031246070451,518.0
2016-12-05 00:00:00-05:00,133.76107148969655,135.40392427662496,133.38806906679974,134.9197998046875,1029000,WHR,134.44363403320312,0,1.0093811870888627,2.0,1.0297162458221694,4.0,1.058255226765004,32.0,1.0420802894694436,136.0,1.1370591989714829,519.0
2016-12-06 00:00:00-05:00,135.30871741853963,135.86426722328954,133.03094505394867,134.44363403320312,883200,WHR,137.93569946289062,1,0.9982322553410462,1.0,1.0188983725052312,3.0,1.054464789011796,31.0,1.037777195994971,136.0,1.132471648349145,518.0
2016-12-07 00:00:00-05:00,134.21349718510712,138.7055371758261,134.07857879656197,137.93569946289062,1005600,WHR,136.75314331054688,0,1.0128205961328471,1.0,1.0312705482540856,4.0,1.0809465655864972,32.0,1.06400059042152,136.0,1.161273449577422,518.0
2016-12-08 00:00:00-05:00,138.0944070174668,138.3404353452304,135.1817275870318,136.75314331054688,746000,WHR,137.880126953125,1,0.9956949246995113,1.0,1.0107936666334556,3.0,1.0706833338272417,32.0,1.054114967955513,136.0,1.150717636787778,518.0
2016-12-09 00:00:00-05:00,137.22934347956,138.25314157105143,135.01506418505386,137.880126953125,922600,WHR,139.8404541015625,1,1.0041035947374335,1.0,1.0109515710972752,3.0,1.078431438170282,32.0,1.061943684585259,137.0,1.1595867561265571,518.0
2016-12-12 00:00:00-05:00,138.18173649643634,143.55472451078091,137.80078972192766,139.8404541015625,944800,WHR,141.3800811767578,1,1.0070586311644345,2.0,1.017979409868155,3.0,1.0921331730182253,33.0,1.0761339474912335,137.0,1.1754250517028952,519.0
2016-12-13 00:00:00-05:00,141.07055975789456,142.99118139674798,141.03881925009532,141.3800811767578,805800,WHR,139.67379760742188,0,1.0054748031599883,2.0,1.0188975197582644,4.0,1.1021888733641956,34.0,1.0872230321507481,137.0,1.1876905990369047,520.0
2016-12-14 00:00:00-05:00,140.77696532924875,143.12615127454006,139.53887920807094,139.67379760742188,1437400,WHR,137.94363403320312,0,0.9939289805331376,1.0,1.0040852223187537,3.0,1.087034906760722,34.0,1.0732538031560113,137.0,1.1727004014845022,520.0
2016-12-15 00:00:00-05:00,139.3483910956687,140.34838087517622,137.45157730028214,137.94363403320312,690600,WHR,138.1578826904297,1,0.9937678136275735,0.0,0.989953004281614,3.0,1.0722335227896465,33.0,1.059059498412787,137.0,1.1575534870194641,519.0
2016-12-16 00:00:00-05:00,138.1658147899728,139.50707832737177,137.45947040821585,138.1578826904297,865100,WHR,138.54678344726562,1,1.0007759778351417,1.0,0.9910954474682957,3.0,1.0727160444289217,33.0,1.0599065032319321,137.0,1.1587132684425658,520.0
2016-12-19 00:00:00-05:00,138.62614077859294,139.91184338081462,138.03883839840358,138.54678344726562,650900,WHR,141.21343994140625,1,1.0014054723480608,2.0,0.9957334304699057,3.0,1.0742592803732132,34.0,1.0620875317252083,137.0,1.161351435481735,520.0
2016-12-20 00:00:00-05:00,139.03091324088263,141.356302531772,138.52298023861843,141.21343994140625,732000,WHR,143.68170166015625,1,1.0095319358193242,2.0,1.0151418028499768,3.0,1.0928855920127072,35.0,1.081707019067527,137.0,1.1830824627633285,520.0
2016-12-21 00:00:00-05:00,141.60235250671352,145.07058249991562,141.04680259282574,143.68170166015625,1074100,WHR,143.65786743164062,0,1.008663755039396,2.0,1.0269676840662263,4.0,1.1098050216809823,35.0,1.099680151235293,138.0,1.2031025358880736,521.0
2016-12-22 00:00:00-05:00,143.6499353307531,143.8562789445284,142.25312263965108,143.65786743164062,886000,WHR,144.40386962890625,1,0.9999170520489365,1.0,1.0184778733306898,4.0,1.10739181008164,35.0,1.0985509385337724,138.0,1.2022383675801296,521.0
2016-12-23 00:00:00-05:00,143.626100034787,145.18958343250378,142.61816634715538,144.40386962890625,561400,WHR,145.7530975341797,1,1.0025897302601796,1.0,1.0147795248220939,4.0,1.1105865460389406,36.0,1.1033112325376144,138.0,1.2077946493101677,522.0
2016-12-27 00:00:00-05:00,144.52295580004656,147.01500400318812,144.2927916555404,145.7530975341797,725000,WHR,145.09439086914062,0,1.00464999313463,2.0,1.0139910559302756,4.0,1.1184065616697507,36.0,1.112580653634003,139.0,1.2183781687076576,522.0
2016-12-28 00:00:00-05:00,146.42771055074863,146.42771055074863,144.52296468842897,145.09439086914062,850100,WHR,145.3880157470703,1,0.9977352162514616,1.0,1.0039870791529952,3.0,1.1109018805997088,36.0,1.1064976105956186,139.0,1.212187062354208,521.0
2016-12-29 00:00:00-05:00,144.65786286486443,146.2054701755224,144.4435750495188,145.3880157470703,599700,WHR,144.26100158691406,0,1.0010108181123603,1.0,1.0036488300300517,3.0,1.1106863759319379,36.0,1.1077037840051334,139.0,1.2139514822996318,522.0
2016-12-30 00:00:00-05:00,145.87210160472898,146.26098029932805,143.54671309527424,144.26100158691406,467700,WHR,145.181640625,1,0.9961090350986528,1.0,0.9950401909644147,3.0,1.1000021104835715,35.0,1.098049001481208,139.0,1.203864613923502,522.0
2017-01-03 00:00:00-05:00,145.6022840989216,146.47528733460712,144.14991062919674,145.181640625,655000,WHR,147.15782165527344,1,1.0031807304930969,1.0,1.0003170231373903,3.0,1.1050519722134666,35.0,1.1038564113179297,140.0,1.2108607504226279,522.0
2017-01-04 00:00:00-05:00,145.90385967724828,148.31655000030884,145.21339161792176,147.15782165527344,632700,WHR,147.60231018066406,1,1.0067598846042167,2.0,1.011974202867935,3.0,1.1175150091048416,36.0,1.1175075598594686,141.0,1.2266198333523783,523.0
2017-01-05 00:00:00-05:00,147.15787026646458,149.14991777835138,146.05470258297677,147.60231018066406,882700,WHR,147.6975555419922,1,1.0015079669106608,2.0,1.011541759060261,4.0,1.1180381551130554,37.0,1.1194377767341914,142.0,1.229583820416496,524.0
2017-01-06 00:00:00-05:00,147.97532443255008,148.33246278331274,146.57056733546568,147.6975555419922,632900,WHR,144.13406372070312,0,1.0003225377739169,2.0,1.0090004715858083,4.0,1.115847830951664,38.0,1.1186842738590415,143.0,1.2296701816556634,524.0
2017-01-09 00:00:00-05:00,147.86419783968532,147.97530780543957,144.0308858560463,144.13406372070312,756400,WHR,145.8880157470703,1,0.987789219583909,1.0,0.9848271702063875,4.0,1.086563791323979,38.0,1.090372378591609,143.0,1.1993111246243153,524.0
2017-01-10 00:00:00-05:00,144.5308757380383,146.33245557620353,143.87214809483115,145.8880157470703,654200,WHR,145.2769012451172,0,1.00604764999129,1.0,0.9958501405118103,4.0,1.0971589693409627,39.0,1.1021359376551085,144.0,1.2132011502047435,524.0
2017-01-11 00:00:00-05:00,146.4118092007427,146.8245085073687,144.03087122494753,145.2769012451172,729900,WHR,145.9197540283203,1,0.99790113964187,1.0,0.9942316632026975,3.0,1.0900394899254904,39.0,1.0961490850835707,143.0,1.2074525570887924,523.0
2017-01-12 00:00:00-05:00,144.53880562884484,146.36419385065903,142.64993638390533,145.9197540283203,695200,WHR,146.64199829101562,1,1.0022076242002145,1.0,1.0009362938755741,3.0,1.0924952643362837,39.0,1.0994670474207209,144.0,1.2121374026121499,523.0
2017-01-13 00:00:00-05:00,146.4912035892582,147.6023033231358,145.8721605789437,146.64199829101562,690700,WHR,147.17369079589844,1,1.0024686899670567,2.0,1.0073492883735697,3.0,1.0953575914130218,40.0,1.1033123487744505,145.0,1.2174664861465296,524.0
2017-01-17 00:00:00-05:00,146.67369002690444,148.30859856733426,146.12607244373478,147.17369079589844,658800,WHR,147.62608337402344,1,1.0018096123679956,2.0,1.0067972245510184,4.0,1.0971635147408976,40.0,1.1057853853294652,145.0,1.2211780077884407,525.0
2017-01-18 00:00:00-05:00,147.68957650519988,147.8721237986109,145.62610423730948,147.62608337402344,524700,WHR,147.00704956054688,0,1.001534575728217,2.0,1.0074961794629387,4.0,1.0982677432479455,41.0,1.1077121968549462,145.0,1.224245885186644,525.0
2017-01-19 00:00:00-05:00,147.61816038954026,148.14196967153458,146.38007453033714,147.00704956054688,573600,WHR,147.31658935546875,1,0.997898967413098,1.0,1.0009078162855438,4.0,1.0916148106413086,40.0,1.101630927008221,144.0,1.2184316042675556,525.0
2017-01-20 00:00:00-05:00,146.84040894810573,148.45150960767089,146.13406438361696,147.31658935546875,600100,WHR,148.4038543701172,1,1.0010516987220663,1.0,1.0011111359514178,4.0,1.092176391610707,40.0,1.1024954742865338,145.0,1.220361959192267,525.0
2017-01-23 00:00:00-05:00,147.45941379133453,148.71337579332467,146.82449463575935,148.4038543701172,692900,WHR,149.9356231689453,1,1.003676665031848,2.0,1.0060906282286015,4.0,1.096385849707944,41.0,1.1091608916119755,145.0,1.228698852323695,526.0
2017-01-24 00:00:00-05:00,149.06261970513668,151.46736647402426,148.10230257386058,149.9356231689453,1128900,WHR,150.95144653320312,1,1.0051343148129888,2.0,1.0126827677856065,4.0,1.1033565705922976,42.0,1.1190265930192822,146.0,1.2406806722480679,527.0
2017-01-25 00:00:00-05:00,151.09430909128318,152.3800115636272,150.007005982254,150.95144653320312,1327400,WHR,138.04678344726562,0,1.0033760951085846,2.0,1.0149844694178076,4.0,1.1061585152194922,43.0,1.1249760326271567,147.0,1.2483661324352164,528.0
2017-01-26 00:00:00-05:00,142.85627613968958,144.34039024436075,136.3007647164625,138.04678344726562,4500300,WHR,135.59439086914062,0,0.9553469130699879,1.0,0.9395356702769957,4.0,1.0092433191976335,42.0,1.0277659618017978,146.0,1.14109137494339,528.0
2017-01-27 00:00:00-05:00,137.2927924104546,137.94357567447216,133.47534590916143,135.59439086914062,2152600,WHR,138.8166046142578,1,0.991037925545191,0.0,0.9378086211095351,3.0,0.9892157034525614,42.0,1.0085886064429983,145.0,1.1202901285217672,528.0
2017-01-30 00:00:00-05:00,134.88805990658437,138.88009773824967,134.28488128369926,138.8166046142578,1222300,WHR,138.80078125,0,1.0117422909364144,1.0,0.9729978766953453,3.0,1.0102613395296969,42.0,1.031441459808463,146.0,1.146342087375687,528.0
2017-01-31 00:00:00-05:00,138.59443760087495,138.983316482306,137.40396831960328,138.80078125,775200,WHR,138.04678344726562,0,0.9999430029779708,1.0,0.9883138941550131,2.0,1.0077168930021583,41.0,1.0302805762432015,145.0,1.1456361210068746,528.0
2017-02-01 00:00:00-05:00,139.4039112889498,139.7134327361827,137.8959887737281,138.04678344726562,695300,WHR,136.11026000976562,0,0.9972764875011313,0.0,1.0013471150586346,1.0,0.9999511539642006,40.0,1.0237823290883914,144.0,1.1388781162467523,527.0
2017-02-02 00:00:00-05:00,137.7689768900557,138.0943745871675,135.05470960137893,136.11026000976562,921700,WHR,137.78489685058594,1,0.9929364446994282,0.0,0.9900817145885191,1.0,0.9840725214240594,39.0,1.0085453692183797,144.0,1.1223943328407096,526.0
2017-02-03 00:00:00-05:00,136.78490714638485,138.53092610565832,136.3007825517152,137.78489685058594,551100,WHR,136.95948791503906,0,1.0061141528021766,1.0,0.9990793512684838,2.0,0.9943146595277206,39.0,1.0199584871643033,145.0,1.1356748518884159,526.0
2017-02-06 00:00:00-05:00,137.3086819618772,137.90391642659674,136.03885570318786,136.95948791503906,585500,WHR,137.61817932128906,1,0.9969957204539376,1.0,0.9957761224881211,1.0,0.9868889997716882,38.0,1.0129272511217864,144.0,1.1283562046021918,525.0
2017-02-07 00:00:00-05:00,137.95945331859153,139.40388240301897,137.25310902844353,137.61817932128906,739800,WHR,138.04678344726562,1,1.0023989256405295,1.0,1.0022887752152065,2.0,0.9903485141017785,38.0,1.016792710569665,145.0,1.133268188482091,525.0
2017-02-08 00:00:00-05:00,137.1817122370603,138.26900335245458,135.84838069585007,138.04678344726562,802800,WHR,138.14996337890625,1,1.001554800877384,2.0,1.0054103475728404,3.0,0.9924939748389588,38.0,1.0188315728200132,146.0,1.1362432975933174,526.0
2017-02-09 00:00:00-05:00,137.52297626476943,139.0864598348576,136.74520658490246,138.14996337890625,528600,WHR,138.475341796875,1,1.0003735740294781,2.0,1.0031812887382796,4.0,0.9920936260602665,39.0,1.018520796969438,146.0,1.1365341766777994,527.0
2017-02-10 00:00:00-05:00,138.38804025807806,139.2293030264434,137.5547216996518,138.475341796875,645000,WHR,139.22137451171875,1,1.0011762424184656,2.0,1.004536748977301,4.0,0.9932475220046975,40.0,1.0199132925352283,146.0,1.1386655470807614,527.0
2017-02-13 00:00:00-05:00,138.5467827037127,139.83248529903426,138.5467827037127,139.22137451171875,590500,WHR,138.78485107421875,0,1.0026865017518418,2.0,1.0066451955692577,5.0,0.9975433395603541,40.0,1.02445523020422,146.0,1.1442283855117903,528.0
2017-02-14 00:00:00-05:00,138.69754954306995,139.66579848487487,137.9594646879642,138.78485107421875,499400,WHR,140.5150146484375,1,0.9984298069707613,1.0,1.0017987298527344,4.0,0.9932153772140251,40.0,1.0203460349408775,145.0,1.1400959662227257,527.0
2017-02-15 00:00:00-05:00,138.76105181071074,141.02294756039092,138.64200976497003,140.5150146484375,716000,WHR,140.2292938232422,0,1.0061946452059407,1.0,1.010686275981776,4.0,1.0042872696680991,40.0,1.032164218165593,145.0,1.153751640729617,527.0
2017-02-16 00:00:00-05:00,140.65785727413018,141.4197626546896,139.55468997472525,140.2292938232422,604300,WHR,140.6261444091797,1,0.998982273846438,1.0,1.0056231321835465,3.0,1.0007654474951964,40.0,1.0292996595843222,144.0,1.1508659153986334,526.0
2017-02-17 00:00:00-05:00,140.03090987645393,140.88010484590234,139.42773113284218,140.6261444091797,408000,WHR,142.55467224121094,1,1.0014130065931253,1.0,1.0053676991164924,3.0,1.0022371223709605,40.0,1.0314790641134517,144.0,1.153588146753745,526.0
2017-02-21 00:00:00-05:00,138.99914201104534,143.64197535569426,138.99914201104534,142.55467224121094,735200,WHR,143.54676818847656,1,1.0068102347286192,2.0,1.0143208227443106,3.0,1.014485902568073,40.0,1.0448717636136287,144.0,1.1688694784953233,526.0
2017-02-22 00:00:00-05:00,142.59439527751036,143.6975628871446,142.015037007435,143.54676818847656,677400,WHR,143.427734375,0,1.0034676370233426,2.0,1.01450509586157,4.0,1.0200530085997013,40.0,1.0513700542102717,144.0,1.1764632657568928,526.0
2017-02-23 00:00:00-05:00,144.4356683846019,144.8324914628616,142.29281407393597,143.427734375,773200,WHR,142.98329162597656,0,0.9995852111863136,1.0,1.009507608574199,3.0,1.0177616498209467,39.0,1.0497945035925902,143.0,1.1749463221561272,526.0
2017-02-24 00:00:00-05:00,142.61027697101244,143.38804679813637,141.29282147092968,142.98329162597656,712200,WHR,142.06263732910156,0,0.9984482344998061,0.0,1.0024929898101371,3.0,1.0129411996481434,39.0,1.0458728599559706,142.0,1.1707534023215806,526.0
2017-02-27 00:00:00-05:00,143.10231167585303,143.6499293662982,141.8483495132584,142.06263732910156,859900,WHR,141.73721313476562,0,0.996770154549304,0.0,0.9940357324347943,2.0,1.0049668329545771,38.0,1.03855519408356,141.0,1.162687483502984,525.0
2017-02-28 00:00:00-05:00,142.06261084815424,142.19752919295746,140.36420916934466,141.73721313476562,600300,WHR,142.08839416503906,1,0.9988533320443825,0.0,0.9928945363773225,1.0,1.0011518142465639,38.0,1.0356352955164654,140.0,1.1595120648019006,524.0
2017-03-01 00:00:00-05:00,142.17618729085606,142.8306473520857,141.71327918911803,142.08839416503906,969000,WHR,141.90484619140625,0,1.001237312706258,1.0,0.9973925288410795,1.0,1.0020947764586359,38.0,1.037630784819246,141.0,1.1618657795638274,525.0
2017-03-02 00:00:00-05:00,142.25601873190067,142.5992023284859,141.47385728142928,141.90484619140625,430800,WHR,141.9766845703125,1,0.9993536889349816,1.0,0.9982383327299815,1.0,0.9996848012707791,37.0,1.0358001602136462,140.0,1.1598434793477241,525.0
2017-03-03 00:00:00-05:00,142.08044342299112,142.85461598927986,141.0349146647558,141.9766845703125,424600,WHR,140.26869201660156,0,1.000253057600167,1.0,1.0001601187665041,2.0,0.9993628459276948,37.0,1.035784956115385,141.0,1.159904286983455,526.0
2017-03-06 00:00:00-05:00,140.8433357120689,141.8808875054553,139.93348522395675,140.26869201660156,448800,WHR,139.97341918945312,0,0.9939485543594547,1.0,0.990631925959414,2.0,0.9866661622058782,37.0,1.0228288344161758,141.0,1.1454311939677635,526.0
2017-03-07 00:00:00-05:00,140.14101652751623,141.17059174583704,139.047602823065,139.97341918945312,484200,WHR,140.50015258789062,1,0.9989463652486855,0.0,0.9910155309440893,2.0,0.9843540241882577,36.0,1.0201911914401243,140.0,1.142502510325152,526.0
2017-03-08 00:00:00-05:00,140.38044021486724,141.08278527865215,139.6381991455864,140.50015258789062,722800,WHR,140.78744506835938,1,1.001878014370836,1.0,0.9969869998251341,2.0,0.9876245011249565,37.0,1.0235228462356858,141.0,1.146280232560653,526.0
2017-03-09 00:00:00-05:00,140.26867532254087,141.36208869543557,139.77384804632845,140.78744506835938,559900,WHR,141.86495971679688,1,1.0010213478406533,2.0,1.0006124065299216,3.0,0.9893070129566824,37.0,1.0252475558088896,141.0,1.1481068701986972,526.0
2017-03-10 00:00:00-05:00,141.5137871225612,143.41330496687047,141.11472957061522,141.86495971679688,788600,WHR,142.2400360107422,1,1.0038121545410397,2.0,1.0084307292474395,3.0,0.9966423539678122,37.0,1.0327225754128564,141.0,1.1563460619437678,527.0
2017-03-13 00:00:00-04:00,142.06444976149473,143.3015302709139,140.97103626430834,142.2400360107422,868000,WHR,142.6949462890625,1,1.0013202030924688,2.0,1.0082711207748516,4.0,0.9991767657341367,37.0,1.0351350783916324,141.0,1.158854845329597,527.0
2017-03-14 00:00:00-04:00,141.79308480485085,143.07006123655677,141.4419123281953,142.6949462890625,426400,WHR,141.6414794921875,0,1.001596540637617,2.0,1.0076080872358661,5.0,1.0020179013461337,38.0,1.03823994520389,141.0,1.1620026789033742,528.0
2017-03-15 00:00:00-04:00,143.00624941358427,143.74850274589926,141.050869968532,141.6414794921875,937600,WHR,137.82647705078125,0,0.9962949988065002,1.0,0.9985597468400564,4.0,0.9941900914004231,38.0,1.030459313049325,140.0,1.1528838190035082,527.0
2017-03-16 00:00:00-04:00,141.24240817124252,142.04052314664503,137.33164966307746,137.82647705078125,1156300,WHR,137.84243774414062,1,0.9863490523615015,0.0,0.9757379411684832,3.0,0.9674498663864093,37.0,1.0027326073121974,139.0,1.121354463638648,526.0
2017-03-17 00:00:00-04:00,137.9382076406581,138.0818624854343,136.70910380343503,137.84243774414062,1191000,WHR,137.91424560546875,1,1.0000578980527102,1.0,0.9814406925260862,3.0,0.9676416340616498,37.0,1.0028654751677677,140.0,1.1210221535918736,526.0
2017-03-20 00:00:00-04:00,137.7147168971791,138.15368249106953,137.14805000719946,137.91424560546875,605800,WHR,137.28375244140625,0,1.000260402977204,2.0,0.9880382234291901,3.0,0.9685195682176392,37.0,1.003395966248497,141.0,1.1211274316712865,527.0
2017-03-21 00:00:00-04:00,138.80017820060013,138.87200562555316,136.80489076345137,137.28375244140625,841400,WHR,135.93496704101562,0,0.9977089471270242,1.0,0.9912064168544888,2.0,0.9648143444680115,36.0,0.9987861833805464,141.0,1.11552444716113,527.0
2017-03-22 00:00:00-04:00,137.17203567940584,137.5311972100556,135.51195484221188,135.93496704101562,826700,WHR,135.85511779785156,0,0.9950633492355658,0.0,0.9896228521113681,2.0,0.9562002097236753,36.0,0.9889915206249309,140.0,1.1040885270343774,527.0
2017-03-23 00:00:00-04:00,135.79126714514308,137.39547369279302,134.96123301646654,135.85511779785156,998000,WHR,135.6795196533203,0,0.9997062098743911,0.0,0.9918886038614112,2.0,0.9565972646300156,35.0,0.9884737101635167,139.0,1.102961773431975,527.0
2017-03-24 00:00:00-04:00,136.1982894159826,136.9565082390108,135.20064588911995,135.6795196533203,527800,WHR,135.56781005859375,0,0.9993533121734319,0.0,0.9937451195038706,1.0,0.9564915750825689,34.0,0.9872708954442908,138.0,1.1010692282497254,526.0
2017-03-27 00:00:00-04:00,134.88143069337838,135.88705117709335,134.195051328163,135.56781005859375,596700,WHR,135.559814453125,0,0.9995881633384365,0.0,0.9963515515617535,0.0,0.9567749962415022,34.0,0.9865373694452292,137.0,1.099704491362247,525.0
2017-03-28 00:00:00-04:00,135.5199062742919,136.0626185359695,134.3785956866508,135.559814453125,558900,WHR,136.54151916503906,1,0.9999705098088653,0.0,0.9988238137378592,0.0,0.9578258600343519,33.0,0.9866257334194187,136.0,1.0991869729996042,524.0
2017-03-29 00:00:00-04:00,135.6875302475569,136.90066848860113,135.3204041579668,136.54151916503906,378500,WHR,135.7992401123047,0,1.0036078643895647,1.0,1.005158709057018,1.0,0.9656401221445507,34.0,0.9939570224166042,136.0,1.1067007791003813,524.0
2017-03-30 00:00:00-04:00,136.28609066960874,137.10814801055824,135.28844708318786,135.7992401123047,467500,WHR,136.74102783203125,1,0.9972744474433279,1.0,0.9997766276239822,1.0,0.9614538896877523,33.0,0.9887528915440377,136.0,1.1002581798710183,523.0
2017-03-31 00:00:00-04:00,135.9109815128411,137.0443153923046,135.4800048235336,136.74102783203125,526900,WHR,136.25418090820312,0,1.003455591083219,1.0,1.0051391931357305,2.0,0.9693131700583638,33.0,0.9957423148599006,137.0,1.1074474127682306,524.0
2017-04-03 00:00:00-04:00,137.14008896168033,137.3715369313873,135.00113463095553,136.25418090820312,552300,WHR,132.1758270263672,0,0.998216646636127,1.0,1.0005509243557822,2.0,0.9671587585030484,32.0,0.9923698626873476,136.0,1.1030309154483524,524.0
2017-04-04 00:00:00-04:00,135.75137885403294,136.3978500623047,131.5373325840026,132.1758270263672,1188400,WHR,132.1678466796875,0,0.9848066394915503,0.0,0.975450375869795,2.0,0.9399357837639061,31.0,0.9629065573867027,136.0,1.0696146351689817,523.0
2017-04-05 00:00:00-04:00,132.1678466796875,133.6443520982429,131.66503034097937,132.1678466796875,1255400,WHR,133.4208526611328,1,0.9999698107143333,0.0,0.981729025963634,1.0,0.9412139069868547,31.0,0.9631360910741161,135.0,1.0691484475011457,523.0
2017-04-06 00:00:00-04:00,131.73682990805418,134.9931398268242,131.73682990805418,133.4208526611328,710500,WHR,133.3091583251953,0,1.004717843735653,1.0,0.9945502515872209,2.0,0.951545023190349,31.0,0.9725426300834257,135.0,1.0788414782198377,524.0
2017-04-07 00:00:00-04:00,133.02981318115323,133.7481240465745,132.68662954879184,133.3091583251953,399700,WHR,133.76405334472656,1,0.99958124571163,1.0,0.9988280513748582,1.0,0.9521028407119158,31.0,0.9720436459237112,134.0,1.0775277826221377,523.0
2017-04-10 00:00:00-04:00,133.89174246487528,135.07296120781314,133.7081794598203,133.76405334472656,629800,WHR,134.32273864746094,1,1.0017032596293989,1.0,1.0059902265751064,2.0,0.9567360774699487,31.0,0.9757120607260601,134.0,1.080794789251111,523.0
2017-04-11 00:00:00-04:00,133.50865804838378,134.41053177263854,133.08565813023716,134.32273864746094,385500,WHR,134.29881286621094,0,1.0020839717562462,2.0,1.006940255044061,3.0,0.962144976230208,31.0,0.980097711055892,135.0,1.084918380850649,523.0
2017-04-12 00:00:00-04:00,134.61007722538648,135.54387030291306,133.50069787568205,134.29881286621094,683300,WHR,135.23260498046875,1,0.9999109312669994,1.0,1.0035546151218209,3.0,0.9634544575507267,30.0,0.9802404323453873,134.0,1.0843174696022397,523.0
2017-04-13 00:00:00-04:00,134.06735174415869,135.82320227516158,133.636375010781,135.23260498046875,712800,WHR,134.84149169921875,0,1.0034645019186186,1.0,1.0078036118165938,3.0,0.9715931903896161,30.0,0.9874298930022516,134.0,1.0914262279396936,524.0
2017-04-17 00:00:00-04:00,135.38421609058324,136.82880191586435,133.6842276862446,134.84149169921875,1273900,WHR,134.1950225830078,0,0.9985518297161469,1.0,1.0025990508487128,3.0,0.9701965248508725,30.0,0.9849616780491353,133.0,1.0878365157794458,524.0
2017-04-18 00:00:00-04:00,134.58610322092647,134.92130997702873,133.0377585535027,134.1950225830078,1023200,WHR,135.79129028320312,1,0.9975970952569926,0.0,0.9971532405715806,2.0,0.9670668152371842,29.0,0.9806062623972581,133.0,1.0821951983227662,524.0
2017-04-19 00:00:00-04:00,134.68191088217847,136.5415203575291,134.64999163951876,135.79129028320312,911100,WHR,136.9884033203125,1,1.0059124023112473,1.0,1.0068171811864046,2.0,0.9800548489456021,29.0,0.9925729277034187,134.0,1.094611704928806,525.0
2017-04-20 00:00:00-04:00,135.95085179965818,137.69074813643485,135.5917026289642,136.9884033203125,901500,WHR,136.88465881347656,0,1.0043885709427087,2.0,1.0116582491326387,3.0,0.9902370545140011,29.0,1.00159008938714,135.0,1.1037819486146703,526.0
2017-04-21 00:00:00-04:00,136.86870528654444,137.14803814703455,135.1926594105445,136.88465881347656,991100,WHR,139.51051330566406,1,0.999621194921371,1.0,1.0084314425528795,2.0,0.9911668795224575,28.0,1.0010723369526593,135.0,1.1024883168179263,525.0
2017-04-24 00:00:00-04:00,138.8400995858239,141.12270911808184,137.99408740228938,139.51051330566406,1550900,WHR,144.4109344482422,1,1.0095003630926507,1.0,1.0207540286239718,3.0,1.0100019934635296,29.0,1.0202890829896698,136.0,1.1231635720627775,525.0
2017-04-25 00:00:00-04:00,141.84897986174988,146.007164496874,141.6494511056709,144.4109344482422,3659900,WHR,147.7469940185547,1,1.0172597779468413,2.0,1.0410459269254038,4.0,1.0443681364203352,30.0,1.0559614311373042,137.0,1.162083803337992,525.0
2017-04-26 00:00:00-04:00,144.8737883150543,148.68078678556213,144.36299537810328,147.7469940185547,1597400,WHR,148.337646484375,1,1.011418685735553,2.0,1.047046794558147,4.0,1.0673453601117877,30.0,1.0799945883440067,138.0,1.1883794703702226,525.0
2017-04-27 00:00:00-04:00,147.65126713381142,148.94420946788344,146.81324399280382,148.337646484375,783700,WHR,148.1939697265625,0,1.0019948770892575,2.0,1.034590326982042,4.0,1.0703832381861662,31.0,1.0839156114250446,139.0,1.1925798286904594,525.0
2017-04-28 00:00:00-04:00,148.34561350704723,148.4014873959698,146.74140693204637,148.1939697265625,970500,WHR,148.37753295898438,1,0.9995154757538222,1.0,1.0175361022145168,4.0,1.0680431071727705,31.0,1.0825403376627054,138.0,1.1908844916108932,524.0
2017-05-01 00:00:00-04:00,148.1859810130385,149.4070957450619,148.13011930688717,148.37753295898438,700400,WHR,149.7742156982422,1,1.0006189510143748,1.0,1.0065402285686935,4.0,1.0677926485688376,32.0,1.0835517892957136,138.0,1.191839910196632,524.0
2017-05-02 00:00:00-04:00,148.36952595549675,150.29298541024687,148.05826169264105,149.7742156982422,862000,WHR,149.36720275878906,0,1.004684469386975,2.0,1.0086751835069758,4.0,1.0762960918854996,32.0,1.093331766315542,139.0,1.2025166509623413,525.0
2017-05-03 00:00:00-04:00,149.60663967100692,151.02728325769436,148.7127548555453,149.36720275878906,896400,WHR,146.7972869873047,0,0.9986393962375638,1.0,1.003743624812862,3.0,1.0717785231920227,32.0,1.0899830486686761,138.0,1.198724833463849,524.0
2017-05-04 00:00:00-04:00,149.63858663413842,150.27706889536367,146.62968965612703,146.7972869873047,998600,WHR,147.7629852294922,1,0.9913226741879568,0.0,0.9885203286095854,2.0,1.0521831707624965,31.0,1.0709489803779084,137.0,1.1776191686108837,523.0
2017-05-05 00:00:00-04:00,146.71745670762064,147.9545371807632,146.43811163430038,147.7629852294922,568300,WHR,146.59774780273438,0,1.003278440215036,1.0,0.9956011469107416,3.0,1.057877028543173,31.0,1.077642100000159,138.0,1.1848619207408346,524.0
2017-05-08 00:00:00-04:00,148.09820780201656,148.43341461878367,146.43812724878828,146.59774780273438,578900,WHR,147.25221252441406,1,0.9960414644482142,1.0,0.9901246724191293,2.0,1.0484778969317965,30.0,1.0688844820273145,137.0,1.1750476706263426,523.0
2017-05-09 00:00:00-04:00,146.55785639492194,147.707143904611,146.35832765166393,147.25221252441406,597000,WHR,147.85076904296875,1,1.0022272071126062,1.0,0.9979446746293591,2.0,1.052057999289214,30.0,1.0732555149497147,138.0,1.1798067446257097,524.0
2017-05-10 00:00:00-04:00,147.17236658091207,147.93856215949063,146.45406812083544,147.85076904296875,566100,WHR,148.17002868652344,1,1.0020282970892926,2.0,1.004064922115227,3.0,1.05525011339431,30.0,1.077176834202552,139.0,1.1841185562402605,524.0
2017-05-11 00:00:00-04:00,147.7789601733516,148.51322443171824,145.95925914647182,148.17002868652344,449100,WHR,146.2067108154297,0,1.0010785040983723,2.0,1.0043604297874924,4.0,1.0563494367595356,31.0,1.0789817701173696,140.0,1.186172075083002,525.0
2017-05-12 00:00:00-04:00,147.7071711384262,147.73111361777015,145.9273656520564,146.2067108154297,598000,WHR,149.909912109375,1,0.9933305944130796,1.0,0.9931475761611738,3.0,1.0416478796606057,30.0,1.0642044182666444,140.0,1.1699897316539911,524.0
2017-05-15 00:00:00-04:00,146.8770732766482,150.67609553722778,146.09492414205425,149.909912109375,1377000,WHR,149.1996307373047,0,1.0125058879078386,1.0,1.0137409654020784,4.0,1.0668050084227083,31.0,1.0906032442165992,140.0,1.1991020316982897,525.0
2017-05-16 00:00:00-04:00,150.32497589070974,150.6521938086679,147.6034006229495,149.1996307373047,635900,WHR,146.34149169921875,0,0.9976253470039423,1.0,1.0062874265978914,3.0,1.0606718737185152,30.0,1.0848617863359238,140.0,1.1929114594270913,524.0
2017-05-17 00:00:00-04:00,149.1995965744606,149.2558011845366,146.19698655962495,146.34149169921875,772900,WHR,142.2630615234375,0,0.9903291324925525,0.0,0.9890240460866605,2.0,1.0398865629472642,29.0,1.063622243281039,139.0,1.1695744972153568,524.0
2017-05-18 00:00:00-04:00,140.88217752967114,143.5476087619389,138.86705614649307,142.2630615234375,1382600,WHR,143.7724151611328,1,0.9858684482616781,0.0,0.9691989938757418,1.0,1.0110593988580352,28.0,1.0336682278274112,138.0,1.1365530548827025,523.0
2017-05-19 00:00:00-04:00,142.64843316736864,144.8723007136404,141.7894017742642,143.7724151611328,793400,WHR,144.6154022216797,1,1.0052768057137185,1.0,0.9827413968255293,2.0,1.0217446157758479,29.0,1.0442451956431003,139.0,1.1481591939827553,524.0
2017-05-22 00:00:00-04:00,144.57525781904687,145.86782918157255,143.88481574495825,144.6154022216797,516700,WHR,145.13726806640625,1,1.002923102189951,2.0,0.9957105142598441,2.0,1.0275368173773514,30.0,1.0501270203600548,139.0,1.1544198225240552,525.0
2017-05-23 00:00:00-04:00,144.90445009101563,145.42629066537447,144.55119888668182,145.13726806640625,414100,WHR,144.49493408203125,0,1.001801073461058,2.0,1.00492529522358,3.0,1.0308694914396208,31.0,1.0536622489055063,139.0,1.1580822571607117,526.0
2017-05-24 00:00:00-04:00,145.07297903921625,145.3138331464348,144.1015508822448,144.49493408203125,452800,WHR,144.83216857910156,1,0.9977822425144363,1.0,1.003042677820864,3.0,1.0259722383523695,31.0,1.0487144311085794,139.0,1.152442263954277,526.0
2017-05-25 00:00:00-04:00,144.48695364665392,146.34151000553905,143.74030691429937,144.83216857910156,542700,WHR,143.81256103515625,0,1.0011655821178471,1.0,1.0018104044044984,4.0,1.02803293848502,31.0,1.0509230672439371,139.0,1.1546349258559896,526.0
2017-05-26 00:00:00-04:00,145.08907216760534,145.14526453017558,143.51550226036537,143.81256103515625,578100,WHR,147.08009338378906,1,0.996467603807255,1.0,0.9947024907741289,3.0,1.0205653370406675,31.0,1.0433186018541538,138.0,1.1460338901634186,525.0
2017-05-30 00:00:00-04:00,143.98917077242518,147.62603024069074,143.49943852226568,147.08009338378906,761300,WHR,148.958740234375,1,1.0112327771052165,1.0,1.0138462045920527,3.0,1.043123733840996,31.0,1.0667266462777143,138.0,1.1715712789166441,525.0
2017-05-31 00:00:00-04:00,147.1041841347531,149.1835464210223,146.66262024190246,148.958740234375,755900,WHR,150.7812042236328,1,1.0063459473462493,2.0,1.0214147892661842,3.0,1.0553634383859078,32.0,1.0799875500296945,139.0,1.1859953839230908,526.0
2017-06-01 00:00:00-04:00,148.9828525417269,151.55193512327253,148.66973354316073,150.7812042236328,782100,WHR,152.45108032226562,1,1.0060801505536847,2.0,1.025074285646472,4.0,1.0669138785994137,33.0,1.0927442490791577,140.0,1.1999330091196199,527.0
2017-06-02 00:00:00-04:00,151.1023168319314,153.27800342058117,150.203128921359,152.45108032226562,614200,WHR,154.03268432617188,1,1.005506920548165,2.0,1.025800220013942,4.0,1.0772115518065861,33.0,1.1043570937199174,140.0,1.2126629531250317,527.0
2017-06-05 00:00:00-04:00,152.53940336114871,156.5295139975184,151.7847327739375,154.03268432617188,1164400,WHR,151.66433715820312,0,1.0051604821734048,2.0,1.0223809027445385,5.0,1.0866920231839508,33.0,1.1153479803736093,140.0,1.2246741619134378,527.0
2017-06-06 00:00:00-04:00,153.9283370475884,154.77132055175355,151.61616877231123,151.66433715820312,677700,WHR,151.87307739257812,1,0.9922526325036837,1.0,1.0005721683149702,4.0,1.0687520127861618,32.0,1.0978946925070436,139.0,1.2053067264771546,526.0
2017-06-07 00:00:00-04:00,151.6884278219982,152.57154351851094,150.8695284758457,151.87307739257812,540600,WHR,151.80880737304688,0,1.000687691942965,1.0,0.9981112093083937,4.0,1.069013516064951,32.0,1.0990592936300465,140.0,1.206428386910273,526.0
2017-06-08 00:00:00-04:00,151.8730359562363,152.53939372518298,150.92569191747927,151.80880737304688,509100,WHR,153.32623291015625,1,0.9997883639994501,1.0,0.9963430821100043,3.0,1.0674198571764093,31.0,1.0981960251382956,140.0,1.2053620414727837,526.0
2017-06-09 00:00:00-04:00,151.58407324888475,154.02471137138497,151.08631684576562,153.32623291015625,501400,WHR,153.02915954589844,0,1.0049729638906795,1.0,1.0051475009004764,3.0,1.0766151609204302,32.0,1.1086595203422527,141.0,1.2167884890429543,527.0
2017-06-12 00:00:00-04:00,153.46268726465783,154.01664819721597,151.10235062864194,153.02915954589844,640500,WHR,155.6704864501953,1,0.9990302982367107,1.0,1.0045216962713324,2.0,1.07262083717048,32.0,1.1060049993660408,141.0,1.2137640275702586,527.0
2017-06-13 00:00:00-04:00,153.88015880390776,156.16825499001263,152.8364655918187,155.6704864501953,694200,WHR,157.78997802734375,1,1.0085563003992895,1.0,1.016513700368487,3.0,1.0888668066645897,32.0,1.1245311089973014,141.0,1.2339992211479114,528.0
2017-06-14 00:00:00-04:00,155.71866410419753,162.9682995862637,155.1084985993888,157.78997802734375,1330800,WHR,157.54916381835938,0,1.006761591388187,2.0,1.022452918668231,3.0,1.1011405664660383,32.0,1.1391529158547251,142.0,1.2500721483457666,528.0
2017-06-15 00:00:00-04:00,156.66603582736462,158.06298039938716,155.79896804993894,157.54916381835938,767100,WHR,157.25209045410156,0,0.9992363326430874,1.0,1.0133538274333493,3.0,1.0968746587916858,32.0,1.1367663476317784,141.0,1.2474298006316669,528.0
2017-06-16 00:00:00-04:00,157.2199822802858,157.62140182992133,156.22445738706284,157.25209045410156,645200,WHR,158.054931640625,1,0.9990563145469532,0.0,1.0063607218676975,2.0,1.0921050400372891,32.0,1.134040159527148,140.0,1.2443692736764276,527.0
2017-06-19 00:00:00-04:00,157.95859486755305,159.16285353236285,157.42871811495212,158.054931640625,566400,WHR,156.2003631591797,0,1.0025462204463123,1.0,1.0050336054953608,3.0,1.0948673426673234,33.0,1.1392043060150066,141.0,1.2499953777372088,528.0
2017-06-20 00:00:00-04:00,158.49648332559698,160.51964115588294,156.00768962795834,156.2003631591797,1169100,WHR,155.59823608398438,0,0.9940985290872291,1.0,0.9925719805547657,2.0,1.079463063889891,33.0,1.1253057055562916,140.0,1.2346399380836346,527.0
2017-06-21 00:00:00-04:00,156.4893879295987,156.8586992869392,154.35383309231003,155.59823608398438,565500,WHR,156.68206787109375,1,0.9980688589472279,0.0,0.991507596891796,1.0,1.0728267999747125,33.0,1.1204734848155833,139.0,1.229204722338143,526.0
2017-06-22 00:00:00-04:00,155.95148141447314,157.15573995821424,155.02018520056237,156.68206787109375,465800,WHR,151.4796600341797,0,1.003470701716959,1.0,0.999518556034101,2.0,1.0776838549514496,34.0,1.127332376574666,140.0,1.2370665971110792,527.0
2017-06-23 00:00:00-04:00,156.25656199150103,156.25656199150103,149.74553706558828,151.4796600341797,1565000,WHR,153.1174774169922,1,0.9831179300808138,1.0,0.9735005729190284,2.0,1.040119726399608,33.0,1.088951624408573,140.0,1.1953609624028652,527.0
2017-06-26 00:00:00-04:00,151.82490594824742,154.0889058886357,151.67236455591842,153.1174774169922,780900,WHR,151.35121154785156,0,1.0053769953208278,1.0,0.9903109138094071,2.0,1.0492860547515988,34.0,1.0998790352243348,140.0,1.2076266255279575,528.0
2017-06-27 00:00:00-04:00,153.2137916556724,154.0888832246501,150.96584000801198,151.35121154785156,619000,WHR,151.36724853515625,1,0.994198858755737,1.0,0.9850661711578608,2.0,1.0354543140486572,33.0,1.0864809573168557,139.0,1.1930672676227212,527.0
2017-06-28 00:00:00-04:00,152.475170193769,152.7802529114392,151.11837042352005,151.36724853515625,598800,WHR,150.9658660888672,0,1.000052976575331,1.0,0.9906263813964755,3.0,1.0337825713697397,34.0,1.0859530976262446,139.0,1.1926022158903067,527.0
2017-06-29 00:00:00-04:00,151.60813984920804,152.37083458008337,149.73752318800356,150.9658660888672,653300,WHR,153.84002685546875,1,0.9986723834509884,1.0,0.9954474250732481,2.0,1.0288407744395192,34.0,1.0824607510651503,138.0,1.1888801126109347,526.0
2017-06-30 00:00:00-04:00,151.15052317813522,154.53850521375762,151.15052317813522,153.84002685546875,744800,WHR,154.12100219726562,1,1.009429479000022,1.0,1.0112514241137756,3.0,1.0458538466951388,35.0,1.1022726178506916,139.0,1.2109173338807742,527.0
2017-07-03 00:00:00-04:00,154.08085779761552,154.97200956830432,153.17364581699653,154.12100219726562,397200,WHR,155.11651611328125,1,1.0009123730449307,2.0,1.011763553339174,3.0,1.0453122924350415,35.0,1.1035411003733868,139.0,1.2125389766213193,527.0
2017-07-05 00:00:00-04:00,154.65889203989252,155.9032948399488,154.65889203989252,155.11651611328125,416600,WHR,152.29856872558594,0,1.0032192533475706,2.0,1.0132894945298483,4.0,1.0494772038523317,36.0,1.1099254472645583,139.0,1.2197417599655263,528.0
2017-07-06 00:00:00-04:00,154.36989499074255,155.1647100780643,151.59207867609638,152.29856872558594,518100,WHR,154.23341369628906,1,0.9908334121301421,1.0,0.9936723597568509,3.0,1.028262656926608,35.0,1.0892058960930764,138.0,1.1969890096210354,528.0
2017-07-07 00:00:00-04:00,152.9488662885743,154.87568740014646,151.45558513350542,154.23341369628906,426200,WHR,154.81149291992188,1,1.0063120492531192,1.0,1.0020238066678258,4.0,1.038998137721414,35.0,1.1024532204403825,138.0,1.2115677518390766,529.0
2017-07-10 00:00:00-04:00,154.54655449930908,155.63841636137033,154.02471389075197,154.81149291992188,368700,WHR,153.54295349121094,0,1.0018705347063064,2.0,1.0045114932445818,4.0,1.0404960492233353,36.0,1.1059999903237105,138.0,1.2155407586742446,529.0
2017-07-11 00:00:00-04:00,154.8194645174067,154.9639819026395,152.33869503245634,153.54295349121094,421800,WHR,154.35385131835938,1,0.9958860997677342,1.0,0.9970283522871539,3.0,1.029857809385324,35.0,1.0963988678442629,137.0,1.205049009476926,528.0
2017-07-12 00:00:00-04:00,154.57062132001082,155.81502445862384,154.23343034541594,154.35385131835938,540400,WHR,154.34580993652344,0,1.0026336675616039,1.0,1.0032876287236703,3.0,1.0330434115349572,36.0,1.1016328152925037,137.0,1.2108671353406384,529.0
2017-07-13 00:00:00-04:00,154.7713136600914,155.58217670398756,153.88016180971562,154.34580993652344,652800,WHR,154.3778839111328,1,0.9999739507915129,1.0,1.0005724561957552,3.0,1.0306729306545976,36.0,1.101052401445515,136.0,1.2102500565130492,529.0
2017-07-14 00:00:00-04:00,154.65888242121295,155.1325544236002,152.90066330181537,154.3778839111328,587700,WHR,156.9711151123047,1,1.0001038921704053,1.0,1.0005929595654706,3.0,1.0287590291853728,36.0,1.1008193967508935,136.0,1.209945260700404,530.0
2017-07-17 00:00:00-04:00,155.9274217600917,158.59284138614836,155.742772184427,156.9711151123047,1125600,WHR,157.5170135498047,1,1.0083290173063209,2.0,1.0145606048352898,3.0,1.0437236469352293,36.0,1.118792295500751,136.0,1.2296862376496918,530.0
2017-07-18 00:00:00-04:00,157.07544963796107,157.78195189691084,155.8631671257643,157.5170135498047,738500,WHR,159.235107421875,1,1.001735831618899,2.0,1.012885591864634,4.0,1.044964137452792,37.0,1.122254129994856,136.0,1.2333735681235491,530.0
2017-07-19 00:00:00-04:00,158.9862292558237,161.05755564637556,158.65706227798367,159.235107421875,923300,WHR,152.33067321777344,0,1.0054240958728227,2.0,1.0175457358864375,4.0,1.0540631517064967,37.0,1.133982035759779,137.0,1.2462225796386812,530.0
2017-07-20 00:00:00-04:00,157.6374393914522,158.2154844398976,151.2307754795742,152.33067321777344,2269000,WHR,153.5189208984375,1,0.9778395618738147,1.0,0.9759384134688873,4.0,1.0074786888460718,36.0,1.0846540625800045,136.0,1.1916893589148339,529.0
2017-07-21 00:00:00-04:00,152.14606040389654,154.11302634788962,151.38336557375365,153.5189208984375,721600,WHR,152.60365295410156,0,1.003885071955376,1.0,0.9846348856143027,4.0,1.0146918919259278,36.0,1.09298287971526,136.0,1.2004923972164188,529.0
2017-07-24 00:00:00-04:00,153.3101552607145,153.3101552607145,151.43150251361664,152.60365295410156,542700,WHR,153.3021240234375,1,0.9970101259347935,1.0,0.9842788714140789,3.0,1.0081685983785988,35.0,1.0863569639877173,136.0,1.1928615928379602,528.0
2017-07-25 00:00:00-04:00,153.67143540038398,154.26552849543145,152.12998579512313,153.3021240234375,716600,WHR,152.69195556640625,0,1.002283288260317,1.0,0.9941894763641407,3.0,1.0122136977124214,36.0,1.0912130335079537,136.0,1.1978348271425145,529.0
2017-07-26 00:00:00-04:00,153.10943528797787,154.52242755668402,152.20222327293317,152.69195556640625,903900,WHR,143.09803771972656,0,0.9980059468541054,1.0,0.9987081532060037,2.0,1.0077064732574812,35.0,1.0868156996023672,135.0,1.192552638943544,529.0
2017-07-27 00:00:00-04:00,146.11670815948824,146.38967049838308,140.59317153532467,143.09803771972656,2557700,WHR,142.712646484375,0,0.9675651034029438,0.0,0.9473997221871449,2.0,0.945084421694515,34.0,1.0187561446999487,135.0,1.1172303687141036,528.0
2017-07-28 00:00:00-04:00,142.17474586114903,143.7081711865194,140.9062588577288,142.712646484375,1462300,WHR,142.80897521972656,1,0.9986515856241527,0.0,0.9585641650037767,1.0,0.9432300344349271,34.0,1.0162449376514033,135.0,1.1138356862981642,527.0
2017-07-31 00:00:00-04:00,142.96151655771646,143.31475535316605,139.83846174388808,142.80897521972656,925400,WHR,141.68502807617188,0,1.0003373780758762,1.0,0.9720004380224964,2.0,0.9442815527687431,35.0,1.0170983411432517,136.0,1.1142025230136567,527.0
2017-08-01 00:00:00-04:00,142.97759939985033,143.94100378232497,140.76176809512356,141.68502807617188,1051800,WHR,141.7653045654297,1,0.9960493116532032,1.0,0.9798456841739326,1.0,0.9374777221488382,34.0,1.0092570284127322,136.0,1.1050729013738676,526.0
2017-08-02 00:00:00-04:00,141.52445042814355,142.118555666736,140.43258895608326,141.7653045654297,662300,WHR,141.22743225097656,0,1.0002832118364784,1.0,0.9954450134475218,2.0,0.9385090214270527,35.0,1.0100213980690655,136.0,1.1053337471311442,527.0
2017-08-03 00:00:00-04:00,141.7412487967135,141.9258983638378,139.5896335893225,141.22743225097656,790900,WHR,142.7608642578125,1,0.9980993423347042,1.0,0.994280162136913,2.0,0.9355701409719402,34.0,1.0064044605849272,135.0,1.1007685312936915,527.0
2017-08-04 00:00:00-04:00,141.71717090744414,143.01776641693283,141.3077150986397,142.7608642578125,742700,WHR,143.21847534179688,1,1.0053996309907387,1.0,1.0050077140662792,3.0,0.946260232200376,34.0,1.0175050240684678,136.0,1.112333622782065,527.0
2017-08-07 00:00:00-04:00,142.9856573786745,143.7724363148247,141.83759102508654,143.21847534179688,1066900,WHR,143.33885192871094,1,1.0016001543489996,2.0,1.007648234545802,3.0,0.9498129634476558,34.0,1.0209196929132314,137.0,1.115513363395207,527.0
2017-08-08 00:00:00-04:00,142.95349268650534,144.01324591550753,142.26305074194772,143.33885192871094,751100,WHR,140.53697204589844,0,1.0004200785513344,2.0,1.0061536768908124,4.0,0.9509127207473337,35.0,1.0218713233419559,138.0,1.116052197213286,528.0
2017-08-09 00:00:00-04:00,142.6163221549612,143.22647539632197,140.17569693916707,140.53697204589844,801300,WHR,137.8795623779297,0,0.9901299101713462,1.0,0.9881902107504715,3.0,0.9332922012761249,34.0,1.0020759758226192,137.0,1.0938849737138443,527.0
2017-08-10 00:00:00-04:00,140.4968128820639,140.87414815954656,137.767165417638,137.8795623779297,1120500,WHR,137.4781494140625,0,0.9904552735222132,0.0,0.9740906961463132,3.0,0.9167932777898232,34.0,0.9833530751940556,137.0,1.0728625681465982,527.0
2017-08-11 00:00:00-04:00,137.51828156221822,138.61817927960553,136.93221254514935,137.4781494140625,610900,WHR,139.4129638671875,1,0.9985422127411837,0.0,0.9785590135697373,2.0,0.9150229621581731,34.0,0.9807018441044387,137.0,1.0694372224703521,526.0
2017-08-14 00:00:00-04:00,138.0240560622292,140.4405966333282,137.93574329715386,139.4129638671875,641200,WHR,139.04371643066406,0,1.0069876365124066,1.0,0.9977360792637182,2.0,0.9281941001947317,35.0,0.9946226662729938,138.0,1.0841498326644778,527.0
2017-08-15 00:00:00-04:00,139.7100744051848,139.7100744051848,138.57806824664883,139.04371643066406,644800,WHR,139.7823028564453,1,0.9986739501593983,1.0,1.0012489613506521,1.0,0.926221702167071,34.0,0.9920975205017986,138.0,1.0809368827252517,527.0
2017-08-16 00:00:00-04:00,139.50130429811026,140.7457072344706,139.30059454225702,139.7823028564453,596100,WHR,137.6788787841797,0,1.0026489150032327,1.0,1.0076626941487214,2.0,0.9316416043198162,34.0,0.99751094956878,138.0,1.086302177863417,528.0
2017-08-17 00:00:00-04:00,139.69400047282758,139.95893884031832,137.6387343799504,137.6788787841797,580600,WHR,136.546875,0,0.9924190329622756,1.0,0.992786780786517,2.0,0.9183832718776249,33.0,0.9826633043898254,138.0,1.069607001472846,527.0
2017-08-18 00:00:00-04:00,137.22125690096178,137.64676064206998,136.2739126472801,136.546875,607600,WHR,134.71640014648438,0,0.9958720004647317,0.0,0.9859482202927813,2.0,0.9116378141216276,33.0,0.9747962073835716,137.0,1.0604821411256082,526.0
2017-08-21 00:00:00-04:00,136.48264367336333,136.98843621414792,134.6923159540996,134.71640014648438,820100,WHR,135.92864990234375,1,0.9932520358587901,0.0,0.9793736130315822,1.0,0.9004304160425282,32.0,0.962042032316823,136.0,1.0459480716646545,526.0
2017-08-22 00:00:00-04:00,135.00539008308257,136.39429792651828,134.7324278017783,135.92864990234375,827300,WHR,136.0579833984375,1,1.0044791129770918,1.0,0.9926826342730573,2.0,0.9093315915547033,33.0,0.9709015020932926,137.0,1.0550291192875512,527.0
2017-08-23 00:00:00-04:00,135.75899432097887,136.67213912138615,135.41959831483203,136.0579833984375,573300,WHR,135.23374938964844,0,1.0004755141623107,2.0,0.9990617664413111,2.0,0.9113167414204554,33.0,0.9720027940400559,138.0,1.055720321063679,527.0
2017-08-24 00:00:00-04:00,136.567091803473,137.1246753937697,135.08021044965784,135.23374938964844,567800,WHR,136.12261962890625,1,0.9969618167117797,1.0,0.9965881110592227,2.0,0.9071859803070459,32.0,0.9663232767393577,137.0,1.0490071692406937,527.0
2017-08-25 00:00:00-04:00,135.9125208814987,136.7286865126774,135.3306956866414,136.12261962890625,400200,WHR,135.91253662109375,0,1.0032756564457017,1.0,1.0037661828291509,3.0,0.9146477863533263,32.0,0.9728673668327715,137.0,1.0555868154691923,527.0
2017-08-28 00:00:00-04:00,136.38930633222927,136.83375789789108,134.9751501063277,135.91253662109375,400000,WHR,135.77516174316406,0,0.9992277358165449,1.0,1.0004521776377684,3.0,0.9149307404429546,31.0,0.9715183203615564,137.0,1.053670562434565,526.0
2017-08-29 00:00:00-04:00,135.27413801420292,136.5832510080768,135.1044461736309,135.77516174316406,427800,WHR,136.49435424804688,1,0.9994943647476247,0.0,0.9996668511526811,2.0,0.9158820779895915,30.0,0.9706791122608386,137.0,1.0523281155474034,525.0
2017-08-30 00:00:00-04:00,135.79939701983153,137.16506978589703,135.19333009977615,136.49435424804688,553100,WHR,138.6842498779297,1,1.002641472741686,1.0,1.0043166795518863,2.0,0.9223064463697537,31.0,0.9759224288709377,138.0,1.057610451216705,526.0
2017-08-31 00:00:00-04:00,137.17312717963654,139.15294304397202,137.17312717963654,138.6842498779297,648800,WHR,140.03375244140625,1,1.0079580882999184,2.0,1.0152745190041135,3.0,0.93849775220003,31.0,0.9916286015691903,138.0,1.0742587612555738,527.0
2017-09-01 00:00:00-04:00,138.70848683212847,140.858006762561,138.37717967765474,140.03375244140625,551600,WHR,139.1044921875,0,1.0048418205937426,2.0,1.0193167946051642,3.0,0.948890228026629,32.0,1.0013025721353181,138.0,1.0843909359433237,527.0
2017-09-05 00:00:00-04:00,139.7994494816098,139.8802633441317,137.76306098460782,139.1044921875,480500,WHR,137.53675842285156,0,0.9966709676234382,1.0,1.0078691686859755,3.0,0.9441097949701093,31.0,0.9947906104028673,137.0,1.0769101044775025,526.0
2017-09-06 00:00:00-04:00,139.29031024007645,139.46809082343205,136.4539220191117,137.53675842285156,779700,WHR,136.53475952148438,0,0.9943329718138941,0.0,0.9939729806707428,3.0,0.935108242678993,31.0,0.9835890695570377,137.0,1.0645155173609244,525.0
2017-09-07 00:00:00-04:00,137.95699210435188,137.95699210435188,136.13879136621162,136.53475952148438,728900,WHR,139.22569274902344,1,0.9963440239654137,0.0,0.9866739490762675,2.0,0.9303129612113626,30.0,0.9762831521844605,137.0,1.056553956031385,524.0
2017-09-08 00:00:00-04:00,135.9044454074858,139.28226491567082,135.78323695104643,139.22569274902344,624800,WHR,140.28431701660156,1,1.0097582274955779,1.0,1.0053333612461146,2.0,0.9506524627925382,30.0,0.9953768758957032,137.0,1.0771440881528669,525.0
2017-09-11 00:00:00-04:00,140.26815177696486,141.92473742147405,139.92875572738416,140.28431701660156,900000,WHR,142.4984588623047,1,1.0037874288239832,2.0,1.0126111469477037,2.0,0.9597666270645328,31.0,1.0026939536322603,138.0,1.0850801563479908,526.0
2017-09-12 00:00:00-04:00,140.7933900099866,142.56310748353758,140.4944009259403,142.4984588623047,515500,WHR,142.13479614257812,0,1.0078298327711843,2.0,1.0235781922420693,3.0,0.9765577255138499,32.0,1.0181451498406708,139.0,1.1019183034434212,527.0
2017-09-13 00:00:00-04:00,142.82167683313688,143.03177556732047,140.37316776325187,142.13479614257812,530900,WHR,141.52069091796875,0,0.9987223463410123,1.0,1.0142661194933278,3.0,0.975839946794153,31.0,1.0152016226229328,138.0,1.0988377822141862,526.0
2017-09-14 00:00:00-04:00,141.0924045516093,142.47423042632684,140.51865569132625,141.52069091796875,785300,WHR,138.878173828125,0,0.997835031393282,0.0,1.0027484738107035,3.0,0.9732585750028282,31.0,1.010436136133397,138.0,1.093826573211498,526.0
2017-09-15 00:00:00-04:00,139.89636151299285,140.6963740492558,137.7306889459998,138.878173828125,1176700,WHR,138.05398559570312,0,0.9905758638065936,0.0,0.9845096937241045,2.0,0.956919474438529,31.0,0.9912513466901114,138.0,1.0731604465654208,526.0
2017-09-18 00:00:00-04:00,139.24187796106725,139.4196586096568,137.4479185656384,138.05398559570312,556800,WHR,138.23175048828125,1,0.9970238623273778,0.0,0.9817715394022123,1.0,0.9532798161679459,30.0,0.9850454643815214,138.0,1.0665565921422777,526.0
2017-09-19 00:00:00-04:00,138.02972816795335,138.73276189694596,136.97920963615556,138.23175048828125,820400,WHR,137.68223571777344,0,1.0006434095914531,1.0,0.9890377334051738,1.0,0.9559648076992349,31.0,0.9860353952768889,138.0,1.0676872700885984,527.0
2017-09-20 00:00:00-04:00,138.23173043071037,138.7893139267836,137.32667451271442,137.68223571777344,715500,WHR,139.5489501953125,1,0.9980083837790759,1.0,0.9914228940013987,1.0,0.9538615454645223,30.0,0.9818904634018005,137.0,1.06319511583045,527.0
2017-09-21 00:00:00-04:00,138.13479384932103,139.72673083667434,137.4398365232152,139.5489501953125,588900,WHR,141.60145568847656,1,1.0067334216797827,1.0,1.007726304220846,2.0,0.9681134424732354,31.0,0.9948732311807398,138.0,1.0773245575904256,528.0
2017-09-22 00:00:00-04:00,139.686288384072,143.39541455480298,139.57315639837853,141.60145568847656,939200,WHR,143.26609802246094,1,1.0073003824650797,2.0,1.018542022726763,3.0,0.9834630788173182,31.0,1.009077056206105,139.0,1.092849350084233,529.0
2017-09-25 00:00:00-04:00,141.45598649535748,144.09844106342868,141.27820592316553,143.26609802246094,816700,WHR,146.77325439453125,1,1.005843565938975,2.0,1.022846356435851,4.0,0.995912143288349,32.0,1.0205080694764317,139.0,1.1053599223487482,529.0
2017-09-26 00:00:00-04:00,143.6782710879812,147.27426578368494,143.1853361523591,146.77325439453125,1016600,WHR,146.6924285888672,0,1.0120920018019763,2.0,1.0352592261578997,4.0,1.0211281297170771,32.0,1.0449318280949937,140.0,1.1320239300459758,530.0
2017-09-27 00:00:00-04:00,147.15304534238103,147.27425378779918,145.3106029892505,146.6924285888672,755500,WHR,148.34095764160156,1,0.9997245817471999,1.0,1.0217026642243212,4.0,1.0214456480290206,31.0,1.043755946537806,140.0,1.1309899315893743,530.0
2017-09-28 00:00:00-04:00,146.74902074573333,148.63994673468022,146.19951361388533,148.34095764160156,812600,WHR,149.04396057128906,1,1.0055876017077152,1.0,1.020684089223515,4.0,1.033737503403485,31.0,1.0548725451549648,140.0,1.143284031323346,530.0
2017-09-29 00:00:00-04:00,148.01768392736977,150.09447890258383,147.54899075400866,149.04396057128906,467100,WHR,148.6076202392578,0,1.0023639495032637,2.0,1.0151244395468884,4.0,1.0390292483217671,32.0,1.0592330694756877,141.0,1.1482995553553073,530.0
2017-10-02 00:00:00-04:00,149.81975421292375,150.26420580269414,147.56519044730945,148.6076202392578,830900,WHR,149.5692138671875,1,0.9985340567288672,1.0,1.0048412197700531,3.0,1.0366650087506588,31.0,1.0555138926989844,140.0,1.1445474330247565,529.0
2017-10-03 00:00:00-04:00,149.18133453795264,150.10255565142393,147.64597012565432,149.5692138671875,652100,WHR,150.15911865234375,1,1.0032249105830482,1.0,1.00753365702958,3.0,1.0440092578666178,31.0,1.0617368824512914,140.0,1.1514921496481545,530.0
2017-10-04 00:00:00-04:00,149.59344643239655,150.23184371017896,148.19545577756716,150.15911865234375,673300,WHR,148.23590087890625,0,1.0019681315416447,2.0,1.0068051230528479,4.0,1.0485396238712565,32.0,1.0653494687861764,140.0,1.155570697930989,530.0
2017-10-05 00:00:00-04:00,150.2237936211907,154.12686635965653,147.99347162655195,148.23590087890625,1388000,WHR,146.5308074951172,0,0.9935547926488227,1.0,0.9940501398576699,3.0,1.0358476063713955,31.0,1.051129852930585,140.0,1.1403415198889604,529.0
2017-10-06 00:00:00-04:00,148.3328428525723,148.4944582169718,146.02170738331995,146.5308074951172,795000,WHR,145.42372131347656,0,0.9942154478937102,0.0,0.985939192249294,2.0,1.0248654970111157,31.0,1.0384770062502011,140.0,1.1268220872770776,528.0
2017-10-09 00:00:00-04:00,146.84595370471172,146.93484399981773,144.575225283912,145.42372131347656,677000,WHR,143.17723083496094,0,0.9962080184672647,0.0,0.9827005932361168,2.0,1.018185084727776,30.0,1.0300937914898303,140.0,1.1179107465447191,528.0
2017-10-10 00:00:00-04:00,146.1105984189044,146.1105984189044,142.28026370845865,143.17723083496094,1264600,WHR,142.9591064453125,0,0.9922159283890367,0.0,0.975950946167439,1.0,1.004072455667033,29.0,1.013712623693822,140.0,1.1002534950288152,528.0
2017-10-11 00:00:00-04:00,143.1368871093651,143.73486540620894,142.10253360785893,142.9591064453125,641000,WHR,143.11257934570312,1,0.9992376907046421,0.0,0.9841239022632323,0.0,1.0042515551227165,28.0,1.0117061542258199,140.0,1.0982875413796838,527.0
2017-10-12 00:00:00-04:00,142.75701818173994,143.75904073786091,142.15902783048722,143.11257934570312,700600,WHR,144.47019958496094,1,1.0005364840633084,1.0,0.9921789770393347,1.0,1.0072309239419421,28.0,1.0123249955624745,141.0,1.0991641544677313,528.0
2017-10-13 00:00:00-04:00,143.8237256989268,145.00354146572388,142.49038332748324,144.47019958496094,593300,WHR,142.84593200683594,0,1.0047207981100466,2.0,1.0044610892759975,2.0,1.017724278946939,29.0,1.0214693087142437,141.0,1.1092926319717333,528.0
2017-10-16 00:00:00-04:00,143.96917550688826,143.96917550688826,141.48025927955348,142.84593200683594,638000,WHR,142.4984588623047,0,0.9943467581540717,1.0,0.9967408566892813,2.0,1.0075446384113314,28.0,1.0095617343721492,141.0,1.0965327606362565,528.0
2017-10-17 00:00:00-04:00,142.7651298009664,142.7651298009664,141.19743464484432,142.4984588623047,798900,WHR,142.86207580566406,1,0.9987822674787022,0.0,0.9952590487536715,2.0,1.0062891814467563,28.0,1.0067877798118625,140.0,1.0935798474230987,528.0
2017-10-18 00:00:00-04:00,142.57116321762584,144.06613308152322,141.76307406534875,142.86207580566406,632100,WHR,143.8075714111328,1,1.001274236971074,1.0,0.9979339357412425,3.0,1.0100981142413297,28.0,1.009018662122666,141.0,1.0960995027326528,528.0
2017-10-19 00:00:00-04:00,142.66007380094214,144.0257466353351,141.81966638848846,143.8075714111328,380900,WHR,147.44395446777344,1,1.00329820619186,2.0,1.0035640970875603,3.0,1.0178488155200383,29.0,1.0153544132118806,141.0,1.1030612899732108,529.0
2017-10-20 00:00:00-04:00,144.54290499434168,147.99344918133846,144.50251040046234,147.44395446777344,894600,WHR,147.4762725830078,1,1.01248536997589,2.0,1.0246877232152372,3.0,1.0430518656256285,30.0,1.0406477107588616,141.0,1.1306159969361294,530.0
2017-10-23 00:00:00-04:00,147.4762725830078,148.5914395762327,146.17524853439951,147.4762725830078,1524900,WHR,131.92861938476562,0,1.0001095825659623,2.0,1.0183582985347892,4.0,1.0426948622671195,31.0,1.040068300519277,142.0,1.1305326266566607,530.0
2017-10-24 00:00:00-04:00,133.2942919092877,136.24382446349108,130.91850802999613,131.92861938476562,9480000,WHR,130.0538787841797,0,0.9443543987768279,1.0,0.9244933422079373,4.0,0.933966440832816,30.0,0.9300525258793152,142.0,1.0111892869452512,529.0
2017-10-25 00:00:00-04:00,131.49227658439685,131.71854057563576,129.0599325133471,130.0538787841797,2497200,WHR,130.5144805908203,1,0.9928440234989401,0.0,0.9280146118124853,3.0,0.9219597783558853,30.0,0.9164860636318876,142.0,0.9966657537535324,529.0
2017-10-26 00:00:00-04:00,130.20741508344565,131.79935177360798,129.754887110083,130.5144805908203,1531100,WHR,130.43368530273438,0,1.0017676812631642,1.0,0.9493105459655186,3.0,0.9264565474163675,30.0,0.9194328039552118,142.0,1.0000297589454366,530.0
2017-10-27 00:00:00-04:00,130.61954237271874,131.6700608356297,129.80337669108042,130.43368530273438,1250400,WHR,130.63571166992188,1,0.9996903780189094,1.0,0.9727948666177361,2.0,0.9270668770668352,30.0,0.9185465781825303,142.0,0.9992309796574957,530.0
2017-10-30 00:00:00-04:00,130.1023698033423,130.90238260321166,129.7468085589559,130.63571166992188,910200,WHR,132.47007751464844,1,1.0007738416280505,1.0,0.9994066136245491,2.0,0.9298383581698105,30.0,0.9196620676379014,142.0,1.0006046034216727,530.0
2017-10-31 00:00:00-04:00,130.72461393871515,133.1973653075465,129.80339259874927,132.47007751464844,1138800,WHR,132.86607360839844,1,1.0069719706678129,2.0,1.0126012154024633,3.0,0.9440988033527041,30.0,0.9322202743071284,142.0,1.0144484159951093,531.0
2017-11-01 00:00:00-04:00,133.33476699628386,135.314583797711,132.22768833121572,132.86607360839844,1137800,WHR,132.0498504638672,0,1.0014924317401679,2.0,1.0112804284111803,4.0,0.9481004309676754,30.0,0.9346450077967532,142.0,1.0172723016602132,531.0
2017-11-02 00:00:00-04:00,132.30035612655055,133.06803835006917,130.05386928444173,132.0498504638672,985400,WHR,132.41351318359375,1,0.9969189351399329,1.0,1.0027243360198579,3.0,0.9432281224231482,30.0,0.9286022247631598,141.0,1.0108342002524329,530.0
2017-11-03 00:00:00-04:00,132.1468422349534,134.32868087873493,131.9690616025265,132.41351318359375,951300,WHR,132.05789184570312,0,1.0013750967797994,1.0,1.002471611767799,4.0,0.9464416326917932,31.0,0.9308925448032825,141.0,1.0134537422151295,530.0
2017-11-06 00:00:00-05:00,132.14678212148047,132.46193631188035,131.35485842030153,132.05789184570312,496200,WHR,131.36294555664062,0,0.9986553505175683,1.0,0.9976309891344851,3.0,0.9445096551448365,31.0,0.9281973280664735,140.0,1.0105812215657504,529.0
2017-11-07 00:00:00-05:00,132.01749567222,132.12255118771878,130.99123152257658,131.36294555664062,732900,WHR,131.53268432617188,1,0.997361840103784,0.0,0.9940438210532174,2.0,0.9404416753971656,30.0,0.9231942825998775,139.0,1.0051168620111564,529.0
2017-11-08 00:00:00-05:00,131.45187047288726,131.7751135555629,130.7569132582131,131.53268432617188,543600,WHR,131.5084228515625,0,1.0006456507839514,1.0,0.997340887405215,2.0,0.9425015283581473,31.0,0.9243514865246427,139.0,1.006260562867409,530.0
2017-11-09 00:00:00-05:00,130.71648666599668,131.65387296903725,130.3366838075313,131.5084228515625,687900,WHR,130.95083618164062,0,0.9999077654634682,1.0,0.9979763345406961,2.0,0.9432597286398058,30.0,0.9241039330283686,139.0,1.005899270188032,530.0
2017-11-10 00:00:00-05:00,131.3467919342101,131.68620019421343,130.65183484120536,130.95083618164062,704400,WHR,130.64378356933594,0,0.997875530579581,0.0,0.9959559656713165,1.0,0.9400164224773682,30.0,0.9201230914985838,139.0,1.0014900678992507,529.0
2017-11-13 00:00:00-05:00,130.50640988069603,131.29025741564251,130.44983771630507,130.64378356933594,490800,WHR,130.1023712158203,0,0.9988262273413843,0.0,0.9957625605732701,1.0,0.9384750718763042,30.0,0.9179585865807878,138.0,0.9990005328048697,528.0
2017-11-14 00:00:00-05:00,130.88621878660115,130.88621878660115,129.27004026218103,130.1023712158203,620100,WHR,130.56297302246094,1,0.9979236036904869,0.0,0.9935451410611259,1.0,0.93510241681745,30.0,0.9141174877063455,138.0,0.9947296012684774,527.0
2017-11-15 00:00:00-05:00,128.95487113634076,131.10439128631955,128.324562570627,130.56297302246094,736700,WHR,132.52381896972656,1,1.0017670235680411,1.0,0.9985414991796662,1.0,0.9390165226720433,30.0,0.9173283606767997,138.0,0.998126894265061,527.0
2017-11-16 00:00:00-05:00,131.45796758157877,133.81748535312792,131.19760049272546,132.52381896972656,639100,WHR,134.5741729736328,1,1.0074532283905908,2.0,1.0119662583184947,2.0,0.9535229839740961,30.0,0.9309819993499682,139.0,1.0129712203170051,528.0
2017-11-17 00:00:00-05:00,132.14956308670915,135.12744690825932,131.6044333841283,134.5741729736328,808200,WHR,134.4114227294922,0,1.0076764111515337,2.0,1.021967783584506,3.0,0.9683520914541206,31.0,0.9452433824538037,139.0,1.0284818087780279,528.0
2017-11-20 00:00:00-05:00,134.95655232257752,135.75391717364448,134.02088453436852,134.4114227294922,553900,WHR,137.40560913085938,1,0.9993949481059936,1.0,1.0149240885481325,3.0,0.9673795194064457,30.0,0.9439869986281734,138.0,1.0270575054377797,528.0
2017-11-21 00:00:00-05:00,134.91590747097797,138.21923777343434,133.60596485983274,137.40560913085938,1400600,WHR,135.5830841064453,0,1.0110154480787115,1.0,1.026214526707861,4.0,0.9887520524625205,31.0,0.9648474653316487,138.0,1.049726275203808,529.0
2017-11-22 00:00:00-05:00,137.34052505257264,137.86124691642647,135.2006776297883,135.5830841064453,889400,WHR,136.54315185546875,1,0.993323807653712,1.0,1.0050664524955577,3.0,0.975659885938934,31.0,0.9519389985419948,137.0,1.0356045472990263,529.0
2017-11-24 00:00:00-05:00,136.55941548799242,137.29982046237893,135.7376551060276,136.54315185546875,336300,WHR,134.24871826171875,0,1.00352802347642,1.0,1.0061874879391761,3.0,0.9825628114420916,31.0,0.9584785606651228,138.0,1.0427236703850358,530.0
2017-11-27 00:00:00-05:00,136.44551298664035,136.68147223173557,134.19175830083816,134.24871826171875,985800,WHR,136.26651000976562,1,0.9915269480108208,1.0,0.9897545312861745,2.0,0.9665662775480485,30.0,0.9422555021442038,137.0,1.0250248308212178,529.0
2017-11-28 00:00:00-05:00,134.2649906714043,136.55128497647735,133.2479549545578,136.26651000976562,1722200,WHR,137.49510192871094,1,1.007459068980848,1.0,1.001890276033703,3.0,0.9815377216062003,30.0,0.9562206103481821,138.0,1.0402379955289214,529.0
2017-11-29 00:00:00-05:00,136.33975080360776,138.48772981640286,135.89225258948645,137.49510192871094,1420500,WHR,137.1533660888672,0,1.0044878166454594,2.0,1.010790396879935,3.0,0.9905787488158784,31.0,0.9646134580411151,138.0,1.0494217806851154,529.0
2017-11-30 00:00:00-05:00,138.23548109932918,139.60238347383728,135.9085030268214,137.1533660888672,988100,WHR,136.25025939941406,0,0.9987557336754491,1.0,1.005955613194814,3.0,0.9881622153274456,31.0,0.962087956536399,137.0,1.0465995781084092,529.0
2017-12-01 00:00:00-05:00,137.03946776932892,137.64968925775966,133.8500449462627,136.25025939941406,776800,WHR,138.0157928466797,1,0.996696800608111,0.0,0.9997612923978907,2.0,0.9816890518095742,31.0,0.9557172677233127,136.0,1.039507198018049,528.0
2017-12-04 00:00:00-05:00,137.8286493713054,139.45590621117907,136.94994160295994,138.0157928466797,1097800,WHR,137.60084533691406,0,1.006437302148067,1.0,1.007148379396911,3.0,0.9945542956615637,31.0,0.9680044504568298,137.0,1.05276087837624,528.0
2017-12-05 00:00:00-05:00,137.34049067764553,138.39006596014138,135.623734078613,137.60084533691406,693500,WHR,137.59271240234375,0,0.9984944758324451,1.0,1.0021687221562505,2.0,0.9918838195887905,30.0,0.9651031902994912,136.0,1.049390025701406,527.0
2017-12-06 00:00:00-05:00,137.82052738297028,138.96774651647308,137.4218449593812,137.59271240234375,463300,WHR,138.71554565429688,1,0.9999704464935985,0.0,1.0019670265266791,1.0,0.9924100982148135,29.0,0.9650234172261991,136.0,1.049131947768289,526.0
2017-12-07 00:00:00-05:00,138.35754708087703,139.3583067911281,137.5113663773416,138.71554565429688,742900,WHR,138.07275390625,0,1.004063697769478,1.0,1.0078505778471678,2.0,1.0009201279523665,30.0,0.9728757448576477,136.0,1.0575146150879398,526.0
2017-12-08 00:00:00-05:00,139.0328419916201,139.0328419916201,137.07199432788633,138.07275390625,579200,WHR,136.58383178710938,0,0.9976776773112612,1.0,1.0005306096110442,2.0,0.9966952605304218,30.0,0.9684155759792333,135.0,1.052425680241799,526.0
2017-12-11 00:00:00-05:00,137.77173502899413,138.20295720224982,135.60747993096413,136.58383178710938,1151800,WHR,135.47726440429688,0,0.9945789680761453,0.0,0.9917995766549814,1.0,0.9862195212892749,30.0,0.9581014863746996,134.0,1.0409125329755875,525.0
2017-12-12 00:00:00-05:00,137.21029692012814,137.33233621772845,135.04604233279647,135.47726440429688,859100,WHR,135.9084930419922,1,0.9959326511643768,0.0,0.9868076476876373,1.0,0.9785328573206501,30.0,0.9504511085252906,134.0,1.0323328977182946,524.0
2017-12-13 00:00:00-05:00,135.81086159919505,136.8441732237435,135.59117843791637,135.9084930419922,506100,WHR,133.3699951171875,0,1.0015889877263757,1.0,0.9923835509318919,2.0,0.9819221799382601,30.0,0.9535308828725033,135.0,1.0354706547997934,524.0
2017-12-14 00:00:00-05:00,136.12006368571056,136.59196975110714,132.55636653856996,133.3699951171875,850400,WHR,133.83377075195312,1,0.9905729642863113,1.0,0.981509957998217,1.0,0.9640824504078843,30.0,0.9358465861623138,134.0,1.016009372582705,523.0
2017-12-15 00:00:00-05:00,133.71171901490462,134.33821650312342,132.8004589702133,133.83377075195312,1205700,WHR,134.54161071777344,1,1.0017356627937375,1.0,0.9911067264467783,2.0,0.9681014982591253,30.0,0.939225106516248,134.0,1.0194127755223212,524.0
2017-12-18 00:00:00-05:00,134.49279499364098,135.06233246682925,134.0290207844111,134.54161071777344,735900,WHR,135.14370727539062,1,1.0026374996169318,2.0,0.9993714739625829,3.0,0.9740507874927301,30.0,0.9443694886895121,134.0,1.024669058670448,524.0
2017-12-19 00:00:00-05:00,134.74502481604006,135.77019232081614,134.00461985509742,135.14370727539062,561000,WHR,134.1510772705078,0,1.002232589308523,2.0,1.0043415130686058,4.0,0.9793696821680318,30.0,0.948823152805569,134.0,1.029112946893029,525.0
2017-12-20 00:00:00-05:00,135.2738762103577,135.63187475334814,134.0615776347602,134.1510772705078,415100,WHR,137.99951171875,1,0.9963139649861521,1.0,0.9995756218528074,3.0,0.9736605831538846,29.0,0.9421055764546822,134.0,1.0214164178730376,525.0
2017-12-21 00:00:00-05:00,134.57413073439974,138.9595872597177,134.5253150173992,137.99951171875,1240300,WHR,139.68373107910156,1,1.014140827188855,1.0,1.0212054519116776,4.0,1.0026466203723008,30.0,0.9693064397305626,134.0,1.0505509178557653,525.0
2017-12-22 00:00:00-05:00,138.35752510276632,140.18818917741777,137.5276205793951,139.68373107910156,705100,WHR,138.44703674316406,0,1.0060652538604127,2.0,1.0247960827395246,4.0,1.0159485013920788,30.0,0.9813037068831401,134.0,1.0631747903768527,526.0
2017-12-26 00:00:00-05:00,139.70816347588826,140.9204620671312,138.12972210596126,138.44703674316406,469500,WHR,138.3819580078125,0,0.995553550778935,1.0,1.009935615117866,3.0,1.0082489255108993,29.0,0.9727974176272072,134.0,1.0535768450748904,525.0
2017-12-27 00:00:00-05:00,138.2680504969301,139.02471915886585,138.02395942647138,138.3819580078125,329500,WHR,138.8619842529297,1,0.9997649135871403,0.0,1.00471416895581,2.0,1.0090273400347034,29.0,0.9725316454837765,133.0,1.0529152343518324,524.0
2017-12-28 00:00:00-05:00,138.544669612483,138.9352078434205,137.63340960196672,138.8619842529297,281300,WHR,137.21034240722656,0,1.0017314219427227,1.0,1.001349486948706,3.0,1.0138467378455531,29.0,0.9760533518809411,134.0,1.0564053500945256,524.0
2017-12-29 00:00:00-05:00,138.7481001417005,139.6837681734482,136.90115953082812,137.21034240722656,399800,WHR,136.68148803710938,0,0.9940173581840519,1.0,0.9905667319405601,2.0,1.0033689001345287,28.0,0.9646602499455922,133.0,1.043679093154524,524.0
2018-01-02 00:00:00-05:00,137.64156393165558,138.2761933163529,135.87599116499885,136.68148803710938,676000,WHR,137.373046875,1,0.9980691122869229,0.0,0.9910447749304591,1.0,1.0009110848457585,28.0,0.9612253206704491,132.0,1.0394814935469703,524.0
2018-01-03 00:00:00-05:00,136.91741685524667,137.9507286311074,136.60823402113394,137.373046875,963200,WHR,137.3567657470703,0,1.0025234351188985,1.0,0.9976128334767294,2.0,1.0071009655965097,29.0,0.9663668476940311,132.0,1.044570035088174,524.0
2018-01-04 00:00:00-05:00,138.24361780934558,138.52024851253478,136.77095224914888,137.3567657470703,617400,WHR,137.08013916015625,0,0.9999407376732278,1.0,0.9989820869091631,2.0,1.0079751334692002,29.0,0.9665335523251382,131.0,1.044289506379399,523.0
2018-01-05 00:00:00-05:00,137.40559803990894,137.76359660014344,136.46991772748018,137.08013916015625,561200,WHR,137.54396057128906,1,0.9989920211824005,0.0,0.9995609076225475,1.0,1.006695849845629,29.0,0.9647785750905511,131.0,1.042040898437174,522.0
2018-01-08 00:00:00-05:00,137.17783006913655,138.66675995022405,136.61642417217354,137.54396057128906,918900,WHR,136.99066162109375,0,1.0016889319312703,1.0,1.0024552704785514,2.0,1.0107720242070661,30.0,0.9682704296547708,131.0,1.0454038801351742,523.0
2018-01-09 00:00:00-05:00,137.95888177020936,138.17856499761103,136.64080723577706,136.99066162109375,1108700,WHR,135.2332000732422,0,0.9979845931788975,1.0,0.9979729338266874,2.0,1.0074613841415565,29.0,0.9646004334204896,131.0,1.0410222256254804,523.0
2018-01-10 00:00:00-05:00,135.90850081117264,135.9735925817534,133.70357450205904,135.2332000732422,827700,WHR,137.5276641845703,1,0.9935440576850499,0.0,0.9882509920095748,1.0,0.9956638756129242,28.0,0.952512213700723,130.0,1.0274907795039099,523.0
2018-01-11 00:00:00-05:00,135.76209131812598,137.7473474193782,133.8582030564291,137.5276641845703,953700,WHR,140.55435180664062,1,1.0084119989778277,1.0,1.0047674043177535,2.0,1.013218256027713,29.0,0.9689220297189436,130.0,1.0447406043358372,523.0
2018-01-12 00:00:00-05:00,138.1622815463697,140.7496271555362,137.08829816491456,140.55435180664062,1081800,WHR,137.46249389648438,0,1.010884154486876,2.0,1.0216935731411707,3.0,1.0357642608277011,30.0,0.9904306718445048,130.0,1.0674749705467026,524.0
2018-01-16 00:00:00-05:00,140.75769087688772,140.9204140480842,136.3966428479178,137.46249389648438,844300,WHR,139.43963623046875,1,0.9888788828520922,1.0,0.9993371284309561,2.0,1.0136521612908886,29.0,0.9689211494050806,129.0,1.0437463987458724,524.0
2018-01-17 00:00:00-05:00,138.13782585187002,140.18817285291868,137.1289221877068,139.43963623046875,804400,WHR,136.19329833984375,0,1.0071402207454232,1.0,1.0101139662737504,3.0,1.0287839355663537,29.0,0.98306702475834,130.0,1.05850120030062,524.0
2018-01-18 00:00:00-05:00,139.87903510713872,139.98481080374592,135.59935290540886,136.19329833984375,1061500,WHR,136.30718994140625,1,0.9882222423975359,1.0,0.9852267274624448,3.0,1.006224558982499,28.0,0.9604812191990232,129.0,1.033618647056987,524.0
2018-01-19 00:00:00-05:00,136.1688745777522,136.53500494212895,134.65552497867338,136.30718994140625,879700,WHR,135.59120178222656,0,1.000417950082515,1.0,0.9877948613154958,3.0,1.0084529648102496,28.0,0.961612561093892,129.0,1.0341876644350012,525.0
2018-01-22 00:00:00-05:00,135.8352928462289,135.8352928462289,133.24795984677084,135.59120178222656,1109300,WHR,139.92784118652344,1,0.9973667068987027,1.0,0.9897257302593762,2.0,1.002702968724186,28.0,0.9569488052149872,128.0,1.028473577217802,524.0
2018-01-23 00:00:00-05:00,143.32881514255024,144.01226017735436,138.64230652678026,139.92784118652344,2152100,WHR,145.61509704589844,1,1.0157398899094925,1.0,1.0177174718562385,3.0,1.0335148501664762,29.0,0.9878625060333406,128.0,1.0610022578915608,525.0
2018-01-24 00:00:00-05:00,141.31099522778143,147.99089083169872,141.1482720069705,145.61509704589844,2261400,WHR,148.96725463867188,1,1.0199173402591584,2.0,1.0496527357900325,3.0,1.0735256627924656,29.0,1.0277937289501273,129.0,1.1037229159223703,525.0
2018-01-25 00:00:00-05:00,146.46127710723127,152.53095181354328,145.65579275372363,148.96725463867188,2563900,WHR,151.31048583984375,1,1.0113793564808078,2.0,1.0543986715856224,4.0,1.095743646255585,30.0,1.0510573973200983,130.0,1.1286893783726224,526.0
2018-01-26 00:00:00-05:00,151.12335477006587,152.10783825518803,150.1144510093348,151.31048583984375,1472200,WHR,148.4871826171875,0,1.007803546135114,2.0,1.0487107984443398,4.0,1.1101657047829157,30.0,1.067214053935414,130.0,1.1459954194475424,526.0
2018-01-29 00:00:00-05:00,150.04121583677727,150.43988580615962,148.24309161481995,148.4871826171875,968100,WHR,148.13731384277344,0,0.9905826378264149,1.0,1.0110689973318705,4.0,1.0873214602502839,29.0,1.0470147744898861,130.0,1.1242156935927252,525.0
2018-01-30 00:00:00-05:00,147.8525389654316,148.9672057884876,146.50191297772483,148.13731384277344,843000,WHR,147.60848999023438,0,0.9988204993903419,0.0,0.9975343811023457,3.0,1.0827415095361113,28.0,1.0442505794650099,130.0,1.121174636276699,524.0
2018-01-31 00:00:00-05:00,148.8940245885018,149.38220668429472,146.81926930386143,147.60848999023438,822500,WHR,148.47909545898438,1,0.9982118973602152,0.0,0.9913120432740811,2.0,1.076835376092603,28.0,1.0401855483868745,130.0,1.1167949306963167,523.0
2018-02-01 00:00:00-05:00,146.95760145511514,150.11448456123145,146.78674639256056,148.47909545898438,798600,WHR,144.87469482421875,0,1.0029403646472685,1.0,0.9978131167996367,2.0,1.0810748955636524,28.0,1.0460053246053231,130.0,1.1229949383136393,524.0
2018-02-02 00:00:00-05:00,147.48644788179234,147.74680255696322,144.22378951381225,144.87469482421875,851800,WHR,139.84645080566406,0,0.9877131274448987,1.0,0.982085765324016,1.0,1.0531932391103915,28.0,1.0203854570291895,130.0,1.0953893679156401,523.0
2018-02-05 00:00:00-05:00,143.98781630628264,145.7289805538207,139.56167590488167,139.84645080566406,1295600,WHR,141.4167938232422,1,0.9823397591091072,0.0,0.9592373247642227,1.0,1.0155955907785537,28.0,0.9849085602042671,129.0,1.0570798761394198,522.0
2018-02-06 00:00:00-05:00,137.16151945533076,141.9293838460934,136.2909308396938,141.4167938232422,1298300,WHR,139.55355834960938,0,1.0055831789171388,1.0,0.9790348647838496,2.0,1.0257725904153274,28.0,0.9958736039927207,129.0,1.068631417046166,523.0
2018-02-07 00:00:00-05:00,140.9123164017806,143.5728849691382,139.51287444320008,139.55355834960938,861900,WHR,134.20799255371094,0,0.9933685691062288,1.0,0.9770323762019407,2.0,1.0112739740565184,28.0,0.9827136281734002,128.0,1.0542432209930552,523.0
2018-02-08 00:00:00-05:00,139.1223146926533,139.13044650668078,134.19986073968346,134.20799255371094,932900,WHR,135.88412475585938,1,0.9804736429266276,0.0,0.9587661828797832,1.0,0.972154936525343,28.0,0.9451846279678797,127.0,1.013621708836938,522.0
2018-02-09 00:00:00-05:00,136.9174366813471,139.4559542532654,133.13406819127746,135.88412475585938,1635900,WHR,139.171142578125,1,1.0062057797867063,1.0,0.9833721983152297,2.0,0.9836739176648815,29.0,0.9570790769153307,127.0,1.026030630022162,522.0
2018-02-12 00:00:00-05:00,137.52760970706146,140.34276947967587,136.7139812937605,139.171142578125,930900,WHR,138.47146606445312,0,1.0119503903856326,2.0,1.0081452145068603,3.0,1.0063677267870819,30.0,0.9802200169940484,128.0,1.0505801555693466,522.0
2018-02-13 00:00:00-05:00,138.64232113366134,139.67563302621116,137.41374630487357,138.47146606445312,592100,WHR,139.30136108398438,1,0.9974799382663466,1.0,1.0073754291121921,2.0,1.0003547959026076,29.0,0.9753481597559726,127.0,1.0450345911295356,522.0
2018-02-14 00:00:00-05:00,137.48696032791815,140.48112009652462,136.7546995380621,139.30136108398438,751000,WHR,143.8007354736328,1,1.0029876753174556,1.0,1.01378489218033,3.0,1.0055296202070827,29.0,0.981219324717187,128.0,1.0510389507330455,522.0
2018-02-15 00:00:00-05:00,140.60316834766437,144.49231239350715,139.50477709316223,143.8007354736328,894900,WHR,140.51365661621094,0,1.0158931157499667,2.0,1.0321187502583273,4.0,1.0368568719893176,29.0,1.0128216969323023,128.0,1.0846999615661856,522.0
2018-02-16 00:00:00-05:00,143.57290809517286,146.45314787410254,140.074302635183,140.51365661621094,1288400,WHR,137.09640502929688,0,0.9884385773324371,1.0,1.0018679581392163,3.0,1.0124133828999333,29.0,0.9897269541906061,127.0,1.0596487578365437,522.0
2018-02-20 00:00:00-05:00,140.18819587497256,141.03436406953287,136.50245968845206,137.09640502929688,1059100,WHR,135.2982940673828,0,0.9876904620579722,0.0,0.9804034324524595,2.0,0.9878284603156278,28.0,0.9658326068045511,126.0,1.0336461752042896,522.0
2018-02-21 00:00:00-05:00,137.38119370636795,137.6822323147621,135.27388620264745,135.2982940673828,1152000,WHR,137.08013916015625,1,0.9933988768214763,0.0,0.9719559068834105,2.0,0.974905771976747,28.0,0.953383472524491,126.0,1.0198897478895983,521.0
2018-02-22 00:00:00-05:00,135.58306555825448,137.21845452843107,135.2657509098624,137.08013916015625,679400,WHR,139.4884796142578,1,1.0065417994797148,1.0,0.987909102391649,2.0,0.9876813458298671,28.0,0.9661000436713657,127.0,1.0331166447092388,521.0
2018-02-23 00:00:00-05:00,138.06462966180356,140.3916077949854,137.0801336606555,139.4884796142578,750300,WHR,136.76280212402344,0,1.0087079310182547,2.0,1.0115528493027741,2.0,1.0044017818448918,29.0,0.9831446552241818,128.0,1.0510382071171098,522.0
2018-02-26 00:00:00-05:00,139.48846237645395,139.65118558219947,135.29826844234412,136.76280212402344,1039600,WHR,134.44400024414062,0,0.9901333399320961,1.0,0.9972115552853468,2.0,0.9847165984763767,28.0,0.9640687007162577,128.0,1.0302882669292412,522.0
2018-02-27 00:00:00-05:00,137.2347405056399,137.9425934459643,134.41144814631667,134.44400024414062,554300,WHR,132.15768432617188,0,0.9914500600293387,0.0,0.9841104792241615,2.0,0.9683753730499671,27.0,0.9479273198576337,127.0,1.012627418414267,522.0
2018-02-28 00:00:00-05:00,134.45212288159,135.33897505443448,131.73460640324728,132.15768432617188,1021200,WHR,131.53509521484375,0,0.9914242255383583,0.0,0.9718432832819751,2.0,0.9524786775177312,27.0,0.9320633635474591,127.0,0.9952278585026828,522.0
2018-03-01 00:00:00-05:00,131.64157959419825,134.27932729201015,129.93769202855594,131.53509521484375,1439800,WHR,129.96229553222656,0,0.9976389603370566,0.0,0.9752181475284941,1.0,0.9485288202077942,27.0,0.927945792913402,126.0,0.990363755468668,522.0
2018-03-02 00:00:00-05:00,130.78967147108878,130.78967147108878,128.09457484790408,129.96229553222656,1086600,WHR,129.90496826171875,0,0.993985409651225,0.0,0.977363118128848,0.0,0.9380950185210295,26.0,0.9171168317007107,126.0,0.9783468034896986,522.0
2018-03-05 00:00:00-05:00,129.39708299818804,131.23202975656335,129.33154739972647,129.90496826171875,880200,WHR,132.23141479492188,1,0.9997793978753966,0.0,0.9871137535502266,0.0,0.9385501663597404,26.0,0.9169728923172478,126.0,0.9777430484510624,521.0
2018-03-06 00:00:00-05:00,130.617636753067,132.6246158534523,130.617636753067,132.23141479492188,837600,WHR,129.9213104248047,0,1.0088749471022511,1.0,1.0081818934635527,1.0,0.9559756648756361,27.0,0.9336127777805857,126.0,0.9950769234408346,521.0
2018-03-07 00:00:00-05:00,131.68253371412956,132.5017096625845,129.19224433066512,129.9213104248047,725000,WHR,130.0688018798828,1,0.9911879444770946,1.0,0.9939583790260722,1.0,0.9402709644626445,26.0,0.9175839976635026,125.0,0.977543980668256,520.0
2018-03-08 00:00:00-05:00,130.34731880048344,130.7978682306535,128.52055929230738,130.0688018798828,657200,WHR,134.39402770996094,1,1.0005672964012773,1.0,0.9973243191441005,2.0,0.9422480798629878,27.0,0.918931903930041,125.0,0.9785038388637599,520.0
2018-03-09 00:00:00-05:00,130.94530336098978,134.5414859063931,129.81483635367226,134.39402770996094,973300,WHR,133.7796630859375,0,1.016354758953408,2.0,1.0235325704766094,3.0,0.9738384765148843,28.0,0.9497000596969929,125.0,1.0108453883864805,521.0
2018-03-12 00:00:00-04:00,134.96746607480154,135.27875703036858,133.49295891601133,133.7796630859375,536100,WHR,133.2963409423828,0,0.9977090794320648,1.0,1.0128757709077252,3.0,0.9695854841970212,28.0,0.9455969217877639,124.0,1.006034257882808,520.0
2018-03-13 00:00:00-04:00,134.3530726507886,134.84458332889665,132.78845574140408,133.2963409423828,457400,WHR,131.16648864746094,0,0.9981903198480405,0.0,1.007591629993385,2.0,0.9663874702215811,27.0,0.9424030028072556,124.0,1.0022026673815234,520.0
2018-03-14 00:00:00-04:00,134.23021212372956,134.23021212372956,130.95350733613662,131.16648864746094,533300,WHR,131.46139526367188,1,0.9919464966088993,0.0,0.9896290571428888,2.0,0.9511994775370247,27.0,0.927519673887416,124.0,0.9860245251338408,519.0
2018-03-15 00:00:00-04:00,131.19106561321706,131.78087348700265,130.23263094322473,131.46139526367188,649600,WHR,130.92074584960938,0,1.0011229067219334,1.0,0.9897741896623575,2.0,0.9536115294955763,27.0,0.9297728659352565,124.0,0.9880592275217753,520.0
2018-03-16 00:00:00-04:00,131.78087085704718,133.27177753592807,130.87978453981785,130.92074584960938,948400,WHR,129.42979431152344,0,0.9979394580295422,1.0,0.9908860429462307,1.0,0.9501056139897001,26.0,0.9261323070611656,123.0,0.9838207630371755,519.0
2018-03-19 00:00:00-04:00,130.1670476336981,130.2489702248875,128.24199173707203,129.42979431152344,1088300,WHR,128.82362365722656,0,0.9942732919349306,0.0,0.9860945537699785,1.0,0.9399352185057425,25.0,0.9157888484808498,123.0,0.9724749029662827,518.0
2018-03-20 00:00:00-04:00,130.17527166609565,130.30634283658625,127.80785333501142,128.82362365722656,1064800,WHR,129.62643432617188,1,0.9976528068473803,0.0,0.9882112529868142,1.0,0.936136762831785,25.0,0.9116833407999583,123.0,0.9677983906382088,517.0
2018-03-21 00:00:00-04:00,129.26599483176875,130.25719094174167,128.70894856779057,129.62643432617188,705800,WHR,127.3655242919922,0,1.0031062506822763,1.0,0.9967246712879823,2.0,0.9429268504277825,25.0,0.9175266023828028,124.0,0.9737219976121376,517.0
2018-03-22 00:00:00-04:00,128.66802407464164,129.7411429996248,127.3573370290762,127.3655242919922,804800,WHR,125.03082275390624,0,0.9912024094203706,1.0,0.9855478325893203,1.0,0.9278662592180638,24.0,0.9017356085886608,124.0,0.9566509422204734,516.0
2018-03-23 00:00:00-04:00,127.7013317123241,127.7013317123241,124.84240329545754,125.03082275390624,1155600,WHR,125.69440460205078,1,0.990749860030021,0.0,0.976381933942168,1.0,0.9123439822807953,24.0,0.8854703746075092,124.0,0.9390424228365247,516.0
2018-03-26 00:00:00-04:00,126.68560085530744,126.89039491585572,124.89161538460004,125.69440460205078,668700,WHR,125.1701431274414,0,1.0026466497015174,1.0,0.9873240073550559,2.0,0.9186035200555053,25.0,0.8904187158651771,125.0,0.9439429560327482,517.0
2018-03-27 00:00:00-04:00,125.6698411783614,126.42348188637148,124.10521142060422,125.1701431274414,751800,WHR,123.8348617553711,0,0.9979101810943223,1.0,0.9888817280094001,2.0,0.9163002279223816,24.0,0.8869906548154255,124.0,0.9399045002592419,517.0
2018-03-28 00:00:00-04:00,125.17012292999968,125.6534338767737,123.05664688351456,123.8348617553711,797500,WHR,125.4240951538086,1,0.9946375319937898,0.0,0.9873680412099589,1.0,0.908007166424124,24.0,0.8778261761321343,124.0,0.9297877701159919,516.0
2018-03-29 00:00:00-04:00,124.58034448835332,126.30880713790177,124.48204732333392,125.4240951538086,508300,WHR,123.25325012207033,0,1.0063758326607157,1.0,1.0031450608118884,2.0,0.9209270129585247,25.0,0.8893771401597046,124.0,0.9416288649608061,516.0
2018-04-02 00:00:00-04:00,124.9653252908434,125.24384218440112,121.74595649297753,123.25325012207033,989900,WHR,123.88400268554688,1,0.9912704350718802,1.0,0.988593568662791,2.0,0.9065540179066134,24.0,0.8743061725226392,124.0,0.9252424078508881,516.0
2018-04-03 00:00:00-04:00,123.6218728236611,124.61306894152948,122.90918109054677,123.88400268554688,548800,WHR,124.18711853027344,1,1.0025522358782857,1.0,0.9965468860940068,2.0,0.9127007400790301,25.0,0.8789872666070827,125.0,0.9298859108033675,516.0
2018-04-04 00:00:00-04:00,119.59972675093088,124.41648686927688,119.26386150466264,124.18711853027344,1492000,WHR,125.01446533203124,1,1.0012218908966144,2.0,1.0005676343341223,3.0,0.9163846663514366,26.0,0.8813375713048806,126.0,0.9320704417448257,516.0
2018-04-05 00:00:00-04:00,125.28479494544383,125.74353156227664,124.23625053564456,125.01446533203124,881000,WHR,121.66405487060548,0,1.0033199901418561,2.0,1.0053225991242656,4.0,0.9239133992532944,26.0,0.8874208990796018,126.0,0.9381991972857225,516.0
2018-04-06 00:00:00-04:00,124.28541625693084,124.43286197570676,119.9273927962098,121.66405487060548,927900,WHR,120.24683380126952,0,0.9864179075718732,1.0,0.984332407954656,3.0,0.9008530203505792,26.0,0.8639235162778203,126.0,0.913016580781304,515.0
2018-04-09 00:00:00-04:00,121.18889365608912,122.45041913604278,120.18949798381551,120.24683380126952,715100,WHR,122.7289810180664,1,0.9941415573432155,0.0,0.9776221380643492,3.0,0.8920090094930831,26.0,0.8541879348229868,125.0,0.9023473937568774,515.0
2018-04-10 00:00:00-04:00,121.26264865928816,123.28601481941833,121.18072604161335,122.7289810180664,748800,WHR,121.9998779296875,0,1.0102156143344656,1.0,0.9996798058182994,3.0,0.9120907535440457,26.0,0.872107466860851,125.0,0.9209253721462426,515.0
2018-04-11 00:00:00-04:00,121.98350340912192,123.29417753350867,121.88519378755824,121.9998779296875,433700,WHR,122.08184051513672,1,0.9970207719207543,1.0,0.9972945117221756,2.0,0.9087607601272608,25.0,0.8672296568633205,125.0,0.9154137826233195,514.0
2018-04-12 00:00:00-04:00,122.14737611776528,122.8764425100058,121.78693655312718,122.08184051513672,528800,WHR,121.72135925292967,0,1.000335799772189,1.0,1.0027723913096118,2.0,0.9111110311011844,26.0,0.8681369025499562,125.0,0.915980746129894,515.0
2018-04-13 00:00:00-04:00,123.08119441745394,123.58907953929372,121.21347413108992,121.72135925292967,390900,WHR,125.80088806152344,1,0.9985214252210389,1.0,0.9997173091009612,2.0,0.9104272013330525,25.0,0.8658966300543043,125.0,0.9132364395659572,514.0
2018-04-16 00:00:00-04:00,123.105791513098,126.30057351617783,122.6470548664646,125.80088806152344,973900,WHR,125.76810455322266,0,1.0164814631931292,1.0,1.0238819903884968,3.0,0.9421610357391993,26.0,0.8951312290247958,126.0,0.9437780503843074,514.0
2018-04-17 00:00:00-04:00,126.64462897252204,127.86519335127603,125.67799468301092,125.76810455322266,834700,WHR,126.74288940429688,1,0.9998696838272474,1.0,1.0185762411438668,2.0,0.9431562385628085,25.0,0.8951533271108997,125.0,0.9434610547619139,514.0
2018-04-18 00:00:00-04:00,125.9892491169467,128.24198272030694,125.9892491169467,126.74288940429688,534600,WHR,124.52296447753906,0,1.0038603659816816,1.0,1.0186450474742619,3.0,0.9515186147476584,26.0,0.9023545565835055,125.0,0.9506836203972523,515.0
2018-04-19 00:00:00-04:00,126.12855526252947,126.64464024692576,123.22047737368176,124.52296447753906,576800,WHR,122.36034393310548,0,0.9911650353899588,1.0,0.9968915794224051,2.0,0.9366580263271769,25.0,0.8868618617731765,125.0,0.9339653722615199,514.0
2018-04-20 00:00:00-04:00,124.23626441463564,124.96533072632828,121.32818642992478,122.36034393310548,878500,WHR,123.13858032226562,1,0.9912403128491926,0.0,0.9785771372378042,2.0,0.9230819747117331,24.0,0.8718855016683835,124.0,0.9176880851032648,514.0
2018-04-23 00:00:00-04:00,122.36035288238575,123.51539439876127,121.8360805805727,123.13858032226562,1122700,WHR,127.75871276855467,1,1.0031700195490496,1.0,0.9890126589786857,2.0,0.9319795743051718,24.0,0.8779631861062032,124.0,0.923463695107538,514.0
2018-04-24 00:00:00-04:00,128.61065043080444,130.87157201494213,127.4801833889178,127.75871276855467,3734600,WHR,127.3655242919922,0,1.0184144371960866,2.0,1.0228495375191018,3.0,0.9698284836468315,24.0,0.9114237343896259,124.0,0.9580152511216158,515.0
2018-04-25 00:00:00-04:00,127.37372405454624,128.30758451212924,126.15314689960888,127.3655242919922,1500200,WHR,127.6686019897461,1,0.9984588352675048,1.0,1.0186860242502143,2.0,0.9694343479985392,24.0,0.9091628430002932,123.0,0.9549567163570193,515.0
2018-04-26 00:00:00-04:00,127.8897705401354,128.332132640185,125.53055183853438,127.6686019897461,1120800,WHR,129.22503662109375,1,1.0011883809518851,1.0,1.015997737404965,3.0,0.9742710003491825,25.0,0.9118606810010014,124.0,0.9571294062697191,515.0
2018-04-27 00:00:00-04:00,127.61944588019313,129.54451481703367,126.78389521366466,129.22503662109375,1006200,WHR,126.93134307861328,0,1.0060586733083938,2.0,1.017269331057427,4.0,0.9884597044445422,26.0,0.9234826760255848,124.0,0.9686813500371743,516.0
2018-04-30 00:00:00-04:00,129.21685155736486,129.41344583535732,126.78389737011896,126.93134307861328,901100,WHR,127.72593688964844,1,0.991045729389331,1.0,0.9932819334761357,3.0,0.973589410741564,25.0,0.907683911746585,123.0,0.951392516789415,515.0
2018-05-01 00:00:00-04:00,126.31695298799649,128.17648624767122,125.10457585156414,127.72593688964844,1139000,WHR,126.34971618652344,0,1.0031202477743193,1.0,0.9995511800861425,3.0,0.9818365308360548,26.0,0.9139317857190425,124.0,0.9572702583625265,515.0
2018-05-02 00:00:00-04:00,127.840610070983,127.97986849703004,126.02203827261768,126.34971618652344,893800,WHR,124.30183410644533,0,0.9945834215657318,1.0,0.9903557803555593,3.0,0.9729398219242357,26.0,0.9046137777653838,124.0,0.9468654512599588,515.0
2018-05-03 00:00:00-04:00,125.8173029792206,126.08763269698532,123.048495187489,124.30183410644533,1510600,WHR,125.57971954345705,1,0.9918297649558342,0.0,0.9794735993933747,2.0,0.9592774458189158,25.0,0.8905501073478532,123.0,0.9314110023279593,515.0
2018-05-04 00:00:00-04:00,123.85944444711537,126.24325029501706,123.76933456112342,125.57971954345705,1019200,WHR,125.66162872314452,1,1.0051139646698455,1.0,0.9952607285576384,2.0,0.9708843139038068,26.0,0.9002476548551833,124.0,0.9408665535300853,516.0
2018-05-07 00:00:00-04:00,125.77631289539644,126.7920959207973,125.3667247802628,125.66162872314452,1088800,WHR,126.13674926757812,1,1.0003260179116717,2.0,0.9979182772819034,3.0,0.972588615640587,27.0,0.9013929001439913,124.0,0.9413696127127132,516.0
2018-05-08 00:00:00-04:00,125.79269675946637,127.20168084009754,125.37492139239572,126.13674926757812,726700,WHR,126.64464569091795,1,1.0018869086775892,2.0,1.0042260720014171,3.0,0.9774949986462896,27.0,0.9053650962666435,124.0,0.9448118456492085,517.0
2018-05-09 00:00:00-04:00,126.20228354252382,127.41466082026312,125.24384888718564,126.64464569091795,834800,WHR,127.480224609375,1,1.002009231824293,2.0,1.0077963703789068,4.0,0.9830213638430354,27.0,0.9095727194389857,124.0,0.9484893650331955,518.0
2018-05-10 00:00:00-04:00,127.28363027739894,128.5451564062573,126.726583837641,127.480224609375,911800,WHR,127.76687622070312,1,1.003288064318418,2.0,1.0093398693479274,5.0,0.9909161565252976,28.0,0.9160667454138764,125.0,0.9546191229340976,518.0
2018-05-11 00:00:00-04:00,127.25079136303334,128.3239098769034,127.01323583309691,127.76687622070312,746800,WHR,129.1431121826172,1,1.001123035718705,2.0,1.00811793713175,5.0,0.9946306149537559,28.0,0.9187113470109316,125.0,0.956637752916579,518.0
2018-05-14 00:00:00-04:00,127.88977370089329,129.79845558800565,127.8078635874921,129.1431121826172,1101200,WHR,128.82362365722656,0,1.0053568799347479,2.0,1.013409186528413,5.0,1.0072598071660182,28.0,0.9291432035792351,126.0,0.9668103819968363,518.0
2018-05-15 00:00:00-04:00,128.6434039227107,129.42981844601948,128.27477719288632,128.82362365722656,1757400,WHR,130.70774841308594,1,0.9987615127029829,1.0,1.0066571531717083,4.0,1.0062971246888246,28.0,0.9273120829968288,126.0,0.9642701855966045,518.0
2018-05-16 00:00:00-04:00,128.94652463763336,131.42042768507076,128.74991785586948,130.70774841308594,2060600,WHR,133.54620361328125,1,1.0072597187030974,1.0,1.0149352921306127,4.0,1.0218647678673038,29.0,0.9411877398360367,127.0,0.9782064369936616,519.0
2018-05-17 00:00:00-04:00,131.1945973046861,133.76073112665088,130.51799019344224,133.54620361328125,3897100,WHR,134.2310333251953,1,1.010741391674294,2.0,1.027298143779747,4.0,1.0442940356441088,30.0,0.9619099385772744,127.0,0.999257404682608,520.0
2018-05-18 00:00:00-04:00,133.65344961535155,135.50997677652256,133.05935991654638,134.2310333251953,3732900,WHR,136.10406494140625,1,1.00255746052108,2.0,1.0223983652718356,4.0,1.050039113575464,30.0,0.9671320006555785,127.0,1.0041856396183393,520.0
2018-05-21 00:00:00-04:00,136.02156017829017,137.30049102482303,134.90763885798947,136.10406494140625,4571000,WHR,135.56771850585938,0,1.0069285550719123,2.0,1.025787343878993,4.0,1.0651611410988409,30.0,0.9808825164903021,127.0,1.0179841204585016,521.0
2018-05-22 00:00:00-04:00,136.14530211798117,138.24110910778842,135.52645983562672,135.56771850585938,6635100,WHR,135.85650634765625,1,0.9980257558266039,1.0,1.011462726466581,4.0,1.061129060741892,30.0,0.9772686432682116,127.0,1.013764339059825,520.0
2018-05-23 00:00:00-04:00,135.69148425427278,136.9374281286323,134.18976683699074,135.85650634765625,4099800,WHR,124.60182189941406,0,1.0010639722447499,1.0,1.0058891936278391,4.0,1.063193576470843,31.0,0.979603964778944,127.0,1.0157021900464072,521.0
2018-05-24 00:00:00-04:00,130.31993093746036,131.02953723361554,124.38729444815895,124.60182189941406,6791700,WHR,124.65132904052734,1,0.9567889246468402,1.0,0.9349421318357475,3.0,0.9760779693203885,31.0,0.898949274046037,127.0,0.9314425171543042,520.0
2018-05-25 00:00:00-04:00,124.56056501318362,126.63986576444114,123.76844144814962,124.65132904052734,4434500,WHR,123.76018524169922,0,1.0001986219268506,1.0,0.9489559335070186,3.0,0.9773441674539772,32.0,0.8998889056198259,127.0,0.9317003778545576,520.0
2018-05-29 00:00:00-04:00,123.2733531740575,124.5192967800736,122.77828700053124,123.76018524169922,1481600,WHR,123.14138793945312,0,0.9964126308661535,1.0,0.9602185900128475,2.0,0.9711441308776253,32.0,0.8941061211185453,126.0,0.9249231880591062,520.0
2018-05-30 00:00:00-04:00,124.3213080436977,124.55234152691176,122.70407366119936,123.14138793945312,2370200,WHR,119.43655395507812,0,0.9974937490503875,0.0,0.9742025299781591,2.0,0.9671439371641996,32.0,0.8903467687137198,125.0,0.9201944430615571,519.0
2018-05-31 00:00:00-04:00,122.77830461490198,122.85256266302794,118.36389153965126,119.43655395507812,3159600,WHR,119.89862823486328,1,0.9847272428999921,0.0,0.9700962165053556,1.0,0.9396201338550771,31.0,0.8643851097346131,124.0,0.8924211547916249,519.0
2018-06-01 00:00:00-04:00,119.62633611784985,119.89862823486328,118.0833600451521,119.89862823486328,2625100,WHR,123.12488555908205,1,1.001930657563828,1.0,0.9813469217552676,2.0,0.9444965397805755,32.0,0.8685875143084241,124.0,0.8957699210161947,520.0
2018-06-04 00:00:00-04:00,122.9268514575029,124.67612121216612,122.31626834413392,123.12488555908205,1617000,WHR,122.48129272460938,0,1.0132754945143057,2.0,1.0102776191420162,2.0,0.9707962992603639,32.0,0.8926979087858304,125.0,0.9197430226359924,521.0
2018-06-05 00:00:00-04:00,123.41368599162396,123.54569613806244,121.63966351536064,122.48129272460938,1336000,WHR,121.78819274902344,0,0.9973795739220808,1.0,1.0071104059788647,2.0,0.9672359677972362,31.0,0.8887892446614684,124.0,0.9148108092818085,520.0
2018-06-06 00:00:00-04:00,121.98621426469632,122.21724775990216,119.87390082831077,121.78819274902344,1127000,WHR,122.4234848022461,1,0.9971625601362281,0.0,1.0036448043625286,2.0,0.963282879944193,31.0,0.8845305074918476,124.0,0.9095129844724442,520.0
2018-06-07 00:00:00-04:00,122.07693468332052,123.24860773027176,120.97127298145656,122.4234848022461,949300,WHR,122.8278350830078,1,1.0026013991615503,1.0,1.0039377973273416,3.0,0.9696975983041667,32.0,0.8899435081959411,124.0,0.9141405363417865,520.0
2018-06-08 00:00:00-04:00,122.40702680058108,123.18263200126128,120.8722972070984,122.8278350830078,956800,WHR,124.32953643798828,1,1.0016487180617453,2.0,1.0024377621832816,3.0,0.9739725630597608,33.0,0.8936676876166373,125.0,0.9170373796169743,521.0
2018-06-11 00:00:00-04:00,122.82781901819403,124.89887336293565,122.75356096460403,124.32953643798828,730100,WHR,125.12166595458984,1,1.0060758914279557,2.0,1.0127023475628307,3.0,0.986810528853073,33.0,0.9054195789595842,125.0,0.9281125726490512,522.0
2018-06-12 00:00:00-04:00,125.00614922459812,125.38571138907338,123.9252399817372,125.12166595458984,838700,WHR,124.64309692382812,0,1.0031754888691815,2.0,1.014789541065021,4.0,0.9938601224057435,34.0,0.912056124968939,125.0,0.9338852693061578,522.0
2018-06-13 00:00:00-04:00,125.39396198731616,125.58373678026622,124.42856944442282,124.64309692382812,708400,WHR,128.28189086914062,1,0.9980839209452669,1.0,1.006248313215598,4.0,0.9906865660160646,34.0,0.9094402336460901,125.0,0.9301746240683265,522.0
2018-06-14 00:00:00-04:00,126.0540609910812,129.33804744230034,125.4682180434416,128.28189086914062,1894700,WHR,125.45169067382812,0,1.0143868503348157,1.0,1.0259202251140136,4.0,1.0196815541430282,35.0,0.9367822208850733,126.0,0.9571615037955769,522.0
2018-06-15 00:00:00-04:00,127.75379080807484,127.75379080807484,125.0556351739922,125.45169067382812,1460400,WHR,124.28827667236328,0,0.9888457799787403,1.0,0.9990930197469808,3.0,0.997736796386806,34.0,0.9169878903672245,125.0,0.9358948086150424,522.0
2018-06-18 00:00:00-04:00,124.31302935416782,124.69257886875592,123.56216443175676,124.28827667236328,832600,WHR,121.29308319091795,0,0.9953414985441553,0.0,0.989892684044654,2.0,0.9888873483151115,34.0,0.9093323746547278,125.0,0.9270773470442437,521.0
2018-06-19 00:00:00-04:00,123.07535192480178,123.07535192480178,120.60822957770212,121.29308319091795,1381500,WHR,120.38542175292967,0,0.9878036611446699,0.0,0.9719650660767117,1.0,0.9655349550610473,34.0,0.8883104097684114,125.0,0.9046252124180291,520.0
2018-06-20 00:00:00-04:00,121.46634328904892,122.00266811864844,119.46128816701946,120.38542175292967,760200,WHR,118.80120086669922,0,0.9962443435414368,0.0,0.9713195998402764,1.0,0.9589851222667602,33.0,0.88260146653135,124.0,0.8977652919714351,519.0
2018-06-21 00:00:00-04:00,119.63458311842818,120.005885934263,118.56192074683416,118.80120086669922,698800,WHR,119.35407257080078,1,0.9933766325688297,0.0,0.9734297835083439,0.0,0.9471661899761603,33.0,0.8718222951930513,124.0,0.8858643219934207,519.0
2018-06-22 00:00:00-04:00,119.04878099851602,119.60987135313786,118.48770323427574,119.35407257080078,669900,WHR,118.72695922851562,0,1.0023214758007306,1.0,0.987830783302468,1.0,0.9521409739986183,34.0,0.8767484799156409,124.0,0.8899074988010681,519.0
2018-06-25 00:00:00-04:00,119.04051002717914,119.4283188811959,118.12462290668536,118.72695922851562,965700,WHR,119.13127136230467,1,0.9973659667990108,1.0,0.9917703565273006,1.0,0.9479823255389062,33.0,0.8729786838614073,124.0,0.8851450417924398,519.0
2018-06-26 00:00:00-04:00,119.51082091907143,119.79961902605466,117.42326058571814,119.13127136230467,801500,WHR,119.35407257080078,1,1.0016998029993949,1.0,0.9987549122950651,2.0,0.9517326392616198,34.0,0.8767828003150007,124.0,0.8880824915663363,519.0
2018-06-27 00:00:00-04:00,119.7253881040333,121.63142078899888,119.04878099851602,119.35407257080078,643400,WHR,120.1049346923828,1,1.000934234384477,2.0,1.0023561683739914,3.0,0.9540880485084919,34.0,0.8792408182531931,125.0,0.8896568780593545,520.0
2018-06-28 00:00:00-04:00,119.56860963194664,120.45148493625592,118.55369899948124,120.1049346923828,1084900,WHR,120.65773010253906,1,1.0031356603794683,2.0,1.0064581000791974,4.0,0.9606127069215578,34.0,0.8856525554324571,125.0,0.8951521452129464,521.0
2018-06-29 00:00:00-04:00,120.41844997758471,121.9119205601728,119.9646298195221,120.65773010253906,674500,WHR,121.24358367919922,1,1.0022960179919387,2.0,1.008886128752698,4.0,0.9655948062062608,34.0,0.8906079210056749,125.0,0.8991742452137103,521.0
2018-07-02 00:00:00-04:00,119.43656217483952,121.43335845648537,118.6444385025144,121.24358367919922,703400,WHR,120.5917510986328,0,1.002421870173011,2.0,1.009536063553886,5.0,0.9703376701695253,35.0,0.8958281868736476,125.0,0.9034305032364065,522.0
2018-07-03 00:00:00-04:00,121.93670594862688,122.308008871951,120.4844936436873,120.5917510986328,302000,WHR,122.78655242919922,1,0.9973046429250496,1.0,1.001672364622028,4.0,0.9650765174923998,35.0,0.8918477509104346,125.0,0.898472085203009,521.0
2018-07-05 00:00:00-04:00,120.84752092057668,123.0010924684627,120.6247341837946,122.78655242919922,639300,WHR,124.48633575439452,1,1.00901806487576,1.0,1.0141202977772967,4.0,0.9826336163262223,35.0,0.9089251611824175,125.0,0.9147095935832144,521.0
2018-07-06 00:00:00-04:00,122.62156181599454,124.80813330549854,122.62156181599454,124.48633575439452,488300,WHR,127.81153869628906,1,1.0068741192683173,2.0,1.0207714544315976,4.0,0.9959063210268679,36.0,0.922335964611544,125.0,0.9272355315299232,522.0
2018-07-09 00:00:00-04:00,125.41044050344291,128.1250894432105,124.37903682580864,127.81153869628906,828400,WHR,127.11019134521484,0,1.013179670851902,2.0,1.0358846209825472,4.0,1.0217277910245322,36.0,0.947695542530308,126.0,0.9518422287308054,522.0
2018-07-10 00:00:00-04:00,127.83629097050236,127.89405561964698,125.84775425503815,127.11019134521484,640300,WHR,127.20922088623048,1,0.9972487737669126,1.0,1.020495932523707,3.0,1.0153921825042806,36.0,0.9432573746945905,125.0,0.9464684738359285,521.0
2018-07-11 00:00:00-04:00,126.4831085631572,127.96833259199856,125.76525552854166,127.20922088623048,644700,WHR,128.1333770751953,1,1.0003893904132082,1.0,1.0105532647039501,4.0,1.0159927571334184,36.0,0.9447532495451134,126.0,0.9470695654345024,521.0
2018-07-12 00:00:00-04:00,127.7538274511813,128.45517462180763,126.6481653772191,128.1333770751953,675500,WHR,128.5294189453125,1,1.0036192793382028,2.0,1.009320544201769,4.0,1.0230516878245672,37.0,0.9523592466407597,126.0,0.9538169987453625,521.0
2018-07-13 00:00:00-04:00,127.78680065809448,129.14000193459626,127.07719434295464,128.5294189453125,876400,WHR,126.60686492919922,0,1.0015430435429589,2.0,1.0060322252632077,4.0,1.0259698841082288,37.0,0.9561113196535768,126.0,0.9566379876467905,521.0
2018-07-16 00:00:00-04:00,127.19269516136627,127.68777395761111,125.66622528863545,126.60686492919922,886100,WHR,124.39553833007812,0,0.9924645997546202,1.0,0.9928562945528049,3.0,1.010343230254211,37.0,0.9426767463034699,125.0,0.942227267937881,520.0
2018-07-17 00:00:00-04:00,126.40884045454638,127.36598615148664,123.4961572862325,124.39553833007812,1276500,WHR,124.13152313232422,0,0.9911900182213121,0.0,0.9796861739802769,3.0,0.9924278501888892,37.0,0.9271739257785607,124.0,0.9256794800703778,520.0
2018-07-18 00:00:00-04:00,123.70245558826436,124.5523313874113,122.24198415296996,124.13152313232422,946200,WHR,125.7074966430664,1,0.9989376802823791,0.0,0.9823691602768043,2.0,0.9901908031839608,36.0,0.9259846015798173,124.0,0.9236150650259051,520.0
2018-07-19 00:00:00-04:00,124.1645080402248,125.98803544708194,123.38889038998812,125.7074966430664,937100,WHR,125.2536849975586,0,1.0063079558675783,1.0,0.9986758859656943,2.0,1.0030357984906597,36.0,0.9385197399089756,124.0,0.9352150971613743,521.0
2018-07-20 00:00:00-04:00,125.56722320383614,127.72079492794832,124.956640187668,125.2536849975586,1190400,WHR,124.35431671142578,0,0.998191705814656,1.0,1.0002768220887577,1.0,0.9996955370687723,36.0,0.935896037557003,124.0,0.9317155832534298,521.0
2018-07-23 00:00:00-04:00,125.1711805801961,125.99630373839167,124.09851795646576,124.35431671142578,1274200,WHR,106.29236602783205,0,0.9963968771835232,0.0,0.9966802902034446,1.0,0.9929551188598669,35.0,0.9299805663486731,123.0,0.9249137998193954,520.0
2018-07-24 00:00:00-04:00,111.69691237454828,112.05172186203094,105.82203980752747,106.29236602783205,12449800,WHR,102.48851013183594,0,0.9216899611601506,0.0,0.8773770388646719,1.0,0.8513306777135173,34.0,0.7960095870502247,123.0,0.7905946748152839,519.0
2018-07-25 00:00:00-04:00,105.83851323876344,106.06954663334024,101.33333686376398,102.48851013183594,4794400,WHR,105.3187026977539,1,0.9817806306498731,0.0,0.8773253405100506,1.0,0.8235514601816435,34.0,0.7684578209923852,123.0,0.7623354143347361,519.0
2018-07-26 00:00:00-04:00,102.13372730885764,105.45072540380866,101.51488503840146,105.3187026977539,2266400,WHR,105.5250015258789,1,1.0136193182487792,1.0,0.934160780594178,1.0,0.8488409044170181,34.0,0.7905652093093836,124.0,0.7834134579838128,519.0
2018-07-27 00:00:00-04:00,105.61576557803777,107.3485292682046,105.17019831158258,105.5250015258789,1778200,WHR,105.53323364257812,1,1.0009784443357446,2.0,0.9699365369637046,2.0,0.8528894586532055,35.0,0.7930015179324195,124.0,0.7849590533264875,520.0
2018-07-30 00:00:00-04:00,105.52498064987178,106.80392382623108,105.18668349117884,105.53323364257812,2091100,WHR,108.17364501953124,1,1.0000390040061344,2.0,1.004776381727585,3.0,0.8551179354373879,36.0,0.7939261380365759,125.0,0.7850557882701333,520.0
2018-07-31 00:00:00-04:00,106.11908393811122,108.6274526588284,105.6157583361752,108.17364501953124,1154200,WHR,108.04986572265624,0,1.0123552942866563,2.0,1.0262392909051565,4.0,0.8785779636808082,36.0,0.8146133869332738,125.0,0.804716304988142,521.0
2018-08-01 00:00:00-04:00,108.26440578311508,108.66870803789526,106.78742840679898,108.04986572265624,898600,WHR,109.08950805664062,1,0.9994275400651385,1.0,1.014361384833355,4.0,0.8796697907555445,35.0,0.814495251147557,125.0,0.8038059861028314,521.0
2018-08-02 00:00:00-04:00,107.43100291038776,109.5680682762528,107.43100291038776,109.08950805664062,817000,WHR,111.2100830078125,1,1.0047879033447018,1.0,1.0169216494149993,4.0,0.8901929876465176,35.0,0.823167967115979,125.0,0.8115440119867978,522.0
2018-08-03 00:00:00-04:00,109.67535364036014,112.20022814382531,109.40306152464038,111.2100830078125,1170200,WHR,109.4360809326172,0,1.0096258687586555,2.0,1.0258166516553053,4.0,0.9094063023186223,35.0,0.8399809276468843,125.0,0.8273301790883085,522.0
2018-08-06 00:00:00-04:00,110.89653975655516,111.5483940570652,108.6522039142343,109.4360809326172,1116700,WHR,109.03176879882812,0,0.9919599686506482,1.0,1.0022368374091648,3.0,0.8971058139586215,34.0,0.8274292344212136,124.0,0.8141472689354192,522.0
2018-08-07 00:00:00-04:00,109.5598470931058,110.17044273570612,108.5201964922909,109.03176879882812,977400,WHR,108.68521881103516,0,0.9981493289091,0.0,0.9969670628477854,2.0,0.8960851560966209,33.0,0.8251585237840834,124.0,0.8111645172976514,521.0
2018-08-08 00:00:00-04:00,109.13077975786128,109.13077975786128,107.57129755840032,108.68521881103516,696900,WHR,107.92610168457033,0,0.9984082547182126,0.0,0.9926449064022287,2.0,0.8957471125925801,32.0,0.8232633959257712,124.0,0.8086254231430495,520.0
2018-08-09 00:00:00-04:00,108.92449356355634,110.27769491493392,107.83533764190076,107.92610168457033,719000,WHR,105.05467987060548,0,0.9964954872869619,0.0,0.9878109540457153,1.0,0.89205136277068,32.0,0.8182459286144587,124.0,0.8030245438070774,519.0
2018-08-10 00:00:00-04:00,107.26601017839852,107.33202154166162,104.81539340016931,105.05467987060548,999900,WHR,102.80207824707033,0,0.9865179299606385,0.0,0.9724874663160954,0.0,0.8713973516743324,31.0,0.7973068903151715,123.0,0.7817142048344334,519.0
2018-08-13 00:00:00-04:00,104.7906278283383,104.85663918348506,102.27399999627492,102.80207824707033,1303500,WHR,102.6040496826172,0,0.9891627212704824,0.0,0.9634686752558659,0.0,0.8563523792220161,30.0,0.7810702363338937,123.0,0.7650186088267097,519.0
2018-08-14 00:00:00-04:00,102.88459479222468,103.247644652343,102.29050519088106,102.6040496826172,647900,WHR,102.7608413696289,1,0.9990359169590066,0.0,0.9733397401827256,0.0,0.8584722770536806,29.0,0.7804474755702087,122.0,0.7636067954680074,519.0
2018-08-15 00:00:00-04:00,101.75419008498292,103.01662754041295,100.83004985911984,102.7608413696289,1148500,WHR,105.335205078125,1,1.0007634785391424,1.0,0.9859089020449442,1.0,0.863800478900914,29.0,0.782471395303896,123.0,0.7648391593321209,519.0
2018-08-16 00:00:00-04:00,103.16512756174976,105.72301389490028,103.16512756174976,105.335205078125,826300,WHR,104.98865509033205,0,1.0123710361270244,2.0,1.015657243899228,2.0,0.8892066714948481,30.0,0.8028370740043925,124.0,0.7840590343927033,519.0
2018-08-17 00:00:00-04:00,104.7741276299276,105.82203113325473,103.98200396237996,104.98865509033205,484400,WHR,105.67352294921876,1,0.9983523030267922,1.0,1.0124446675180543,2.0,0.8901470651185117,29.0,0.8009216433792483,124.0,0.7815404628603386,519.0
2018-08-20 00:00:00-04:00,105.45073618377369,106.01181385629664,105.13718537243469,105.67352294921876,481800,WHR,107.57129669189452,1,1.003251024295202,1.0,1.013436608138411,3.0,0.8983565822510781,30.0,0.8068912007148932,124.0,0.7866982706064384,519.0
2018-08-21 00:00:00-04:00,106.5398927960518,108.3634204236688,106.12733123771469,107.57129669189452,624000,WHR,106.29236602783205,0,1.0088995068947966,2.0,1.0219006569391131,4.0,0.9167084813442561,30.0,0.822097306041309,124.0,0.8008775113964917,519.0
2018-08-22 00:00:00-04:00,107.3402633218664,107.38976869445013,105.90455715542008,106.29236602783205,790400,WHR,104.4605712890625,0,0.9940198786095862,1.0,1.0030211398145488,3.0,0.9080624817445472,30.0,0.8130425880366711,124.0,0.7914131274650816,519.0
2018-08-23 00:00:00-04:00,105.90454284459248,106.0283062593277,104.03975679339592,104.4605712890625,776600,WHR,104.88965606689452,1,0.9913083311573723,0.0,0.98736535485449,2.0,0.8947933643917425,30.0,0.799805787634716,123.0,0.7778445093616295,518.0
2018-08-24 00:00:00-04:00,105.21970028750977,105.21970028750977,104.10578530495836,104.88965606689452,506400,WHR,107.92610168457033,1,1.002049602635981,1.0,0.9916066584662306,3.0,0.9003386403305514,31.0,0.8038548404699076,124.0,0.7810989264086732,519.0
2018-08-27 00:00:00-04:00,106.14383280508402,108.73471877993056,105.80552931964483,107.92610168457033,925100,WHR,107.19174194335938,0,1.0142679548251399,2.0,1.0159854591902584,3.0,0.927991969192236,31.0,0.8278323327492262,125.0,0.8037563801463461,519.0
2018-08-28 00:00:00-04:00,107.71982020896804,108.87498748049356,106.96070848905428,107.19174194335938,1398500,WHR,107.14224243164062,0,0.9965862444099194,1.0,1.009794009392157,2.0,0.9237869560929586,30.0,0.8229393881590458,124.0,0.7983309726268866,519.0
2018-08-29 00:00:00-04:00,107.10098375746324,107.71982609898512,105.78078172606467,107.14224243164062,596800,WHR,105.26911163330078,0,0.99976905430157,0.0,1.0077141068169426,2.0,0.9253992227493723,30.0,0.8233568916776595,123.0,0.7980163427576322,518.0
2018-08-30 00:00:00-04:00,107.13390715730236,107.44192659767394,104.94443871691767,105.26911163330078,617000,WHR,104.04534149169922,0,0.9911815881661055,0.0,0.9885930117794024,2.0,0.9113880246635893,30.0,0.809827829543208,122.0,0.7841282659649059,518.0
2018-08-31 00:00:00-04:00,104.87783740062116,105.25245801906016,103.3210677644188,104.04534149169922,1132800,WHR,103.22949981689452,0,0.994153436978044,0.0,0.978652416755171,1.0,0.9031881344773524,29.0,0.801277895252217,122.0,0.7750768487354993,518.0
2018-09-04 00:00:00-04:00,103.5874733364462,103.95377359406378,102.50522603972529,103.22949981689452,752300,WHR,105.5605010986328,1,0.9960639618891803,0.0,0.9796339199795188,0.0,0.8986541418377838,28.0,0.7958359707101899,122.0,0.769072284335243,517.0
2018-09-05 00:00:00-04:00,103.3460585691492,106.05167071673344,103.1545880355116,105.5605010986328,825300,WHR,105.28575897216795,0,1.0111643338834093,1.0,1.0048659211722075,1.0,0.9214557494556668,28.0,0.814584624079965,123.0,0.7864969779069292,518.0
2018-09-06 00:00:00-04:00,105.7436279127532,107.56680234333275,104.91113200102758,105.28575897216795,407100,WHR,104.6197738647461,0,0.9986969551825459,1.0,1.0058055763608074,1.0,0.9217174170533843,27.0,0.8133165566914061,122.0,0.784517446190946,517.0
2018-09-07 00:00:00-04:00,104.96942067065751,105.48557049231768,104.38667599413849,104.6197738647461,403500,WHR,105.26911163330078,1,0.9968272150885165,0.0,1.0006848404181568,1.0,0.9185707419508654,27.0,0.8090635208640263,121.0,0.7796240696303854,517.0
2018-09-10 00:00:00-04:00,105.1192621063978,105.94343768008426,104.91946485434052,105.26911163330078,475400,WHR,104.76962280273438,0,1.003093721551829,1.0,1.0045440332696662,2.0,0.9273950521105193,27.0,0.8150236992279393,121.0,0.7845371961953982,517.0
2018-09-11 00:00:00-04:00,104.77794954133424,105.72699449562064,103.83723132564774,104.76962280273438,458500,WHR,103.6540756225586,0,0.9976219203952663,1.0,0.9968474989046365,2.0,0.9258061034360868,27.0,0.8120962447084015,121.0,0.7808817719659406,517.0
2018-09-12 00:00:00-04:00,104.81124451965884,104.81124451965884,103.4459516288148,103.6540756225586,980300,WHR,104.3283920288086,1,0.9946476951104692,0.0,0.9898243284093469,1.0,0.9187404617508537,27.0,0.8043937549654258,121.0,0.7726351842937401,517.0
2018-09-13 00:00:00-04:00,104.12026804165,104.37001936681634,103.32107269313374,104.3283920288086,845200,WHR,102.57180786132812,0,1.0032421790830002,1.0,0.9980885237590003,2.0,0.9270405530426646,28.0,0.8104959358082975,122.0,0.7777318515649739,517.0
2018-09-14 00:00:00-04:00,103.33770248123749,104.63640026221306,102.0140371936619,102.57180786132812,969200,WHR,102.45526885986328,0,0.9915099928931281,1.0,0.9851439214620813,2.0,0.9138427492477538,28.0,0.7977291384749997,122.0,0.7647020973692222,517.0
2018-09-17 00:00:00-04:00,102.39699440165975,104.30341075066016,102.15556983154814,102.45526885986328,1090600,WHR,101.64775848388672,0,0.9994315921422255,0.0,0.9893722590153698,1.0,0.9150253995200717,28.0,0.7977106139009781,121.0,0.7638999575544694,516.0
2018-09-18 00:00:00-04:00,102.26380373429662,102.60513013678988,100.83191597550828,101.64775848388672,1150000,WHR,102.3720245361328,1,0.9960436139214311,0.0,0.9875285740600828,1.0,0.9102124802879696,27.0,0.7923125583719824,121.0,0.7579417802117375,516.0
2018-09-19 00:00:00-04:00,102.0972993575499,104.09529084047318,101.6810513965842,102.3720245361328,929100,WHR,102.388671875,1,1.003549979524167,1.0,0.997048690827749,2.0,0.9189409795893495,28.0,0.7988839967607179,121.0,0.7633872879795353,517.0
2018-09-20 00:00:00-04:00,103.22116779868,104.13691204444004,102.2305019684799,102.388671875,953800,WHR,103.02137756347656,1,1.0000813014370382,2.0,1.0009929457915923,2.0,0.9213983588862804,28.0,0.7999931193007348,121.0,0.7635386497865781,518.0
2018-09-21 00:00:00-04:00,102.39700557824338,103.6124489473245,102.08897977900985,103.02137756347656,2028600,WHR,101.16490173339844,0,1.0030802080531414,2.0,1.0062939641937725,3.0,0.929368712112258,28.0,0.805950341728828,121.0,0.7682872170826192,518.0
2018-09-24 00:00:00-04:00,103.021370435681,103.64574237771544,101.13992787194744,101.16490173339844,1095200,WHR,100.99839782714844,0,0.9909079305599231,1.0,0.9906575113187329,3.0,0.9152274807452416,27.0,0.792558017162807,120.0,0.7544828438908159,517.0
2018-09-25 00:00:00-04:00,101.50622081160331,101.50622081160331,100.690372071375,100.99839782714844,789700,WHR,99.36671447753906,0,0.9991763890547298,0.0,0.9902864411435384,3.0,0.9164377008077248,26.0,0.792388214112025,120.0,0.7532856901394143,516.0
2018-09-26 00:00:00-04:00,101.35637923741082,101.75598007749782,99.05036831140676,99.36671447753906,1003100,WHR,99.01707458496094,0,0.9918564498038553,0.0,0.9800637357016971,2.0,0.9046250492855813,25.0,0.7807867637796728,119.0,0.7411613084890742,516.0
2018-09-27 00:00:00-04:00,99.46662317947236,100.2824656887617,98.8339244518518,99.01707458496094,636400,WHR,98.8589096069336,0,0.9982375581481208,0.0,0.983154041939996,1.0,0.904402580145009,25.0,0.7792647163635574,118.0,0.738608239787722,515.0
2018-09-28 00:00:00-04:00,98.98378528935687,99.43333393521608,98.5259099042852,98.8589096069336,577900,WHR,98.7256851196289,0,0.9992006863355688,0.0,0.9897649403222454,0.0,0.9062589866905204,24.0,0.7792403179862495,118.0,0.7374730186184396,515.0
2018-10-01 00:00:00-04:00,99.3001093195248,99.86620678206924,98.56751521858946,98.7256851196289,806600,WHR,96.11166381835938,0,0.9993257344405364,0.0,0.9932825368987248,0.0,0.9086138889210942,23.0,0.7794396891253277,117.0,0.7365217516723203,515.0
2018-10-02 00:00:00-04:00,97.06903552011372,98.2095573641182,95.6621215528517,96.11166381835938,1200100,WHR,95.21256256103516,0,0.9865835718073669,0.0,0.9765856620855782,0.0,0.8888780833378316,22.0,0.7600993325965562,116.0,0.7170749876083411,515.0
2018-10-03 00:00:00-04:00,96.71105143613892,97.18557386597112,94.92118390205614,95.21256256103516,1244700,WHR,95.0627212524414,0,0.9953006408318552,0.0,0.9756867118746717,0.0,0.8849136954655458,22.0,0.7542539289624755,116.0,0.7104454752860445,514.0
2018-10-04 00:00:00-04:00,95.04606777546309,95.9201911250504,94.70474771469353,95.0627212524414,666800,WHR,92.83995056152344,0,0.9992125025090456,0.0,0.9821106504444431,0.0,0.8879426019893915,21.0,0.7542970837124628,116.0,0.709400030975351,514.0
2018-10-05 00:00:00-04:00,95.13764128597224,96.20323514327012,92.5652317102866,92.83995056152344,1076000,WHR,93.70574188232422,1,0.9881706275410568,0.0,0.9712255336919793,0.0,0.871971522675759,20.0,0.7378915027453794,116.0,0.6929033117583641,513.0
2018-10-08 00:00:00-04:00,92.4986252981984,93.94716646943738,91.84927947493402,93.70574188232422,864400,WHR,88.49433135986328,0,1.0046411756254376,1.0,0.9906880382302271,1.0,0.8849271090030176,20.0,0.7459460296392505,117.0,0.6994689190480713,513.0
2018-10-09 00:00:00-04:00,91.957511574407,92.4070601969977,88.29452773775138,88.49433135986328,1662000,WHR,87.3870849609375,0,0.971397319278057,1.0,0.9509071581271415,1.0,0.8407556612474446,20.0,0.7056843621202363,117.0,0.6607038543994919,512.0
2018-10-10 00:00:00-04:00,88.06140452507812,89.39339653202698,87.26220932090878,87.3870849609375,1523400,WHR,86.8709487915039,0,0.993704585611784,0.0,0.9550713395932002,1.0,0.8351300099980825,20.0,0.698095660107058,116.0,0.652584085371802,511.0
2018-10-11 00:00:00-04:00,87.64517025837863,89.29351498997765,86.66282480956382,86.8709487915039,1093500,WHR,86.4546890258789,0,0.9970380925440325,0.0,0.9667407562812238,1.0,0.8351539247394566,20.0,0.6952521202253621,115.0,0.6488751817588295,511.0
2018-10-12 00:00:00-04:00,88.01145848479783,88.18628184358995,85.62219321176079,86.4546890258789,1022200,WHR,87.72010040283203,1,0.997598394727596,0.0,0.9759786780000355,1.0,0.8364126761513256,19.0,0.6931720334731026,115.0,0.6459249023566906,510.0
2018-10-15 00:00:00-04:00,85.92190610491203,89.05209265049128,85.83033104243795,87.72010040283203,929800,WHR,90.21759796142578,1,1.0072651810351179,1.0,1.0038298088268338,1.0,0.8538223536654707,20.0,0.7045555456099087,116.0,0.6555376681996998,510.0
2018-10-16 00:00:00-04:00,88.19463233420193,90.68379371043515,87.66183537777957,90.21759796142578,1273400,WHR,90.19261932373048,0,1.0140357978188586,2.0,1.028354170120603,2.0,0.8830217271267299,21.0,0.7258427370144606,116.0,0.6743475247372083,511.0
2018-10-17 00:00:00-04:00,89.66814909691497,91.14167066737504,89.37677674868415,90.19261932373048,1263500,WHR,89.07706451416016,0,0.999861545326694,1.0,1.021535876897159,2.0,0.8851018060913688,21.0,0.726895979882081,115.0,0.6743475612645445,510.0
2018-10-18 00:00:00-04:00,89.6431620006442,90.60053359047689,88.2612157080885,89.07706451416016,1321600,WHR,88.98548889160156,0,0.9937772255426127,0.0,1.0038841529500224,2.0,0.8760760641735696,21.0,0.7192586660220932,114.0,0.6661975736683569,509.0
2018-10-19 00:00:00-04:00,89.06041682758048,90.02610879757637,88.5775676668626,88.98548889160156,1231700,WHR,88.519287109375,0,0.9994857109436709,0.0,0.9971639469885741,2.0,0.8775248079600247,20.0,0.7198791929732562,113.0,0.6657125421168865,508.0
2018-10-22 00:00:00-04:00,89.14365900995595,89.65980238284831,87.99481064796578,88.519287109375,1150100,WHR,91.34147644042967,1,0.9973735817552086,0.0,0.9901662184445751,1.0,0.8753740703440017,19.0,0.717115022165857,113.0,0.6624316890294034,507.0
2018-10-23 00:00:00-04:00,87.62021772144504,92.04077014124864,87.02914623105531,91.34147644042967,1818800,WHR,86.80435180664062,0,1.0156909671423315,1.0,1.0191723731010018,1.0,0.9054007020175168,19.0,0.7409076724675824,114.0,0.6837527473959056,507.0
2018-10-24 00:00:00-04:00,90.75038726881192,92.66512418474296,86.2965351093808,86.80435180664062,2222000,WHR,92.69010162353516,1,0.9745314011648001,1.0,0.9759270437146372,1.0,0.8634758606311257,18.0,0.7051052005454547,113.0,0.6500032205341757,506.0
2018-10-25 00:00:00-04:00,91.4330372361352,94.05540090733504,89.55159449707774,92.69010162353516,2837700,WHR,87.0207748413086,0,1.0327907058096595,1.0,1.0337016069435856,2.0,0.9243775681578241,19.0,0.7538391752747055,114.0,0.694275022912925,506.0
2018-10-26 00:00:00-04:00,90.55888157999163,90.9085282509987,85.02278388329407,87.0207748413086,2501400,WHR,86.7877197265625,0,0.9684530680961003,1.0,0.9747474823438554,2.0,0.8710336915531142,18.0,0.7087367173810897,113.0,0.652031667425123,505.0
2018-10-29 00:00:00-04:00,88.56926089916512,89.8013579402771,85.93857648646195,86.7877197265625,1520200,WHR,92.63182830810548,1,0.9986591270160556,0.0,0.9759227256269231,2.0,0.8722547184921741,17.0,0.707892118006892,112.0,0.6505112019650018,504.0
2018-10-30 00:00:00-04:00,87.07908144155274,92.973154721155,86.7294346414341,92.63182830810548,1417400,WHR,91.37474822998048,0,1.0325723068949755,1.0,1.038625301612606,2.0,0.9336185602410648,18.0,0.7565532594344025,112.0,0.6945180532980808,505.0
2018-10-31 00:00:00-04:00,93.6724322521186,93.9388306757624,91.00844801568044,91.37474822998048,1114600,WHR,94.99612426757812,1,0.9931682872331207,1.0,1.014136504541834,2.0,0.9236883761236833,18.0,0.747279294984212,112.0,0.685304231452634,504.0
2018-11-01 00:00:00-04:00,92.3404598497636,95.99511698168024,91.374767739657,94.99612426757812,1204200,WHR,96.17825317382812,1,1.0194310193919658,1.0,1.048959535874698,2.0,0.9625160015339137,19.0,0.7778476711280338,112.0,0.7126655803566678,504.0
2018-11-02 00:00:00-04:00,96.16992643617716,98.00974801921232,95.17926060466571,96.17825317382812,1148700,WHR,96.70272827148438,1,1.0061835112114452,2.0,1.0409607690739788,3.0,0.9764306149700499,20.0,0.7884537427993256,113.0,0.7217314683517985,505.0
2018-11-05 00:00:00-05:00,96.4696240807104,97.14395008900128,95.63712816797972,96.70272827148438,824300,WHR,96.50292205810548,0,1.0027191643972682,2.0,1.024645817484021,4.0,0.9831446165118612,21.0,0.7936553379608784,114.0,0.7258550077818334,506.0
2018-11-06 00:00:00-05:00,96.26149748779856,97.5851692558344,95.8202756822665,96.50292205810548,604800,WHR,97.4936065673828,1,0.9989658365941264,1.0,1.014208652504493,3.0,0.9821615701777071,21.0,0.7929273460286925,113.0,0.7245532645840241,505.0
2018-11-07 00:00:00-05:00,97.26882909173064,97.51858043102408,95.56221611136016,97.4936065673828,824900,WHR,97.6351318359375,1,1.0051067125597377,1.0,1.0116096795920704,4.0,0.9931051781754217,22.0,0.8019639719985563,114.0,0.732193077770117,505.0
2018-11-08 00:00:00-05:00,96.66111302060864,98.3177783156689,95.76201579810174,97.6351318359375,698700,WHR,96.86922454833984,0,1.0007252917725638,2.0,1.007560209901921,4.0,0.9954130197452581,22.0,0.8040094830591773,115.0,0.7334715663607434,505.0
2018-11-09 00:00:00-05:00,96.83592394978336,98.0929945516717,95.95348031807563,96.86922454833984,673200,WHR,96.04505920410156,0,0.9960622615254721,1.0,0.9982327202104867,3.0,0.9890271750150392,21.0,0.7985908026164947,115.0,0.7279450450672448,504.0
2018-11-12 00:00:00-05:00,96.21155585207993,97.36872470441752,95.48728209535004,96.04505920410156,801900,WHR,97.36040496826172,1,0.9957278158557927,0.0,0.9910830990436434,2.0,0.9821071708485158,21.0,0.7926866224236082,115.0,0.7219882574078271,503.0
2018-11-13 00:00:00-05:00,96.02841263432458,98.4926000399684,95.85358923594288,97.36040496826172,835800,WHR,94.8545913696289,0,1.006800975193689,1.0,1.0028813099354732,3.0,0.9969696849116266,21.0,0.8044242830201578,115.0,0.732113254164849,503.0
2018-11-14 00:00:00-05:00,97.31877864008746,98.50092137463932,94.45499051564964,94.8545913696289,1180900,WHR,95.25827026367188,1,0.9869634854388369,1.0,0.9824107683409318,2.0,0.9734228107838012,20.0,0.7846973151017235,114.0,0.7135146698128955,503.0
2018-11-15 00:00:00-05:00,93.7529143064548,96.32632370948708,92.60076373027772,95.25827026367188,1187400,WHR,98.47923278808594,1,1.0021233644613776,1.0,0.9914731365693678,2.0,0.9794138654874439,21.0,0.7890633618724154,114.0,0.7167900441997842,504.0
2018-11-16 00:00:00-05:00,95.33395417961096,99.04269057209042,95.33395417961096,98.47923278808594,1120700,WHR,99.74070739746094,1,1.0166253950509188,2.0,1.0215739792894762,3.0,1.0135696086546315,22.0,0.8167162701180253,115.0,0.7412670747184272,504.0
2018-11-19 00:00:00-05:00,97.97464216949103,100.5732798133526,97.97464216949103,99.74070739746094,1108400,WHR,99.8836669921875,1,1.0063640146808348,2.0,1.026787136444134,4.0,1.0274604677243415,22.0,0.8282128589041204,115.0,0.7509956274720042,505.0
2018-11-20 00:00:00-05:00,98.29420774333012,101.25447502041176,97.78961862588628,99.8836669921875,1001200,WHR,101.14514923095705,1,1.000716142981856,2.0,1.0229444659603197,4.0,1.0303558490049993,22.0,0.8303845695355055,116.0,0.7523022495453935,506.0
2018-11-21 00:00:00-05:00,100.2957599570923,102.44867707958376,99.3790840029008,101.14514923095705,1153500,WHR,101.79270935058594,1,1.0062751314088687,2.0,1.0226866735502527,5.0,1.0444545231424986,23.0,0.841862903703152,116.0,0.7620495173304483,506.0
2018-11-23 00:00:00-05:00,100.66578739636616,102.48231600930583,100.66578739636616,101.79270935058594,371500,WHR,105.02208709716795,1,1.0031909281203375,2.0,1.01581122828157,5.0,1.0521100767469806,24.0,0.8481692534537122,117.0,0.7671673668016801,507.0
2018-11-26 00:00:00-05:00,102.60005531433345,105.56872801937762,102.10387779873646,105.02208709716795,1301400,WHR,105.3416519165039,1,1.0156148293161307,2.0,1.0345284807362056,5.0,1.0855345037999884,25.0,0.8759896719683953,117.0,0.7917358199667052,507.0
2018-11-27 00:00:00-05:00,104.3324673215832,105.5182577769704,103.64286073567663,105.3416519165039,938500,WHR,106.14899444580078,1,1.001519106005789,2.0,1.0263510976021293,5.0,1.088594504450169,26.0,0.8795987691075873,117.0,0.7943636965507928,508.0
2018-11-28 00:00:00-05:00,103.71855136076428,106.32560030410951,102.10386372805732,106.14899444580078,1324100,WHR,106.30037689208984,1,1.0038173911857728,2.0,1.0217429344793132,5.0,1.096386237700019,27.0,0.8872588415361182,118.0,0.8006712655832973,508.0
2018-11-29 00:00:00-05:00,105.68645576046198,107.10772074702336,105.50984989371388,106.30037689208984,892900,WHR,106.07332611083984,0,1.0007125577512221,2.0,1.0131452311417668,5.0,1.097810004640695,27.0,0.8894148125348024,119.0,0.8020129951056884,509.0
2018-11-30 00:00:00-05:00,106.30039541923384,106.47700131676264,105.05573608248832,106.07332611083984,744700,WHR,106.40970611572266,1,0.9989308903219206,1.0,1.0027986992854223,4.0,1.0953166727871047,27.0,0.888464892936338,118.0,0.8005063696339015,508.0
2018-12-03 00:00:00-05:00,107.7636908896613,107.8982514114882,104.8202468447858,106.40970611572266,731800,WHR,101.7674789428711,0,1.0015830911360684,1.0,1.0033463358791839,4.0,1.0984517676110008,28.0,0.892214778906711,119.0,0.803232471321229,509.0
2018-12-04 00:00:00-05:00,105.69487281058096,106.5779086057495,101.35539214981968,101.7674789428711,1100200,WHR,102.22161865234376,1,0.9777005959056226,1.0,0.966086022825873,3.0,1.0511640092732835,27.0,0.8543175335392428,119.0,0.7684090391927313,508.0
2018-12-06 00:00:00-05:00,100.7667133542794,102.3309442741546,98.89131601143568,102.22161865234376,907400,WHR,101.22923278808594,0,1.0022262940266242,1.0,0.9776874007291039,3.0,1.0563181984503816,28.0,0.8591828193182308,119.0,0.7720153105153227,509.0
2018-12-07 00:00:00-05:00,102.36455975229708,103.30645759937104,100.83396933460402,101.22923278808594,539500,WHR,98.09236907958984,0,0.9951222329263715,1.0,0.9776797986175255,2.0,1.0465003138853874,28.0,0.8518969573825071,119.0,0.7647654605031354,508.0
2018-12-10 00:00:00-05:00,100.9180757128454,101.56563054220882,95.2666624463343,98.09236907958984,1188000,WHR,97.07479095458984,0,0.9842622993237904,0.0,0.9622174039534428,2.0,1.0151623995467713,27.0,0.82656959692164,119.0,0.7413290385312192,507.0
2018-12-11 00:00:00-05:00,99.32021686998668,99.6734286376717,96.21699003075484,97.07479095458984,827600,WHR,98.706298828125,1,0.9947861201401824,0.0,0.970000058091199,1.0,1.0055848804099383,27.0,0.8190552070925703,119.0,0.7339004333554747,507.0
2018-12-12 00:00:00-05:00,98.12601778884928,99.94253997410522,96.97386734721172,98.706298828125,917700,WHR,98.55492401123048,0,1.0083333271632406,1.0,0.9923735556787872,2.0,1.0231476877760497,28.0,0.8338677962633745,119.0,0.7464943661057105,507.0
2018-12-13 00:00:00-05:00,98.90813577642312,99.72389134093892,97.93259118737768,98.55492401123048,836900,WHR,95.19939422607422,0,0.9992326174667497,1.0,0.9982113197944182,1.0,1.0221247390286046,28.0,0.8335696533146023,119.0,0.7456132709778484,506.0
2018-12-14 00:00:00-05:00,96.822493738991,98.3951362608552,94.77890219077142,95.19939422607422,1151600,WHR,93.74449157714844,0,0.9826815225813625,0.0,0.9761481881971166,1.0,0.9885497511158474,27.0,0.8062426634112866,118.0,0.7205004481602316,505.0
2018-12-17 00:00:00-05:00,94.43409823044446,97.1757079860258,93.01283315554694,93.74449157714844,1097900,WHR,94.82096862792967,1,0.9922998161981225,0.0,0.9698778249963221,1.0,0.9749005226460424,26.0,0.7950198586808866,117.0,0.7097717232588215,504.0
2018-12-18 00:00:00-05:00,94.68640807604298,96.32633111711093,93.78655523795145,94.82096862792967,743000,WHR,92.60916900634766,0,1.005708771105856,1.0,0.9856115199198083,2.0,0.9874989739684837,26.0,0.8052506200903411,117.0,0.7182045733178423,504.0
2018-12-19 00:00:00-05:00,94.93869207996303,97.24298665782293,92.138213559514,92.60916900634766,783100,WHR,91.80181884765624,0,0.9881993384335138,1.0,0.9749791995606353,1.0,0.9658989122239116,26.0,0.7875786871528769,117.0,0.701742099152216,503.0
2018-12-20 00:00:00-05:00,92.57552260738788,94.5350169169638,90.1450792990534,91.80181884765624,889800,WHR,88.24445343017578,0,0.9956220062151035,0.0,0.9804202882358637,1.0,0.959011499847044,26.0,0.7819415548693687,116.0,0.6959171329081659,502.0
2018-12-21 00:00:00-05:00,92.05411001223813,94.10611307317367,87.55484679077597,88.24445343017578,1325200,WHR,85.54490661621094,0,0.98024193796142,0.0,0.9566397917488033,1.0,0.9236379467483781,26.0,0.752960560502831,115.0,0.6692468320746287,502.0
2018-12-24 00:00:00-05:00,87.47076104128887,88.17718462977176,84.40957932546361,85.54490661621094,506600,WHR,89.15272521972656,1,0.9844665587510979,0.0,0.9441598385675871,1.0,0.8974915666925506,26.0,0.7312465536112177,115.0,0.6490598367128892,502.0
2018-12-26 00:00:00-05:00,86.1251837775303,89.18636535328646,83.59381986889368,89.15272521972656,943700,WHR,89.73298645019531,1,1.020651788839953,1.0,0.9964469965291652,1.0,0.936933041122264,27.0,0.7633715108695365,116.0,0.6767077608350942,503.0
2018-12-27 00:00:00-05:00,87.89964115084493,89.7498097225573,86.20926800177759,89.73298645019531,765700,WHR,90.2123565673828,1,1.003243753931222,2.0,1.0094224059246315,2.0,0.9445189099241712,28.0,0.769635048734371,116.0,0.6814026622717428,503.0
2018-12-28 00:00:00-05:00,90.26281997359231,91.97842821213548,89.49752140537296,90.2123565673828,877700,WHR,89.87596893310547,0,1.0026639762338314,2.0,1.0184569577531257,3.0,0.95054844870135,29.0,0.7749961821505998,117.0,0.6853522091310643,503.0
2018-12-31 00:00:00-05:00,90.78422684291868,91.29722763356276,87.53802785328854,89.87596893310547,816700,WHR,90.75899505615234,1,0.9981320963846908,1.0,1.010935193981833,3.0,0.9478923454786227,29.0,0.7733501902522046,117.0,0.6831084576733027,502.0
2019-01-02 00:00:00-05:00,87.63894507209966,92.04569959657258,87.30255017656913,90.75899505615234,726100,WHR,90.45623779296876,0,1.0048884562741651,1.0,1.009031898400011,4.0,0.9579300060259751,30.0,0.7822032681980258,117.0,0.6901373974376617,502.0
2019-01-03 00:00:00-05:00,90.1114376863192,91.48223930870437,88.8247331814438,90.45623779296876,694500,WHR,94.87982177734376,1,0.9983292946270381,1.0,1.0027595195542116,3.0,0.9551350154630313,30.0,0.7808564869901412,117.0,0.6881471386100154,502.0
2019-01-04 00:00:00-05:00,92.05411481098795,95.56942845269252,92.05411481098795,94.87982177734376,792500,WHR,97.64665985107422,1,1.0238679078136803,1.0,1.039930715482656,3.0,1.0016370520610989,30.0,0.8202379552672734,118.0,0.722108551269992,502.0
2019-01-07 00:00:00-05:00,95.5694281934918,99.2613477085556,94.16498635129288,97.64665985107422,757300,WHR,99.84163665771484,1,1.0143712077960816,2.0,1.0530946439826014,3.0,1.0291889511253007,31.0,0.8453235779414137,118.0,0.7434547995377925,503.0
2019-01-08 00:00:00-05:00,98.63061746075722,100.1948484514276,97.95783400838052,99.84163665771484,742500,WHR,102.171142578125,1,1.0111144652389208,2.0,1.0541083889285667,4.0,1.050026567918191,32.0,0.8654387047952717,119.0,0.7604698820548346,503.0
2019-01-09 00:00:00-05:00,100.03504248550738,103.02053819981828,99.68183075156708,102.171142578125,791700,WHR,103.02896118164062,1,1.0115314780046196,2.0,1.0533205242213501,4.0,1.0716517887958312,33.0,0.8866475300299718,120.0,0.7784994780552993,504.0
2019-01-10 00:00:00-05:00,101.6581530282751,103.37376131716124,100.95172948260397,103.02896118164062,719400,WHR,103.5167236328125,1,1.0041804004374184,2.0,1.0353249727043126,5.0,1.0775272401961482,34.0,0.8951637164475106,120.0,0.7853184673987238,505.0
2019-01-11 00:00:00-05:00,102.17956207311278,104.00449592169127,101.73384155321288,103.5167236328125,536500,WHR,104.22315216064452,1,1.0023615233192116,2.0,1.022478030595582,5.0,1.0796556878642118,34.0,0.9005608269845352,120.0,0.7893271183430564,505.0
2019-01-14 00:00:00-05:00,103.06259649720486,105.0220844308372,102.465492183542,104.22315216064452,886700,WHR,104.15586853027344,0,1.003400543709453,2.0,1.0162528147047627,5.0,1.0843835583548387,34.0,0.907756506526671,121.0,0.7950079893119444,505.0
2019-01-15 00:00:00-05:00,104.0297196453217,105.0725444391371,102.80188375860244,104.15586853027344,606600,WHR,103.5924072265625,0,0.9996771093839101,1.0,1.0071234270813103,4.0,1.0810658927107666,34.0,0.9082869951515088,120.0,0.7947993748037963,504.0
2019-01-16 00:00:00-05:00,104.37452258697743,104.82865470749567,103.18873209181343,103.5924072265625,466800,WHR,105.56031799316406,1,0.9972877690481029,0.0,0.9989294922279488,3.0,1.0725244590289367,34.0,0.9044018205956319,120.0,0.7908007766680488,504.0
2019-01-17 00:00:00-05:00,102.67574236685483,106.1994676850184,102.41503935747448,105.56031799316406,451800,WHR,106.8554229736328,1,1.0094089654559086,1.0,1.0129606376701967,3.0,1.0897819963080713,35.0,0.9225730363133513,120.0,0.8061161430078347,505.0
2019-01-18 00:00:00-05:00,106.46015947448788,107.62913311536695,105.46780453273487,106.8554229736328,779300,WHR,106.14899444580078,0,1.006097029224737,2.0,1.0188600075873886,3.0,1.0996829125171448,36.0,0.9348310669932821,121.0,0.816306830539388,505.0
2019-01-22 00:00:00-05:00,106.99839002583656,106.99839002583656,105.03889589628996,106.14899444580078,933800,WHR,100.77510833740234,0,0.9966835029226602,1.0,1.008420770464562,2.0,1.089645336803847,35.0,0.9297498595308094,120.0,0.8111903873929444,505.0
2019-01-23 00:00:00-05:00,105.56871428920586,106.39288138389756,99.81638714704164,100.77510833740234,1266100,WHR,103.35694122314452,1,0.9740296754408126,0.0,0.9635579766710451,2.0,1.0320143424796016,35.0,0.8840693274310656,119.0,0.7704301618202166,504.0
2019-01-24 00:00:00-05:00,101.16197233520946,103.7101529849228,100.9601379593646,103.35694122314452,876100,WHR,105.1818618774414,1,1.0126478565776433,1.0,0.9886892764076869,3.0,1.0565307592371866,35.0,0.9081724923378977,119.0,0.7904676210987512,505.0
2019-01-25 00:00:00-05:00,104.87910714356288,106.21627495422608,104.30723780359216,105.1818618774414,669600,WHR,104.66888427734376,0,1.008750988435551,2.0,1.0068750804469,3.0,1.0718689225247642,36.0,0.9257084662281871,119.0,0.8047827136081968,505.0
2019-01-28 00:00:00-05:00,103.55878547997904,106.12378964853372,103.21398532235352,104.66888427734376,1265800,WHR,114.7859115600586,1,0.9975555121461457,1.0,1.0061765715658155,2.0,1.0634117742230977,36.0,0.9226169505640847,119.0,0.8012011636887254,505.0
2019-01-29 00:00:00-05:00,99.18565568751758,115.47551177190032,98.20169952451693,114.7859115600586,7414900,WHR,111.13603973388672,0,1.046100734523071,1.0,1.0854075702732195,3.0,1.1618399863719582,36.0,1.0129859417041625,120.0,0.8789510394871003,506.0
2019-01-30 00:00:00-05:00,113.2637284047078,113.27214645814408,108.3439792939233,111.13603973388672,2201400,WHR,111.85928344726562,1,0.9838445454048728,1.0,1.0306986646817087,3.0,1.1211591476911864,36.0,0.9820401691391673,120.0,0.8513008386980203,506.0
2019-01-31 00:00:00-05:00,111.12763143290356,113.448742782451,110.42120791335412,111.85928344726562,1492500,WHR,111.84246826171876,0,1.003243313371157,1.0,1.0212997720134012,3.0,1.125264881474278,36.0,0.9897120547005757,120.0,0.8571452063732269,506.0
2019-02-01 00:00:00-05:00,112.33864574851836,113.84400148221135,110.2950479285914,111.84246826171876,1027500,WHR,113.95333862304688,1,0.9999248321239401,1.0,1.008875734839717,2.0,1.1221486562272263,35.0,0.9907214839442261,120.0,0.8573194670427986,506.0
2019-02-04 00:00:00-05:00,111.90975354382309,114.12153286634296,111.67426620433072,113.95333862304688,763200,WHR,113.92809295654295,0,1.0093485808724756,1.0,1.0109827956642805,3.0,1.1400390028174765,35.0,1.0103469251026185,121.0,0.8738219295085987,506.0
2019-02-05 00:00:00-05:00,113.76830395815628,115.69416432595898,113.0366520522764,113.92809295654295,822100,WHR,112.95256805419922,0,0.999889215780641,1.0,1.0122996362610088,2.0,1.1364843971818241,35.0,1.0111088134592037,120.0,0.8739513472092433,505.0
2019-02-06 00:00:00-05:00,113.45716362766512,114.37383318147631,112.87688256789887,112.95256805419922,607500,WHR,112.7675323486328,0,0.9957002730069727,0.0,1.0004022578334189,2.0,1.1238645717436406,34.0,1.0033985974859152,120.0,0.8667964029047316,504.0
2019-02-07 00:00:00-05:00,112.9693731119514,113.86081402658148,111.64061695966258,112.7675323486328,544700,WHR,112.09474182128906,0,0.9991802426756137,0.0,0.9971591554596334,1.0,1.1192149012271602,33.0,1.00251863059482,120.0,0.8657009145558854,504.0
2019-02-08 00:00:00-05:00,112.61616058130367,112.98619556183138,110.57256296880624,112.09474182128906,541200,WHR,111.77522277832033,0,0.9970079884239037,0.0,0.9907678997739381,1.0,1.109742532581438,33.0,0.9973811796299791,119.0,0.8608621148871498,504.0
2019-02-11 00:00:00-05:00,112.32185742268308,112.54892676941292,110.73239766037725,111.77522277832033,705900,WHR,114.74385833740234,1,0.9985727471590922,0.0,0.9917623877743428,0.0,1.1037146032757856,33.0,0.9955088665900454,118.0,0.8587405428917324,503.0
2019-02-12 00:00:00-05:00,112.52366110377405,115.76985983795151,112.11999237922272,114.74385833740234,819900,WHR,116.01374816894533,1,1.0131054547125125,1.0,1.0166308774982433,1.0,1.1297959500060109,33.0,1.0228131528380893,119.0,0.8818686818281651,504.0
2019-02-13 00:00:00-05:00,114.97934137126242,116.45106347192927,114.55884934250048,116.01374816894533,694900,WHR,115.69417572021484,0,1.0055031331394402,2.0,1.0223365293654691,2.0,1.1383469084032067,34.0,1.0349921874998789,119.0,0.8919501561144529,504.0
2019-02-14 00:00:00-05:00,115.475511666194,117.02291915552247,114.71021314191611,115.69417572021484,759200,WHR,117.19954681396484,1,0.9986207962016727,1.0,1.0142886569208558,2.0,1.131429957626503,33.0,1.0331774528293711,118.0,0.8898195312008231,503.0
2019-02-15 00:00:00-05:00,116.52675695528828,118.53670847743,115.68577284004238,117.19954681396484,897000,WHR,119.04129028320312,1,1.0064637684406847,1.0,1.0183710366119922,3.0,1.1426651589962866,33.0,1.04749314242978,119.0,0.9017107909872997,504.0
2019-02-19 00:00:00-05:00,116.45105796855376,119.5963428147132,116.0389711801785,119.04129028320312,658100,WHR,120.00837707519533,1,1.0077960419200545,2.0,1.0214758719731316,4.0,1.1569930473203176,33.0,1.0646412823797284,120.0,0.9161816426218498,505.0
2019-02-20 00:00:00-05:00,119.0580741754689,121.47169340177015,118.41891832063706,120.00837707519533,752100,WHR,120.0925521850586,1,1.004045547532774,2.0,1.0205537896083654,4.0,1.1626023830543015,33.0,1.0738777753531814,121.0,0.923937815420513,505.0
2019-02-21 00:00:00-05:00,119.27679644467084,121.32880004595958,118.7553903216028,120.0925521850586,601100,WHR,122.4304428100586,1,1.000350582191092,2.0,1.0142336271309542,4.0,1.1598694881118365,33.0,1.0752848247081506,121.0,0.924895976042608,506.0
2019-02-22 00:00:00-05:00,120.85780695781013,122.53135677590232,120.26910793733109,122.4304428100586,650300,WHR,121.66514587402344,0,1.0096398719842918,2.0,1.0223457346182045,5.0,1.178534012250197,33.0,1.0968879618576928,121.0,0.9431841429996378,507.0
2019-02-25 00:00:00-05:00,122.90979852048088,123.45644578457666,121.53058536294787,121.66514587402344,789300,WHR,120.4961929321289,0,0.9968647653971918,1.0,1.008434353870371,4.0,1.1680482913501402,32.0,1.0906215439669973,121.0,0.9375714969712133,507.0
2019-02-26 00:00:00-05:00,121.10170247107614,122.36317853848315,120.05887763568964,120.4961929321289,632800,WHR,120.21024322509766,0,0.9951728341623092,0.0,0.9963423633590448,3.0,1.1540273873236975,31.0,1.0806833748526683,121.0,0.9288118245941253,507.0
2019-02-27 00:00:00-05:00,120.69801543715332,121.71559879122422,118.67964633564064,120.21024322509766,640200,WHR,119.97283935546876,0,0.9988120396296987,0.0,0.9936462301914283,2.0,1.148710507166505,30.0,1.0785810916480545,121.0,0.9268701487043292,506.0
2019-02-28 00:00:00-05:00,119.95589257560005,120.42217481498012,117.9974528370164,119.97283935546876,929700,WHR,119.80331420898438,0,0.9990115712269233,0.0,0.9918801727549382,1.0,1.1439509223859727,29.0,1.0768978733476944,121.0,0.9252863289141375,506.0
2019-03-01 00:00:00-05:00,120.52395358382276,120.99872228120846,119.15898711060044,119.80331420898438,517100,WHR,121.19371032714844,1,0.9992929857954419,0.0,0.9948000061020181,0.0,1.1398474042631128,29.0,1.0757685774187669,121.0,0.9241945378056774,506.0
2019-03-04 00:00:00-05:00,120.10852106804424,121.23610316030395,119.73548483463786,121.19371032714844,662300,WHR,120.31198120117188,0,1.005769349728862,1.0,1.007133821934761,1.0,1.1503792134765518,29.0,1.088594187665292,122.0,0.9351442956368362,506.0
2019-03-05 00:00:00-05:00,121.23608532018726,121.89737202337942,120.2017624384817,120.31198120117188,575000,WHR,117.76854705810548,0,0.9963490337623238,1.0,1.0001127490939705,1.0,1.1386691942808198,29.0,1.0811372632720373,121.0,0.9285591096987786,506.0
2019-03-06 00:00:00-05:00,119.91349178808568,120.52391217111672,117.59050238952462,117.76854705810548,594000,WHR,116.5392608642578,0,0.9893169165842219,0.0,0.9829602701306962,1.0,1.1118706662831823,28.0,1.0587441577115566,121.0,0.9091664717854995,505.0
2019-03-07 00:00:00-05:00,117.6329234333184,118.27725046490308,116.0814389989019,116.5392608642578,590400,WHR,116.61555480957033,1,0.9947535414856725,0.0,0.9783073461963052,1.0,1.0976205430035901,28.0,1.0482027998781513,120.0,0.8999107091434839,505.0
2019-03-08 00:00:00-05:00,116.2255589028922,116.98859099774728,115.05559705580748,116.61555480957033,420100,WHR,115.81017303466795,0,1.000327224402773,1.0,0.9842153585392956,2.0,1.0951547711767744,29.0,1.0495603477358944,120.0,0.9007444126916249,505.0
2019-03-11 00:00:00-04:00,116.4375404816503,118.07381092728625,115.46256986532586,115.81017303466795,541900,WHR,119.54898071289062,1,0.9965348854347049,1.0,0.9863815469782856,1.0,1.0844113261208892,29.0,1.042986493948343,120.0,0.8947469662926053,505.0
2019-03-12 00:00:00-04:00,116.55623003973014,119.74398518093888,116.1916800921648,119.54898071289062,985800,WHR,119.62525939941406,1,1.0158855418142472,1.0,1.0195509618021534,2.0,1.115791006124217,29.0,1.0771916612876322,121.0,0.9238576667394591,505.0
2019-03-13 00:00:00-04:00,119.98133585394308,122.22801334197408,119.27765633553778,119.62525939941406,1256200,WHR,118.75203704833984,0,1.000318925175586,2.0,1.0169807890493774,3.0,1.1128554355902962,30.0,1.07832751652397,122.0,0.9246672879019746,506.0
2019-03-14 00:00:00-04:00,119.80330683167924,120.37982088334444,118.24334894019266,118.75203704833984,726000,WHR,112.91064453125,0,0.9963368057105824,1.0,1.0057731323141492,3.0,1.100712425655013,30.0,1.0709468761346312,121.0,0.9181483456439992,505.0
2019-03-15 00:00:00-04:00,117.5481381292552,118.09073271972592,111.49481197387284,112.91064453125,2006200,WHR,113.02085876464844,1,0.974784922296244,0.0,0.9623387343619072,2.0,1.043478983117558,30.0,1.018929164585666,121.0,0.8732223067950226,505.0
2019-03-18 00:00:00-04:00,112.8343406688679,115.32688891568525,112.75804133963264,113.02085876464844,957700,WHR,112.0882797241211,0,1.0004878214493802,1.0,0.967880043289589,3.0,1.0415777098501582,30.0,1.0205282304664145,122.0,0.8743219288576108,505.0
2019-03-19 00:00:00-04:00,113.86866206485594,115.22515493667991,111.7491500379277,112.0882797241211,869800,WHR,110.63854217529295,0,0.9958572137640078,1.0,0.9723182482779044,2.0,1.0299018564039084,30.0,1.012719594630099,122.0,0.8673717165454697,504.0
2019-03-20 00:00:00-04:00,111.88481644390978,112.86827325688895,110.1298540481723,110.63854217529295,893500,WHR,113.61431884765624,1,0.9934909610954585,0.0,0.9749429120205557,1.0,1.013657194990267,30.0,1.0003076250411904,121.0,0.856436584679541,503.0
2019-03-21 00:00:00-04:00,110.8335200833376,113.97888164586456,110.8335200833376,113.61431884765624,1534700,WHR,109.40074157714844,0,1.0132697378253683,1.0,1.0103134133533789,2.0,1.0369040159685698,31.0,1.0277233805952448,122.0,0.8797478349100306,503.0
2019-03-22 00:00:00-04:00,113.08022477486809,113.42781496159272,109.299009126056,109.40074157714844,964000,WHR,109.42619323730467,1,0.9811063106568602,1.0,0.9789552303000554,2.0,0.9948387411571796,31.0,0.99016851930064,122.0,0.8474113417914795,503.0
2019-03-25 00:00:00-04:00,109.07010376726944,111.09635711977576,108.89207196872898,109.42619323730467,953600,WHR,111.02005767822266,1,1.0001163095401295,1.0,0.9855231060127677,2.0,0.9920220771047336,31.0,0.9909825310804321,122.0,0.8478939535922524,504.0
2019-03-26 00:00:00-04:00,110.33333772579806,111.3676608189364,109.9263949644496,111.02005767822266,816100,WHR,111.72373962402344,1,1.0072301725899104,2.0,1.0018055136978306,3.0,1.0032447341545592,31.0,1.0059324664769245,123.0,0.8605265304674707,504.0
2019-03-27 00:00:00-04:00,112.02047654266228,112.41894591958764,110.78267557544108,111.72373962402344,612000,WHR,111.95263671875,1,1.0031591539442328,2.0,1.0061846895009106,4.0,1.0063432487009512,31.0,1.0127529445962338,124.0,0.8662436670500683,505.0
2019-03-28 00:00:00-04:00,111.73219917114211,112.630883208394,111.18960456672208,111.95263671875,347700,WHR,112.66477966308594,1,1.0010233404996502,2.0,1.011272902120517,4.0,1.0050739735779093,32.0,1.015323799373561,124.0,0.868272228955752,506.0
2019-03-29 00:00:00-04:00,112.5630472264792,113.51258446540774,111.46089839616592,112.66477966308594,645200,WHR,114.00433349609376,1,1.003170470731109,2.0,1.0117396537938685,5.0,1.008162887663853,32.0,1.022175019647516,125.0,0.8740462631401426,506.0
2019-04-01 00:00:00-04:00,113.30912722249494,114.11455228007333,112.12220545839573,114.00433349609376,572200,WHR,114.10603332519533,1,1.0059097325362858,2.0,1.015419756954758,5.0,1.016579506254974,33.0,1.0346993875634765,125.0,0.8846806623585772,507.0
2019-04-02 00:00:00-04:00,113.95343468621904,114.58080189508595,113.09714364594106,114.10603332519533,563700,WHR,112.56304931640624,0,1.0004458360683854,2.0,1.010769115775226,5.0,1.0145873416161197,33.0,1.0360015699554608,125.0,0.8857026594933006,508.0
2019-04-03 00:00:00-04:00,114.33495828140344,114.3942978917009,112.09675407917676,112.56304931640624,785400,WHR,114.00433349609376,1,0.993192790164379,1.0,0.9956206862112618,4.0,0.9986601637215566,32.0,1.0224547273518088,124.0,0.87397578523581,507.0
2019-04-04 00:00:00-04:00,112.51220143030088,114.00433349609376,112.249371027236,114.00433349609376,610100,WHR,115.39473724365234,1,1.0063613930734252,1.0,1.004722258680156,4.0,1.0093335084891368,32.0,1.0358347601106408,125.0,0.8854052264836437,508.0
2019-04-05 00:00:00-04:00,114.16542260037713,115.87797935904636,113.70760066318547,115.39473724365234,614700,WHR,116.88687133789062,1,1.0060610696594148,2.0,1.012105827766959,4.0,1.0196538075067465,32.0,1.0486527862191275,126.0,0.8964167610833647,509.0
2019-04-08 00:00:00-04:00,115.55582421340638,116.98861673480648,114.41128228756624,116.88687133789062,569000,WHR,114.26714324951172,0,1.0064238150551401,2.0,1.0200353107573148,4.0,1.030735053350243,32.0,1.0624382158133232,126.0,0.9082040367579212,510.0
2019-04-09 00:00:00-04:00,116.66643266600028,116.66643266600028,113.95345957656174,114.26714324951172,553200,WHR,116.17469787597656,1,0.9886667419856195,1.0,0.9968934422041644,3.0,1.006044150536517,31.0,1.0389183966176894,126.0,0.8880863084771196,509.0
2019-04-10 00:00:00-04:00,114.81820493770375,116.40360880831112,114.23323045625496,116.17469787597656,568200,WHR,118.4552993774414,1,1.0082778136867343,1.0,1.0071883240195794,4.0,1.0210481995087604,31.0,1.056488875683654,126.0,0.9031352458874669,510.0
2019-04-11 00:00:00-04:00,116.28492094515286,119.02332709710474,115.69146011389832,118.4552993774414,582100,WHR,118.5909423828125,1,1.0097199911697634,2.0,1.0190952401825026,4.0,1.0389160667683561,32.0,1.0773565867869093,127.0,0.9210640374695991,511.0
2019-04-12 00:00:00-04:00,118.26877241148202,119.226795997928,117.38706109057082,118.5909423828125,865300,WHR,115.61515808105467,0,1.000572221708152,2.0,1.0146819394438769,4.0,1.0378303691202262,33.0,1.0788732539657486,127.0,0.9223129667586737,512.0
2019-04-15 00:00:00-04:00,118.6842208284276,118.87921234671978,115.3184341073887,115.61515808105467,1141100,WHR,116.44601440429688,1,0.9872941640039947,1.0,0.9913781124708073,3.0,1.0103065794878898,32.0,1.0521899984289322,127.0,0.8994094894478559,511.0
2019-04-16 00:00:00-04:00,114.7080116792447,116.64100591949024,114.65714545236617,116.44601440429688,749100,WHR,116.04753875732422,0,1.0035803332127637,1.0,0.9947853521628496,4.0,1.0161476931708542,32.0,1.0601488377282529,127.0,0.90611618701828,511.0
2019-04-17 00:00:00-04:00,116.47991459884128,117.90423355665088,115.2082072498752,116.04753875732422,562600,WHR,117.89571380615234,1,0.9982860787253931,1.0,0.9915966545424012,3.0,1.0112146788971308,32.0,1.0568472261842168,127.0,0.9031849696975489,511.0
2019-04-18 00:00:00-04:00,115.81012158951744,118.54005362630984,115.76772876927458,117.89571380615234,675000,WHR,118.15010833740234,1,1.0079000998258185,1.0,1.0083531308511302,3.0,1.0247712842674597,33.0,1.0738532420708515,128.0,0.9177027072345044,512.0
2019-04-22 00:00:00-04:00,118.1670680600496,119.7524593108997,117.7685986649464,118.15010833740234,1789500,WHR,118.6333236694336,1,1.0010777336745036,2.0,1.0112915468832289,3.0,1.024786327031726,33.0,1.0763660244820004,128.0,0.9197962834949627,513.0
2019-04-23 00:00:00-04:00,122.19411430512515,122.84691471005688,117.59901367824207,118.6333236694336,2971000,WHR,118.0229263305664,0,1.002040748070656,2.0,1.0102081029704308,4.0,1.0269805344319007,33.0,1.081127704671803,128.0,0.9236888436450837,513.0
2019-04-24 00:00:00-04:00,119.2183214130052,119.2183214130052,114.87756444593803,118.0229263305664,1216300,WHR,114.48757934570312,0,0.9974207427910009,1.0,1.0023185081173378,3.0,1.019731739212767,33.0,1.075931462222018,128.0,0.9190752976555093,512.0
2019-04-25 00:00:00-04:00,117.49728962615636,117.49728962615636,113.89411844420694,114.48757934570312,991600,WHR,116.20013427734376,1,0.9847948935701614,0.0,0.9748773590894728,3.0,0.9892284298730569,32.0,1.0442041015225103,127.0,0.8917012011203442,512.0
2019-04-26 00:00:00-04:00,115.13190479032322,116.26796021982572,113.68215275978214,116.20013427734376,902800,WHR,117.47183990478516,1,1.0074236937231908,1.0,0.9923254550491265,3.0,1.0032940653552689,33.0,1.0603276102948724,127.0,0.9051824601887146,513.0
2019-04-29 00:00:00-04:00,116.33578449159766,118.69268097897644,115.7847165044998,117.47183990478516,709600,WHR,117.6922836303711,1,1.005442268512912,2.0,1.004349054831882,3.0,1.013455681324603,33.0,1.0723021755595172,128.0,0.9152442328151849,513.0
2019-04-30 00:00:00-04:00,117.4633726828182,118.48920937787604,115.81015569821687,117.6922836303711,656300,WHR,118.48919677734376,1,1.0009374037258407,2.0,1.0078555453153684,3.0,1.0145041708690288,34.0,1.0747081469973676,128.0,0.9171329535771721,513.0
2019-05-01 00:00:00-04:00,117.77704383455225,119.17592954697297,116.90380590640848,118.48919677734376,852100,WHR,120.65111541748048,1,1.0033741559482012,2.0,1.013870239261797,4.0,1.0207083956478313,34.0,1.0822959084604167,129.0,0.9235170028388533,513.0
2019-05-02 00:00:00-04:00,118.65029530006308,121.65153194442732,118.54856284990714,120.65111541748048,659100,WHR,120.7782974243164,1,1.0090403772592529,2.0,1.0215934096495138,5.0,1.0383296979188443,35.0,1.102190172852376,130.0,0.9405256409786137,514.0
2019-05-03 00:00:00-04:00,121.17675384449136,121.85500038367366,120.42220796547622,120.7782974243164,561600,WHR,118.67572021484376,0,1.0005267875414967,2.0,1.0148025702587495,5.0,1.0382588110123847,36.0,1.1035456428457573,130.0,0.9416866635579649,514.0
2019-05-06 00:00:00-04:00,118.6672468234082,119.20984141421977,117.09880266397334,118.67572021484376,812300,WHR,116.78512573242188,0,0.991219286148537,1.0,0.9951231298431447,4.0,1.0193213706023376,36.0,1.084611416061525,129.0,0.9254841903172131,513.0
2019-05-07 00:00:00-04:00,117.58206441342668,118.01444025809948,115.17430158656516,116.78512573242188,737700,WHR,116.13230895996094,0,0.9919706629999737,0.0,0.9807621395108429,3.0,1.0024097491806843,36.0,1.0676977437042876,128.0,0.9109339274772722,513.0
2019-05-08 00:00:00-04:00,116.42057245117986,117.96357060740382,115.79319218220152,116.13230895996094,433200,WHR,113.46173858642578,0,0.9971972180900793,0.0,0.9791558979009207,2.0,0.9961854520856585,36.0,1.0621377439834918,127.0,0.9060436893396365,512.0
2019-05-09 00:00:00-04:00,115.04712971129526,115.19974133003738,111.30830675807516,113.46173858642578,833000,WHR,113.87716674804688,1,0.9883682943783828,0.0,0.9683792276145826,1.0,0.9734556770488839,35.0,1.0382453617760055,126.0,0.8854310536468493,511.0
2019-05-10 00:00:00-04:00,114.94539632467458,114.94539632467458,110.57919308353392,113.87716674804688,777700,WHR,108.5868682861328,0,1.0018273518164869,1.0,0.9835106273135411,1.0,0.9773184692122635,35.0,1.0425768312495751,126.0,0.8888887452215165,512.0
2019-05-13 00:00:00-04:00,111.17267617900268,112.0883071510588,106.95908420352568,108.5868682861328,1091900,WHR,109.43465423583984,1,0.976219533817674,1.0,0.9544534126386743,1.0,0.9328643407402265,35.0,0.9948916382821499,125.0,0.8478502144699094,511.0
2019-05-14 00:00:00-04:00,108.9429258585758,110.0959409999077,107.58643935943178,109.43465423583984,761800,WHR,110.79114532470705,1,1.0038885424700288,1.0,0.9744975051353352,2.0,0.9411940437693211,35.0,1.0033721760970498,126.0,0.8547218938568728,512.0
2019-05-15 00:00:00-04:00,109.2820535395234,111.62200349498156,108.4342550526485,110.79114532470705,796700,WHR,111.16764068603516,1,1.0061595466633522,2.0,0.9960517120448711,3.0,0.9539887401461499,35.0,1.016551945961616,126.0,0.8655436071666246,513.0
2019-05-16 00:00:00-04:00,110.9109393934508,112.75062110999698,110.5344459051764,111.16764068603516,705900,WHR,110.06383514404295,0,1.001696239955601,2.0,1.0035762416105516,4.0,0.9584466541229488,35.0,1.0208448863088786,126.0,0.8687064233143503,514.0
2019-05-17 00:00:00-04:00,110.20073117591396,111.27887392534464,108.30972498802596,110.06383514404295,531600,WHR,110.82537841796876,1,0.9950106306625192,1.0,1.0005000181287607,3.0,0.9502994909896852,34.0,1.0116067213347621,125.0,0.8603074822588938,514.0
2019-05-20 00:00:00-04:00,109.22528765826932,111.23609264271214,108.6691058894188,110.82537841796876,544300,WHR,113.37523651123048,1,1.003447625448275,1.0,1.0033393014763945,4.0,0.958475351255041,34.0,1.0195536619630943,125.0,0.8664662021886896,515.0
2019-05-21 00:00:00-04:00,110.70557474273978,113.53781441109572,110.70557474273978,113.37523651123048,667900,WHR,112.09174346923828,0,1.011373109275668,2.0,1.01915228595477,4.0,0.981700904409649,35.0,1.043863913229281,126.0,0.8866094932667218,515.0
2019-05-22 00:00:00-04:00,112.0489577497702,113.36668479372302,111.49278256579083,112.09174346923828,683800,WHR,107.85621643066406,0,0.9943074012784339,1.0,1.0052641392842638,3.0,0.9717659496706996,35.0,1.0329506508335566,125.0,0.8767933634803278,514.0
2019-05-23 00:00:00-04:00,110.53443007716264,110.53443007716264,106.4443725799896,107.85621643066406,933600,WHR,106.8636474609375,0,0.9807430492171794,0.0,0.9730584744203982,2.0,0.93671862527774,35.0,0.9945331993159595,125.0,0.8439084725899147,513.0
2019-05-24 00:00:00-04:00,108.50651725399176,109.14826387892084,106.60694619969216,106.8636474609375,630600,WHR,104.81861114501952,0,0.995377377054283,0.0,0.9697030586436532,2.0,0.9298627222491309,35.0,0.9860277114766522,124.0,0.8363861304604433,513.0
2019-05-28 00:00:00-04:00,106.9235392058558,107.77920133765188,104.77582542715612,104.81861114501952,612300,WHR,102.93617248535156,0,0.990339122752253,0.0,0.9616290092154463,1.0,0.9140544143065599,35.0,0.9678348288476843,124.0,0.8206317391310691,513.0
2019-05-29 00:00:00-04:00,104.57904245772455,105.1266657818489,102.0377245011118,102.93617248535156,651000,WHR,102.49977111816406,0,0.9909391320537912,0.0,0.9628006382376927,0.0,0.9000271528086746,34.0,0.9511632807044054,124.0,0.8061414785495251,513.0
2019-05-30 00:00:00-04:00,102.95327101928808,103.84316045070568,101.36173887650828,102.49977111816406,486700,WHR,98.29846954345705,0,0.9978757302177377,0.0,0.9762358648224567,0.0,0.8985438057235331,34.0,0.9477240722064737,124.0,0.8029615135316648,513.0
2019-05-31 00:00:00-04:00,100.66865745363864,101.20772228048538,97.54548917018444,98.29846954345705,884400,WHR,100.37774658203124,1,0.9790770000729891,0.0,0.9535825568965823,0.0,0.8641722230531744,34.0,0.9096050351518689,123.0,0.7703166951796715,512.0
2019-06-03 00:00:00-04:00,98.39261022294863,101.7125842658214,97.91344140364149,100.37774658203124,706800,WHR,107.65084075927734,1,1.0104656565296215,1.0,0.9861630729229174,1.0,0.8845464087305357,35.0,0.9296283407661234,123.0,0.7868748187989235,512.0
2019-06-04 00:00:00-04:00,101.68687520755375,107.8647562724486,101.46440777414772,107.65084075927734,1036700,WHR,107.4626007080078,0,1.034961993782678,2.0,1.051764592756471,2.0,0.949888863033566,35.0,0.997534684381191,124.0,0.8441208562954648,513.0
2019-06-05 00:00:00-04:00,107.95033437525277,108.51506797028917,104.83571830496194,107.4626007080078,545600,WHR,109.67022705078124,1,0.9991249265969361,1.0,1.0407205215911408,2.0,0.9493933668004119,35.0,0.9963194103896705,124.0,0.8428670052843246,513.0
2019-06-06 00:00:00-04:00,109.18249983814722,110.42321399532835,107.36850007868688,109.67022705078124,776600,WHR,110.157958984375,1,1.0101671698635357,1.0,1.047551400480862,3.0,0.9703083483741056,35.0,1.0172681301467144,124.0,0.8603935498365292,514.0
2019-06-07 00:00:00-04:00,109.64455642944846,110.65424463910551,109.04559548628036,110.157958984375,465600,WHR,111.44145965576172,1,1.0022186960752875,2.0,1.028899422636927,4.0,0.9759860707115939,35.0,1.0222727432937646,124.0,0.8644376666813772,514.0
2019-06-10 00:00:00-04:00,111.23609600899032,112.68216734612642,110.19218698655015,111.44145965576172,558400,WHR,111.5013427734375,1,1.0057919857338211,2.0,1.0198106628389676,4.0,0.988424748075389,36.0,1.0346787089573453,124.0,0.8747301325056346,514.0
2019-06-11 00:00:00-04:00,112.17732324471078,113.06720621648374,111.10774546036522,111.5013427734375,454800,WHR,111.38155364990234,0,1.0002686030543408,2.0,1.0132182491907922,4.0,0.9891619495918005,37.0,1.0357586136587442,124.0,0.8754221817512251,514.0
2019-06-12 00:00:00-04:00,111.30454718083833,112.5794886351672,109.91837851220691,111.38155364990234,507200,WHR,115.5828628540039,1,0.9994625468106461,1.0,1.0049719633600198,4.0,0.9883388172940148,36.0,1.0351559481678403,124.0,0.8746904958509741,514.0
2019-06-13 00:00:00-04:00,112.30567474052546,115.6342005020089,112.30567474052546,115.5828628540039,762300,WHR,116.0962371826172,1,1.0185108717428808,1.0,1.031869748479826,4.0,1.025089147470201,37.0,1.074709360073242,124.0,0.9078724263580087,514.0
2019-06-14 00:00:00-04:00,115.54006199359117,117.3711785186706,114.752854362436,116.0962371826172,744100,WHR,118.13272094726562,1,1.0022158853713268,2.0,1.0255788717205347,4.0,1.028812226745439,38.0,1.0798585445814863,125.0,0.9120767561456131,515.0
2019-06-17 00:00:00-04:00,117.00325363540485,118.7402468525472,116.18181218065877,118.13272094726562,762900,WHR,121.32431030273438,1,1.0086944149899655,2.0,1.0313760312133706,4.0,1.0461608214395315,38.0,1.099052418758781,126.0,0.9282110619179169,516.0
2019-06-18 00:00:00-04:00,119.50175910502657,121.89761533738094,118.50918804276508,121.32431030273438,1063000,WHR,121.4869155883789,1,1.0133284428475882,2.0,1.0413787721822987,4.0,1.072537389436495,39.0,1.1287441842377621,127.0,0.9534009170863774,517.0
2019-06-19 00:00:00-04:00,121.42702602364731,121.906194766976,119.51888991567692,121.4869155883789,831700,WHR,120.85372161865234,0,1.0006696777920698,2.0,1.0249931742361325,5.0,1.0720697962771446,39.0,1.1302106585567502,128.0,0.9547668256289228,518.0
2019-06-20 00:00:00-04:00,122.96720808364002,123.30946770651452,120.4943450977238,120.85372161865234,645000,WHR,121.22164154052734,1,0.9973871737855272,1.0,1.0106619291374,4.0,1.064941908807316,38.0,1.124234093287989,128.0,0.949878821066096,518.0
2019-06-21 00:00:00-04:00,120.93071957589429,121.6066868532907,119.03114877280385,121.22164154052734,834600,WHR,119.8782958984375,0,1.0015198569448518,1.0,1.0051223860560794,4.0,1.066696023268951,38.0,1.127578287656539,128.0,0.9528446060705401,519.0
2019-06-24 00:00:00-04:00,121.221678947534,121.70941273554315,119.58736078765992,119.8782958984375,562900,WHR,117.73912811279295,0,0.99442826217062,1.0,0.9911148851557436,3.0,1.0536504522879737,37.0,1.1150350023782005,128.0,0.9423613975164525,519.0
2019-06-25 00:00:00-04:00,120.19487453573586,120.79383548567688,117.47386185404744,117.73912811279295,617300,WHR,119.57023620605467,1,0.9909974287679196,0.0,0.9792340590716296,2.0,1.0340799222861399,36.0,1.0951944907318887,127.0,0.9256300923914433,519.0
2019-06-26 00:00:00-04:00,118.0557105110186,120.86228138105685,118.00437286989342,119.57023620605467,805300,WHR,121.769287109375,1,1.0077161223642295,1.0,0.9976440356052062,2.0,1.049307279576017,36.0,1.1122182813454264,127.0,0.9401122891001233,519.0
2019-06-27 00:00:00-04:00,120.27187824072776,122.22278703651293,120.27187824072776,121.769287109375,559100,WHR,121.81206512451172,1,1.0091118556675285,2.0,1.0144421124653042,3.0,1.067409005154644,36.0,1.1326032729696849,127.0,0.9574709586963981,520.0
2019-06-28 00:00:00-04:00,121.93185730416984,123.54050633646624,121.5125781471822,121.81206512451172,671200,WHR,124.56729888916016,1,1.0001756210594301,2.0,1.013801166504174,3.0,1.0663430883939324,37.0,1.132952504012473,127.0,0.9578745550044263,521.0
2019-07-01 00:00:00-04:00,123.68596790837722,126.51820757054064,123.52339000886744,124.56729888916016,779200,WHR,123.93412017822266,0,1.0111828917802368,2.0,1.0287030290468986,4.0,1.0887844448452186,37.0,1.1584352024798505,127.0,0.9796110308263543,521.0
2019-07-02 00:00:00-04:00,124.07102927508951,124.07102927508951,122.37682163456502,123.93412017822266,404700,WHR,125.12347412109376,1,0.9974520116894552,1.0,1.013108074815921,4.0,1.0819042598136226,36.0,1.1524035668630153,127.0,0.9747122464829188,520.0
2019-07-03 00:00:00-04:00,124.5587470177918,125.19192866072363,123.3094745181908,125.12347412109376,191500,WHR,123.78010559082033,0,1.0047754172934062,1.0,1.0136277382892482,4.0,1.0909795211926212,36.0,1.1633616761736718,127.0,0.9841403139750994,520.0
2019-07-05 00:00:00-04:00,123.9426835091419,124.88390416075492,122.93299525363568,123.78010559082033,379100,WHR,123.66887664794922,0,0.9946028557249829,1.0,0.9994888126181287,3.0,1.0777764432124362,36.0,1.1509016550005506,126.0,0.973645032054589,520.0
2019-07-08 00:00:00-04:00,123.60898707361126,123.92557796058468,122.39393506422822,123.66887664794922,381100,WHR,122.1885986328125,0,0.9995504974727931,0.0,0.9956052052815418,2.0,1.0756381380428601,35.0,1.1500446444324064,125.0,0.9728211616248474,520.0
2019-07-09 00:00:00-04:00,122.81322855612986,123.13838446027684,121.13613749093231,122.1885986328125,610500,WHR,121.5724868774414,0,0.9939791213854845,0.0,0.98747011077839,1.0,1.062188241423357,34.0,1.13648702549566,125.0,0.9612310099135376,520.0
2019-07-10 00:00:00-04:00,122.99288926220676,123.55761639106288,120.61414939199445,121.5724868774414,545700,WHR,122.04310607910156,1,0.9974724769785078,0.0,0.9862556442130237,1.0,1.0563760376609326,33.0,1.1309936971356684,124.0,0.9564105862511786,520.0
2019-07-11 00:00:00-04:00,121.50403470483772,122.13722944514176,120.20342448038282,122.04310607910156,452200,WHR,125.28604125976562,1,1.0019318106692132,1.0,0.9950466731160065,1.0,1.0594791024040644,34.0,1.1356292564348518,124.0,0.9601536685526022,520.0
2019-07-12 00:00:00-04:00,122.69338617967192,125.65398274662756,122.2056655792061,125.28604125976562,852800,WHR,123.12979125976562,0,1.013111819676558,2.0,1.0189848293769992,2.0,1.086242292303819,34.0,1.1659460042128496,124.0,0.9857558205532964,520.0
2019-07-15 00:00:00-04:00,124.66143398275264,125.28606376291138,122.62495367109445,123.12979125976562,659900,WHR,127.125732421875,1,0.9913199976904432,1.0,1.0023264174625608,2.0,1.0664559849120738,34.0,1.1460276901369464,124.0,0.9689004379270325,519.0
2019-07-16 00:00:00-04:00,123.17256439408465,127.22840770226468,122.57360349786435,127.125732421875,992400,WHR,127.6648178100586,1,1.0159674444077118,1.0,1.026603107145441,3.0,1.0996006718927507,34.0,1.183099564265085,125.0,1.0004063632714697,520.0
2019-07-17 00:00:00-04:00,127.2797723704642,128.94831131295405,126.39844120965232,127.6648178100586,979100,WHR,128.67449951171875,1,1.0021157982024564,2.0,1.0209110130488561,4.0,1.1027510068330952,34.0,1.1879603256694342,126.0,1.0046809593826023,521.0
2019-07-18 00:00:00-04:00,127.19419434755136,129.5472656480409,127.15142167809331,128.67449951171875,859700,WHR,126.80059051513672,0,1.0039388483678948,2.0,1.0181863633130521,4.0,1.1098681038507507,34.0,1.1972235079328317,126.0,1.0126811628690182,521.0
2019-07-19 00:00:00-04:00,128.99108377918364,129.54725901737515,126.78347361440736,126.80059051513672,612900,WHR,126.93750762939452,1,0.9926650030874437,1.0,1.0009591497300074,3.0,1.0923265540010805,34.0,1.1797202167683396,126.0,0.9980138052832817,520.0
2019-07-22 00:00:00-04:00,127.46801407819952,128.0156374288155,126.47544267509228,126.93750762939452,1589200,WHR,121.90624237060548,0,1.0005396001438451,1.0,0.9960521071662182,4.0,1.0915548718113461,35.0,1.1808805364856356,127.0,0.9991671610712941,521.0
2019-07-23 00:00:00-04:00,125.7652757020416,130.48853654965654,118.0899817208076,121.90624237060548,3045600,WHR,125.41441345214844,1,0.9797814280696661,1.0,0.9644730592231855,3.0,1.047433673291225,34.0,1.1334169014262494,127.0,0.9596728829825195,521.0
2019-07-24 00:00:00-04:00,121.79495298795544,126.10749773701168,121.34145307177656,125.41441345214844,1314500,WHR,125.77378845214844,1,1.014184707176489,1.0,0.9957741056176408,3.0,1.0763520823517168,34.0,1.165040613512427,128.0,0.9873638438880287,522.0
2019-07-25 00:00:00-04:00,125.49141836617804,127.49366473247498,124.49884710453097,125.77378845214844,612500,WHR,127.44235229492188,1,1.001430700157394,2.0,1.0032487142952862,3.0,1.078190010115324,34.0,1.1674916592947435,128.0,0.9902579032749677,523.0
2019-07-26 00:00:00-04:00,125.49144318454064,127.5535925782834,123.96836524847758,127.44235229492188,630400,WHR,127.5022430419922,1,1.006589484532268,2.0,1.0155184956742054,4.0,1.0910979913096492,34.0,1.1820181432148766,128.0,1.0034412010840583,524.0
2019-07-29 00:00:00-04:00,127.40811966052216,128.41780803050705,126.424113173094,127.5022430419922,587400,WHR,128.99110412597656,1,1.0002349167158895,2.0,1.0150821445813294,4.0,1.0905446306492288,34.0,1.1816105612480075,128.0,1.0039383451201898,525.0
2019-07-30 00:00:00-04:00,126.82627934336378,129.00822102940592,126.14174682627991,128.99110412597656,568800,WHR,124.48175048828124,0,1.0058046771989348,2.0,1.0154798445492785,5.0,1.1019889101838503,34.0,1.194486612650541,128.0,1.015674771795346,526.0
2019-07-31 00:00:00-04:00,128.8285166347258,129.3162504235195,123.48919212127488,124.48175048828124,1157600,WHR,119.7242660522461,0,0.9822097177050465,1.0,0.9814212413410528,4.0,1.0625864407313539,34.0,1.1520278007940923,128.0,0.9802421394213638,525.0
2019-08-01 00:00:00-04:00,124.45607747152384,125.62834368717736,119.70714915066208,119.7242660522461,905900,WHR,116.01068878173828,0,0.9805185617314812,0.0,0.9530036216508396,3.0,1.0215490067067337,34.0,1.1075631968196624,127.0,0.942866109865266,525.0
2019-08-02 00:00:00-04:00,119.27931176939316,119.27931176939316,115.26626680638356,116.01068878173828,900700,WHR,113.9399871826172,0,0.9842468111141045,0.0,0.9405610328005422,2.0,0.9898799761122965,34.0,1.0730184675337808,126.0,0.9137390314731516,524.0
2019-08-05 00:00:00-04:00,113.81163001260312,114.25657803385316,111.62970174243016,113.9399871826172,910500,WHR,116.63529205322266,1,0.9909950184297696,0.0,0.944544503180463,1.0,0.9721452618518981,34.0,1.0536903343107442,126.0,0.8975702037501135,523.0
2019-08-06 00:00:00-04:00,115.08654583032396,116.78931801167433,114.34212402418004,116.63529205322266,787700,WHR,118.53489685058594,1,1.011689478939538,1.0,0.9871096350474552,1.0,0.994751672071331,34.0,1.078312594126616,127.0,0.9189419374892046,523.0
2019-08-07 00:00:00-04:00,115.77966321225396,118.89427344823308,113.82875422138628,118.53489685058594,617800,WHR,121.49546813964844,1,1.008077574824504,2.0,1.0133870539713616,2.0,1.0095253627473684,35.0,1.0954757306952365,128.0,0.9340432532331783,523.0
2019-08-08 00:00:00-04:00,119.46754005326662,121.66659795099532,118.97125446090332,121.49546813964844,580000,WHR,116.88347625732422,0,1.0123341531775905,2.0,1.0355615868782022,3.0,1.0329712237727002,35.0,1.1222737798630253,129.0,0.9575139089702133,523.0
2019-08-09 00:00:00-04:00,120.83663193419532,121.196008536059,116.80645672691936,116.88347625732422,640000,WHR,115.52296447753906,0,0.9806526877028037,1.0,0.9947714109254485,3.0,0.9929022629796422,34.0,1.079200372916803,129.0,0.9213453722742789,522.0
2019-08-12 00:00:00-04:00,116.1304904661483,117.5936657136066,114.8384450704598,115.52296447753906,379200,WHR,116.11337280273438,1,0.9941459807418278,0.0,0.9805503003217501,3.0,0.9807402306260493,33.0,1.0661377034521913,129.0,0.9107994937996141,522.0
2019-08-13 00:00:00-04:00,115.73687929748688,120.43447007753646,114.89833388985338,116.11337280273438,580100,WHR,111.08206939697266,0,1.0025488588367764,1.0,0.986435626382564,3.0,0.9849094939037553,34.0,1.0710523277788815,130.0,0.9155991181834979,523.0
2019-08-14 00:00:00-04:00,114.52182192661574,115.12934781332396,110.47454351026444,111.08206939697266,754300,WHR,110.52587127685548,0,0.9778547344213924,1.0,0.9557956957782197,2.0,0.9421982330083327,33.0,1.0243281110031301,129.0,0.876046131878688,523.0
2019-08-15 00:00:00-04:00,111.69812416931228,111.77514368072411,109.79856632971226,110.52587127685548,434500,WHR,112.75060272216795,1,0.9974901706210257,0.0,0.9693079354620241,1.0,0.9378583342741473,32.0,1.01900410750425,128.0,0.8717772552965325,523.0
2019-08-16 00:00:00-04:00,111.3815380892374,113.10997925062944,109.7728891039992,112.75060272216795,467200,WHR,115.78823852539062,1,1.0099640208637575,1.0,0.9960390682990788,2.0,0.9566469741533172,33.0,1.0392177630422235,129.0,0.8894429540158049,523.0
2019-08-19 00:00:00-04:00,113.93143968727205,116.72090737798013,113.93143968727205,115.78823852539062,488500,WHR,117.37120056152344,1,1.0132915516095236,2.0,1.0223943673186933,3.0,0.981319467781484,34.0,1.0668177053259238,129.0,0.9135191910702088,523.0
2019-08-20 00:00:00-04:00,115.26627853551312,117.9530577368336,114.6587525347422,117.37120056152344,657400,WHR,119.92961120605467,1,1.0067891827254858,2.0,1.0340747270070678,3.0,0.9932610531970981,35.0,1.081011938509678,129.0,0.9260995066093002,524.0
2019-08-21 00:00:00-04:00,118.62044914874504,121.19598754418806,118.23539073252708,119.92961120605467,889200,WHR,119.18518829345705,0,1.0107812974826105,2.0,1.0403954274796041,4.0,1.0127532844541178,36.0,1.10402073822217,130.0,0.9463583437195838,525.0
2019-08-22 00:00:00-04:00,120.194876531295,120.55425310722622,118.55200658859378,119.18518829345705,407800,WHR,115.1293487548828,0,0.9968867551730141,1.0,1.0186335679939809,4.0,1.0041704889463565,36.0,1.0965733434636833,130.0,0.9405161190338518,525.0
2019-08-23 00:00:00-04:00,117.47385476843516,118.30384812628024,114.48760212086049,115.1293487548828,650900,WHR,116.25027465820312,1,0.9826906192434082,0.0,0.9799850667917979,3.0,0.9682816262921305,36.0,1.058858225841224,129.0,0.9086040250345442,524.0
2019-08-26 00:00:00-04:00,117.08026809128825,117.19150836264085,115.480183850114,116.25027465820312,471800,WHR,114.74429321289062,0,1.0048445316263614,1.0,0.9887487039231566,3.0,0.9752549485198574,37.0,1.068840199045966,129.0,0.9175315478011029,525.0
2019-08-27 00:00:00-04:00,116.93478610713268,118.29528571711413,114.73572823578704,114.74429321289062,577100,WHR,117.49954223632812,1,0.9934804464919152,1.0,0.9803204235405273,2.0,0.9606910778388131,36.0,1.054700794417592,129.0,0.9057280220318754,525.0
2019-08-28 00:00:00-04:00,114.47904258995388,117.60221752461904,113.79452325952198,117.49954223632812,491600,WHR,118.70802307128906,1,1.0118636045521214,1.0,1.0080456322135276,2.0,0.9824091465298771,36.0,1.0796152282815679,130.0,0.9275511960468527,525.0
2019-08-29 00:00:00-04:00,118.69938258661897,120.43443405708426,118.0001882448072,118.70802307128906,419900,WHR,120.06324768066406,1,1.0051161817505172,2.0,1.0192478575701145,3.0,0.9909603313971809,37.0,1.0901805905564896,131.0,0.9371542240857365,526.0
2019-08-30 00:00:00-04:00,119.76976097708032,121.15089502089968,119.5625869190663,120.06324768066406,556100,WHR,116.07524871826172,0,1.005675827770682,2.0,1.022223100440294,4.0,1.000826394027831,37.0,1.1019781653852356,132.0,0.947890007912096,527.0
2019-09-03 00:00:00-04:00,118.25915765629904,119.52807083961352,114.85812575933215,116.07524871826172,574500,WHR,118.84616088867188,1,0.9831116102489907,1.0,0.9885637512661124,3.0,0.9667883382102532,36.0,1.0648728554990723,132.0,0.9164745847456137,526.0
2019-09-04 00:00:00-04:00,117.45641228103806,119.50220568593689,117.12838988240556,118.84616088867188,550700,WHR,123.40384674072266,1,1.0117950602077792,1.0,1.0051397527437114,4.0,0.9888507750182243,36.0,1.089761877015684,132.0,0.938394527215559,527.0
2019-09-05 00:00:00-04:00,121.14223969181396,123.87859916185695,120.4948356577558,123.40384674072266,696600,WHR,124.1980209350586,1,1.018813976092927,2.0,1.0333659730040272,4.0,1.0250807037130878,36.0,1.1308021950455742,133.0,0.9744252017025212,527.0
2019-09-06 00:00:00-04:00,123.81820837893756,125.35471323126606,123.4383958228165,124.1980209350586,542400,WHR,127.6422119140625,1,1.0032074644742819,2.0,1.0305409745314709,4.0,1.0298503381281368,37.0,1.1372634349094082,134.0,0.9807377736421644,527.0
2019-09-09 00:00:00-04:00,124.8367936248961,128.23782590442883,124.26708792110765,127.6422119140625,803200,WHR,130.01602172851562,1,1.0136760951180797,2.0,1.0459638751618916,4.0,1.0566485661394267,37.0,1.1678443845573385,134.0,1.0079527156097352,527.0
2019-09-10 00:00:00-04:00,127.00344264967704,130.3785664956765,126.11434194584808,130.01602172851562,1145800,WHR,131.88052368164062,1,1.0092130174956724,2.0,1.0416176667474788,5.0,1.0742363674274253,37.0,1.1884651356306433,135.0,1.026669485712557,528.0
2019-09-11 00:00:00-04:00,129.75704571371156,132.26033617579884,128.531282420212,131.88052368164062,645100,WHR,130.19729614257812,0,1.0071192308023957,2.0,1.0349404708076857,5.0,1.087582556603879,37.0,1.204265508972846,136.0,1.041339127986263,529.0
2019-09-12 00:00:00-04:00,131.96687017415482,132.07045062644193,130.12823811722953,130.19729614257812,599700,WHR,129.35997009277344,0,0.9935773750705363,1.0,1.0109520626278181,4.0,1.0723936010111117,36.0,1.1877728253428435,135.0,1.027979614260952,529.0
2019-09-13 00:00:00-04:00,130.6979411831409,132.0531668991606,129.23049454303174,129.35997009277344,353500,WHR,128.4191131591797,0,0.9967740219260691,0.0,0.9964625062974332,3.0,1.0643464706040462,35.0,1.1789815087735989,135.0,1.0213070493453489,529.0
2019-09-16 00:00:00-04:00,128.09971809983975,129.04062230471206,127.84939424719612,128.4191131591797,334400,WHR,131.3798828125,1,0.9963501424486246,0.0,0.9880324926428863,2.0,1.0555102694719873,35.0,1.1692997952827169,135.0,1.0138165353661526,529.0
2019-09-17 00:00:00-04:00,127.96159619135382,132.05318209155823,126.07980123263536,131.3798828125,768500,WHR,128.64349365234375,0,1.0113963860493251,1.0,1.008695190899115,2.0,1.0783450340544853,35.0,1.1949646034646135,136.0,1.0370929041084556,530.0
2019-09-18 00:00:00-04:00,128.39316989357425,130.30948684508047,126.735817184171,128.64349365234375,621800,WHR,128.2464599609375,0,0.9894763724809711,1.0,0.9926199237663076,1.0,1.0546206412935692,35.0,1.16895849967272,135.0,1.0153706032770715,530.0
2019-09-19 00:00:00-04:00,129.64484879240547,130.732483086717,128.2378194753539,128.2464599609375,526800,WHR,128.26373291015625,1,0.9984544600292001,0.0,0.99254449666838,1.0,1.04985852205957,35.0,1.1642564946937377,134.0,1.0121081193697463,530.0
2019-09-20 00:00:00-04:00,128.59175529386224,130.18869112125063,127.79760762357697,128.26373291015625,651600,WHR,128.99745178222656,1,1.0000673382567196,1.0,0.9943654502989628,2.0,1.048755972414078,35.0,1.1633469467960287,134.0,1.0121266597552137,530.0
2019-09-23 00:00:00-04:00,127.06386642438603,129.90382033032282,126.83943770174626,128.99745178222656,386200,WHR,128.77301025390625,0,1.0028520387673237,2.0,0.9991576513145886,3.0,1.0537173298518328,35.0,1.1688215179537411,135.0,1.0177972449036583,530.0
2019-09-24 00:00:00-04:00,130.3440508312655,130.52532980998873,128.09108359798535,128.77301025390625,449700,WHR,129.79159545898438,1,0.9991292969467974,1.0,1.0014634738982335,2.0,1.0508880747999099,34.0,1.165614539103152,135.0,1.0159123970404542,529.0
2019-09-25 00:00:00-04:00,128.35867099171685,130.46489477801904,127.6939989870131,129.79159545898438,508200,WHR,133.6587371826172,1,1.0039393837461619,1.0,1.0075856814603221,3.0,1.0584484195471624,34.0,1.1735417070328122,136.0,1.0238718543809602,529.0
2019-09-26 00:00:00-04:00,133.41704069502603,137.43095419464402,131.46620099619156,133.6587371826172,1383600,WHR,134.22845458984375,1,1.0146788264977964,2.0,1.0289601330381963,4.0,1.0885461299833867,35.0,1.2069951681889477,137.0,1.0542553793397222,530.0
2019-09-27 00:00:00-04:00,133.63284069033776,135.15209079260703,132.28624222439583,134.22845458984375,972200,WHR,136.6972198486328,1,1.0021267064074884,2.0,1.023942393250395,4.0,1.0918366517272144,35.0,1.210593294615593,138.0,1.0586433917829243,530.0
2019-09-30 00:00:00-04:00,135.17798295101937,137.24967082698956,134.35792721078877,136.6972198486328,745100,WHR,133.61558532714844,0,1.0091123340890664,2.0,1.0306674388072525,4.0,1.1099742511391688,36.0,1.2311723300951534,139.0,1.0780021826677026,530.0
2019-10-01 00:00:00-04:00,136.72313066965242,137.5518138181441,132.85597337679218,133.61558532714844,581300,WHR,132.01004028320312,0,0.9885997464327285,1.0,1.0001292444837584,4.0,1.0834930369873632,36.0,1.2017936154078726,139.0,1.0536062083867392,530.0
2019-10-02 00:00:00-04:00,132.6056543186962,133.26169907499514,130.11963087992865,132.01004028320312,557900,WHR,132.1826934814453,1,0.9939556093646609,0.0,0.9848408181748535,3.0,1.0690545868402297,36.0,1.1857828397816559,139.0,1.040867605759666,529.0
2019-10-03 00:00:00-04:00,131.61297455645737,132.4589124571683,128.75576578769412,132.1826934814453,608300,WHR,134.08169555664062,1,1.0006535122892366,1.0,0.9883054754226536,3.0,1.0689220056169708,37.0,1.185752234881642,140.0,1.0421259958920137,530.0
2019-10-04 00:00:00-04:00,132.02726250211924,134.660041590588,132.0099947062117,134.08169555664062,618700,WHR,135.48008728027344,1,1.0071320167223852,2.0,1.0027240174388057,3.0,1.082522231743212,37.0,1.2010100297674071,141.0,1.056953644814313,531.0
2019-10-07 00:00:00-04:00,133.00269195353926,136.74037298190197,132.5020312321509,135.48008728027344,786000,WHR,133.84002685546875,0,1.0051876482968614,2.0,1.015029643137546,3.0,1.0923139505866,37.0,1.2117222097045885,141.0,1.067840128508004,531.0
2019-10-08 00:00:00-04:00,133.5983303485162,135.54054288961677,131.43167592847988,133.84002685546875,676800,WHR,134.7291259765625,1,0.99391036785326,1.0,1.0024050388608605,3.0,1.0775401029965437,37.0,1.195114849492799,141.0,1.0548053426082171,530.0
2019-10-09 00:00:00-04:00,135.08304341886864,135.08304341886864,132.80418125732797,134.7291259765625,566000,WHR,135.79949951171875,1,1.003310503502425,1.0,1.0049708085700795,4.0,1.08359267257445,37.0,1.2010231265931472,142.0,1.061693056141762,531.0
2019-10-10 00:00:00-04:00,134.4615283137099,136.54184361858697,133.77958857295414,135.79949951171875,337300,WHR,136.57635498046875,1,1.003956599909619,2.0,1.0075186727196426,4.0,1.0910117580416585,37.0,1.208456462694525,143.0,1.0699939017908935,532.0
2019-10-11 00:00:00-04:00,136.81805143085626,138.97606486036503,136.49866965815892,136.57635498046875,614100,WHR,136.7921905517578,1,1.0028521451367205,2.0,1.009545299766897,4.0,1.0960932775076928,37.0,1.2132050914224037,144.0,1.0759560385034483,533.0
2019-10-14 00:00:00-04:00,136.04983321939432,137.87982485065092,135.7304513667808,136.7921905517578,596500,WHR,136.92164611816406,1,1.0007895406213208,2.0,1.009183138984134,4.0,1.09636022449038,38.0,1.2130073238750627,144.0,1.0775409632645165,533.0
2019-10-15 00:00:00-04:00,137.10292506056547,138.11287387016466,136.02391823345482,136.92164611816406,712300,WHR,137.71578979492188,1,1.0004729595258364,2.0,1.005565964624883,5.0,1.0959361562005534,38.0,1.2121472351594766,144.0,1.0783530135759345,534.0
2019-10-16 00:00:00-04:00,136.24834318448956,138.7430063736654,135.7822180433761,137.71578979492188,600400,WHR,138.2596435546875,1,1.0028916075265468,2.0,1.006980739626271,5.0,1.099972703124574,39.0,1.2171294109846809,145.0,1.084419949650807,534.0
2019-10-17 00:00:00-04:00,138.0006792325577,138.65672393814955,136.74040639445056,138.2596435546875,323200,WHR,139.0278778076172,1,1.0019706600445,2.0,1.0073333015527879,5.0,1.1024314818567915,39.0,1.2198150888828645,146.0,1.0885328564559336,534.0
2019-10-18 00:00:00-04:00,137.73306953819846,139.72707216566798,137.5259086448328,139.0278778076172,694000,WHR,138.68258666992188,0,1.002770533088382,2.0,1.0093249329295766,5.0,1.1066079339098789,39.0,1.2244305695506048,147.0,1.094431721036473,534.0
2019-10-21 00:00:00-04:00,140.175928366388,141.25493514707992,138.26823858267815,138.68258666992188,874700,WHR,138.64805603027344,0,0.9987566506060731,1.0,1.004062204980082,4.0,1.1022160012842106,38.0,1.2192349649897039,147.0,1.0915996217431048,533.0
2019-10-22 00:00:00-04:00,139.70116773956988,140.10687535732197,137.13744648333656,138.64805603027344,1293300,WHR,139.9774169921875,1,0.9998754892740584,0.0,1.0013090883220384,3.0,1.1003170472874644,37.0,1.2169069495668972,146.0,1.0911972675707629,533.0
2019-10-23 00:00:00-04:00,133.46021236958345,141.00463371764792,132.5970068082179,139.9774169921875,1974600,WHR,138.57040405273438,0,1.004771139363151,1.0,1.0076181076450492,3.0,1.1092550212619476,37.0,1.2262854668114314,147.0,1.10152347706549,533.0
2019-10-24 00:00:00-04:00,140.05511884708076,140.66800066336978,137.60361792487092,138.57040405273438,777900,WHR,137.56040954589844,0,0.9949487562524274,1.0,0.9970437436439675,2.0,1.0960655860803032,37.0,1.2120105801421492,146.0,1.0903264850053696,533.0
2019-10-25 00:00:00-04:00,138.1128604608832,139.70115519503088,137.49135153509175,137.56040954589844,706000,WHR,133.3997802734375,0,0.9963423332091289,0.0,0.9918712005071602,1.0,1.0855242826656342,37.0,1.2010529447454288,146.0,1.0822648511690782,532.0
2019-10-28 00:00:00-04:00,138.22510932170755,139.381801600779,133.1667242577472,133.3997802734375,894900,WHR,134.21119689941406,1,0.9846448687711835,0.0,0.9692552800953708,1.0,1.050289652533642,37.0,1.1628331242719443,146.0,1.0494392592171664,532.0
2019-10-29 00:00:00-04:00,133.16672554691496,135.43694721512088,133.06313192302272,134.21119689941406,796500,WHR,133.58103942871094,0,1.0030320752704118,1.0,0.9814789125085124,2.0,1.0538748255735138,38.0,1.1682125218105057,146.0,1.0557095552740232,533.0
2019-10-30 00:00:00-04:00,134.09032746796498,134.39245463509914,130.9569007339263,133.58103942871094,581800,WHR,131.310791015625,0,0.9976468418974963,1.0,0.9860957985812214,1.0,1.0466055071171332,37.0,1.1610213279363586,146.0,1.050639410398464,533.0
2019-10-31 00:00:00-04:00,133.4601770361067,133.58102525584454,129.52396282582492,131.310791015625,567600,WHR,129.541259765625,0,0.9914295265003916,0.0,0.979838824548292,1.0,1.0271046089119407,36.0,1.139850353450336,145.0,1.032699023145712,532.0
2019-11-01 00:00:00-04:00,132.42436306479502,132.75237220847097,128.8765878217901,129.541259765625,1853900,WHR,133.3134765625,1,0.9932163414291731,0.0,0.978343180973787,1.0,1.0122017558381435,35.0,1.123188698806515,144.0,1.0187261182918725,531.0
2019-11-04 00:00:00-05:00,130.83608067580397,133.90045005519875,130.2490940116329,133.3134765625,877700,WHR,136.18792724609375,1,1.0143509561576478,1.0,1.006963615193597,2.0,1.0394527998080654,36.0,1.1544299192016894,144.0,1.0482804104239984,532.0
2019-11-05 00:00:00-05:00,133.796844466646,136.82669084800025,133.57241579185046,136.18792724609375,928900,WHR,135.05714416503906,0,1.0106658096877124,2.0,1.0256126807164185,2.0,1.0590211273463808,37.0,1.1777023820314745,145.0,1.0707168734662869,533.0
2019-11-06 00:00:00-05:00,136.4037426958279,136.4037426958279,132.9422800614202,135.05714416503906,563100,WHR,134.92767333984375,0,0.995831138699878,1.0,1.0148406443912839,2.0,1.0476557895277818,36.0,1.1664082288462012,144.0,1.0616946862751107,532.0
2019-11-07 00:00:00-05:00,135.7477160748468,136.87852654286297,134.6773494962431,134.92767333984375,451800,WHR,133.59832763671875,0,0.9995204514594863,0.0,1.0083866295164245,2.0,1.0434346724653747,36.0,1.1637907616706789,143.0,1.0605627506609043,531.0
2019-11-08 00:00:00-05:00,134.9967164230555,135.58370305050536,133.21851508451087,133.59832763671875,551800,WHR,134.60826110839844,1,0.9950494711935138,0.0,0.9924334754459229,2.0,1.0300912077791762,36.0,1.1508663904238388,143.0,1.0500224985174467,530.0
2019-11-11 00:00:00-05:00,132.32075874384816,134.61688842124158,131.89779649954465,134.60826110839844,500300,WHR,134.06442260742188,0,1.0037655058229737,1.0,0.9980159119835937,2.0,1.0349710899980278,36.0,1.158027560706949,144.0,1.057870526252797,530.0
2019-11-12 00:00:00-05:00,134.4960252882372,135.0916390951973,133.0285788077588,134.06442260742188,864200,WHR,129.72250366210938,0,0.9979758325503914,1.0,0.9971235417570138,1.0,1.0283811541396735,35.0,1.1518940470527486,143.0,1.0535282176199434,529.0
2019-11-13 00:00:00-05:00,133.15805739204453,134.2457046023405,128.62622913972825,129.72250366210938,1173500,WHR,130.4969482421875,1,0.9835400525465161,0.0,0.9725474758282628,1.0,0.9935063507292816,34.0,1.1132538022055816,143.0,1.0193901806016907,528.0
2019-11-14 00:00:00-05:00,130.07056815977546,132.15894495491585,130.0357678547276,130.4969482421875,957800,WHR,125.61539459228516,0,1.0029761210178973,1.0,0.9848968059151979,2.0,0.998091299107816,34.0,1.1185468916859556,143.0,1.0254532970791892,528.0
2019-11-15 00:00:00-05:00,129.65290741976054,129.81823875496306,124.13613588796086,125.61539459228516,2743300,WHR,124.57122039794922,0,0.9809397954199446,1.0,0.9596176422257522,2.0,0.9599684170010018,34.0,1.0757041246713148,142.0,0.9871226093936522,527.0
2019-11-18 00:00:00-05:00,125.78943039916128,126.25932088355252,123.64885950024676,124.57122039794922,1773300,WHR,122.67427825927734,0,0.9958264186340396,0.0,0.9664617886089546,1.0,0.9508452226417355,34.0,1.0658558115501782,141.0,0.9789506862878153,527.0
2019-11-19 00:00:00-05:00,124.95409023008988,124.95409023008988,121.92594546473458,122.67427825927734,1696500,WHR,124.13614654541016,1,0.9923276979804525,0.0,0.9688681634040723,1.0,0.9356013627983711,33.0,1.048807128778131,140.0,0.9640686710754834,527.0
2019-11-20 00:00:00-05:00,122.76999868144266,124.57992021155898,122.31752825703371,124.13614654541016,1528300,WHR,123.91862487792967,0,1.0059230410842235,1.0,0.9891421185860737,2.0,0.9456217125678282,34.0,1.0604716176560227,140.0,0.9755758695535374,527.0
2019-11-21 00:00:00-05:00,123.86641776630984,125.93737509970391,123.45744435529392,123.91862487792967,876000,WHR,125.3630599975586,1,0.9991230901698348,1.0,0.9978700162381956,1.0,0.9431960404685895,33.0,1.0578135900312509,139.0,0.9738757543576899,527.0
2019-11-22 00:00:00-05:00,124.31016809392584,125.62409550652364,124.02301575657144,125.3630599975586,522700,WHR,127.0511703491211,1,1.0057943892683106,1.0,1.0099119274678168,2.0,0.9533853515435751,33.0,1.0694010497277542,139.0,0.9852030456400719,528.0
2019-11-25 00:00:00-05:00,125.91127082692752,127.63417188804851,125.18034471342108,127.0511703491211,669700,WHR,128.52169799804688,1,1.0066878572941151,2.0,1.0194378598060774,3.0,0.9653683764165264,33.0,1.0829991109512922,139.0,0.9984471690884054,528.0
2019-11-26 00:00:00-05:00,127.1903639079109,128.61741543552358,126.29410666494334,128.52169799804688,1113500,WHR,126.73786926269533,0,1.0057538488276785,2.0,1.0216502250783508,4.0,0.9750050408205513,34.0,1.0946989920187136,139.0,1.009954828648622,529.0
2019-11-27 00:00:00-05:00,129.13079171430982,129.37443366536587,125.78070824854385,126.73786926269533,832200,WHR,124.5189971923828,0,0.993011706654155,1.0,1.003320058559084,3.0,0.9605139530518801,33.0,1.0787538639224694,138.0,0.9959018316124747,529.0
2019-11-29 00:00:00-05:00,125.85902802042864,126.79879559019092,124.23184488405336,124.5189971923828,335100,WHR,124.37106323242188,0,0.9911689097232722,0.0,0.9848182248882953,3.0,0.943564780114961,32.0,1.0592023099935126,138.0,0.9783923642791725,529.0
2019-12-02 00:00:00-05:00,124.6321120005746,125.33693438034264,122.36972032406544,124.37106323242188,878700,WHR,122.63076782226562,0,0.9994056252800596,0.0,0.9851941222164848,2.0,0.942423188292743,31.0,1.0572977722484385,137.0,0.9771630557607491,528.0
2019-12-03 00:00:00-05:00,123.55314199705288,123.55314199705288,120.55981082112208,122.63076782226562,699900,WHR,123.59662628173828,1,0.9929543218253676,0.0,0.9782594406363903,1.0,0.9298245696917353,30.0,1.0417641722270201,137.0,0.9634190062962862,528.0
2019-12-04 00:00:00-05:00,123.71844726920617,125.3021333837806,123.52702566960676,123.59662628173828,607200,WHR,126.09400177001952,1,1.0039226279552984,1.0,0.9937731619644206,1.0,0.9379088691136345,30.0,1.0492071896613226,137.0,0.970916050899255,529.0
2019-12-05 00:00:00-05:00,124.0752383979019,126.26802989028964,124.0752383979019,126.09400177001952,463700,WHR,128.4086151123047,1,1.0100018791564878,2.0,1.014904027376494,2.0,0.9575609077763598,30.0,1.0695043305928196,138.0,0.990428092949968,529.0
2019-12-06 00:00:00-05:00,127.47754408266734,129.44408708179202,127.34702631098666,128.4086151123047,661700,WHR,127.2338638305664,0,1.0090946543915318,2.0,1.027102819114409,3.0,0.9753589473144657,31.0,1.0880173467835417,139.0,1.0085317328786065,529.0
2019-12-09 00:00:00-05:00,128.2606387326183,128.78273621746914,126.9554082979818,127.2338638305664,476000,WHR,125.71110534667967,0,0.9954047101772909,1.0,1.013066745819304,3.0,0.9666960295150956,31.0,1.076962747006676,139.0,0.999201235986843,529.0
2019-12-10 00:00:00-05:00,126.85100456243931,127.94739343796174,125.2151113674606,125.71110534667967,724700,WHR,127.21647644042967,1,0.9939798823086309,0.0,0.9960562420837731,3.0,0.9554540711933385,31.0,1.0631014403623325,138.0,0.9871231677827415,529.0
2019-12-11 00:00:00-05:00,125.39785827743496,127.22518647558282,125.39785827743496,127.21647644042967,472700,WHR,131.86309814453125,1,1.0059517870020878,1.0,1.0022347565995173,3.0,0.9674056885410137,31.0,1.0747898762567405,139.0,0.9988373719855648,529.0
2019-12-12 00:00:00-05:00,127.79948158013242,133.12483174910852,127.01634848814712,131.86309814453125,1800000,WHR,129.14822387695312,0,1.0179351139955566,2.0,1.0294836886355605,3.0,1.002331480404357,32.0,1.112668300984966,140.0,1.035174418736243,529.0
2019-12-13 00:00:00-05:00,130.52306845801002,131.3758154542376,125.77202292404148,129.14822387695312,1760900,WHR,129.73992919921875,1,0.9895986340877786,1.0,1.0071249934123474,2.0,0.9815827570985816,32.0,1.0884593781729304,140.0,1.0137602304632636,528.0
2019-12-16 00:00:00-05:00,129.41796328361144,130.23590993151743,126.73788814520351,129.73992919921875,975400,WHR,127.6080322265625,0,1.0022855635348116,1.0,1.007800183462333,3.0,0.9858956171655725,32.0,1.0921605859946026,140.0,1.0182947527656137,529.0
2019-12-17 00:00:00-05:00,129.56587801217114,129.56587801217114,127.0511344008668,127.6080322265625,823100,WHR,127.55582427978516,0,0.9917158971812136,1.0,0.9883273207838632,3.0,0.9698659685582809,31.0,1.07294965225364,140.0,1.0014669243556285,529.0
2019-12-18 00:00:00-05:00,128.1301288930003,128.4781850526808,126.82489837796123,127.55582427978516,422600,WHR,125.21512603759766,0,0.9997953944281445,0.0,0.9874039386433379,2.0,0.9696186694990253,31.0,1.071222531234585,140.0,1.000969722925817,528.0
2019-12-19 00:00:00-05:00,127.31219987430106,127.39051052940783,124.98019407227729,125.21512603759766,712800,WHR,128.26934814453125,1,0.9907398447517467,0.0,0.9793646432029818,1.0,0.9523779864710815,30.0,1.0502608380688774,140.0,0.9825242332257225,528.0
2019-12-20 00:00:00-05:00,125.5544598249568,128.44337621280755,124.8061271816272,128.26934814453125,1451000,WHR,126.58995819091795,0,1.012048951387607,1.0,1.0046342970584725,2.0,0.9762751787081566,30.0,1.074338598518521,141.0,1.0063760574622342,529.0
2019-12-23 00:00:00-05:00,129.21782611650696,129.5832890819213,126.09397747981708,126.58995819091795,444500,WHR,126.32891082763672,0,0.9934105213666286,1.0,0.996397418158087,1.0,0.964427609044678,29.0,1.058944448781539,140.0,0.9931081529882444,528.0
2019-12-24 00:00:00-05:00,126.52905574323891,126.92062226214728,125.58059137405174,126.32891082763672,190900,WHR,126.3376693725586,1,0.9989678612580618,0.0,0.9963489551677531,1.0,0.9637075546565009,28.0,1.0554683031986019,139.0,0.9909514838731123,528.0
2019-12-26 00:00:00-05:00,126.38987649146016,126.8336502796207,125.39790139983876,126.3376693725586,232700,WHR,126.97283935546876,1,1.000034664437675,1.0,0.998336340320081,2.0,0.9646670084576462,29.0,1.0542686649747104,139.0,0.9908891095279588,529.0
2019-12-27 00:00:00-05:00,126.25932015245988,127.1294739418566,125.90255391220887,126.97283935546876,353700,WHR,127.2338638305664,1,1.0025074758489083,2.0,1.0005759994012868,3.0,0.9701388221182703,30.0,1.0582586510253709,140.0,0.9957127079769054,530.0
2019-12-30 00:00:00-05:00,127.27737416721908,128.03440357051124,126.22448244118308,127.2338638305664,451200,WHR,128.37379455566406,1,1.001026819795962,2.0,1.004271877826638,3.0,0.9727462043471918,30.0,1.0591462415104869,140.0,0.9975864999179811,531.0
2019-12-31 00:00:00-05:00,127.42533005959824,128.92199572196537,126.65089367549498,128.37379455566406,415700,WHR,129.17433166503906,1,1.0044596892452071,2.0,1.0104241248269568,4.0,0.9821757130678053,30.0,1.067287966975321,141.0,1.0063335488443355,532.0
2020-01-02 00:00:00-05:00,129.6007118158836,130.044485483298,126.89453290999862,129.17433166503906,806200,WHR,126.97283935546876,0,1.0031083010430795,2.0,1.0121912725204893,5.0,0.989095857647325,30.0,1.0727201372350028,141.0,1.0124102845275296,533.0
2020-01-03 00:00:00-05:00,127.60804790403029,127.60804790403029,126.17229946252296,126.97283935546876,521100,WHR,128.16493225097656,1,0.9914053616098926,1.0,0.9939513001020447,4.0,0.9730916875922229,30.0,1.0534118016339693,140.0,0.9949515663839279,533.0
2020-01-06 00:00:00-05:00,125.87643705545489,128.56520879388637,124.78874493367918,128.16493225097656,560300,WHR,128.20846557617188,1,1.0046723497191417,1.0,1.0014140829075568,4.0,0.9830518552747396,30.0,1.0623033472675403,140.0,1.0041019333897214,533.0
2020-01-07 00:00:00-05:00,128.13015491596275,129.63551736467943,127.56456022223796,128.20846557617188,786500,WHR,130.00099182128906,1,1.000169804377382,2.0,1.000230871865924,4.0,0.9843409829180377,30.0,1.061747624375341,140.0,1.004218985369978,534.0
2020-01-08 00:00:00-05:00,128.0605522752327,130.73193121333085,128.0605522752327,130.00099182128906,540100,WHR,130.83633422851562,1,1.0069421401647498,2.0,1.0116469219020585,4.0,0.998943891045415,30.0,1.0756312393245138,140.0,1.0180091461927725,535.0
2020-01-09 00:00:00-05:00,131.13218335275184,131.18439045967656,128.92199840214218,130.83633422851562,721400,WHR,130.24462890625,0,1.0032025416756,2.0,1.0155205883552618,4.0,1.0061302016039435,30.0,1.0815649607242959,140.0,1.0243134427093241,535.0
2020-01-10 00:00:00-05:00,130.77542331442396,131.2366170950459,128.57393501761098,130.24462890625,839700,WHR,132.9420928955078,1,0.9977336328349601,1.0,1.0058193846600392,4.0,1.0024378493913912,29.0,1.0757479925325133,139.0,1.01946676917856,534.0
2020-01-13 00:00:00-05:00,130.6883978012417,132.97690648195967,130.25332091304398,132.9420928955078,1087100,WHR,133.3336944580078,1,1.0102492404282069,1.0,1.0191311392684614,4.0,1.0238260314349745,29.0,1.0969842727679204,140.0,1.0403414787134364,534.0
2020-01-14 00:00:00-05:00,132.94212781128775,134.32566949253027,132.26340874964063,133.3336944580078,726900,WHR,133.94276428222656,1,1.001470661551289,2.0,1.0141638705703173,4.0,1.0274915215614027,29.0,1.0991366402600533,141.0,1.0431606852031134,535.0
2020-01-15 00:00:00-05:00,132.7593678940042,136.30088685580006,132.47221555480567,133.94276428222656,1012400,WHR,134.14291381835938,1,1.0022788008606875,2.0,1.0127238965894978,4.0,1.0328596876224923,29.0,1.1031251127519144,141.0,1.0476811226554867,535.0
2020-01-16 00:00:00-05:00,135.07397148578042,135.75269039174893,132.89858697242155,134.14291381835938,833700,WHR,132.8115692138672,0,1.0007465879473716,2.0,1.0091911205498716,4.0,1.035006944395069,30.0,1.1037812737589168,141.0,1.0489880815071089,536.0
2020-01-17 00:00:00-05:00,134.55187668900405,135.26539584951414,132.31557521025687,132.8115692138672,784500,WHR,131.7412567138672,0,0.9950128404311852,1.0,0.9953307636298833,4.0,1.0255043697167414,30.0,1.091868259467013,141.0,1.0383297761144368,536.0
2020-01-21 00:00:00-05:00,131.94140161227176,133.07259073025472,130.4534330352846,131.7412567138672,968200,WHR,127.64285278320312,0,0.9959542579209024,0.0,0.9890897624052374,3.0,1.018319295158412,29.0,1.0819672422952862,141.0,1.0297402294479139,535.0
2020-01-22 00:00:00-05:00,131.73257265886824,132.16764952388564,127.41660431579906,127.64285278320312,1233400,WHR,131.1495819091797,1,0.9841994795339983,0.0,0.9665792579665294,2.0,0.9880308231912708,29.0,1.0474720904489074,140.0,0.9975289252688969,534.0
2020-01-23 00:00:00-05:00,126.93804070021422,131.64556267130288,125.58060289546448,131.1495819091797,908200,WHR,130.01837158203125,0,1.0135503540903152,1.0,0.9973531616837605,2.0,1.016015276273078,30.0,1.0753326610175729,140.0,1.024704492833718,535.0
2020-01-24 00:00:00-05:00,130.99293953211176,132.82896447359795,128.7479545438895,130.01837158203125,1026100,WHR,128.98287963867188,0,0.9956686480403634,1.0,0.9949924144370191,1.0,1.0076917486569812,30.0,1.0651719724059925,140.0,1.0156653755596046,534.0
2020-01-27 00:00:00-05:00,127.2338754760721,131.0712564917303,126.32021143270228,128.98287963867188,1542300,WHR,136.3269805908203,1,0.9960019809229531,0.0,0.9928863805003213,1.0,1.0003418812043223,29.0,1.0561973548588819,139.0,1.0074143457181268,533.0
2020-01-28 00:00:00-05:00,131.39321063255264,137.80623924707913,128.65223174823458,136.3269805908203,3026200,WHR,134.09068298339844,0,1.027681221292702,1.0,1.042062937098825,2.0,1.0569247731217997,30.0,1.1154153716655282,140.0,1.0645300221476877,534.0
2020-01-29 00:00:00-05:00,136.7794545794594,137.86714664364175,133.82963423249646,134.09068298339844,944800,WHR,132.95077514648438,0,0.991730208826362,1.0,1.0149642592134067,2.0,1.0392137702621076,30.0,1.0963205187707874,139.0,1.046828553020617,534.0
2020-01-30 00:00:00-05:00,133.0116922773817,134.69108250938223,131.46281978660195,132.95077514648438,760500,WHR,127.19036865234376,0,0.995731345069425,0.0,1.0035994790027705,1.0,1.029925811481491,30.0,1.0862508101004043,139.0,1.0377131179620462,533.0
2020-01-31 00:00:00-05:00,133.29014149728036,133.9775703768441,126.35502851001606,127.19036865234376,1084200,WHR,128.04312133789062,1,0.9778566111841377,0.0,0.9642329753910145,1.0,0.986081400116088,29.0,1.0387370659184887,138.0,0.9925734054000533,533.0
2020-02-03 00:00:00-05:00,127.93001037702162,130.01837410413071,127.03375306036712,128.04312133789062,742600,WHR,130.6622772216797,1,1.003341068938796,1.0,0.9720827996093614,2.0,0.9937384481918752,29.0,1.0452193697958436,139.0,0.9990141136529249,534.0
2020-02-04 00:00:00-05:00,131.13215435759997,132.16763934096065,130.03576552212516,130.6622772216797,697200,WHR,134.395263671875,1,1.0101240866961885,2.0,1.0005730424795518,2.0,1.0146424282174273,30.0,1.0659831935330195,140.0,1.019225167199852,534.0
2020-02-05 00:00:00-05:00,132.99431539854749,135.09138942910195,132.13287155775546,134.395263671875,856300,WHR,133.1857452392578,0,1.0140836832546276,2.0,1.0286792917357057,3.0,1.0437024095093517,31.0,1.0956647480094595,141.0,1.0481039613852443,534.0
2020-02-06 00:00:00-05:00,134.6737141546065,135.48295085633558,133.15094492759488,133.1857452392578,599000,WHR,129.8356475830078,0,0.995479804648547,1.0,1.0190549236456683,3.0,1.0343646266905715,31.0,1.0850577992553398,141.0,1.0384645397084407,533.0
2020-02-07 00:00:00-05:00,131.81959708155685,131.81959708155685,129.29614322639,129.8356475830078,699000,WHR,130.0096893310547,1,0.9872630221431692,0.0,0.989416881988362,3.0,1.0089699612167218,30.0,1.0571425354903607,141.0,1.0121783414883554,532.0
2020-02-10 00:00:00-05:00,129.29615680406295,131.2278994045845,128.82627956927118,130.0096893310547,431900,WHR,132.24598693847656,1,1.000669789768459,1.0,0.9877825324583543,3.0,1.0108533268647704,31.0,1.0580335702703303,141.0,1.0133833808229809,532.0
2020-02-11 00:00:00-05:00,131.27141881239064,133.41200326360928,130.6188033827806,132.24598693847656,643900,WHR,132.69845581054688,1,1.0085271657004042,2.0,1.0023611751643207,3.0,1.0279048866394622,32.0,1.0756644331604008,141.0,1.030675312411823,532.0
2020-02-12 00:00:00-05:00,132.95079457294196,134.67370867375286,131.63686710186303,132.69845581054688,537100,WHR,132.28948974609375,0,1.0017077877436324,2.0,1.008384436717778,3.0,1.031127708737186,32.0,1.078747926304184,142.0,1.0340703737849801,532.0
2020-02-13 00:00:00-05:00,131.7761021573395,132.86379447800232,130.83633439898753,132.28948974609375,498200,WHR,132.40260314941406,1,0.998456661628158,1.0,1.0066478726763313,3.0,1.0270621180724389,32.0,1.0748958772123642,141.0,1.0307686427880438,531.0
2020-02-14 00:00:00-05:00,132.31558245989237,133.55990927708854,131.58465646688526,132.40260314941406,528800,WHR,128.8523406982422,0,1.0004273395630483,1.0,1.003587969856982,4.0,1.0268996952643088,33.0,1.0753479800492942,141.0,1.0315379040253108,531.0
2020-02-18 00:00:00-05:00,131.12344201988677,132.03710591296024,126.27668031974324,128.8523406982422,1154400,WHR,128.10403442382812,0,0.9864107358165742,1.0,0.978394209283261,3.0,0.9985667976927335,33.0,1.046212851155756,140.0,1.0038131440634679,530.0
2020-02-19 00:00:00-05:00,129.59198988103114,130.8276198736982,127.0598525932924,128.10403442382812,671900,WHR,129.7225341796875,1,0.9970878080994933,0.0,0.9788693868566024,2.0,0.99225911792213,32.0,1.0398664309392696,139.0,0.9979294453338987,529.0
2020-02-20 00:00:00-05:00,128.09535077127762,130.29683889235935,127.19038335540192,129.7225341796875,650800,WHR,128.07794189453125,0,1.0062774746785244,1.0,0.9957653452647977,2.0,1.004043290275208,33.0,1.0527551134995492,139.0,1.010483553214653,529.0
2020-02-21 00:00:00-05:00,128.58263269950706,129.42668296054498,126.35504106202316,128.07794189453125,531500,WHR,122.49152374267578,0,0.9936206778583186,1.0,0.9895392938670867,2.0,0.9909672085148097,32.0,1.0391921984165633,139.0,0.997640233236149,528.0
2020-02-24 00:00:00-05:00,123.518298598645,124.257934456073,121.92591594655732,122.49152374267578,1100400,WHR,119.34159088134766,0,0.9777051120827951,0.0,0.9610971840799745,1.0,0.9483014477512904,31.0,0.993801049960694,139.0,0.9541316637159314,528.0
2020-02-25 00:00:00-05:00,123.53573865918987,123.74458035550144,117.2967373746246,119.34159088134766,1452000,WHR,119.4808120727539,1,0.986974766188554,0.0,0.9505690443371179,1.0,0.9250110659226355,30.0,0.9682722380306961,139.0,0.9296417364721992,527.0
2020-02-26 00:00:00-05:00,120.06381350554238,123.0310410487956,118.88911388216005,119.4808120727539,1104300,WHR,115.39015197753906,0,1.0005829486249371,1.0,0.9649332299328579,2.0,0.9269591733050535,31.0,0.9694172822569362,140.0,0.930759978798387,528.0
2020-02-27 00:00:00-05:00,117.27748471956862,122.1932991710536,115.23214982694624,115.39015197753906,1643800,WHR,112.23877716064452,0,0.9825833724838847,1.0,0.953981335862176,1.0,0.8962808714121944,31.0,0.9363614905136668,140.0,0.8989515444754497,528.0
2020-02-28 00:00:00-05:00,110.29878346767347,114.29288576592766,108.99082525241344,112.23877716064452,1905200,WHR,117.51449584960938,1,0.9861556488939001,0.0,0.9528834253496499,1.0,0.8731743102119176,31.0,0.9110537061793239,139.0,0.8744786485238653,527.0
2020-03-02 00:00:00-05:00,112.35288430082562,117.611057190762,111.18538147127684,117.51449584960938,1481000,WHR,112.2475357055664,0,1.02296253985783,1.0,1.0061761341735755,2.0,0.914824236081139,32.0,0.9539639062231611,140.0,0.9156256759856136,528.0
2020-03-03 00:00:00-05:00,116.71567045012898,119.43692113876772,111.05369263220253,112.2475357055664,1125000,WHR,115.82030487060548,1,0.9770764555466679,1.0,0.9728984932590558,2.0,0.8751107244877104,31.0,0.9113709508896536,140.0,0.8746981592769559,527.0
2020-03-04 00:00:00-05:00,113.51161939461574,115.943199911463,111.96665125318452,115.82030487060548,701000,WHR,109.6052703857422,0,1.0156653790206156,1.0,1.0102758950197313,2.0,0.904171969086979,31.0,0.9404012788018097,141.0,0.9026355404544998,527.0
2020-03-05 00:00:00-05:00,112.67765901680788,113.94172962528884,108.85912020050996,109.6052703857422,892500,WHR,106.32221221923828,0,0.9724297720975283,1.0,0.9658104864499771,2.0,0.857751701993767,30.0,0.8901410637758697,140.0,0.8543462711960796,526.0
2020-03-06 00:00:00-05:00,106.2256508918536,108.99080217265536,103.20592944769922,106.32221221923828,1931900,WHR,98.6500015258789,0,0.9847955520673116,0.0,0.9467529205701524,2.0,0.8343347231446645,30.0,0.8637444732105736,140.0,0.8289466808440629,525.0
2020-03-09 00:00:00-04:00,98.98357941505397,101.06402102068644,97.41227137657894,98.6500015258789,1814700,WHR,103.03038024902344,1,0.9625695085534873,0.0,0.9089731085321618,1.0,0.7768786943035965,30.0,0.8019613008988657,139.0,0.7693646337691815,524.0
2020-03-10 00:00:00-04:00,102.7494763599054,103.35517139430796,96.4993564554326,103.03038024902344,1128800,WHR,96.99093627929688,0,1.0217194091194925,1.0,0.9657380898518149,2.0,0.8139585011253712,30.0,0.838023189657226,139.0,0.8037510200272362,524.0
2020-03-11 00:00:00-04:00,99.65074643597258,101.8365367228033,96.3150136004404,96.99093627929688,1090100,WHR,90.2316665649414,0,0.9698059983078281,1.0,0.9423937264822179,1.0,0.7697803372470271,29.0,0.7894588066637723,139.0,0.7568812681007565,524.0
2020-03-12 00:00:00-04:00,90.35456157548268,93.34794247120384,87.44018174484847,90.2316665649414,1625900,WHR,101.327392578125,1,0.963897149106623,0.0,0.9110165147189522,1.0,0.7198401416589953,29.0,0.7349843555842921,139.0,0.7043980571280567,524.0
2020-03-13 00:00:00-04:00,94.6208066350872,101.6434102778306,90.70570590793096,101.327392578125,2187000,WHR,81.45341491699219,0,1.0579232643072063,1.0,1.033467093139268,2.0,0.8114237637291534,29.0,0.8256794585574578,139.0,0.7912346896420672,525.0
2020-03-16 00:00:00-04:00,92.17166162192588,95.84097184771836,80.88282710082984,81.45341491699219,2274200,WHR,85.47386169433594,1,0.8912687938438847,1.0,0.8609682493895106,2.0,0.6563170775316924,29.0,0.6643971822463417,139.0,0.6363187154811666,524.0
2020-03-17 00:00:00-04:00,83.58653574299683,89.99465715102737,77.88067063730146,85.47386169433594,1816100,WHR,78.10891723632812,0,1.0240850198898586,1.0,0.9382889876447389,2.0,0.6926263793131905,30.0,0.697763961680867,140.0,0.6680010397307693,524.0
2020-03-18 00:00:00-04:00,79.45198920210898,84.16590792927882,75.43154673787292,78.10891723632812,1869400,WHR,72.4820327758789,0,0.9549772628503304,1.0,0.8945232077224152,2.0,0.6369980766733787,30.0,0.6383805341690043,139.0,0.6107292482889657,523.0
2020-03-19 00:00:00-04:00,76.37079901668866,82.48046213435072,67.57499269742982,72.4820327758789,1840500,WHR,65.35411071777344,0,0.9626346439809756,0.0,0.8652595306360509,2.0,0.595625833006889,29.0,0.5931081157898033,139.0,0.5670248954041424,522.0
2020-03-20 00:00:00-04:00,73.98313763995428,74.10603268342709,64.72208193588938,65.35411071777344,1614600,WHR,56.37394714355469,0,0.9482869886124337,0.0,0.8534713054956752,1.0,0.5415939225702153,29.0,0.5355541017147505,138.0,0.5115647439832609,521.0
2020-03-23 00:00:00-04:00,64.88885067607848,65.23998216858254,56.18082448781364,56.37394714355469,1829600,WHR,73.04385375976562,1,0.9262276608039791,0.0,0.787801433992257,1.0,0.4717325935906362,29.0,0.4627937659121335,137.0,0.4415711114015211,520.0
2020-03-24 00:00:00-04:00,60.16615621501914,75.20330352965402,60.13104239388967,73.04385375976562,2602400,WHR,72.32404327392578,0,1.1288069067767883,1.0,1.057494332400484,1.0,0.6158020470178132,29.0,0.6004055571155168,137.0,0.5724571466382661,521.0
2020-03-25 00:00:00-04:00,74.61516839210068,77.79289915111346,70.48939117168362,72.32404327392578,1688100,WHR,73.03507995605469,1,0.995048353174752,1.0,1.0649106523361953,1.0,0.6144518084894683,28.0,0.5952644652299188,136.0,0.5671224521951566,521.0
2020-03-26 00:00:00-04:00,73.64956183312863,74.91362601689302,67.76812688141774,73.03507995605469,1915100,WHR,73.96556854248047,1,1.0048915862061436,1.0,1.0736315195117812,2.0,0.6252913706760166,28.0,0.6019019634096027,136.0,0.5730088903795371,521.0
2020-03-27 00:00:00-04:00,69.98024050560909,74.76438615730004,68.18069579408709,73.96556854248047,1363000,WHR,76.99407196044922,1,1.006329826405052,2.0,1.0604610865594282,3.0,0.6382126080917117,28.0,0.6103759969303683,136.0,0.5806133742937082,522.0
2020-03-30 00:00:00-04:00,73.42132252876239,77.6085538141236,71.11264392998112,76.99407196044922,1498900,WHR,75.31743621826172,0,1.0200616761399215,2.0,1.0422558796434773,4.0,0.6693669845212905,28.0,0.6361469938216691,136.0,0.6046970057809027,522.0
2020-03-31 00:00:00-04:00,76.30937669651296,78.4863870463173,74.61517308676933,75.31743621826172,1281400,WHR,70.75272369384766,0,0.9889920613206701,1.0,1.0133221175461034,3.0,0.6597285750791103,28.0,0.6230610989169934,136.0,0.5918442922751684,521.0
2020-04-01 00:00:00-04:00,70.2260298097299,72.53470812870538,69.13752822291639,70.75272369384766,806900,WHR,71.6568832397461,1,0.9687498628935529,0.0,0.9559502596260717,3.0,0.624983163667147,27.0,0.5861385353117318,135.0,0.5562968600845659,520.0
2020-04-02 00:00:00-04:00,69.36575846595717,73.16674396241056,69.16386237936607,71.6568832397461,1139200,WHR,72.5434799194336,1,1.0063490066812701,1.0,0.9717856165757408,3.0,0.6382840521088232,27.0,0.594490513958491,135.0,0.5637358875090289,520.0
2020-04-03 00:00:00-04:00,71.98167228131268,74.00944651586546,69.21652133592914,72.5434799194336,1071500,WHR,81.1900634765625,1,1.006148366483022,2.0,0.9876187481829624,3.0,0.6517407990127864,27.0,0.6027329829998588,135.0,0.5710371918089002,521.0
2020-04-06 00:00:00-04:00,76.50247939556228,81.76065128459449,75.82655013615836,81.1900634765625,1422400,WHR,83.31441497802734,1,1.0562439618974795,2.0,1.092848964557692,3.0,0.7348859265007794,27.0,0.6753161464266155,136.0,0.6394232437316586,521.0
2020-04-07 00:00:00-04:00,83.69187348445719,86.3077962190024,81.49730990413545,83.31441497802734,1108000,WHR,87.50164031982422,1,1.0129136393210794,2.0,1.0978093810105793,4.0,0.7594913528695599,28.0,0.6937443696810889,136.0,0.656489321387116,521.0
2020-04-08 00:00:00-04:00,83.77966232126354,88.22145691431864,83.06861915914929,87.50164031982422,850200,WHR,91.95221710205078,1,1.0245130666113067,2.0,1.1042429176422452,5.0,0.8032072126872212,28.0,0.7293626132154545,136.0,0.6898137838108915,521.0
2020-04-09 00:00:00-04:00,89.73131975578033,93.83954318393486,89.47674956824463,91.95221710205078,1229700,WHR,88.3531265258789,0,1.0248006749265008,2.0,1.1038633400233582,5.0,0.8494382827674624,28.0,0.7671413834262362,136.0,0.7252143278284942,522.0
2020-04-13 00:00:00-04:00,91.9522092725075,92.64569213179192,85.4914138895115,88.3531265258789,866700,WHR,90.86371612548828,1,0.9800389134134659,1.0,1.0218688863221765,4.0,0.8219599822844236,27.0,0.737786010861643,136.0,0.6971469074114525,522.0
2020-04-14 00:00:00-04:00,91.276295167274,91.64498025672114,89.38018894049975,90.86371612548828,908000,WHR,87.68598175048828,0,1.014008669957953,1.0,1.0279047080007235,4.0,0.8510271471577239,27.0,0.7593993976522352,136.0,0.7172692268681858,523.0
2020-04-15 00:00:00-04:00,87.72987570094072,88.27412318180245,83.2793010344901,87.68598175048828,1144500,WHR,84.83305358886719,0,0.9822025216911467,1.0,0.9822411685674745,3.0,0.8270906678633898,27.0,0.7335367679203935,136.0,0.6924984061959002,523.0
2020-04-16 00:00:00-04:00,86.4658095123961,87.44019632796262,82.34880588080925,84.83305358886719,1000900,WHR,92.46133422851562,1,0.9834631108618872,0.0,0.9559987582169512,2.0,0.8061252676941902,27.0,0.7104566157303813,135.0,0.670259228462249,523.0
2020-04-17 00:00:00-04:00,88.37944551900043,92.89146672130644,87.5806213351138,92.46133422851562,1023400,WHR,87.78254699707031,0,1.0430260694292577,1.0,1.040768961229774,2.0,0.8835358750296801,28.0,0.77500858216847,135.0,0.730798569870727,524.0
2020-04-20 00:00:00-04:00,90.2316808619618,91.39919034436927,87.48408955197316,87.78254699707031,761100,WHR,86.18490600585938,0,0.9740419081101037,1.0,0.9893741778384898,2.0,0.844660473102801,27.0,0.7365529672705461,134.0,0.6940845416228146,524.0
2020-04-21 00:00:00-04:00,85.18418549314607,88.29168850004204,84.63993128382184,86.18490600585938,734000,WHR,87.21196746826172,1,0.9908164374218663,0.0,0.9817215347042534,1.0,0.8351584677116769,27.0,0.7239212732642465,134.0,0.681719796526698,524.0
2020-04-22 00:00:00-04:00,88.66038097211312,88.66038097211312,85.29830749225967,87.21196746826172,662200,WHR,89.75764465332031,1,1.0059231832836688,1.0,0.9944946062874593,2.0,0.8508510385857982,28.0,0.7332201466562036,135.0,0.6901205673974417,524.0
2020-04-23 00:00:00-04:00,88.23900380676093,91.29383906058986,87.6859762311633,89.75764465332031,727200,WHR,91.8030014038086,1,1.014384826606896,2.0,1.0121557135105554,3.0,0.8823685237938488,28.0,0.7552941455385418,135.0,0.7105359561755525,524.0
2020-04-24 00:00:00-04:00,90.62671163582296,92.22435393467082,89.32753351884044,91.8030014038086,914400,WHR,95.84098815917967,1,1.0112654189930823,2.0,1.0367595836047552,3.0,0.9087719952482523,29.0,0.7731734655690025,135.0,0.7269853513544917,525.0
2020-04-27 00:00:00-04:00,92.61059005798631,96.56080479979616,92.32090603624046,95.84098815917967,816000,WHR,99.94042205810548,1,1.0215194036578272,2.0,1.0630135917064212,4.0,0.9545892051555295,30.0,0.80777639992946,135.0,0.7592125374266359,525.0
2020-04-28 00:00:00-04:00,98.7114651388822,100.54612373697672,97.50006847841613,99.94042205810548,889600,WHR,107.53363037109376,1,1.0209388311912562,2.0,1.0756598474052197,5.0,0.9999434178739475,31.0,0.8428547194994811,135.0,0.7919242034734452,525.0
2020-04-29 00:00:00-04:00,104.81237249299504,108.7801410504978,102.71436995459835,107.53363037109376,1268600,WHR,98.08819580078124,0,1.0365983515725634,2.0,1.1088783510165103,5.0,1.079608830067055,31.0,0.9072940723673061,135.0,0.8522885868700643,526.0
2020-04-30 00:00:00-04:00,103.0830238323696,104.39976176430112,98.08819580078124,98.08819580078124,1537300,WHR,98.48323822021484,1,0.9540640468662248,1.0,0.9943933012659436,4.0,0.9901762372262332,30.0,0.8282342966292501,134.0,0.7776737939201457,525.0
2020-05-01 00:00:00-04:00,98.97481832330406,104.24177096135128,95.77953425867088,98.48323822021484,1996800,WHR,93.0670394897461,0,1.0020096634152418,1.0,0.9850560399455931,4.0,1.000207397727671,30.0,0.8321374645724996,135.0,0.781028504459444,526.0
2020-05-04 00:00:00-04:00,96.1130944875017,97.64051539933084,92.89147710086442,93.0670394897461,1445200,WHR,95.91120910644533,1,0.971724401576333,1.0,0.9360761863098777,3.0,0.9516624297165807,30.0,0.7870039932629882,135.0,0.73831343991798,526.0
2020-05-05 00:00:00-04:00,95.94632292759286,98.20233403242928,95.41084887532678,95.91120910644533,1082800,WHR,94.04144287109376,0,1.0150502485753092,1.0,0.9725659597481124,3.0,0.9864489099758722,31.0,0.8116103093609575,136.0,0.7610921018175045,527.0
2020-05-06 00:00:00-04:00,96.30623425560678,97.21039344391905,93.80443293423868,94.04144287109376,808700,WHR,93.83953094482422,0,0.9901566721186253,1.0,0.9804335179820967,2.0,0.9732187714795417,30.0,0.7963116114447342,136.0,0.7464720002891648,527.0
2020-05-07 00:00:00-04:00,95.612735199172,96.7363505719004,93.58496079049108,93.83953094482422,693800,WHR,98.8431396484375,1,0.9989253199929261,0.0,0.9870728865668152,2.0,0.9776052323004405,29.0,0.7951415416157988,135.0,0.7450973612586917,526.0
2020-05-08 00:00:00-04:00,96.63979599807035,100.08965012104504,95.15627561199148,98.8431396484375,703500,WHR,95.3932876586914,0,1.0259681303368247,1.0,1.0389178983712597,2.0,1.035820915947884,29.0,0.8378158974355687,136.0,0.7850271536643543,527.0
2020-05-11 00:00:00-04:00,96.56079708534236,96.7539197510773,94.01510200454622,95.3932876586914,583700,WHR,92.8300323486328,0,0.9822389031883749,1.0,0.9977780159737191,2.0,1.0061522327354784,29.0,0.8089593252786805,135.0,0.7578455641625422,526.0
2020-05-12 00:00:00-04:00,95.4020609359706,96.3325536797411,92.68080364392924,92.8300323486328,613300,WHR,91.07437896728516,0,0.9863818398806329,0.0,0.9772663857774915,1.0,0.9859754330622904,28.0,0.7877021835638041,134.0,0.7377108886791139,525.0
2020-05-13 00:00:00-04:00,92.1716606415898,92.49645842820328,89.2748343425152,91.07437896728516,821300,WHR,95.87899017333984,1,0.9904534460658927,0.0,0.9648110900318769,1.0,0.9738406910414233,28.0,0.7733321322769546,133.0,0.7239881823850651,525.0
2020-05-14 00:00:00-04:00,90.71914667990232,95.97668142499228,89.72447519746157,95.87899017333984,1631000,WHR,96.62500762939452,1,1.0256995165593443,1.0,1.0113394456176248,2.0,1.031137222900842,29.0,0.8145215442905234,134.0,0.7624295582635375,525.0
2020-05-15 00:00:00-04:00,94.23602326235992,96.7404578614808,93.0104511906696,96.62500762939452,639600,WHR,105.3194580078125,1,1.0038753348739236,2.0,1.0240002133247366,2.0,1.0453619224205846,29.0,0.8212554859143796,134.0,0.7686076059725211,525.0
2020-05-18 00:00:00-04:00,99.68892424697442,106.3851788580223,99.68892424697442,105.3194580078125,1102300,WHR,105.22179412841795,0,1.0430536699829027,2.0,1.0931426765494106,3.0,1.1441200747991642,30.0,0.8953984075085522,134.0,0.8379668014041264,526.0
2020-05-19 00:00:00-04:00,105.07081240486364,108.18803650770325,102.85056866863953,105.22179412841795,1112700,WHR,105.55926513671876,1,0.9995361294833975,1.0,1.064740074800609,3.0,1.1466444242661908,30.0,0.8947771380524168,134.0,0.8374014780820067,525.0
2020-05-20 00:00:00-04:00,107.1756022505347,108.0015331632654,105.17738295608744,105.55926513671876,767600,WHR,105.68357849121094,1,1.0016010499685188,1.0,1.0377342513466565,4.0,1.1532086860705393,31.0,0.8977170376373194,135.0,0.8402975353350146,525.0
2020-05-21 00:00:00-04:00,105.59477011651532,107.92158070150586,104.13829108944432,105.68357849121094,352900,WHR,106.30525207519533,1,1.0005884855191172,2.0,1.0193067386297454,4.0,1.157474573427083,31.0,0.8988103277417169,136.0,0.8415001646171691,525.0
2020-05-22 00:00:00-04:00,105.04415544073744,106.51840032165074,103.39229379675646,106.30525207519533,535900,WHR,111.50062561035156,1,1.0029325770717419,2.0,1.006508202732517,4.0,1.1662172888789801,32.0,0.9040517724394926,137.0,0.8466593618855445,526.0
2020-05-26 00:00:00-04:00,111.01216935493184,113.45443708074032,109.85764008338248,111.50062561035156,891100,WHR,114.73329162597656,1,1.023853229262513,2.0,1.0434847365489515,4.0,1.22337802775691,33.0,0.9479586113871,138.0,0.8882134313290103,527.0
2020-05-27 00:00:00-04:00,114.156020253872,115.76348773973822,112.28214119637524,114.73329162597656,763000,WHR,108.05481719970705,0,1.0142890423112292,2.0,1.0549566636617624,5.0,1.2594871995189028,33.0,0.9750365230953799,139.0,0.914128237904949,527.0
2020-05-28 00:00:00-04:00,114.28926521333032,114.6977824594872,107.91272512830191,108.05481719970705,992000,WHR,108.18802642822266,1,0.9700232006929286,1.0,0.9890102039905678,4.0,1.1870847074453827,33.0,0.9179764799225894,139.0,0.8611345009095142,526.0
2020-05-29 00:00:00-04:00,107.54859520766018,108.86298235833256,106.07435702749272,108.18802642822266,782600,WHR,109.91981506347656,1,1.0006160168183176,1.0,0.9857103902579893,4.0,1.1902114144684535,33.0,0.9188642810242827,139.0,0.8624291833256835,526.0
2020-06-01 00:00:00-04:00,107.92159586172563,110.4882036477908,107.31768934305954,109.91981506347656,469900,WHR,113.79192352294922,1,1.0079400567325307,2.0,0.9949357024785078,4.0,1.2091936420879554,34.0,0.9335007784738234,139.0,0.8764513217376383,527.0
2020-06-02 00:00:00-04:00,111.0388161787752,113.854083293909,110.44379255046212,113.79192352294922,527900,WHR,115.60363006591795,1,1.0173084724294732,2.0,1.0257293235484037,4.0,1.2500774788798008,35.0,0.9661771608648188,140.0,0.9075102385211304,528.0
2020-06-03 00:00:00-04:00,115.91446955797296,117.14892432860462,113.8807190440385,115.60363006591795,624200,WHR,119.7954559326172,1,1.0078977404514813,2.0,1.0404276951593068,4.0,1.2660502831149052,36.0,0.9813621224983974,140.0,0.9221185721527699,529.0
2020-06-04 00:00:00-04:00,114.43135368029148,119.85762925429675,113.67646548118918,119.7954559326172,1129800,WHR,121.5361328125,1,1.0178073158139846,2.0,1.0558408122867258,5.0,1.3079552285959728,36.0,1.0166139489241615,140.0,0.9556875471041076,530.0
2020-06-05 00:00:00-04:00,122.15779827304485,124.60006608691371,119.6888886216734,121.5361328125,983000,WHR,125.12403869628906,1,1.0072128016433075,2.0,1.046557906350199,5.0,1.321059832054067,37.0,1.0310324673268156,140.0,0.9697039665509586,530.0
2020-06-08 00:00:00-04:00,122.95707893179078,126.93575137980126,122.3975868000848,125.12403869628906,805800,WHR,121.6781997680664,0,1.0145459474135703,2.0,1.0499604824139124,5.0,1.3515161087740575,38.0,1.0609794441771034,140.0,0.9984243822908047,531.0
2020-06-09 00:00:00-04:00,122.40644602022276,124.59115767411454,120.22172081504236,121.6781997680664,640800,WHR,119.56456756591795,0,0.9860380564225704,1.0,1.007707889429194,4.0,1.3094986774877082,37.0,1.0314005193557787,140.0,0.9710533762077809,530.0
2020-06-10 00:00:00-04:00,121.65158850436455,122.21997034712224,118.8274450344633,119.56456756591795,730900,WHR,108.774169921875,0,0.9912385675827442,0.0,0.9837492462861434,3.0,1.278015470277896,37.0,1.0133475933229137,139.0,0.9543369628171093,529.0
2020-06-11 00:00:00-04:00,114.0050561645968,120.77236740500756,108.50773799801324,108.774169921875,1058500,WHR,108.43668365478516,0,0.9527439024899582,0.0,0.9114994385077002,2.0,1.1578716010137262,36.0,0.9221244509451736,138.0,0.8684201112330171,529.0
2020-06-12 00:00:00-04:00,113.74750871927358,113.86296570966908,106.23420605009156,108.43668365478516,966800,WHR,111.54502868652344,1,0.9984462734640894,0.0,0.9290681528815056,1.0,1.1481017728781855,36.0,0.919565781354978,137.0,0.8659426694562067,528.0
2020-06-15 00:00:00-04:00,105.07968089560096,112.46865076746168,103.52551049295054,111.54502868652344,805900,WHR,112.1844711303711,1,1.0141300156210966,1.0,0.9784674820313614,1.0,1.1729270141277137,37.0,0.9462390858104175,137.0,0.8909694819795514,528.0
2020-06-16 00:00:00-04:00,116.51838430575872,116.83809993413482,110.55037505257846,112.1844711303711,659800,WHR,112.11341857910156,0,1.0028581051867143,2.0,1.0007447475959146,2.0,1.1700480665849473,38.0,0.9519639797865049,137.0,0.8961870671373265,529.0
2020-06-17 00:00:00-04:00,112.81501636759305,114.138286427535,111.75817824907924,112.11341857910156,487900,WHR,112.45977783203124,1,0.9996832223817996,1.0,1.0135851544706995,2.0,1.1580862208952614,38.0,0.9516433734607265,137.0,0.8956844116201959,529.0
2020-06-18 00:00:00-04:00,110.9322559071592,113.27683263681358,110.61254028260215,112.45977783203124,479800,WHR,112.86829376220705,1,1.0015423000539012,1.0,1.0099858380388214,3.0,1.1538342346099373,38.0,0.9548674110282519,137.0,0.8985512437160369,529.0
2020-06-19 00:00:00-04:00,114.96420413944836,115.07966113627438,110.88784038179172,112.86829376220705,1447900,WHR,111.70490264892578,0,1.0018129828533369,2.0,1.0056497553817882,4.0,1.1500522292015052,39.0,0.9585642315751837,138.0,0.9019285700029124,529.0
2020-06-22 00:00:00-04:00,111.34966229321446,112.7528579716687,110.1329730526345,111.70490264892578,548100,WHR,113.2590560913086,1,0.9948195460016012,1.0,0.9950005408784282,3.0,1.130772280541682,38.0,0.9488783304983363,138.0,0.8927677807741489,528.0
2020-06-23 00:00:00-04:00,113.6231792639658,114.95532531401768,111.31412069002636,113.2590560913086,650900,WHR,109.67113494873048,0,1.006908455252503,1.0,1.0069164186628756,3.0,1.1389541984108988,38.0,0.9622864554762315,138.0,0.905318995283699,528.0
2020-06-24 00:00:00-04:00,111.8736192594972,112.36206871476182,106.75817685513027,109.67113494873048,669500,WHR,110.39051818847656,1,0.9839056292652003,1.0,0.9792709748440682,3.0,1.0968661025726458,37.0,0.9321855660921987,137.0,0.8767724655737462,528.0
2020-06-25 00:00:00-04:00,107.94825014692306,110.42603612469432,107.18448578096738,110.39051818847656,440800,WHR,109.05836486816406,0,1.0032690077052977,1.0,0.9893504577891854,3.0,1.0976437531315504,38.0,0.9386647051096322,137.0,0.8826660470012903,528.0
2020-06-26 00:00:00-04:00,109.27150634979355,110.19512847104872,107.7972613940462,109.05836486816406,718800,WHR,112.92159271240234,1,0.9939295506919091,1.0,0.9841320940980363,2.0,1.0775573801206944,38.0,0.927826661450189,136.0,0.8721723856280079,527.0
2020-06-29 00:00:00-04:00,110.63918252500748,113.49885741304648,108.90738842307508,112.92159271240234,516200,WHR,115.03524017333984,1,1.0174034984344753,1.0,1.0167608240170358,3.0,1.1081976812436631,38.0,0.9610536852944261,137.0,0.9032233988592082,527.0
2020-06-30 00:00:00-04:00,112.29989891101653,115.5681039645377,112.23773237212936,115.03524017333984,624500,WHR,112.82389831542967,0,1.0092721390895834,2.0,1.0324898619402938,3.0,1.1211485972420296,38.0,0.9793788811681653,137.0,0.9202805538848654,527.0
2020-07-01 00:00:00-04:00,117.15781133441102,118.09919244196396,112.68179947432589,112.82389831542967,777900,WHR,114.72440338134766,1,0.9902951364049892,1.0,1.0069433625433906,3.0,1.0939752218796701,37.0,0.9609106434521378,137.0,0.9027594065702016,526.0
2020-07-02 00:00:00-04:00,114.8132185323836,117.34430127272448,112.85052430096503,114.72440338134766,556200,WHR,118.53435516357422,1,1.0083520951452782,1.0,1.0160451702330535,3.0,1.106785045918716,37.0,0.9773948970797864,138.0,0.9181252024477523,526.0
2020-07-06 00:00:00-04:00,117.29102428596144,119.41357642428696,117.01570272257769,118.53435516357422,613500,WHR,118.7031021118164,1,1.0163335850966249,2.0,1.0324581956548298,4.0,1.1378633198495387,37.0,1.0099795647631555,139.0,0.9487534817652273,526.0
2020-07-07 00:00:00-04:00,117.02459856255824,119.12938507080348,116.2519446072362,118.7031021118164,909200,WHR,120.78123474121094,1,1.0007112997676681,2.0,1.0236185157725506,4.0,1.134627114939623,37.0,1.0115163052881064,140.0,0.950248676087869,526.0
2020-07-08 00:00:00-04:00,118.49881813890876,120.80787657653596,117.08674666152322,120.78123474121094,783100,WHR,118.26793670654295,0,1.0086775304669293,2.0,1.0313186709455355,4.0,1.1485574630035482,38.0,1.0292691698089333,140.0,0.9670309293455729,526.0
2020-07-09 00:00:00-04:00,120.8789453979766,120.8789453979766,116.71376615700312,118.26793670654295,647600,WHR,120.46153259277344,1,0.9894862717178784,1.0,1.0005560834068568,4.0,1.1197939017571399,37.0,1.0080925997536927,139.0,0.9470785371705055,525.0
2020-07-10 00:00:00-04:00,119.07610279629166,120.93222313769888,118.91623821523318,120.46153259277344,632600,WHR,121.1897964477539,1,1.0091886263253078,1.0,1.009316328073286,4.0,1.1346946873436914,38.0,1.0268837996567446,140.0,0.9648273530343738,525.0
2020-07-13 00:00:00-04:00,122.46864552413328,124.85763007842507,121.1897964477539,121.1897964477539,836400,WHR,123.4277801513672,1,1.0030136968742196,2.0,1.0109198203185288,4.0,1.1350758920825714,39.0,1.033301087841503,140.0,0.9708327456182448,526.0
2020-07-14 00:00:00-04:00,120.4437721689813,123.50771922107212,119.2004411560254,123.4277801513672,768700,WHR,127.1222686767578,1,1.009148908000511,2.0,1.0215361878166207,4.0,1.1504757724076007,39.0,1.0525349146672875,140.0,0.9889492213629946,526.0
2020-07-15 00:00:00-04:00,126.50060317091187,127.7794656693902,124.82209952948196,127.1222686767578,754900,WHR,128.16134643554688,1,1.014745511097166,2.0,1.0411847544312511,4.0,1.1777147125646177,40.0,1.0840972003453453,140.0,1.0187316933846617,526.0
2020-07-16 00:00:00-04:00,126.99794089347078,130.54145475211047,126.33186777689664,128.16134643554688,816900,WHR,126.60717010498048,0,1.0040702877007284,2.0,1.0329549263238942,5.0,1.1796950247081106,41.0,1.0929077125194018,141.0,1.0272306854109774,527.0
2020-07-17 00:00:00-04:00,128.76525395176327,129.5556601389704,126.35850390347429,126.60717010498048,594700,WHR,127.0512237548828,1,0.9938996530981522,1.0,1.0104188373313507,4.0,1.1583882163299335,40.0,1.0796664960036828,140.0,1.014960488443788,526.0
2020-07-20 00:00:00-04:00,125.73684327435176,127.78834629195752,125.40825154204204,127.0512237548828,546300,WHR,127.67288208007812,1,1.001750597104812,1.0,1.0045643066770777,4.0,1.155877663978137,40.0,1.0832631353581301,141.0,1.0187154093787,526.0
2020-07-21 00:00:00-04:00,127.67288208007812,128.56986916016763,126.93575958458824,127.67288208007812,516300,WHR,130.45262145996094,1,1.0024405162721353,2.0,1.0027481596373795,4.0,1.1552500447152096,40.0,1.0884796739791143,141.0,1.023890868846084,527.0
2020-07-22 00:00:00-04:00,128.04587163718858,132.5929393628585,127.23771333366513,130.45262145996094,1092000,WHR,140.87887573242188,1,1.0107689451129793,2.0,1.0192483084810968,4.0,1.174273168601639,40.0,1.1120010115174308,141.0,1.0463536804005502,528.0
2020-07-23 00:00:00-04:00,136.9179559047207,144.75985650601731,136.70480767925395,140.87887573242188,2997400,WHR,140.27499389648438,0,1.0384262585816506,2.0,1.0792623812164277,4.0,1.2603843641830996,40.0,1.2003263116407843,141.0,1.1300520089884158,529.0
2020-07-24 00:00:00-04:00,142.17552195676527,143.33005138806683,139.45794584313197,140.27499389648438,1128200,WHR,147.17552185058594,1,0.9978521304482326,1.0,1.0525930712477847,4.0,1.2488845632795744,39.0,1.194661027287113,140.0,1.1252720730518815,529.0
2020-07-27 00:00:00-04:00,140.31940792363167,147.47747175456706,138.21462114119086,147.17552185058594,1214300,WHR,144.44015502929688,0,1.0240059682487173,1.0,1.0719970308202003,4.0,1.30084561887348,40.0,1.2526538305883863,140.0,1.1806395479996392,529.0
2020-07-28 00:00:00-04:00,145.8966341671334,146.7847315329189,144.1470812724328,144.44015502929688,915500,WHR,144.3780059814453,0,0.9906199596312657,1.0,1.0269880672740366,3.0,1.2680834852874332,39.0,1.2285375494763053,140.0,1.1587363599293872,528.0
2020-07-29 00:00:00-04:00,144.63554827407964,146.012102003524,143.7119329076456,144.3780059814453,771700,WHR,144.76878356933594,1,0.9997848159976018,0.0,1.0066129730214157,2.0,1.2580922215883301,39.0,1.2269797851837962,140.0,1.1582782255776245,528.0
2020-07-30 00:00:00-04:00,142.2021820709353,145.32828938861675,141.87359029836406,144.76878356933594,489500,WHR,144.866455078125,1,1.00135148513493,1.0,1.0038922492574214,2.0,1.252609334050533,39.0,1.229099208996485,141.0,1.1614478276349998,529.0
2020-07-31 00:00:00-04:00,144.64443071045926,144.9641463419496,143.01033461674953,144.866455078125,611800,WHR,146.18972778320312,1,1.0003372224638314,2.0,0.998213072715641,3.0,1.244334242401885,40.0,1.2286380426229553,142.0,1.1622471139585673,530.0
2020-08-03 00:00:00-04:00,145.47037098740202,147.38866481039975,144.1293351100665,146.18972778320312,513300,WHR,148.7474365234375,1,1.0045464511080617,2.0,1.0087015404353217,3.0,1.2463598217016412,41.0,1.2386190814169507,142.0,1.1728694727430438,530.0
2020-08-04 00:00:00-04:00,145.09735571354398,149.14707763812555,144.98189871659093,148.7474365234375,608000,WHR,154.30691528320312,1,1.00867204628568,2.0,1.0202850200787088,4.0,1.2592365398786256,41.0,1.259000612167517,142.0,1.1933626502449906,531.0
2020-08-05 00:00:00-04:00,149.34245432582583,155.07955564489896,148.7918247513768,154.30691528320312,1376900,WHR,152.64620971679688,0,1.0183448240443442,2.0,1.0441956587127306,5.0,1.2955319935899168,42.0,1.304606882764817,142.0,1.2378729221275786,532.0
2020-08-06 00:00:00-04:00,153.69415831078484,153.69415831078484,151.23412432731607,152.64620971679688,773500,WHR,153.81845092773438,1,0.9945897095316875,1.0,1.0220611388154137,4.0,1.2709510449591221,42.0,1.2890072630821445,142.0,1.2244616272743791,532.0
2020-08-07 00:00:00-04:00,152.28204638033026,153.898376433089,150.98541834898998,153.81845092773438,420500,WHR,157.16661071777344,1,1.0038250453036646,1.0,1.0177098843664905,4.0,1.2696564793287146,43.0,1.2972281439980529,143.0,1.2337567883496239,533.0
2020-08-10 00:00:00-04:00,153.58757898940186,158.4454732457727,153.28562910120536,157.16661071777344,645100,WHR,156.59820556640625,0,1.010766304247294,2.0,1.0249742917322222,4.0,1.2864465033566561,43.0,1.3236317701269866,143.0,1.2604871241363582,533.0
2020-08-11 00:00:00-04:00,158.4543257544365,160.7367424225358,156.32289755925123,156.59820556640625,644000,WHR,158.59645080566406,1,0.9981884356630593,1.0,1.010915737084958,3.0,1.2713919701529461,42.0,1.3168256412491286,143.0,1.2557963674208914,533.0
2020-08-12 00:00:00-04:00,158.72078391175398,158.96945012393385,156.18082455766626,158.59645080566406,424000,WHR,158.48988342285156,0,1.006339718008731,1.0,1.0181764959149813,3.0,1.2783992451534587,42.0,1.3314759229154405,144.0,1.271673726556099,533.0
2020-08-13 00:00:00-04:00,157.53961260755943,160.03516437672462,156.7492063865289,158.48988342285156,281900,WHR,160.68345642089844,1,0.9996639168223008,1.0,1.0099147662398882,3.0,1.2684627292904989,42.0,1.3285406214741882,143.0,1.2706932581818269,532.0
2020-08-14 00:00:00-04:00,159.07600229166846,162.54846638540192,158.47210256299704,160.68345642089844,550600,WHR,161.5804443359375,1,1.006872669876252,1.0,1.0150121991721017,3.0,1.276631709087611,42.0,1.3449037041082692,143.0,1.2880999942442801,533.0
2020-08-17 00:00:00-04:00,160.63017360619156,161.775826849506,159.48453391416814,161.5804443359375,480100,WHR,161.6337127685547,1,1.0027833955740388,2.0,1.0150182857568553,3.0,1.2743261251686024,42.0,1.3504126438697963,143.0,1.2950919752333783,534.0
2020-08-18 00:00:00-04:00,161.79356378205838,163.31221616679196,160.1239500298756,161.6337127685547,441000,WHR,163.73851013183594,1,1.000164808475886,2.0,1.0089697379192355,4.0,1.265542461987662,42.0,1.3489771295557167,143.0,1.2953233586032395,534.0
2020-08-19 00:00:00-04:00,161.31400807113238,165.150595269481,161.16303314220997,163.73851013183594,521700,WHR,162.45079040527344,0,1.0064688907507806,2.0,1.0155888080383606,4.0,1.2733422898788158,42.0,1.364514028276319,144.0,1.3119735527932093,534.0
2020-08-20 00:00:00-04:00,161.873532460273,164.2802690570139,160.89661980580374,162.45079040527344,396500,WHR,160.55023193359375,0,0.9960522318652325,1.0,1.0026750684725911,4.0,1.2555627864211913,41.0,1.3516507125904462,144.0,1.3014360384133725,534.0
2020-08-21 00:00:00-04:00,161.18078699142927,162.35306840356694,159.87528285092597,160.55023193359375,890100,WHR,161.08311462402344,1,0.9941159366681949,0.0,0.9911074793535367,3.0,1.2325389464209335,41.0,1.3338707459762313,143.0,1.2860079127924533,534.0
2020-08-24 00:00:00-04:00,161.8291132056621,162.14882881940602,159.7687206834701,161.08311462402344,593800,WHR,160.3282012939453,0,1.0016568017468743,1.0,0.9950080239732175,3.0,1.2283167470886085,41.0,1.336240251125535,144.0,1.2900598721805985,535.0
2020-08-25 00:00:00-04:00,162.26426041608315,162.26426041608315,158.800672884244,160.3282012939453,547900,WHR,159.8042449951172,0,0.9976512546612678,1.0,0.9919447688115096,2.0,1.2147779462823731,40.0,1.328090614952769,143.0,1.28380911843489,534.0
2020-08-26 00:00:00-04:00,161.02982371799865,161.02982371799865,158.47209892286887,159.8042449951172,388100,WHR,158.99066162109375,0,0.9983633139817543,0.0,0.9935398518451845,1.0,1.2038133248106564,39.0,1.321950291453524,142.0,1.2794198824529117,533.0
2020-08-27 00:00:00-04:00,160.5373813111965,161.41355612704848,158.95489158812896,158.99066162109375,516700,WHR,159.92942810058594,1,0.9974479411146838,0.0,0.9927529196550008,1.0,1.1911957864624303,38.0,1.313528149908795,141.0,1.2727510669738187,532.0
2020-08-28 00:00:00-04:00,159.53603958931515,160.63572936962544,159.10689468714267,159.92942810058594,375100,WHR,158.89230346679688,0,1.002943579002224,1.0,0.9993894658593847,2.0,1.192254201338041,38.0,1.3193718478454,142.0,1.2800402363161112,533.0
2020-08-31 00:00:00-04:00,159.96517246268743,160.21550810698625,157.7836644404239,158.89230346679688,529100,WHR,159.38404846191406,1,0.996747007712773,1.0,0.9956346329079145,1.0,1.1790500892587152,37.0,1.3090859409270734,141.0,1.2714607230058754,533.0
2020-09-01 00:00:00-04:00,158.5615150618478,160.58208535055817,158.0071886948584,159.38404846191406,490200,WHR,160.44796752929688,1,1.001545025234006,1.0,0.9998990661648284,2.0,1.1777090158809655,37.0,1.3115821487564467,141.0,1.2751370814451481,533.0
2020-09-02 00:00:00-04:00,160.1976182502946,161.10956300826228,159.19627570336164,160.44796752929688,660300,WHR,153.3848876953125,0,1.0033264933283355,2.0,1.0057612495165895,3.0,1.1799367478897624,38.0,1.3187636449165308,141.0,1.2833518123058165,534.0
2020-09-03 00:00:00-04:00,161.02910124480587,161.10956334772487,151.5341911168302,153.3848876953125,665400,WHR,150.20205688476562,0,0.9774941351219287,1.0,0.9682917023747296,3.0,1.123338232961909,38.0,1.2596442605460625,140.0,1.2266243258022076,534.0
2020-09-04 00:00:00-04:00,155.56641605922155,155.87934246797315,148.9503785343009,150.20205688476562,718300,WHR,150.48814392089844,1,0.9895159167172047,0.0,0.9599890976224856,2.0,1.094493717509337,38.0,1.2326884762726695,139.0,1.2009793771540602,533.0
2020-09-08 00:00:00-04:00,147.19799694139567,154.27894853620944,146.67944064845292,150.48814392089844,695800,WHR,153.61737060546875,1,1.000951434517541,1.0,0.9722623235229494,3.0,1.0910065909427573,39.0,1.2342824043817047,139.0,1.203054236333945,534.0
2020-09-09 00:00:00-04:00,151.76666016008673,154.95846038597026,151.48950378821306,153.61737060546875,394600,WHR,151.5073699951172,0,1.0102899373246945,2.0,0.9999302554499924,3.0,1.108059887319004,39.0,1.2589805368003388,140.0,1.2278155556516206,535.0
2020-09-10 00:00:00-04:00,154.79750329984628,156.70185491725522,151.23020001538413,151.5073699951172,671700,WHR,154.49349975585938,1,0.9930847934317014,1.0,0.9978095633557446,2.0,1.0876982848460006,38.0,1.2407870351709949,140.0,1.2107095904997143,535.0
2020-09-11 00:00:00-04:00,152.5623277688728,156.0133983291803,152.2315300863649,154.49349975585938,573500,WHR,158.9638214111328,1,1.0097585662523518,1.0,1.015992269661774,3.0,1.1035402954028797,39.0,1.264162495421386,141.0,1.234314038300448,535.0
2020-09-14 00:00:00-04:00,156.55879857450927,159.27673412869024,155.74520095277626,158.9638214111328,605600,WHR,159.47344970703125,1,1.014261340710214,2.0,1.0334805602619035,4.0,1.1292199378136953,39.0,1.2995681675131987,141.0,1.2697319247966656,535.0
2020-09-15 00:00:00-04:00,159.39298759536842,161.27051872112438,158.83867485866375,159.47344970703125,499100,WHR,160.5463104248047,1,1.0016004040422433,2.0,1.0248205131584331,4.0,1.1266237065242348,39.0,1.3024214417165312,142.0,1.273481715258415,536.0
2020-09-16 00:00:00-04:00,160.9128645417803,163.19271955561086,159.947278407372,160.5463104248047,633500,WHR,158.01612854003906,0,1.0033524827258524,2.0,1.0226082195651447,4.0,1.1277178222636466,40.0,1.309801440103315,143.0,1.2817026289202682,537.0
2020-09-17 00:00:00-04:00,158.32904127393783,161.56554691560316,157.1757101741194,158.01612854003906,628200,WHR,155.80780029296875,0,0.9920575009000202,1.0,0.9982153136361593,4.0,1.1041596656324026,39.0,1.2879087308132844,142.0,1.2612053421861287,536.0
2020-09-18 00:00:00-04:00,157.57803482176934,158.91912447982696,155.02995901455208,155.80780029296875,1063000,WHR,158.9191131591797,1,0.9929631616834247,0.0,0.9826332259332365,3.0,1.0829100743309037,39.0,1.268800755104036,141.0,1.2433038399332834,536.0
2020-09-21 00:00:00-04:00,152.6159894868598,158.9191131591797,151.98121473360175,158.9191131591797,1182200,WHR,160.65357971191406,1,1.0098857540719473,1.0,1.0023118689057617,3.0,1.0983602188557182,39.0,1.2928677815875282,142.0,1.2678032047933236,537.0
2020-09-22 00:00:00-04:00,158.99062822736076,161.3330601305556,157.64060307530687,160.65357971191406,789400,WHR,157.12208557128906,0,1.0054274554473088,2.0,1.0117451343834747,3.0,1.103787754240807,40.0,1.3056670540781454,142.0,1.281305587097425,537.0
2020-09-23 00:00:00-04:00,160.69832503094702,162.65630467560217,156.952212014192,157.12208557128906,612700,WHR,156.87173461914062,0,0.988886832673365,1.0,0.9937910648112778,2.0,1.074087849875361,39.0,1.2759925374978343,141.0,1.252847357642067,537.0
2020-09-24 00:00:00-04:00,156.6929117497607,159.8400059875275,155.23560358865512,156.87173461914062,777900,WHR,159.2410125732422,1,0.9992026882822197,0.0,0.9936460559028393,2.0,1.0672891329941454,38.0,1.2730230630505956,140.0,1.2505632877037192,536.0
2020-09-25 00:00:00-04:00,156.87175924696626,159.99201963037058,155.58431078201943,159.2410125732422,499900,WHR,165.40106201171875,1,1.0074950408521794,1.0,1.004285450278395,3.0,1.0777361719941803,39.0,1.2913049418173166,140.0,1.269149479044025,536.0
2020-09-28 00:00:00-04:00,161.74436072571254,165.67821836529953,160.52843885928695,165.40106201171875,707000,WHR,161.601318359375,0,1.0189748954948366,2.0,1.03467559182994,3.0,1.1130645162456556,39.0,1.3398761149902605,141.0,1.3178852956415659,536.0
2020-09-29 00:00:00-04:00,164.58747499294958,165.20437847401425,161.5387276214023,161.601318359375,455100,WHR,164.40866088867188,1,0.9883800734171058,1.0,1.0097088444958395,2.0,1.0822665025064608,38.0,1.3078412402467372,141.0,1.2872749243393198,536.0
2020-09-30 00:00:00-04:00,164.4175965757163,167.0550839767334,162.5400791261219,164.40866088867188,881600,WHR,163.7827911376953,0,1.0086112165516286,1.0,1.0179802950685102,3.0,1.0954789615407787,38.0,1.3291744721345549,141.0,1.309252005884366,537.0
2020-10-01 00:00:00-04:00,165.5440897575511,165.88382315127615,162.24500743262055,163.7827911376953,729100,WHR,164.6947479248047,1,0.9980929736374539,1.0,1.0054996550619522,3.0,1.0861220027297793,37.0,1.3228440105530397,140.0,1.3038863111132106,537.0
2020-10-02 00:00:00-04:00,160.57313204736553,165.81232258091867,160.3227964157775,164.6947479248047,444500,WHR,172.5446014404297,1,1.0027763139900285,1.0,1.0043727396475612,3.0,1.0865939776035662,38.0,1.3289553913255614,140.0,1.3107517594440004,538.0
2020-10-05 00:00:00-04:00,166.29511868197085,173.31349339508012,165.5619831158362,172.5446014404297,1104100,WHR,170.42567443847656,0,1.0232768018631286,2.0,1.0431553824800885,3.0,1.1319018707199238,38.0,1.3905602828671086,141.0,1.3727267500934675,539.0
2020-10-06 00:00:00-04:00,173.1972652709611,174.40425145594273,169.62102607666873,170.42567443847656,908600,WHR,175.3697967529297,1,0.9938218348615689,1.0,1.0194673330085111,3.0,1.1120154309885537,37.0,1.3719048669869383,140.0,1.3553986799250506,539.0
2020-10-07 00:00:00-04:00,172.84855560713456,176.54996205175087,172.58033498083267,175.3697967529297,666200,WHR,178.98184204101562,1,1.0142978226331842,1.0,1.035463801951668,3.0,1.1378481915230845,37.0,1.4099079939928598,140.0,1.3942006744057234,539.0
2020-10-08 00:00:00-04:00,176.2102510725405,179.1785362977343,176.058262536398,178.98184204101562,827300,WHR,180.06361389160156,1,1.0101933923612707,2.0,1.0381576703033806,4.0,1.154807998105071,37.0,1.4369878791058575,140.0,1.4223404122242354,540.0
2020-10-09 00:00:00-04:00,180.45700233311987,183.4610434002157,179.33049204880945,180.06361389160156,843000,WHR,179.62557983398438,0,1.0030129105736099,2.0,1.0261373594012613,4.0,1.1553393902449984,37.0,1.4436668876874965,140.0,1.4303829988782955,540.0
2020-10-12 00:00:00-04:00,181.25276177658125,181.708741061841,178.54376134003348,179.62557983398438,666700,WHR,180.03680419921875,1,0.9987821873293437,1.0,1.015445912427934,3.0,1.14603120115497,37.0,1.4381853069980863,139.0,1.4263524392932283,540.0
2020-10-13 00:00:00-04:00,179.62554436141113,181.63717876211965,178.6957145987464,180.03680419921875,808300,WHR,181.8785858154297,1,1.001143362173778,1.0,1.0068298143545498,4.0,1.1422193300133525,37.0,1.4395266917651088,139.0,1.4290713605238372,540.0
2020-10-14 00:00:00-04:00,180.6805489098205,182.906762811775,180.21564761772373,181.8785858154297,516900,WHR,180.6000518798828,0,1.0050889839642807,2.0,1.0097786320599478,4.0,1.1473281482028712,37.0,1.4522271435895118,139.0,1.4431476836021195,540.0
2020-10-15 00:00:00-04:00,179.03544747003235,182.70109754430345,178.81193255433942,180.6000518798828,687100,WHR,180.2156219482422,0,0.996472801973446,1.0,1.0008818662062737,3.0,1.133287808721408,36.0,1.440106467116906,138.0,1.432313933244477,540.0
2020-10-16 00:00:00-04:00,182.47759191883364,184.2746470212793,180.05468410677042,180.2156219482422,737600,WHR,177.8106231689453,0,0.9989345531263596,0.0,0.998583116836889,2.0,1.1262420473302812,35.0,1.435139833307423,138.0,1.428559597990108,540.0
2020-10-19 00:00:00-04:00,179.88483487838354,182.65642580537715,177.50663245893952,177.8106231689453,606600,WHR,178.74937438964844,1,0.9932826187686055,0.0,0.9872425992792018,2.0,1.1068847431861457,35.0,1.4142235097289833,138.0,1.4088106593638237,540.0
2020-10-20 00:00:00-04:00,180.5106733375185,181.9322388283935,176.76457412764148,178.74937438964844,682900,WHR,175.977783203125,0,1.0026328001658371,1.0,0.9938756083612643,2.0,1.1090953364162348,35.0,1.4199384133836304,138.0,1.4155780428723548,540.0
2020-10-21 00:00:00-04:00,180.01893711531702,180.725238319126,173.53700389195737,175.977783203125,1061800,WHR,173.268798828125,0,0.9921866958105722,1.0,0.9849280948038639,1.0,1.0883487787367496,35.0,1.3962619938727667,138.0,1.3929913047729523,540.0
2020-10-22 00:00:00-04:00,182.17362714899392,185.33860660596585,171.54325625183083,173.268798828125,2620700,WHR,177.1221923828125,1,0.9922433474960748,0.0,0.9777903901693428,1.0,1.0684131578779947,35.0,1.3732118354985767,138.0,1.3709563769791735,539.0
2020-10-23 00:00:00-04:00,176.0493233218337,177.53346590469403,174.35060146986947,177.1221923828125,785400,WHR,173.501220703125,0,1.0109974104681467,1.0,1.0030378327522544,2.0,1.088554611129085,35.0,1.4018082512978787,139.0,1.4008005996443824,539.0
2020-10-26 00:00:00-04:00,174.7886688353658,175.66484350892537,171.69521631527232,173.501220703125,653700,WHR,175.07476806640625,1,0.9896727613030223,1.0,0.9873514443490486,2.0,1.0631825351951147,34.0,1.3714447570685575,138.0,1.3715735115197065,538.0
2020-10-27 00:00:00-04:00,173.75154995551057,176.18339330676983,171.75780074610742,175.07476806640625,649500,WHR,168.4766387939453,0,1.0045142161651348,1.0,1.0004904048421026,2.0,1.0696693735874492,34.0,1.3820696914126833,139.0,1.3834162788314948,538.0
2020-10-28 00:00:00-04:00,170.06806422117916,173.90357494041186,168.10113529741187,168.4766387939453,666500,WHR,166.63485717773438,0,0.9807943465207727,1.0,0.9711100246029885,2.0,1.0272923644952787,33.0,1.3284239446148665,139.0,1.3307923169861922,537.0
2020-10-29 00:00:00-04:00,168.19946170837804,169.82664332626763,165.17753544938026,166.63485717773438,572200,WHR,165.3653106689453,0,0.9945039736375783,0.0,0.9678960495336417,2.0,1.0147906701023224,32.0,1.3123662906567088,139.0,1.315807058618044,536.0
2020-10-30 00:00:00-04:00,166.65274535303445,168.98624203399322,161.28838642138393,165.3653106689453,827200,WHR,172.31214904785156,1,0.9961760666657995,0.0,0.9738223085942579,1.0,1.0057608448334139,32.0,1.3010540184176427,138.0,1.3053847403995262,535.0
2020-11-02 00:00:00-05:00,166.1073715789276,172.63401113576398,165.857035915248,172.31214904785156,587200,WHR,176.81820678710938,1,1.0205724077192846,1.0,1.016154744094624,2.0,1.0460509037949681,32.0,1.3541705411811678,138.0,1.3597702362590527,535.0
2020-11-03 00:00:00-05:00,174.60987803567235,178.0162436200393,172.96481131204297,176.81820678710938,600800,WHR,173.80523681640625,0,1.0129065194817604,2.0,1.0405880187726781,2.0,1.0712756866695112,32.0,1.387761035219047,139.0,1.394797612949326,536.0
2020-11-04 00:00:00-05:00,176.43377507058707,176.43377507058707,172.55355842978267,173.80523681640625,579000,WHR,177.7032928466797,1,0.9914068211191543,1.0,1.0164812658857267,2.0,1.05119475498438,32.0,1.3624507780432191,139.0,1.3705408364435392,536.0
2020-11-05 00:00:00-05:00,176.22809986677592,180.0814948128948,176.22809986677592,177.7032928466797,794400,WHR,180.27821350097656,1,1.0110895062319245,1.0,1.025995564647432,3.0,1.0727046244916725,32.0,1.3910836546929342,140.0,1.4007561461700622,536.0
2020-11-06 00:00:00-05:00,178.11459047035927,181.40472391260616,176.83607789092613,180.27821350097656,464100,WHR,161.54766845703125,0,1.0071928873660758,2.0,1.0232416518298075,4.0,1.0858677997227697,33.0,1.4092252073354075,140.0,1.4204752002240546,537.0
2020-11-09 00:00:00-05:00,183.2822601484584,184.68594059154356,161.39567992715126,161.54766845703125,1137700,WHR,163.6576385498047,1,0.9452044270707205,1.0,0.9282720354996767,3.0,0.9729639006919835,32.0,1.261725281496822,140.0,1.2725701187304297,536.0
2020-11-10 00:00:00-05:00,162.2807789070481,165.4010523187649,161.08274212655945,163.6576385498047,758700,WHR,165.5172882080078,1,1.0064881170365683,1.0,0.9548375537274159,3.0,0.9854662808703281,32.0,1.2768509707254758,141.0,1.2888272477314306,537.0
2020-11-11 00:00:00-05:00,164.9361411769831,165.62457101398866,162.96027674139933,165.5172882080078,617000,WHR,164.453369140625,0,1.0056494268154614,2.0,0.9751177583758787,4.0,0.9962758834576998,32.0,1.2899500910655326,141.0,1.303099700943485,537.0
2020-11-12 00:00:00-05:00,165.75868886726036,166.74216014809835,162.2897459650519,164.453369140625,630400,WHR,168.73590087890625,1,0.9967757161320598,1.0,0.9842153735024037,3.0,0.9898009961195519,31.0,1.2801086333236784,141.0,1.2943739328541106,536.0
2020-11-13 00:00:00-05:00,166.29512146434573,170.03228485003993,165.83915588122514,168.73590087890625,432400,WHR,168.61968994140625,0,1.012853150217083,1.0,1.0239924195709125,3.0,1.0149365227108729,32.0,1.3116402975992627,142.0,1.327688547621073,536.0
2020-11-16 00:00:00-05:00,169.74620041963996,170.79224878705776,165.57987832419198,168.61968994140625,832400,WHR,170.82801818847656,1,0.9996555239021905,1.0,1.0145785774933822,3.0,1.0134177111689184,32.0,1.3088671091501793,142.0,1.3263860745656797,535.0
2020-11-17 00:00:00-05:00,169.23657914091368,171.65948728170756,167.33224098062607,170.82801818847656,572600,WHR,173.599609375,1,1.0065056507797228,1.0,1.019072651928904,3.0,1.0256887362260214,32.0,1.3240891129843193,142.0,1.3433158558326044,536.0
2020-11-18 00:00:00-05:00,171.5343331860382,176.46059833032092,171.2839975050896,173.599609375,645900,WHR,173.275634765625,0,1.0080469479354197,2.0,1.0257155737194572,3.0,1.0409475199093372,33.0,1.3435023239958566,143.0,1.3646406748508497,536.0
2020-11-19 00:00:00-05:00,172.84370931159185,174.96736224569358,170.29712450747297,173.275634765625,466000,WHR,173.5906219482422,1,0.9990660198015063,1.0,1.013238060324174,3.0,1.0376079558978206,33.0,1.339009040846181,142.0,1.3616191971403993,536.0
2020-11-20 00:00:00-05:00,173.56362746036194,175.00338382641365,171.97088402210193,173.5906219482422,536800,WHR,178.78271484375,1,1.000908094046395,1.0,1.0093492366715633,3.0,1.037981692942075,34.0,1.3395161723116418,142.0,1.3636171795949785,536.0
2020-11-23 00:00:00-05:00,174.83236232725616,179.7725582340311,173.34761097249606,178.78271484375,609400,WHR,180.1685028076172,1,1.0147346361185459,2.0,1.0273964098353354,4.0,1.0670229008157288,34.0,1.377444167281799,142.0,1.4038915681854092,536.0
2020-11-24 00:00:00-05:00,180.89738127390385,185.17168145929256,180.06052488095608,180.1685028076172,740000,WHR,180.0785369873047,0,1.0038606582056873,2.0,1.02436321819759,4.0,1.0730227427079453,35.0,1.3858390906395566,143.0,1.4142709580805237,536.0
2020-11-25 00:00:00-05:00,179.5566207183925,181.61729130863748,177.29799514540812,180.0785369873047,522700,WHR,180.83441162109372,1,0.9997502663162375,1.0,1.0163638546716693,3.0,1.0702883969267025,34.0,1.3827833040018522,143.0,1.4130585651821392,536.0
2020-11-27 00:00:00-05:00,179.96155336991274,181.09536287268563,178.3688101847822,180.83441162109372,182000,WHR,175.12034606933594,0,1.0020943405790883,1.0,1.011995313068898,4.0,1.0726148305920062,34.0,1.3861834703990539,144.0,1.4185123366537833,536.0
2020-11-30 00:00:00-05:00,179.57461448257092,179.79058408788214,173.30263965062437,175.12034606933594,710000,WHR,174.39144897460938,0,0.9839472139975517,1.0,0.9783428855858296,3.0,1.0364948528819482,34.0,1.3402253845803618,144.0,1.3732764101457877,536.0
2020-12-01 00:00:00-05:00,176.73105766187803,178.485781340657,173.30262121001977,174.39144897460938,746900,WHR,165.37493896484375,0,0.997914527907034,0.0,0.97907462058466,2.0,1.0297235760551702,34.0,1.3325749052456075,143.0,1.367169025982813,535.0
2020-12-02 00:00:00-05:00,174.34647207130135,174.50843897721688,165.1229812907551,165.37493896484375,992100,WHR,168.17347717285156,1,0.9734626192295032,0.0,0.9441367829150563,1.0,0.9750555974727604,33.0,1.2621617890913883,142.0,1.2962232062382384,534.0
2020-12-03 00:00:00-05:00,167.6065655557267,169.0373418403436,165.07798156611108,168.17347717285156,1043100,WHR,165.63589477539062,0,1.008390200860233,1.0,0.9733448544178117,2.0,0.9901395795134561,33.0,1.2819643205237246,142.0,1.3178816260096113,534.0
2020-12-04 00:00:00-05:00,168.21846765701733,169.46926237359563,164.6730457858156,165.63589477539062,697000,WHR,169.93716430664062,1,0.9923981091883352,1.0,0.9758257025853294,1.0,0.9738491562016125,33.0,1.2611439463022345,142.0,1.2977319856792762,534.0
2020-12-07 00:00:00-05:00,165.63587009594485,170.29709984443065,164.79000647841158,169.93716430664062,780800,WHR,166.6077423095703,0,1.0128176843010468,1.0,1.0073180827012973,2.0,0.9976285357851667,33.0,1.2921531575828566,143.0,1.3310981178076575,535.0
2020-12-08 00:00:00-05:00,168.7404028065103,170.6480863702451,165.80687385775107,166.6077423095703,551600,WHR,166.5087432861328,0,0.9901070498123238,1.0,0.9967806486538794,2.0,0.9773519560402352,32.0,1.2653212383591914,142.0,1.3047283895910702,534.0
2020-12-09 00:00:00-05:00,168.3354569620905,169.87419744277568,166.18479575377862,166.5087432861328,721100,WHR,164.14212036132812,0,0.9997028095944862,0.0,0.9948386948554968,2.0,0.9760998098896898,31.0,1.2632398432131333,141.0,1.3036676451653968,533.0
2020-12-10 00:00:00-05:00,165.53689467399872,166.22077772487617,162.9543083074942,164.14212036132812,638300,WHR,165.50991821289062,1,0.9928425321540125,0.0,0.9854459625621304,1.0,0.9618883726024007,30.0,1.2439641376077442,141.0,1.284907684961064,532.0
2020-12-11 00:00:00-05:00,164.5920782468528,166.8776983076885,164.0701619773817,165.50991821289062,604500,WHR,165.59988403320312,1,1.0041492170273794,1.0,0.9938080194677876,2.0,0.9691944390331547,31.0,1.2529714519769228,141.0,1.2953934868441817,532.0
2020-12-14 00:00:00-05:00,167.6425534173682,168.72237386396515,165.50089969130977,165.59988403320312,661300,WHR,169.7392120361328,1,1.000271709927348,2.0,0.9995545604667496,2.0,0.9687954069909692,32.0,1.2522119198658492,142.0,1.2958750759506592,533.0
2020-12-15 00:00:00-05:00,166.44574799767426,170.45908318124253,165.36592754934773,169.7392120361328,600000,WHR,168.35342407226562,0,1.012343708358043,2.0,1.0206809197540625,3.0,0.9919648559288945,32.0,1.281876602162241,143.0,1.3280034301336652,533.0
2020-12-16 00:00:00-05:00,170.42308785290288,172.4027608789058,167.79551983938464,168.35342407226562,561300,WHR,171.64691162109375,1,0.995901158984655,1.0,1.0101069378295178,3.0,0.9831289196605675,31.0,1.2697564268775157,143.0,1.3169284608877156,532.0
2020-12-17 00:00:00-05:00,170.07216931264333,171.64691162109375,168.02050614637244,171.64691162109375,648600,WHR,169.50523376464844,0,1.0096867185207679,1.0,1.020675770434249,4.0,1.0009468004766415,32.0,1.2929046327226938,143.0,1.3424126251449486,533.0
2020-12-18 00:00:00-05:00,171.79086711035905,172.47475015904166,167.77751838061232,169.50523376464844,1392400,WHR,167.9304962158203,0,0.993722220758648,1.0,1.0031739601435783,3.0,0.9872455625338106,32.0,1.2751240152529333,143.0,1.325413041784864,532.0
2020-12-21 00:00:00-05:00,166.76069876185153,168.67737555884852,164.628038656355,167.9304962158203,500900,WHR,168.9833526611328,1,0.995333222273411,0.0,0.99112014145267,2.0,0.9772495442152023,31.0,1.2616984483986604,143.0,1.3128567071511348,532.0
2020-12-22 00:00:00-05:00,167.37262217736972,169.856210982769,166.83270500066092,168.9833526611328,453900,WHR,170.56710815429688,1,1.0031250019814324,1.0,0.9982246921600018,2.0,0.9830349543880489,31.0,1.2679837085503092,143.0,1.3208420087586663,532.0
2020-12-23 00:00:00-05:00,169.75723236186303,171.95287548304222,168.81239786668715,170.56710815429688,434500,WHR,173.8515625,1,1.0046642713703309,2.0,1.004952008521142,3.0,0.9913864134597989,32.0,1.2781951162281393,143.0,1.3329773767431985,532.0
2020-12-24 00:00:00-05:00,171.08902147583768,174.04053763415118,169.72124134153052,173.8515625,302600,WHR,166.6437225341797,0,1.0095362261850196,2.0,1.0216493204876578,3.0,1.0095531446377188,32.0,1.3009901771552024,143.0,1.3583666478526595,532.0
2020-12-28 00:00:00-05:00,174.4544373243545,174.57142256834115,166.58072625490612,166.6437225341797,571800,WHR,164.85302734375,0,0.9788313075609938,1.0,0.9825966475681137,3.0,0.9674294660680175,32.0,1.2456245453313006,142.0,1.3018564063495959,531.0
2020-12-29 00:00:00-05:00,166.65273291241684,167.66957095252604,163.14331254578204,164.85302734375,399200,WHR,165.923828125,1,0.9945981515924693,0.0,0.9755785697301667,3.0,0.9570191509056324,31.0,1.230926395024788,141.0,1.287658690791368,531.0
2020-12-30 00:00:00-05:00,165.70785854786118,167.21961812650963,165.2939340216722,165.923828125,373100,WHR,162.4144287109375,0,1.0032372300647594,1.0,0.9854840362317173,3.0,0.9638528928215988,31.0,1.2374822263650922,142.0,1.2958198675916024,531.0
2020-12-31 00:00:00-05:00,165.50991065472235,165.50991065472235,162.207452691187,162.4144287109375,535000,WHR,159.18394470214844,0,0.9893116341425421,1.0,0.974073678937204,2.0,0.9441991052825595,31.0,1.2100722629187,141.0,1.2682426739525148,531.0
2021-01-04 00:00:00-05:00,164.20512465443417,164.3940997719058,157.80717110417723,159.18394470214844,886800,WHR,160.83065795898438,1,0.98995491185324,0.0,0.971796467144824,1.0,0.9268722244543854,30.0,1.1849096406531407,140.0,1.2428881174739992,530.0
2021-01-05 00:00:00-05:00,159.05794716572345,161.1006164962042,154.17175393775705,160.83065795898438,1009500,WHR,160.73170471191406,0,1.0051457441102452,1.0,0.9888680133870325,2.0,0.9381129118220705,30.0,1.1960692774514143,140.0,1.2556063462534035,530.0
2021-01-06 00:00:00-05:00,161.07365317391705,163.75521070619294,157.8791729486367,160.73170471191406,916100,WHR,164.19613647460938,1,0.9996922735414419,1.0,0.9932936050328449,2.0,0.9393010090061051,29.0,1.1942713064404642,139.0,1.2547010103862903,529.0
2021-01-07 00:00:00-05:00,160.29077873784,164.9250150233309,158.96799406398847,164.19613647460938,615500,WHR,161.55953979492188,0,1.0106621573271297,1.0,1.0168745820807568,2.0,0.960991004139899,30.0,1.2187829481725427,140.0,1.2815792259576562,529.0
2021-01-08 00:00:00-05:00,164.34908852040977,165.1949522138414,158.62602507979648,161.55953979492188,816300,WHR,162.13543701171875,1,0.9919062141606215,1.0,1.0016065866647705,2.0,0.9472671116652414,29.0,1.198194134123779,139.0,1.2608569190884982,529.0
2021-01-11 00:00:00-05:00,159.84981741912048,163.77317535599607,159.66984964288352,162.13543701171875,671900,WHR,165.82484436035156,1,1.0017791354764856,1.0,1.0015117720076572,3.0,0.952481396812703,29.0,1.2014386945547684,139.0,1.2652050642671246,529.0
2021-01-12 00:00:00-05:00,163.36825048352085,166.17578634275594,161.9464816564139,165.82484436035156,1055700,WHR,172.74472045898438,1,1.011249555382736,2.0,1.0180202610022002,3.0,0.9755664968316216,30.0,1.2276174522686276,139.0,1.2938190410771282,529.0
2021-01-13 00:00:00-05:00,167.3815924328664,175.40827670848714,166.61672589157706,172.74472045898438,1147900,WHR,173.55458068847656,1,1.0204385651212486,2.0,1.0450873528308393,4.0,1.0170219234651294,31.0,1.277385798983653,139.0,1.3475703324129453,529.0
2021-01-14 00:00:00-05:00,172.15982002952856,174.7783808732706,170.61207233315193,173.55458068847656,1038200,WHR,175.05734252929688,1,1.0023386135253773,2.0,1.0382304978132673,4.0,1.022216813559711,32.0,1.2818296684726236,140.0,1.353649316405303,529.0
2021-01-15 00:00:00-05:00,172.97868493799217,175.67824310449964,171.52092792189026,175.05734252929688,732400,WHR,178.80972290039062,1,1.0043107012145467,2.0,1.0305772637183266,5.0,1.0314417333501453,32.0,1.2912762542148153,141.0,1.3649761748224167,530.0
2021-01-19 00:00:00-05:00,175.47126358756688,181.36530108497385,175.18330415403898,178.80972290039062,654700,WHR,176.11016845703125,0,1.0106039265522984,2.0,1.0323991782019115,5.0,1.0532579330544591,33.0,1.3169667431769194,142.0,1.3937649960413758,531.0
2021-01-20 00:00:00-05:00,179.58360024085985,182.75107168789205,175.35428179450915,176.11016845703125,869600,WHR,175.51625061035156,0,0.992393904908979,1.0,1.0048778063546,4.0,1.0370672349939463,33.0,1.2953682157315942,141.0,1.3723239037209427,530.0
2021-01-21 00:00:00-05:00,176.38010140849062,177.7388876084436,175.06632431487805,175.51625061035156,628300,WHR,178.35980224609375,1,0.9983109407755681,0.0,0.9983313629915339,3.0,1.0337327394896618,32.0,1.2892738289524976,141.0,1.3673046591384355,530.0
2021-01-22 00:00:00-05:00,174.121490164929,178.45878658817884,172.3577729052297,178.35980224609375,599500,WHR,182.6881103515625,1,1.0080354452153215,1.0,1.008989868122325,3.0,1.0499795588828247,33.0,1.3082634013913927,142.0,1.3890202458320156,531.0
2021-01-25 00:00:00-05:00,179.5836210897695,189.67096279446665,179.5836210897695,182.6881103515625,1150100,WHR,185.7476043701172,1,1.0119881820513172,2.0,1.0246291530173086,3.0,1.0746569663988743,33.0,1.3381911546746852,142.0,1.4222121076563146,532.0
2021-01-26 00:00:00-05:00,182.69710407446277,187.34934117841576,181.04137829767416,185.7476043701172,756700,WHR,191.1287078857422,1,1.0083040104319578,2.0,1.033743706157953,3.0,1.0908073162157679,34.0,1.3585457358079067,143.0,1.445490294680223,532.0
2021-01-27 00:00:00-05:00,184.43381533507136,193.18037094219437,183.5699507020408,191.1287078857422,1765100,WHR,175.11134338378906,0,1.0142781685678663,2.0,1.0462023143253116,4.0,1.119723612833542,35.0,1.3955275310008441,144.0,1.4867393844352368,533.0
2021-01-28 00:00:00-05:00,185.61262289332475,185.61262289332475,172.08783771988874,175.11134338378906,2464600,WHR,166.55374145507812,0,0.956265393567878,1.0,0.9589513786514192,4.0,1.0249108904700226,35.0,1.2767896667342258,144.0,1.3617474133386436,532.0
2021-01-29 00:00:00-05:00,175.1113498568182,175.63325236649356,166.32877826858717,166.55374145507812,1511500,WHR,167.87652587890625,1,0.9749532442486865,0.0,0.9240362198471641,3.0,0.9753719084440747,34.0,1.2130311672355614,143.0,1.2949124520565982,531.0
2021-02-01 00:00:00-05:00,167.39960502259848,169.24430589563622,162.36943147434815,167.87652587890625,975400,WHR,171.07098388671875,1,1.0039553370404333,1.0,0.9469377904484219,3.0,0.9839771517123168,34.0,1.2213410580667456,143.0,1.3048951776983795,531.0
2021-02-02 00:00:00-05:00,168.4254149599606,171.7638742557891,165.70785617518692,171.07098388671875,919800,WHR,171.96185302734375,1,1.0094246392605788,2.0,0.9812026996887369,3.0,1.0029687737025954,35.0,1.2432545656131264,143.0,1.3293887079697695,531.0
2021-02-03 00:00:00-05:00,171.3139579978324,174.15748203772975,168.38943678124943,171.96185302734375,695400,WHR,169.0823211669922,0,1.002597037498332,2.0,1.0084858483912797,3.0,1.0087577694708885,35.0,1.2483218064437818,144.0,1.3359717264225328,531.0
2021-02-04 00:00:00-05:00,171.5929179534456,173.0146869035287,167.92151719576196,169.0823211669922,812300,WHR,174.18447875976562,1,0.9915567188117081,1.0,0.9986606512231494,3.0,0.992952844122166,34.0,1.226021246034062,144.0,1.3132915179371945,531.0
2021-02-05 00:00:00-05:00,170.20711808460925,174.97633973086013,167.83150771000305,174.18447875976562,981300,WHR,180.3574676513672,1,1.0148635335367768,1.0,1.0196051257457022,4.0,1.0216521456396954,35.0,1.2614009802541064,144.0,1.3525671362960938,531.0
2021-02-08 00:00:00-05:00,175.49826862880272,180.7624123454662,174.46344352994657,180.3574676513672,756700,WHR,179.34063720703125,0,1.0174111665885741,2.0,1.0405353323506565,4.0,1.0561347135266108,35.0,1.3042865278800102,144.0,1.4000650073420369,532.0
2021-02-09 00:00:00-05:00,180.3484677886144,181.54527346957525,178.73773757478693,179.34063720703125,543400,WHR,177.83790588378906,0,0.9971731003566554,1.0,1.024889429918799,3.0,1.0487654726652758,34.0,1.295185670817944,143.0,1.3917533711125791,531.0
2021-02-10 00:00:00-05:00,180.42047891889052,181.6982681942275,176.0921893272687,177.83790588378906,495600,WHR,176.91107177734375,0,0.995792772683828,0.0,1.0095216757353789,2.0,1.0386227481755526,34.0,1.2826453572146823,143.0,1.379713807537314,530.0
2021-02-11 00:00:00-05:00,177.65793754286668,178.86375076973837,174.769417649256,176.91107177734375,450100,WHR,179.9075469970703,1,0.9973873522834203,0.0,0.9954129443852862,2.0,1.032388252090778,33.0,1.2743243138375335,142.0,1.372167997335093,529.0
2021-02-12 00:00:00-05:00,175.6242530100941,180.2944908050625,175.55226314510335,179.9075469970703,464000,WHR,176.5601043701172,0,1.008397754663192,1.0,1.005795358236756,2.0,1.0487232297288953,34.0,1.2940049631674782,143.0,1.395014718583837,530.0
2021-02-16 00:00:00-05:00,181.2033338684343,181.3203191132872,175.39029311357638,176.5601043701172,602300,WHR,174.54443359375,0,0.9906094070131906,1.0,0.9912900105598423,1.0,1.0286373600734986,33.0,1.2681601658290618,143.0,1.3687020817807547,530.0
2021-02-17 00:00:00-05:00,175.67824308048955,176.11018227314898,174.12150171593527,174.54443359375,473400,WHR,171.79986572265625,0,0.9942590580342353,0.0,0.9852794447582489,1.0,1.0168007991571328,32.0,1.2520700598954895,142.0,1.3527358894312096,530.0
2021-02-18 00:00:00-05:00,174.5804071066099,175.58825140812976,170.32410793075894,171.79986572265625,597300,WHR,175.77723693847656,1,0.9920756083570285,0.0,0.9764429333795497,1.0,1.0009558623895098,32.0,1.2308381601336997,142.0,1.331155084824753,530.0
2021-02-19 00:00:00-05:00,171.8088829242107,177.79291208794422,171.8088829242107,175.77723693847656,616400,WHR,173.39260864257812,0,1.0114431335820704,1.0,1.0003380386129226,2.0,1.023911772959695,32.0,1.2574134134791954,143.0,1.361617483959021,530.0
2021-02-22 00:00:00-05:00,175.4082697830168,175.76821907999638,172.10581221820146,173.39260864257812,649000,WHR,173.50059509277344,1,0.9931705777973748,1.0,0.9941390242184307,1.0,1.0105500010704924,31.0,1.2384397210711353,143.0,1.3428179852135176,530.0
2021-02-23 00:00:00-05:00,173.31163371690195,173.98652323491066,167.37260046616032,173.50059509277344,598600,WHR,174.13951110839844,1,1.0003112959522773,1.0,0.9982603695233245,2.0,1.0118347099918947,31.0,1.2373014466542311,143.0,1.3433263227421135,530.0
2021-02-24 00:00:00-05:00,173.5006096030924,175.56128012625595,171.6199206176467,174.13951110839844,575200,WHR,170.38082885742188,0,1.0018378662422087,2.0,1.0024035395352846,3.0,1.0161473744726002,32.0,1.2397801121414729,144.0,1.3479196380969236,531.0
2021-02-25 00:00:00-05:00,172.9620877069302,175.90562219640154,168.36111521576495,170.38082885742188,598100,WHR,172.15602111816406,1,0.9890901005979807,1.0,0.982372233776213,3.0,0.9952263294511177,31.0,1.211015154475745,144.0,1.318515379178256,531.0
2021-02-26 00:00:00-05:00,171.80279751487274,174.68292630787423,169.3755063841055,172.15602111816406,665800,WHR,179.05743408203125,1,1.0051824855073803,1.0,0.9967698500014887,3.0,1.0058858447559895,32.0,1.2217347149794295,144.0,1.3319266611801632,531.0
2021-03-01 00:00:00-05:00,175.01800748465428,179.5012334125645,174.49269822196004,179.05743408203125,681000,WHR,175.72450256347656,0,1.0196501952350696,2.0,1.029972100095592,4.0,1.0457347670434023,33.0,1.2683064173082284,145.0,1.3849110589771865,531.0
2021-03-02 00:00:00-05:00,179.6733682554625,181.41231638313548,175.7063846336243,175.72450256347656,554300,WHR,172.9711456298828,0,0.9906056899343078,1.0,1.0082209499944592,3.0,1.025236895520262,33.0,1.2425894693753397,144.0,1.3587768181727542,530.0
2021-03-03 00:00:00-05:00,175.75166032169287,177.78042608620967,172.09261266223749,172.9711456298828,539400,WHR,169.11285400390625,0,0.9921038391277343,0.0,0.9937558692796697,2.0,1.0087022882785524,32.0,1.2209315560829275,144.0,1.3371689416026378,529.0
2021-03-04 00:00:00-05:00,172.4096121515689,175.70637029923145,166.42291516744217,169.11285400390625,666800,WHR,176.8385009765625,1,0.9887212157537126,0.0,0.9730067955380777,2.0,0.9858690279483744,32.0,1.1915849719621099,144.0,1.3070751337082207,528.0
2021-03-05 00:00:00-05:00,170.71595401011606,177.7170339436026,167.49163989957407,176.8385009765625,732100,WHR,182.9429473876953,1,1.0223315991148305,1.0,1.0120041368450572,2.0,1.0302160576690467,32.0,1.243280792160205,145.0,1.3664150282325234,529.0
2021-03-08 00:00:00-05:00,177.39098377432418,186.5657592578378,176.63924865287794,182.9429473876953,964000,WHR,180.0899658203125,0,1.0169670961048343,2.0,1.0423031124652224,2.0,1.0640912744872102,33.0,1.283314678319449,145.0,1.413090912110024,530.0
2021-03-09 00:00:00-05:00,184.4826305230728,186.6563120094291,180.0899658203125,180.0899658203125,635000,WHR,185.38833618164065,1,0.9921412591983138,1.0,1.0209697848592287,2.0,1.046119539340635,33.0,1.260362689165245,145.0,1.3906000719366831,529.0
2021-03-10 00:00:00-05:00,181.8289164567853,186.69255062067373,179.32918132859183,185.38833618164065,626000,WHR,186.2125396728516,1,1.0144970859618907,1.0,1.0364155569825662,3.0,1.0746865256595242,34.0,1.2939964476929808,146.0,1.4309879079041326,529.0
2021-03-11 00:00:00-05:00,186.5204753716774,189.17417849027257,185.25248289779853,186.2125396728516,480800,WHR,188.2412872314453,1,1.0022179804859601,2.0,1.02149314744868,4.0,1.0773095554599994,34.0,1.2966762447595481,146.0,1.4368071791582073,530.0
2021-03-12 00:00:00-05:00,185.82306214924904,189.02925815121137,184.81773137845468,188.2412872314453,437800,WHR,192.8422698974609,1,1.005417884430147,2.0,1.019863316643999,4.0,1.0866742494310346,34.0,1.306915930268543,147.0,1.4518749329904288,531.0
2021-03-15 00:00:00-04:00,189.2375760364745,192.90567573734396,187.32654226470848,192.8422698974609,552100,WHR,192.1629943847656,0,1.0120734221667276,2.0,1.0337026302650585,4.0,1.1107656555641021,34.0,1.3348792356737988,147.0,1.4867081192505602,532.0
2021-03-16 00:00:00-04:00,193.0053053196336,195.0703069523076,191.8460066423405,192.1629943847656,554800,WHR,195.88543701171875,1,0.9982356721434402,1.0,1.0168996010288571,4.0,1.1043288771111965,34.0,1.3259897419588005,147.0,1.480826441999716,532.0
2021-03-17 00:00:00-04:00,190.86784864468945,196.0031828200557,190.5780170610694,195.88543701171875,516200,WHR,194.9344482421875,0,1.0095927269015288,1.0,1.0252083475118352,4.0,1.1231137397141373,34.0,1.3470875403859321,148.0,1.5088106260415366,533.0
2021-03-18 00:00:00-04:00,195.88543913383876,200.60415773378452,193.83855537708703,194.9344482421875,637400,WHR,197.85987854003903,1,0.9975666827471856,1.0,1.0110011136565646,3.0,1.114951908843619,34.0,1.3357863250530062,148.0,1.5007992536627395,533.0
2021-03-19 00:00:00-04:00,195.3057895099918,199.9792201905481,195.02502379816332,197.85987854003903,1628300,WHR,200.6584930419922,1,1.0074477407090288,1.0,1.0160363610138634,3.0,1.128464671888737,35.0,1.3505950319283309,149.0,1.5226033202013913,533.0
2021-03-22 00:00:00-04:00,197.71495842947348,201.80873966784924,194.90727373263732,200.6584930419922,657600,WHR,193.63021850585935,0,1.007022548272601,2.0,1.0222019217623572,3.0,1.140990738982919,35.0,1.364942419840255,149.0,1.5433693514736313,534.0
2021-03-23 00:00:00-04:00,198.0681710443885,201.066045456904,192.42564580047093,193.63021850585935,464500,WHR,191.15768432617188,0,0.9821748015342815,1.0,0.9849258819746506,3.0,1.0986250711959575,34.0,1.3128007795370527,149.0,1.4886598337350987,533.0
2021-03-24 00:00:00-04:00,194.93446440217213,197.18966998133712,191.15768432617188,191.15768432617188,475100,WHR,195.74050903320312,1,0.9935742933665801,0.0,0.977048286270045,2.0,1.082824252881365,33.0,1.2918986126170007,148.0,1.469030510933822,533.0
2021-03-25 00:00:00-04:00,191.13953657916863,196.03939265272896,188.74848144289157,195.74050903320312,436800,WHR,202.05325317382807,1,1.0118450403379744,1.0,0.9996483944515524,3.0,1.1057464455389077,34.0,1.3185301113541907,148.0,1.5035146775684445,534.0
2021-03-26 00:00:00-04:00,197.6787065835721,202.25250891400012,195.2061415786202,202.05325317382807,328300,WHR,196.4016571044922,0,1.0158693894685544,2.0,1.0274867819077196,3.0,1.1374236611866502,35.0,1.3564825939608816,148.0,1.5511712212461408,535.0
2021-03-29 00:00:00-04:00,202.90459655494533,204.23598077244864,196.39259123176612,196.4016571044922,478800,WHR,199.47201538085935,1,0.9858162218018891,1.0,1.0030899028721787,2.0,1.1024565158763282,34.0,1.3142671980129281,148.0,1.5070550128388827,534.0
2021-03-30 00:00:00-04:00,195.21520061574955,199.6712711281594,194.726127121423,199.47201538085935,566100,WHR,199.57164001464844,1,1.0077559041931003,1.0,1.0127281053698487,3.0,1.115822827219743,35.0,1.330230010964605,149.0,1.5298382067289595,535.0
2021-03-31 00:00:00-04:00,200.25996924510065,201.491725744809,197.67871044602816,199.57164001464844,494900,WHR,204.05487060546875,1,1.0002496584833314,2.0,1.004650567505687,4.0,1.1121922671587496,36.0,1.3263686427010206,149.0,1.5298301553781157,535.0
2021-04-01 00:00:00-04:00,200.1693973401653,204.3899762634345,198.99199460030832,204.05487060546875,728000,WHR,211.49066162109372,1,1.011107373953045,2.0,1.0186918801033662,4.0,1.1326296432271479,36.0,1.3514397198308359,149.0,1.5633609948755514,535.0
2021-04-05 00:00:00-04:00,206.13796843024784,212.08842880218015,203.6472856623161,211.49066162109372,881700,WHR,212.26956176757807,1,1.017894046353435,2.0,1.0459573532453428,4.0,1.1684162841476042,37.0,1.3958680184409358,149.0,1.6193724089015944,536.0
2021-04-06 00:00:00-04:00,212.57751122410733,214.5609887562817,210.1321025971751,212.26956176757807,711700,WHR,208.6467742919922,0,1.0018380680948669,2.0,1.0335869558191348,5.0,1.1675512882036012,37.0,1.3962553338109631,149.0,1.6243782363014574,536.0
2021-04-07 00:00:00-04:00,211.06499939562417,212.82206524663528,207.4240836593313,208.6467742919922,508300,WHR,211.8892059326172,1,0.9913930936739097,1.0,1.0069499327014908,4.0,1.1426922577103407,37.0,1.368064921150037,148.0,1.5957538384904628,536.0
2021-04-08 00:00:00-04:00,209.26267286165736,213.22964245145715,207.3425731779888,211.8892059326172,669200,WHR,214.6425323486328,1,1.0077102359681405,1.0,1.0105832442176914,4.0,1.1552037545997331,37.0,1.384968444898586,148.0,1.6195899352222825,537.0
2021-04-09 00:00:00-04:00,212.61375290484543,214.8598921969437,211.4272843330508,214.6425323486328,368100,WHR,215.12255859375,1,1.0064551501539145,2.0,1.0134794632555246,4.0,1.1650467207931896,37.0,1.3983478323890688,149.0,1.6396469544902383,537.0
2021-04-12 00:00:00-04:00,215.3127484652836,215.7746657931529,212.89452335913515,215.12255859375,439900,WHR,211.6627655029297,0,1.0011169502950195,2.0,1.01227415818764,4.0,1.1631929278464384,37.0,1.3969516630384131,149.0,1.6423336085077302,537.0
2021-04-13 00:00:00-04:00,214.36175628219584,214.78743775187,209.307946248914,211.6627655029297,497200,WHR,210.0959014892578,0,0.9918933644259131,1.0,0.996562962853124,3.0,1.1405684152221067,36.0,1.3700725997235699,149.0,1.6149981519268113,537.0
2021-04-14 00:00:00-04:00,210.4581771189938,211.780509425396,209.5887100796557,210.0959014892578,430300,WHR,209.1177520751953,0,0.9962849275277587,0.0,0.9878377856389253,3.0,1.1285737755632441,35.0,1.3555340949015102,149.0,1.6021800097037173,536.0
2021-04-15 00:00:00-04:00,211.47258525630428,211.47258525630428,207.47843195862345,209.1177520751953,606800,WHR,212.6680908203125,1,0.9976667043028166,0.0,0.9858078818415749,2.0,1.1202796410338214,34.0,1.3451732393665121,148.0,1.5939341671142113,535.0
2021-04-16 00:00:00-04:00,210.78422717348133,214.4976145055889,210.5940373080396,212.6680908203125,567500,WHR,213.08474731445312,1,1.008417396659747,1.0,1.0044144053964206,2.0,1.1355927060839452,35.0,1.3636293559289963,149.0,1.6201937677413198,535.0
2021-04-19 00:00:00-04:00,214.4614059152832,215.702228414887,211.2642754513601,213.08474731445312,542100,WHR,214.1534576416016,1,1.0009786346838367,2.0,1.008323145805563,2.0,1.1340260024630089,36.0,1.3618684451821812,150.0,1.6225676654048373,535.0
2021-04-20 00:00:00-04:00,216.68037658622487,217.8215573167427,210.88386947170065,214.1534576416016,810000,WHR,212.5684814453125,0,1.0025014390444282,2.0,1.0109971857998112,3.0,1.1361066367821326,36.0,1.3642714090568426,150.0,1.6298869046295237,536.0
2021-04-21 00:00:00-04:00,210.47630982384916,214.51575109666567,209.5162668997084,212.5684814453125,1283000,WHR,211.20086669921875,0,0.9962856932088363,1.0,1.0011773612711041,3.0,1.1247266711972312,35.0,1.3499496256302315,149.0,1.6170339135507623,535.0
2021-04-22 00:00:00-04:00,216.82527410852356,223.02029260128435,207.82259866803,211.20086669921875,1751900,WHR,216.4086456298828,1,0.9967727379243406,0.0,0.992787923208877,3.0,1.114987739554132,34.0,1.337208592610425,148.0,1.6058799088793891,534.0
2021-04-23 00:00:00-04:00,213.29302555077624,218.45552913770092,212.179014892002,216.4086456298828,1251800,WHR,213.8545684814453,0,1.0121788191808418,1.0,1.0137032110214759,3.0,1.1399454292854336,34.0,1.3660103283473164,148.0,1.6446392425377112,535.0
2021-04-26 00:00:00-04:00,216.1550616313112,216.6984750899136,211.7080569891097,213.8545684814453,718700,WHR,216.7890472412109,1,0.9940639193296765,1.0,1.0010174468580575,2.0,1.1226730485153331,34.0,1.3460171374327008,147.0,1.6244012218139436,535.0
2021-04-27 00:00:00-04:00,215.03198139960972,217.6585281081634,213.7458849367716,216.7890472412109,489300,WHR,213.24774169921875,0,1.0068141698904354,1.0,1.012255661066784,2.0,1.133097840264093,35.0,1.3607440449623656,147.0,1.6458280763551223,535.0
2021-04-28 00:00:00-04:00,216.46298970781865,216.5082776160949,212.1790189275328,213.24774169921875,475400,WHR,215.84710693359372,1,0.9917651102578511,1.0,0.9950889808833233,2.0,1.1102004523563358,34.0,1.3346569905852221,147.0,1.618124281411961,535.0
2021-04-29 00:00:00-04:00,214.3798589388367,216.2908924793523,212.2423996888758,215.84710693359372,411800,WHR,214.1534576416016,0,1.006057787089864,1.0,1.0028698907927738,3.0,1.1193841271148832,34.0,1.3469680328195204,147.0,1.6369962163256278,535.0
2021-04-30 00:00:00-04:00,215.2584163352477,215.75655571679795,212.1699659895659,214.1534576416016,613800,WHR,218.22911071777344,1,0.9960612858876934,1.0,0.997090364751742,2.0,1.106565470256073,33.0,1.3323719214315743,147.0,1.6233352047688117,534.0
2021-05-03 00:00:00-04:00,215.67503572933467,220.09485647824863,215.3580341867598,218.22911071777344,665500,WHR,220.66546630859372,1,1.0094260346610098,1.0,1.0119442547669562,3.0,1.1228724809347481,34.0,1.3536084663736747,147.0,1.6533516077163166,534.0
2021-05-04 00:00:00-04:00,218.5914126327033,220.83755208037883,216.019205750118,220.66546630859372,481800,WHR,223.57278442382807,1,1.0055511180095393,2.0,1.0195763873413555,3.0,1.1309006476791008,34.0,1.3644338747215576,148.0,1.6708674092360079,535.0
2021-05-05 00:00:00-04:00,220.99152542268112,225.42946446262337,220.9462375100428,223.57278442382807,628800,WHR,226.625,1,1.0065445019883836,2.0,1.0232464454916725,4.0,1.141586611640774,34.0,1.3779890472879157,149.0,1.6919377559266215,535.0
2021-05-06 00:00:00-04:00,224.95850983918083,227.8929786397688,223.91694312372084,226.625,532700,WHR,229.09754943847656,1,1.0067797214508245,2.0,1.0270829767864427,4.0,1.1525337744553086,35.0,1.392414787422287,149.0,1.7140317800184628,536.0
2021-05-07 00:00:00-04:00,225.4928557086665,230.26591393723865,223.2738863323242,229.09754943847656,649500,WHR,228.05596923828125,0,1.005425558690311,2.0,1.0244125224506955,5.0,1.160068009467518,36.0,1.402996237439888,150.0,1.7316485478377357,537.0
2021-05-10 00:00:00-04:00,230.41985411394535,233.38149233822364,227.44008414404527,228.05596923828125,704100,WHR,222.9931182861328,0,0.9977215964492405,1.0,1.0108713603510076,4.0,1.1498307775122494,36.0,1.3920065638551136,150.0,1.7226586024683972,537.0
2021-05-11 00:00:00-04:00,226.9238655764383,226.9238655764383,220.42091153318643,222.9931182861328,560600,WHR,217.36871337890625,0,0.9887753881070108,0.0,0.9863945628738647,3.0,1.1202485893184522,35.0,1.3567341714227372,150.0,1.683408155016635,536.0
2021-05-12 00:00:00-04:00,222.5946233993047,222.9478470057482,214.9504881009576,217.36871337890625,787600,WHR,222.9840545654297,1,0.9872277647543606,0.0,0.9668219511594567,2.0,1.08827486410496,35.0,1.3186154705396025,149.0,1.6400479311633822,535.0
2021-05-13 00:00:00-04:00,217.17849557244205,224.11618320743528,216.91584780826585,222.9840545654297,477500,WHR,223.45504760742188,1,1.0127519152717879,1.0,0.9950208522595868,2.0,1.1118943226791942,36.0,1.3485448147285108,149.0,1.6814281118280154,535.0
2021-05-14 00:00:00-04:00,224.9585179199618,226.3170724341996,223.34636766866083,223.45504760742188,386300,WHR,222.36819458007807,0,1.0010549995278188,2.0,1.0021691886683077,2.0,1.109479992435806,37.0,1.347542237576327,149.0,1.683977022611173,536.0
2021-05-17 00:00:00-04:00,225.7645806796397,226.1268563356208,219.5876798596704,222.36819458007807,565800,WHR,217.8306121826172,0,0.9975621436378889,1.0,1.0024088702200291,2.0,1.0998432066748909,36.0,1.3372093033071848,149.0,1.6748077810409903,535.0
2021-05-18 00:00:00-04:00,222.5402785926861,222.80292636820445,217.67664433904704,217.8306121826172,482700,WHR,216.39959716796875,0,0.9896919702467367,0.0,0.9865457678412943,2.0,1.0734677835957522,36.0,1.3063945773293406,148.0,1.6397180164374716,535.0
2021-05-19 00:00:00-04:00,214.2259156364519,217.78533538272865,208.7645280050804,216.39959716796875,809200,WHR,215.91673278808597,0,0.996704478445227,0.0,0.9809258342103035,2.0,1.062671499239145,35.0,1.2943745156446846,147.0,1.6280965195602444,534.0
2021-05-20 00:00:00-04:00,216.180928580796,216.9462136418052,212.3363480689476,215.91673278808597,541200,WHR,215.7891998291016,0,0.9988830762420382,0.0,0.9850483885236194,1.0,1.056687223528346,34.0,1.2881082110131234,146.0,1.6236457254497008,533.0
2021-05-21 00:00:00-04:00,216.95533134837436,219.32404381642576,215.0057039113354,215.7891998291016,554700,WHR,214.09466552734372,0,0.9997045837238993,0.0,0.9914009922702057,0.0,1.052166094143777,34.0,1.2841515834187323,145.0,1.6218938502688698,532.0
2021-05-24 00:00:00-04:00,216.7184684299091,216.7913533884675,213.4387148017024,214.09466552734372,522100,WHR,215.46121215820312,1,0.996058157939115,0.0,0.9911507340419622,0.0,1.04035802965174,33.0,1.271061199573321,144.0,1.608412347074057,531.0
2021-05-25 00:00:00-04:00,215.0056916250991,216.2082725051578,213.8486655786275,215.46121215820312,469800,WHR,216.32669067382807,1,1.0031813012039839,1.0,0.9996702612924393,1.0,1.0439207444561351,33.0,1.2759198427022604,145.0,1.6179320373303747,531.0
2021-05-26 00:00:00-04:00,215.7982852061112,217.8572468391777,214.86903336072416,216.32669067382807,539200,WHR,219.88888549804688,1,1.0020044065846876,2.0,1.0037537078290202,2.0,1.0446888513336223,34.0,1.2777720199528029,145.0,1.623642675715447,532.0
2021-05-27 00:00:00-04:00,218.1214634992668,220.1622006145957,216.5271415376804,219.88888549804688,949300,WHR,215.99871826171875,0,1.0081661339456967,2.0,1.0165351556963114,3.0,1.057896568557658,35.0,1.295446916614391,145.0,1.6495366956550637,532.0
2021-05-28 00:00:00-04:00,221.25542898957252,221.41940970519008,215.6616375231384,215.99871826171875,548200,WHR,216.6728973388672,1,0.9910752973868187,1.0,0.9983577095612955,3.0,1.0352886047525256,35.0,1.269470912461048,144.0,1.61957401726449,532.0
2021-06-01 00:00:00-04:00,217.66592875963505,218.8776150396752,214.6412796639768,216.6728973388672,438400,WHR,215.71630859375,0,1.0015581772707984,1.0,0.9990926189103414,4.0,1.0352257482895377,35.0,1.2704146730438834,144.0,1.6238577642554661,532.0
2021-06-02 00:00:00-04:00,217.6477112598288,217.6477112598288,214.5501771084137,215.71630859375,444900,WHR,213.147216796875,0,0.9977876673793141,1.0,0.9944477798610942,3.0,1.0279725727175693,34.0,1.2619669445753852,143.0,1.615929418627728,532.0
2021-06-03 00:00:00-04:00,215.07861979689332,215.94410620342688,212.69169617223773,213.147216796875,371400,WHR,212.76454162597656,0,0.9940095353305344,0.0,0.9854932550779251,2.0,1.0130700179462035,34.0,1.2442700444913788,142.0,1.5959972001900882,531.0
2021-06-04 00:00:00-04:00,212.992301910877,213.99445272499275,210.4505032479974,212.76454162597656,501200,WHR,214.8143768310547,1,0.9991015153647894,0.0,0.9902476239574223,1.0,1.0090629307566725,33.0,1.2394995703225342,141.0,1.592476294837885,530.0
2021-06-07 00:00:00-04:00,215.3792317711987,217.04643866772147,213.60270439011185,214.8143768310547,450300,WHR,212.2634735107422,0,1.004794051148441,1.0,1.0008913701370556,2.0,1.0164864650911547,33.0,1.2487311110541233,142.0,1.6071298370261016,531.0
2021-06-08 00:00:00-04:00,214.2222063393401,215.0876926147349,212.18146924567924,212.2634735107422,434000,WHR,209.44834899902344,0,0.9940270765194894,1.0,0.9930864518623137,1.0,1.0025164816552943,32.0,1.2312486217854628,142.0,1.587391982810549,531.0
2021-06-09 00:00:00-04:00,212.27258204602649,213.51159853162088,209.28436826924892,209.44834899902344,592700,WHR,202.8433074951172,0,0.9933245302563137,0.0,0.9856968469005557,1.0,0.9879293087029293,31.0,1.2120880223623274,142.0,1.565737568031414,530.0
2021-06-10 00:00:00-04:00,209.68523546250916,209.749001114606,202.078036261646,202.8433074951172,997300,WHR,205.83151245117188,1,0.9839796867099586,0.0,0.9639613307432083,1.0,0.9559718926654529,31.0,1.1713046156423708,142.0,1.5158328355853656,530.0
2021-06-11 00:00:00-04:00,203.5903590929176,206.0319426085942,202.806863177917,205.83151245117188,625800,WHR,201.43118286132807,0,1.0073119380255613,1.0,0.9846503622411384,2.0,0.9692976261783957,31.0,1.1859769737084571,142.0,1.537586273524812,531.0
2021-06-14 00:00:00-04:00,204.9842374159852,204.9842374159852,200.2012718762789,201.43118286132807,546500,WHR,201.4403076171875,1,0.9891953531701023,1.0,0.9760985801896216,1.0,0.9480922455606999,31.0,1.1582403885256596,141.0,1.5042124496035205,530.0
2021-06-15 00:00:00-04:00,201.6498431876195,202.85242416864057,199.3084746796152,201.4403076171875,649500,WHR,195.8555908203125,0,1.00002264929655,1.0,0.9864905058899384,2.0,0.9478689643741836,31.0,1.1559179788292155,142.0,1.5037195710907072,531.0
2021-06-16 00:00:00-04:00,200.8481055228868,201.26717659925245,194.58924438292357,195.8555908203125,886700,WHR,192.466552734375,0,0.9859431803377815,1.0,0.9720826939984982,2.0,0.9219375733947155,30.0,1.1217241983516064,141.0,1.4615642689207413,530.0
2021-06-17 00:00:00-04:00,195.87385171758888,197.1675285119296,188.3213265284364,192.466552734375,834300,WHR,191.8470764160156,0,0.9912726118193663,0.0,0.9652041044954289,2.0,0.9060673057044618,30.0,1.1003077047029926,140.0,1.435833167436257,530.0
2021-06-18 00:00:00-04:00,189.79723351458784,192.9585479013452,188.68576202925829,191.8470764160156,978100,WHR,195.43655395507807,1,0.998388096930809,0.0,0.9757839852245158,1.0,0.903102171967874,30.0,1.0947599205632255,140.0,1.430779692909311,529.0
2021-06-21 00:00:00-04:00,193.5962469155403,196.78489098238447,193.34115650230356,195.43655395507807,536900,WHR,196.4204559326172,1,1.009268343037435,1.0,1.0001398994735293,2.0,0.9200212418738445,30.0,1.1131549772105513,140.0,1.45706647190882,530.0
2021-06-22 00:00:00-04:00,195.43652993049096,197.11284212609127,193.3684628546872,196.4204559326172,416200,WHR,195.41831970214844,0,1.002510869916098,2.0,1.0103660266515189,2.0,0.9250618022130864,30.0,1.116552263616374,141.0,1.4639371632493179,530.0
2021-06-23 00:00:00-04:00,196.73932654223572,197.46816221650664,194.59838825695888,195.41831970214844,322900,WHR,195.6460723876953,1,0.9974424781497305,1.0,1.0056635470391126,2.0,0.9204131837945585,30.0,1.1087120769714696,140.0,1.456020011261331,529.0
2021-06-24 00:00:00-04:00,196.4477929884136,197.38616419089817,194.1519655690553,195.6460723876953,481400,WHR,196.84864807128903,1,1.0005823917752517,1.0,1.0035514931203227,3.0,0.9217627275446978,30.0,1.1078273224190531,141.0,1.4572768835474084,529.0
2021-06-25 00:00:00-04:00,197.02173419514403,198.99869162280356,195.91938229975796,196.84864807128903,437600,WHR,196.4569091796875,0,1.0030639283050418,2.0,1.0045655511794773,4.0,0.9276268597358049,30.0,1.1125219823457535,141.0,1.4657479288852608,530.0
2021-06-28 00:00:00-04:00,196.10160369420635,197.69592567546005,195.24522280576852,196.4569091796875,365100,WHR,198.3792266845703,1,0.9990039833295526,1.0,1.0015234046101658,3.0,0.9263336170868077,29.0,1.1082680498261435,140.0,1.4623712475048136,529.0
2021-06-29 00:00:00-04:00,197.80526626454807,200.2013091340268,197.3315348366872,198.3792266845703,359400,WHR,198.62518310546875,1,1.0048686463326744,1.0,1.0093075197828756,3.0,0.93636254152414,29.0,1.1169560205219073,141.0,1.4762017093540702,529.0
2021-06-30 00:00:00-04:00,197.47726243072563,198.9167090266812,197.15840638881772,198.62518310546875,430000,WHR,200.00994873046875,1,1.000619530702514,2.0,1.0072720038337482,4.0,0.9385308644015912,29.0,1.1162316437350037,141.0,1.4775362773324345,530.0
2021-07-01 00:00:00-04:00,199.58177222039683,201.14875005851303,198.23342143899632,200.00994873046875,515700,WHR,202.6975250244141,1,1.003473767147974,2.0,1.0098249340701986,4.0,0.9457173174048792,30.0,1.1219588639364646,141.0,1.4873321559822255,530.0
2021-07-02 00:00:00-04:00,200.61123326802016,203.0072756402003,199.65463740031976,202.6975250244141,534300,WHR,197.9236602783203,0,1.006673768104888,2.0,1.01738543962022,4.0,0.9591198689110875,30.0,1.1348959575993234,141.0,1.5067759825626401,531.0
2021-07-06 00:00:00-04:00,202.6975201958602,202.6975201958602,196.10157825044163,197.9236602783203,867400,WHR,202.5062255859375,1,0.9880838434879915,1.0,0.9919637562221209,4.0,0.937767442971478,29.0,1.106256019426533,140.0,1.470812789347832,530.0
2021-07-07 00:00:00-04:00,200.12840762983757,204.2827530470732,199.6000020949948,202.5062255859375,849000,WHR,200.28326416015625,0,1.0114441141118289,1.0,1.0107496385079338,4.0,0.9604366156244873,29.0,1.129741700402544,141.0,1.5043577599889435,530.0
2021-07-08 00:00:00-04:00,199.59998336220156,202.4333216271091,196.7848698109601,200.28326416015625,574600,WHR,205.00247192382807,1,0.9944810838356717,1.0,0.9980025296161776,3.0,0.9507488638243582,29.0,1.1153535336031664,140.0,1.4873715147040127,529.0
2021-07-09 00:00:00-04:00,202.6428649131207,205.3213279675458,202.52443902322963,205.00247192382807,520300,WHR,204.97512817382807,0,1.0116441496541932,1.0,1.0164607261382066,3.0,0.9735433577863647,30.0,1.139506810750018,140.0,1.5219006840301135,529.0
2021-07-12 00:00:00-04:00,204.48315822846237,205.8679444988103,202.70663098438143,204.97512817382807,563900,WHR,199.28114318847656,0,0.9999333042829815,1.0,1.0140348476973366,2.0,0.973732775670294,30.0,1.1372927668966875,139.0,1.5211032072996635,529.0
2021-07-13 00:00:00-04:00,203.6905789524938,204.15520492757764,199.06248831123352,199.28114318847656,565900,WHR,201.6407165527344,1,0.9859149124238362,0.0,0.9845437039665821,2.0,0.9476880075021549,29.0,1.1039320946452,138.0,1.4783465800835236,528.0
2021-07-14 00:00:00-04:00,200.82077126979945,203.70878362132,200.4563604116393,201.6407165527344,425500,WHR,203.1166076660156,1,1.0058853696971797,1.0,0.9970538052474142,2.0,0.9597795954640621,29.0,1.1151873971731914,138.0,1.495306874062892,529.0
2021-07-15 00:00:00-04:00,200.42903923832395,203.48103244182465,200.42903923832395,203.1166076660156,293300,WHR,200.3014678955078,0,1.003646360485582,2.0,1.0015453116330306,3.0,0.9676518557157465,29.0,1.1214517843310747,139.0,1.5056954206470912,529.0
2021-07-16 00:00:00-04:00,203.3079058719099,204.40115225386103,199.9279377620817,200.3014678955078,342200,WHR,193.49603271484372,0,0.9930217807752184,1.0,0.9922643342187623,2.0,0.955170811118473,29.0,1.1041226091957068,138.0,1.4843030490172835,529.0
2021-07-19 00:00:00-04:00,196.8304467191525,197.47727816231765,191.89260526698212,193.49603271484372,818900,WHR,194.2157440185547,1,0.9827184398831473,0.0,0.9695783621593957,2.0,0.9240181869503311,29.0,1.0650632024185902,137.0,1.433337120680694,529.0
2021-07-20 00:00:00-04:00,191.892600227088,194.798823694883,187.6289204529373,194.2157440185547,1476900,WHR,197.9236602783203,1,1.0018563049845293,1.0,0.9781501895447391,3.0,0.9290961743695978,29.0,1.0675260320266053,137.0,1.438119777157411,530.0
2021-07-21 00:00:00-04:00,195.75537821670224,200.40169294834595,195.72804809839468,197.9236602783203,1334600,WHR,195.5822906494141,0,1.0094556074169951,2.0,1.0005710396972254,3.0,0.9480384160087157,30.0,1.0865442064914324,137.0,1.4649781111291316,530.0
2021-07-22 00:00:00-04:00,197.60480294121083,197.74146744283055,189.67874839569063,195.5822906494141,1815500,WHR,199.99176025390625,1,0.9940499765673526,1.0,0.996324328320931,2.0,0.9384121545745463,29.0,1.072388358394219,137.0,1.4470706335542636,530.0
2021-07-23 00:00:00-04:00,197.8143724275636,200.6294862885576,196.3293708815016,199.99176025390625,970600,WHR,200.5838928222656,1,1.011147014305976,1.0,1.0191083694006389,3.0,0.9605872441214577,30.0,1.095296953463747,137.0,1.4790581502988225,530.0
2021-07-26 00:00:00-04:00,200.41991211695628,202.25109949982192,198.042094580295,200.5838928222656,694800,WHR,199.9097137451172,0,1.0014782040890706,2.0,1.014795259865996,4.0,0.9646099491687777,30.0,1.097190422480834,138.0,1.4827864150249062,531.0
2021-07-27 00:00:00-04:00,198.85291678300797,202.57907102088544,197.2312649655116,199.9097137451172,692200,WHR,200.32884216308597,1,0.9983166296138238,1.0,1.0055908445851895,3.0,0.962466604118341,30.0,1.0921756485032266,138.0,1.4771785918245153,530.0
2021-07-28 00:00:00-04:00,200.65681754009225,201.89583408640647,198.0330145240419,200.32884216308597,523600,WHR,204.51963806152344,1,1.001047196507637,1.0,1.0052666896999032,3.0,0.9658718299159533,30.0,1.0931382303826542,138.0,1.47965121243331,530.0
2021-07-29 00:00:00-04:00,201.79561994801992,205.52177501163064,201.76828982492333,204.51963806152344,562400,WHR,201.83204650878903,0,1.01035151693323,2.0,1.0171727464587497,4.0,0.9873584980675684,30.0,1.1145550284378978,138.0,1.5099225831263612,530.0
2021-07-30 00:00:00-04:00,203.97299873211117,207.1707481047688,201.54052057491927,201.83204650878903,521800,WHR,201.85025024414065,1,0.9933860455000294,1.0,1.0019719521952524,3.0,0.9760910955237462,29.0,1.0985761826645453,137.0,1.4894067000227023,530.0
2021-08-02 00:00:00-04:00,203.39901722914752,205.5855240621423,201.49494479521917,201.85025024414065,372000,WHR,204.9386749267578,1,1.0000450942126966,1.0,1.0008039745582469,3.0,0.9781323728559131,29.0,1.097406489553031,137.0,1.4888382010393524,531.0
2021-08-03 00:00:00-04:00,202.43331211860337,206.9429623930048,200.96653551850125,204.9386749267578,507200,WHR,201.08499145507807,0,1.00759220443703,2.0,1.011074751891537,4.0,0.9950398455560084,29.0,1.1129719608557225,137.0,1.5108664944157206,532.0
2021-08-04 00:00:00-04:00,204.12786537384525,205.84062707964932,200.98477637864525,201.08499145507807,384700,WHR,202.08714294433597,1,0.9905087220505624,1.0,0.9913227945434248,3.0,0.9784645725371085,29.0,1.0908956651924089,137.0,1.4817823254581615,531.0
2021-08-05 00:00:00-04:00,202.38777427332911,204.39207580917648,201.38563740678936,202.08714294433597,383900,WHR,200.93011474609372,0,1.0024856665522053,1.0,0.9986584299208344,3.0,0.9850110024893427,30.0,1.0951852441617405,137.0,1.4884756244962445,532.0
2021-08-06 00:00:00-04:00,202.5062119360045,204.75648453555823,200.83900507673687,200.93011474609372,389600,WHR,201.06675720214844,1,0.997129085228576,1.0,0.9938266346126152,3.0,0.98068104319008,30.0,1.0878828232477755,136.0,1.4792872685579534,531.0
2021-08-09 00:00:00-04:00,200.44725596005003,203.11659956717088,199.55442572095544,201.06675720214844,281000,WHR,203.21682739257807,1,1.000339909252011,1.0,0.9952738749024769,3.0,0.9831006909676603,30.0,1.0875752452902916,137.0,1.4796027650642163,532.0
2021-08-10 00:00:00-04:00,201.6225054530578,205.49443016332145,200.83900954386675,203.21682739257807,563800,WHR,209.120361328125,1,1.0053182228325817,2.0,1.0076342833914098,3.0,0.9952546911327741,30.0,1.0981448688959279,137.0,1.4946913154920654,533.0
2021-08-11 00:00:00-04:00,203.07104917252647,209.59410657744917,202.65197806462643,209.120361328125,651200,WHR,210.25917053222656,1,1.0143172483516778,2.0,1.028709163999737,4.0,1.0252759436390912,31.0,1.1288110780093312,138.0,1.5372714482002676,534.0
2021-08-12 00:00:00-04:00,209.60323372581917,211.6530762123215,208.48264315753465,210.25917053222656,417400,WHR,211.8170166015625,1,1.002715462051879,2.0,1.0260616805253109,4.0,1.0314974761025848,32.0,1.133744675604933,138.0,1.5447988863982487,534.0
2021-08-13 00:00:00-04:00,210.2682497980854,212.5731822429725,210.12247991269476,211.8170166015625,413400,WHR,212.14505004882807,1,1.0036909120126272,2.0,1.0227961398752212,5.0,1.039529518195677,33.0,1.1409085764894498,138.0,1.555378824679295,534.0
2021-08-16 00:00:00-04:00,211.30689383013808,213.4478322655159,208.6011004093717,212.14505004882807,353200,WHR,203.9547882080078,0,1.0007737330130908,2.0,1.013536582373404,5.0,1.0414606945395202,34.0,1.1414332669771823,138.0,1.5569083016112049,535.0
2021-08-17 00:00:00-04:00,209.49392035078532,209.49392035078532,201.39476467011477,203.9547882080078,411100,WHR,200.68414306640625,0,0.9803165945097896,1.0,0.9737204806320964,4.0,1.0022235729924263,34.0,1.0964170956523318,137.0,1.496056149534418,534.0
2021-08-18 00:00:00-04:00,203.18040081763223,205.28490364630872,200.5383731463234,200.68414306640625,374400,WHR,199.8368682861328,0,0.9919171268782748,0.0,0.9658862143327369,3.0,0.9872360790382556,34.0,1.0779485889190488,137.0,1.4713661332632841,534.0
2021-08-19 00:00:00-04:00,198.77093797956687,202.00513662342152,197.3315052932204,199.8368682861328,308100,WHR,201.52227783203125,1,0.9978845684589375,0.0,0.9715553795310435,2.0,0.984328988203844,33.0,1.0724922811662065,137.0,1.4644662886134006,534.0
2021-08-20 00:00:00-04:00,199.84596563343263,202.87973400340235,199.4906601793668,201.52227783203125,289100,WHR,200.6385955810547,0,1.0041992553606895,1.0,0.9896559354010313,2.0,0.9938386177221081,33.0,1.0805995106039106,137.0,1.4761140559485175,534.0
2021-08-23 00:00:00-04:00,203.18040826312367,203.18040826312367,199.8004393619414,200.6385955810547,303900,WHR,201.4494171142578,1,0.9978026647806961,1.0,0.9965790089306139,1.0,0.9910487008077622,32.0,1.074931650463471,137.0,1.4689746170512075,533.0
2021-08-24 00:00:00-04:00,201.8958322877403,203.19861447557963,200.30151025565488,201.4494171142578,374500,WHR,203.9547882080078,1,1.0020165274954802,1.0,1.0031029644087113,2.0,0.9962470001587495,33.0,1.0783133122385948,138.0,1.474248141080764,533.0
2021-08-25 00:00:00-04:00,202.2967004591308,206.70613651377167,202.2967004591308,203.9547882080078,383100,WHR,202.6987762451172,0,1.0061799336584543,2.0,1.0122810900407073,3.0,1.0096954819998585,33.0,1.090673972854025,139.0,1.491874934875163,534.0
2021-08-26 00:00:00-04:00,204.2022853366947,204.4406415868588,201.8920104924636,202.6987762451172,250800,WHR,207.13597106933597,1,0.9969113464809297,1.0,1.0031972105397946,3.0,1.0045564554925022,33.0,1.0829665298108884,138.0,1.481981166362216,534.0
2021-08-27 00:00:00-04:00,203.5055389756181,208.41944939148317,203.450534760221,207.13597106933597,354600,WHR,205.2841033935547,0,1.0108267901960355,1.0,1.0194928091123256,3.0,1.0270567380012878,34.0,1.1055334812762883,139.0,1.5136412853721466,535.0
2021-08-30 00:00:00-04:00,208.2727826311224,208.63950075125908,205.274940686376,205.2841033935547,436300,WHR,203.09300231933597,0,0.9955097537912212,1.0,1.0057788610484122,3.0,1.0185041118051597,34.0,1.0945770318367156,138.0,1.4993850218686449,534.0
2021-08-31 00:00:00-04:00,205.61413155445408,205.6416336633644,202.1028844319712,203.09300231933597,566500,WHR,205.10073852539065,1,0.9946346133425042,0.0,0.9934437014784866,2.0,1.00861069578133,33.0,1.0819100223406637,137.0,1.4827011356434592,533.0
2021-09-01 00:00:00-04:00,203.1113400602513,206.1825254373196,202.47876358275911,205.10073852539065,580200,WHR,207.58518981933597,1,1.004918586458234,1.0,1.0021411845142003,2.0,1.019185856657202,34.0,1.0914028441612798,138.0,1.4966747864415855,533.0
2021-09-02 00:00:00-04:00,205.7699806940537,208.6211492137757,204.5690086467997,207.58518981933597,562200,WHR,207.07177734375,0,1.0060201987111854,2.0,1.0094601764067315,3.0,1.031690779978258,35.0,1.1032758042118957,139.0,1.5140813512552072,534.0
2021-09-03 00:00:00-04:00,207.27346878030028,208.8136566604239,205.57744495877213,207.07177734375,421800,WHR,199.35255432128903,0,0.998761838058339,1.0,1.0070263891828897,2.0,1.0287788031979246,35.0,1.0992248295185352,138.0,1.5096148618885867,534.0
2021-09-07 00:00:00-04:00,205.8158154666793,206.8976023477957,199.15086287076488,199.35255432128903,612100,WHR,198.14242553710935,0,0.981006985997032,0.0,0.9751121018096832,2.0,0.9909596123091141,34.0,1.0572212232913103,137.0,1.4526989691033478,534.0
2021-09-08 00:00:00-04:00,198.57331055895543,199.0683625048716,195.5112738952029,198.14242553710935,590800,WHR,199.16004943847656,1,0.9969556124089648,0.0,0.973909572087234,2.0,0.9852126337124559,34.0,1.0497650735383026,137.0,1.4432487033588777,534.0
2021-09-09 00:00:00-04:00,198.92167917302385,201.3511394060898,197.73904650802143,199.16004943847656,560400,WHR,197.784912109375,0,1.0025613329024183,1.0,0.9846617568842493,2.0,0.9904596726977922,34.0,1.0541586335354904,137.0,1.450017458404934,534.0
2021-09-10 00:00:00-04:00,199.72846934145508,201.2044766702141,197.52821639905756,197.784912109375,668800,WHR,200.47100830078125,1,0.9965356977356776,1.0,0.9874318413180075,1.0,0.9834635909341575,34.0,1.046020251870467,136.0,1.439375692489458,534.0
2021-09-13 00:00:00-04:00,199.39838418863707,201.6903196390812,198.0232229183706,200.47100830078125,754800,WHR,198.2432556152344,0,1.0067446484879368,1.0,1.0074821689308646,2.0,0.996159100418649,35.0,1.0593074154764233,136.0,1.4582771627567455,534.0
2021-09-14 00:00:00-04:00,201.50696948903104,201.69948423490857,197.8398727339581,198.2432556152344,652800,WHR,199.1875457763672,1,0.9944126586702299,1.0,0.9973985020831868,2.0,0.9845676446276194,35.0,1.0467017759938833,135.0,1.4414779947671599,533.0
2021-09-15 00:00:00-04:00,197.6840365616798,200.88356975033335,196.583896267484,199.1875457763672,658100,WHR,194.98870849609372,0,1.0023759863549235,1.0,1.001096608717181,3.0,0.9889503708298264,35.0,1.0507738498265538,136.0,1.4477554874639997,533.0
2021-09-16 00:00:00-04:00,198.0507309928324,199.14169453833765,194.7686776502296,194.98870849609372,531700,WHR,193.1001739501953,0,0.9893478177978443,1.0,0.9841200383735639,2.0,0.9682181865181643,34.0,1.0277740013977572,136.0,1.4167405757873301,532.0
2021-09-17 00:00:00-04:00,194.0719524632572,195.44711390374823,191.26662536287387,193.1001739501953,976600,WHR,191.65167236328125,0,0.9951337576742879,0.0,0.979219050898694,2.0,0.959024636495366,34.0,1.0170866677985178,135.0,1.4025460218220986,532.0
2021-09-20 00:00:00-04:00,188.86467062624376,192.38509460928407,187.86538998535863,191.65167236328125,628900,WHR,188.5346221923828,0,0.9962352316154088,0.0,0.980645160887348,1.0,0.952145520308664,33.0,1.008798367599358,134.0,1.3915873445464788,531.0
2021-09-21 00:00:00-04:00,193.1643350330882,193.466872219508,187.9387245150762,188.5346221923828,472900,WHR,190.1114654541016,1,0.9918012558171213,0.0,0.9743766749532049,1.0,0.9373049451261538,32.0,0.9917352074546598,134.0,1.3685619441752894,530.0
2021-09-22 00:00:00-04:00,190.6340334739617,191.486626783589,189.59807412931124,190.1114654541016,563000,WHR,191.6241455078125,1,1.0041644250744008,1.0,0.9918307342374028,1.0,0.9456414591471822,33.0,0.9993308371223447,135.0,1.3795925230471573,531.0
2021-09-23 00:00:00-04:00,192.2658846443697,194.67700524550307,191.14741901114257,191.6241455078125,548800,WHR,192.66929626464844,1,1.0039626380412852,2.0,1.0032445826519696,2.0,0.9536998283807657,33.0,1.0065969324214898,135.0,1.3901454252586805,531.0
2021-09-24 00:00:00-04:00,191.72501982525688,193.80608747928972,191.34913899318596,192.66929626464844,442200,WHR,194.47531127929688,1,1.002719668470051,2.0,1.0091717580516868,3.0,0.9593754337160335,33.0,1.011507532903643,135.0,1.397296600479658,531.0
2021-09-27 00:00:00-04:00,192.6050841183383,196.9322593670354,192.6050841183383,194.47531127929688,416700,WHR,192.9901428222656,0,1.0046649623408312,2.0,1.0156272026108668,4.0,0.9688132795049934,33.0,1.0202846998302595,136.0,1.4099215667512608,532.0
2021-09-28 00:00:00-04:00,193.8060713472859,195.7679676877202,191.4041272826147,192.9901428222656,420100,WHR,194.01695251464844,1,0.9961669654899298,1.0,1.0032024614823871,4.0,0.9621901592329825,32.0,1.0118860702659125,135.0,1.3986831715416568,532.0
2021-09-29 00:00:00-04:00,194.33781513117333,195.08957678317876,193.3660365967202,194.01695251464844,322300,WHR,186.8936004638672,0,1.0026532063746503,1.0,1.0044616089662621,4.0,0.9676236374338455,33.0,1.0166252025856641,136.0,1.405629876827547,533.0
2021-09-30 00:00:00-04:00,194.8511942945344,194.86037098997176,186.77441533410183,186.8936004638672,812100,WHR,188.13124084472656,1,0.9812991475424336,1.0,0.9723454233292711,3.0,0.9333084398772746,32.0,0.978844271507268,135.0,1.353593323635917,533.0
2021-10-01 00:00:00-04:00,188.13124084472656,189.1671861843981,184.3266194990083,188.13124084472656,588200,WHR,188.2412567138672,1,1.0033001557351262,1.0,0.9834282032514007,3.0,0.9404401354142924,33.0,0.9850047004896568,135.0,1.362111410182113,534.0
2021-10-04 00:00:00-04:00,187.57201543435477,192.5409301453603,187.57201543435477,188.2412567138672,728100,WHR,186.97608947753903,0,1.0002923058136666,2.0,0.9904586282624831,3.0,0.94230596884088,33.0,0.9852131207664736,136.0,1.3624627760336856,534.0
2021-10-05 00:00:00-04:00,187.52615957597837,190.33148630251844,186.03181320001383,186.97608947753903,616200,WHR,184.2991180419922,0,0.9966281749786621,1.0,0.9900676708018862,3.0,0.9373803799002696,33.0,0.9783537956521936,135.0,1.3528894616172997,533.0
2021-10-06 00:00:00-04:00,186.47186844001124,187.37031723645197,180.5678542870732,184.2991180419922,933300,WHR,187.88372802734372,1,0.9927897920967264,0.0,0.9860405150048821,2.0,0.9251178308521344,33.0,0.9642392115628624,134.0,1.3331200358553148,533.0
2021-10-07 00:00:00-04:00,186.8111037707423,191.404137996015,186.792764367787,187.88372802734372,609200,WHR,182.2272186279297,0,1.009631314347797,1.0,1.0041550790210718,3.0,0.9441980315610662,33.0,0.9828327756276816,134.0,1.358603144519114,534.0
2021-10-08 00:00:00-04:00,188.35126380375004,188.8554924308286,182.05302928504213,182.2272186279297,708100,WHR,181.92466735839844,0,0.9847167195390126,1.0,0.980108893592814,2.0,0.9173766719735347,32.0,0.9531912944816165,134.0,1.317325465919171,533.0
2021-10-11 00:00:00-04:00,182.181363005232,184.52830262706044,180.439497689024,181.92466735839844,586800,WHR,183.0614776611328,1,0.9991691618767489,0.0,0.9851756478728559,1.0,0.9172678796231177,32.0,0.9515711269381429,133.0,1.3147760287589931,532.0
2021-10-12 00:00:00-04:00,181.7963386938005,184.2624636932913,180.283652770333,183.0614776611328,571200,WHR,181.75048828125,0,1.0031146670037943,1.0,0.9955527101722637,2.0,0.9238097465916221,33.0,0.9574936048263444,133.0,1.322651334674553,532.0
2021-10-13 00:00:00-04:00,184.0240844195382,184.0240844195382,180.37532695755831,181.75048828125,727600,WHR,187.65451049804688,1,0.996406396987291,1.0,0.991170682317564,2.0,0.918156524458635,32.0,0.9506136620765347,133.0,1.3128540945516438,531.0
2021-10-14 00:00:00-04:00,183.0431374584431,188.14039969784787,182.49306735092384,187.65451049804688,812000,WHR,189.5155792236328,1,1.0159825184724267,1.0,1.0236239976757031,2.0,0.9488024717041253,32.0,0.9813408749145787,134.0,1.354955721357587,532.0
2021-10-15 00:00:00-04:00,189.7722749014918,192.9168039496969,188.90134213812277,189.5155792236328,579600,WHR,189.43307495117188,0,1.0049342956302798,2.0,1.0256207390917835,3.0,0.9587023663879081,33.0,0.9908307501736761,135.0,1.3678062749338882,533.0
2021-10-18 00:00:00-04:00,187.9387283904596,189.88228539786545,186.8386020464349,189.43307495117188,467300,WHR,188.52545166015625,0,0.9997822811308287,1.0,1.0169100153335724,3.0,0.9591388469073511,32.0,0.990178166141434,134.0,1.3666296672607245,532.0
2021-10-19 00:00:00-04:00,190.579030966582,190.579030966582,188.43376864182315,188.52545166015625,535600,WHR,191.8258514404297,1,0.9975986167076236,0.0,1.006135427354728,2.0,0.9555156694036007,31.0,0.9851755036869043,134.0,1.3595120269911558,532.0
2021-10-20 00:00:00-04:00,188.52545850471935,192.62344057119924,188.52545850471935,191.8258514404297,651100,WHR,190.5973663330078,0,1.0086772406282531,1.0,1.0128567843999272,3.0,0.9729076633860565,32.0,1.0020336862519825,135.0,1.3827020415411388,532.0
2021-10-21 00:00:00-04:00,190.37734945970143,192.1375543904788,188.88300291379105,190.5973663330078,1136100,WHR,195.6763153076172,1,0.9967876293846006,1.0,1.0032524652716195,2.0,0.9674728477181721,31.0,0.9953362475427381,134.0,1.3732716001928083,531.0
2021-10-22 00:00:00-04:00,184.10662773506724,197.6840533292971,183.4465490981076,195.6763153076172,2383500,WHR,191.0282287597656,0,1.0131485762970893,1.0,1.0233495409817328,2.0,0.9939972637947396,31.0,1.0213863828324343,135.0,1.4092281446588086,531.0
2021-10-25 00:00:00-04:00,190.9457224420377,195.2545582304825,190.78070980658177,191.0282287597656,1244600,WHR,188.85548400878903,0,0.9879802639530357,1.0,0.9973768482507724,2.0,0.9712743095527933,31.0,0.9967923903443453,134.0,1.3751692950762286,531.0
2021-10-26 00:00:00-04:00,192.5225807856588,193.017632695436,187.5995078391477,188.85548400878903,790700,WHR,185.28005981445312,0,0.9942805003795983,0.0,0.9856930422686997,2.0,0.9612856445114277,30.0,0.9850359422443481,134.0,1.358976024112181,530.0
2021-10-27 00:00:00-04:00,189.3688646566735,191.0374003108549,184.9225184583947,185.28005981445312,814200,WHR,192.6875915527344,1,0.9904435056936876,0.0,0.9736849174475716,1.0,0.9446619594189355,29.0,0.9660113998910062,134.0,1.3327373922499188,530.0
2021-10-28 00:00:00-04:00,186.4902030960641,193.1093138330748,185.7017767371473,192.6875915527344,698500,WHR,193.28350830078125,1,1.019598322003184,1.0,1.0103932780704363,2.0,0.9831312633792929,30.0,1.0040605935105795,135.0,1.3854093609505118,531.0
2021-10-29 00:00:00-04:00,193.08181685554743,195.8321394845203,192.1558799397844,193.28350830078125,728700,WHR,196.6114196777344,1,1.0015439413683382,2.0,1.0160678254054898,2.0,0.9869105848403851,30.0,1.0067257572290758,135.0,1.3890772299752416,531.0
2021-11-01 00:00:00-04:00,194.0536115841164,197.34482791599063,193.31102665011932,196.6114196777344,607900,WHR,197.51901245117188,1,1.008535405664822,2.0,1.0275306132946092,3.0,1.0042720791685285,31.0,1.0236372090583261,135.0,1.4123332454337032,532.0
2021-11-02 00:00:00-04:00,196.70308391547672,198.2615973670572,194.44782705900028,197.51901245117188,618300,WHR,199.9209442138672,1,1.002302772634265,2.0,1.0230100414672691,4.0,1.0092127832083835,31.0,1.0278548882271907,136.0,1.418174674700376,533.0
2021-11-03 00:00:00-04:00,198.3074127682235,204.0372511658485,197.10644087829945,199.9209442138672,882400,WHR,200.0218048095703,1,1.0060435085159785,2.0,1.0199814242516667,5.0,1.021772104237204,31.0,1.0398732196536349,136.0,1.4347067692824598,534.0
2021-11-04 00:00:00-04:00,200.5535355682784,203.5147265515422,198.44496592471245,200.0218048095703,496000,WHR,199.98513793945312,0,1.0002521875842214,2.0,1.0129156309274512,5.0,1.023080506024263,31.0,1.0399706400767774,136.0,1.434710690715668,535.0
2021-11-05 00:00:00-04:00,201.882867385808,203.78058284329768,199.00419674848496,199.98513793945312,510300,WHR,200.40684509277344,1,0.9999083344157349,1.0,1.0059024410266286,4.0,1.0237896311742458,30.0,1.0389494730719084,136.0,1.4337337608817702,534.0
2021-11-08 00:00:00-05:00,199.9667834061588,201.54363614436775,198.3991073627943,200.40684509277344,408800,WHR,202.662109375,1,1.0010532357569366,1.0,1.004189472635689,4.0,1.0269482641592764,30.0,1.0403458190566084,136.0,1.436058182193624,534.0
2021-11-09 00:00:00-05:00,200.0401345133835,203.6063857143257,199.9484654835533,202.662109375,429200,WHR,202.70797729492188,1,1.0055952319255261,2.0,1.0102828892557874,4.0,1.0393467138683112,30.0,1.0512424537775424,136.0,1.45151057144557,534.0
2021-11-10 00:00:00-05:00,202.20374860413403,205.11909831431973,201.8278677629225,202.70797729492188,524500,WHR,206.27420043945312,1,1.0001131507267806,2.0,1.007711410134365,4.0,1.03969274679162,31.0,1.0506464463200813,137.0,1.4511292605304267,535.0
2021-11-11 00:00:00-05:00,203.15717367280277,208.2085946120177,202.09371221543188,206.27420043945312,590100,WHR,212.8474884033203,1,1.0087197519566427,2.0,1.0191047817416254,4.0,1.057478642414182,32.0,1.068298968404928,137.0,1.47593119654316,535.0
2021-11-12 00:00:00-05:00,207.21849473836969,214.15848293177197,206.7876096965377,212.8474884033203,780700,WHR,214.9652099609375,1,1.0156834831955763,2.0,1.0383831343122436,5.0,1.089965372846602,33.0,1.101333110996656,138.0,1.522122831329844,536.0
2021-11-15 00:00:00-05:00,213.9475900419306,217.99056761113613,213.48004023709225,214.9652099609375,684900,WHR,215.6436309814453,1,1.0049501138365324,2.0,1.0340264819279066,5.0,1.0995484193800251,33.0,1.111275636325351,138.0,1.5364055212216838,536.0
2021-11-16 00:00:00-05:00,215.10273755440588,217.4496772958134,213.79174315876483,215.6436309814453,553400,WHR,213.53504943847656,0,1.0015754925491616,2.0,1.0244951582954451,5.0,1.1016093895761758,34.0,1.1138144284712685,138.0,1.5403582509996752,537.0
2021-11-17 00:00:00-05:00,215.1669064293988,215.73531595768023,211.93069455501876,213.53504943847656,399300,WHR,211.7734222412109,0,0.9950869378206167,1.0,1.0041472874274457,4.0,1.0897164583155503,33.0,1.1020068403306287,138.0,1.5244550987184258,536.0
2021-11-18 00:00:00-05:00,215.0292034354613,215.0292034354613,210.68507975651312,211.7734222412109,493700,WHR,211.4782867431641,0,0.9958580011578222,0.0,0.9907391319307671,3.0,1.0800082767948986,32.0,1.0920547043273985,137.0,1.5110773097123489,535.0
2021-11-19 00:00:00-05:00,212.23459425382904,214.73408221096776,211.2108207171092,211.4782867431641,404200,WHR,212.7049560546875,1,0.999302695082425,0.0,0.990627499630537,2.0,1.077698921246094,32.0,1.0897978084136393,136.0,1.508171579826809,535.0
2021-11-22 00:00:00-05:00,212.2437970906813,215.1214385960289,211.28459263786863,212.7049560546875,413100,WHR,213.30447387695312,1,1.0028918382146181,1.0,0.9984879243821799,2.0,1.083437599914611,32.0,1.095384482547125,136.0,1.5160930169824791,536.0
2021-11-23 00:00:00-05:00,212.88020143232728,214.3743519912896,211.0355655527373,213.30447387695312,337700,WHR,213.29525756835935,0,1.0014072876799038,2.0,1.0035060165543523,2.0,1.0857520491649981,33.0,1.097720561583366,137.0,1.5195507465022449,536.0
2021-11-24 00:00:00-05:00,212.059354814662,214.90009596951143,210.3530749430978,213.29525756835935,318200,WHR,208.44386291503903,0,0.9999783958874925,1.0,1.0036891136982389,2.0,1.084766253072026,33.0,1.0969401478877474,136.0,1.5186661710074476,536.0
2021-11-26 00:00:00-05:00,206.4147661792298,209.53219137323063,206.2303053984208,208.44386291503903,331700,WHR,205.4739990234375,0,0.9884966928186324,0.0,0.983943455748688,2.0,1.0597929598809395,32.0,1.071255920431997,136.0,1.4833758455228119,536.0
2021-11-29 00:00:00-05:00,209.3661820356148,210.1040392363345,204.96672131835172,205.4739990234375,360600,WHR,200.8255157470703,0,0.9928249921912212,0.0,0.9754538541402553,2.0,1.0448801829788916,31.0,1.0553185762242616,136.0,1.4615466673375093,535.0
2021-11-30 00:00:00-05:00,203.71236136418048,204.54245596427705,199.95853462124848,200.8255157470703,902400,WHR,199.57118225097656,0,0.988558974088382,0.0,0.9642619900499757,1.0,1.0217825547417099,31.0,1.0306932196245806,136.0,1.4278444394026955,535.0
2021-12-01 00:00:00-05:00,203.02987490534852,208.4715457188446,199.38670738397823,199.57118225097656,641300,WHR,204.75457763671875,1,0.996867273125964,0.0,0.9710455216141815,0.0,1.0153817917786103,31.0,1.023595849500706,135.0,1.4182911277770855,535.0
2021-12-02 00:00:00-05:00,201.4434596913036,207.56765009912127,201.01918725703365,204.75457763671875,594400,WHR,205.7137908935547,1,1.0128198494876555,1.0,1.0046157325709548,1.0,1.0411701883875664,32.0,1.049339208597836,136.0,1.454411873205138,536.0
2021-12-03 00:00:00-05:00,204.413333270285,206.93125735179623,203.87838716652325,205.7137908935547,698900,WHR,210.38995361328125,1,1.002336874971074,2.0,1.0120332764237259,2.0,1.0454670762268496,32.0,1.0534824200101283,136.0,1.4605011769310985,536.0
2021-12-06 00:00:00-05:00,208.53609955197464,212.2069211479481,207.687554631249,210.38995361328125,531300,WHR,211.7734222412109,1,1.0112379731772632,2.0,1.0300559089741843,3.0,1.0680916306923505,33.0,1.0764641208380101,137.0,1.4928840812095279,537.0
2021-12-07 00:00:00-05:00,212.59428464283727,213.46126575604023,210.73119846808973,211.7734222412109,345900,WHR,210.2423858642578,0,1.0032770929622432,2.0,1.0258323086306478,4.0,1.074087946108045,33.0,1.0825398094963221,138.0,1.501870291548917,537.0
2021-12-08 00:00:00-05:00,212.7326416564241,213.68262807316364,209.5321970617345,210.2423858642578,709800,WHR,208.4807586669922,0,0.9963720876148543,1.0,1.0079950195622118,4.0,1.0652422473249148,33.0,1.0737013930392214,138.0,1.4902123395945253,536.0
2021-12-09 00:00:00-05:00,209.034155107362,211.50597471463612,208.32396629269385,208.4807586669922,529700,WHR,212.16079711914065,1,0.9957928592668607,0.0,0.9959903337509939,3.0,1.0554882347196157,32.0,1.0637710357213943,137.0,1.4769580567282383,535.0
2021-12-10 00:00:00-05:00,210.3253793304102,212.64962450724005,209.2831696158452,212.16079711914065,553500,WHR,210.4729766845703,0,1.008748632657729,1.0,1.0073659255019987,3.0,1.0725652749988246,33.0,1.0815206200094478,137.0,1.502198676165778,536.0
2021-12-13 00:00:00-05:00,212.7787718149303,213.479742541572,208.04728977738208,210.4729766845703,584500,WHR,213.9962158203125,1,0.9960064231985535,1.0,0.9992731600982063,2.0,1.0624773690437672,33.0,1.0720262998553705,136.0,1.4894837869005386,535.0
2021-12-14 00:00:00-05:00,210.11325103815636,215.2413366152604,208.94190329495436,213.9962158203125,901900,WHR,219.382568359375,1,1.0083003412213518,1.0,1.013860711142908,2.0,1.0782358272053643,34.0,1.088958985598997,137.0,1.5136211802013302,535.0
2021-12-15 00:00:00-05:00,213.5535116231461,219.86217767812383,212.6588760768113,219.382568359375,778800,WHR,219.7699279785156,1,1.012428740712949,2.0,1.0304553580932738,3.0,1.1025192943959212,35.0,1.1152847655940017,137.0,1.550831705064678,536.0
2021-12-16 00:00:00-05:00,219.9728390607584,222.8504666657204,219.6039174967473,219.7699279785156,811700,WHR,212.4651641845703,0,1.0008820617493257,2.0,1.0214422099557035,4.0,1.1017291083377807,35.0,1.1161131884159337,138.0,1.552676665750866,537.0
2021-12-17 00:00:00-05:00,220.4432088474574,221.62377470124628,211.8195444322569,212.4651641845703,1568800,WHR,203.06675720214844,0,0.9831000214318805,1.0,0.9872119689356129,3.0,1.0632581267795764,34.0,1.0780402709729964,138.0,1.5002882782558677,536.0
2021-12-20 00:00:00-05:00,209.2370670206932,209.57832018530573,199.9400996707034,203.06675720214844,806700,WHR,204.18276977539065,1,0.9773822262533829,0.0,0.950081581101341,3.0,1.0153443289461646,33.0,1.0296408508194865,137.0,1.4332564389855136,536.0
2021-12-21 00:00:00-05:00,204.8191714671906,205.049750974454,201.840074100459,204.18276977539065,412300,WHR,206.9035797119141,1,1.002740365548181,1.0,0.9641566581049177,3.0,1.0200992269430758,33.0,1.034594169688004,137.0,1.4404470486402612,537.0
2021-12-22 00:00:00-05:00,203.89682837326117,207.9919080971509,203.3987688176628,206.9035797119141,284600,WHR,209.61520385742188,1,1.0066185849759224,2.0,0.9886559306517547,3.0,1.032496245776434,34.0,1.0476786764394572,137.0,1.458925903879065,537.0
2021-12-23 00:00:00-05:00,208.12103921260424,210.63897734202905,207.49386976359696,209.61520385742188,261000,WHR,212.7049560546875,1,1.0065102085487494,2.0,1.0114284520278918,3.0,1.0446726027482336,34.0,1.0604862708724445,138.0,1.4772935071070419,538.0
2021-12-27 00:00:00-05:00,210.2884875868008,213.04622325800125,209.21859541267744,212.7049560546875,213700,WHR,212.8064117431641,1,1.0073161371171782,2.0,1.0260995768473342,4.0,1.057803307383312,35.0,1.0750768872713174,139.0,1.4982704397377495,539.0
2021-12-28 00:00:00-05:00,212.12390548295383,214.38358159352245,211.95788093759543,212.8064117431641,385500,WHR,214.973876953125,1,1.0002384323807885,2.0,1.0170320373732165,5.0,1.0561478210631308,35.0,1.0745711580185762,139.0,1.4981908309134087,539.0
2021-12-29 00:00:00-05:00,212.19770489349392,216.154442844317,212.19770489349392,214.973876953125,275400,WHR,214.51271057128903,0,1.0050667720491904,2.0,1.0169018811344575,5.0,1.064550897822618,35.0,1.0843646639206033,140.0,1.5126196794952815,540.0
2021-12-30 00:00:00-05:00,215.27823615885876,217.279664422211,214.09767030834175,214.51271057128903,231300,WHR,216.4311370849609,1,0.9989262379891903,1.0,1.0074678709427973,4.0,1.0598584719314996,35.0,1.0808318751409658,140.0,1.508533265435042,540.0
2021-12-31 00:00:00-05:00,213.93164920702367,217.4549105892404,212.68652839811423,216.4311370849609,296500,WHR,214.62338256835935,0,1.0044516855829488,1.0,1.0100114819483557,4.0,1.0665150353215036,36.0,1.0892773282739852,140.0,1.5211802847081266,540.0
2022-01-03 00:00:00-05:00,217.3811182849764,219.13351674767785,211.57051242811437,214.62338256835935,633200,WHR,220.8674774169922,1,0.9958062044725677,1.0,0.9997851524552519,3.0,1.055289382981533,35.0,1.0790084266145612,140.0,1.5076896405088365,539.0
2022-01-04 00:00:00-05:00,215.9146346006527,222.02037483781277,215.6932732294114,220.8674774169922,478700,WHR,217.3350067138672,0,1.0143380617651605,1.0,1.0212027191358273,3.0,1.0825632295859287,36.0,1.1091362776890874,140.0,1.5506447241911905,540.0
2022-01-05 00:00:00-05:00,222.1033889480753,226.37372566891088,216.7816103003818,217.3350067138672,585000,WHR,215.59182739257807,0,0.9919387250619279,1.0,1.0026807532775495,2.0,1.0621765871008098,36.0,1.0901757867060506,140.0,1.5250103024155912,539.0
2022-01-06 00:00:00-05:00,218.5616924080978,218.5616924080978,211.75498122584452,215.59182739257807,511700,WHR,209.40306091308597,0,0.9959735013310343,0.0,0.9936491665789103,2.0,1.0508726378932387,35.0,1.0802731408442776,139.0,1.5119363061013185,539.0
2022-01-07 00:00:00-05:00,215.76706320417844,216.11754852824453,209.20938202496365,209.40306091308597,586600,WHR,205.1696319580078,0,0.98543802137441,0.0,0.9714187630026541,1.0,1.0184184946857542,35.0,1.0483472193418657,138.0,1.4677823382984834,538.0
2022-01-10 00:00:00-05:00,207.2079608873373,208.2040659951428,202.8730691934571,205.1696319580078,686100,WHR,209.6428985595703,1,0.989788451994366,0.0,0.9602020238086737,1.0,0.9964148436069457,34.0,1.026486626138812,137.0,1.4374076680073788,538.0
2022-01-11 00:00:00-05:00,205.9812947231475,209.7351219218073,201.98765582106685,209.6428985595703,520600,WHR,207.7613525390625,0,1.0107838270844447,1.0,0.9915546547715918,1.0,1.0164834419909705,34.0,1.0481099181809204,137.0,1.4680301236071915,538.0
2022-01-12 00:00:00-05:00,209.35697284977888,211.8564468079,205.84292936476675,207.7613525390625,548400,WHR,209.1540679931641,1,0.9954922691478214,1.0,0.9916358630511697,1.0,1.0058706819741579,34.0,1.0380242432664586,136.0,1.4542216967672665,537.0
2022-01-13 00:00:00-05:00,209.1356176916091,212.8156717749863,207.84437805189248,209.1540679931641,550100,WHR,200.1614532470703,0,1.003340522766761,1.0,1.0044560463088916,2.0,1.0109307318693084,35.0,1.0443492505195746,136.0,1.4633535061057463,537.0
2022-01-14 00:00:00-05:00,205.8706038317292,205.8706038317292,197.38526710240976,200.1614532470703,1010800,WHR,193.4561920166016,0,0.9780301154501888,1.0,0.9698784211446548,2.0,0.9668163836254665,34.0,0.9989674007698705,136.0,1.3999578850568932,536.0
2022-01-18 00:00:00-05:00,197.6804099601768,197.6804099601768,190.9843866402534,193.4561920166016,886500,WHR,190.79991149902344,0,0.9829650390139978,0.0,0.9481510973394877,2.0,0.9342137431525525,34.0,0.9651570681566104,136.0,1.3526348969013877,536.0
2022-01-19 00:00:00-05:00,194.70132659488647,195.2916095251644,190.68923784755108,190.79991149902344,905400,WHR,185.7548370361328,0,0.9930872132068291,0.0,0.9527295905826703,1.0,0.9217481382870492,33.0,0.9516685706791863,135.0,1.3336645069922608,536.0
2022-01-20 00:00:00-05:00,191.4271011028125,193.50231657449777,185.34902894337264,185.7548370361328,864400,WHR,185.8654937744141,1,0.986602016087922,0.0,0.9483805670697119,1.0,0.8977567296684803,33.0,0.9264481492000466,134.0,1.2980540370972695,536.0
2022-01-21 00:00:00-05:00,186.18829657211387,189.7945626792501,185.2198741055612,185.8654937744141,917900,WHR,191.1042938232422,1,1.0002977682572962,1.0,0.9720613387310705,1.0,0.8985079366868041,34.0,0.9269978670487735,134.0,1.2984880681335267,536.0
2022-01-24 00:00:00-05:00,181.69665269147148,191.98049314081945,181.09715159877555,191.1042938232422,1105900,WHR,191.9436187744141,1,1.0138971350521584,2.0,1.009018917400238,2.0,0.9233999465433872,35.0,0.9531266694228173,134.0,1.3346561685164773,537.0
2022-01-25 00:00:00-05:00,185.88398215201997,194.93193446026757,185.64418451443788,191.9436187744141,1013600,WHR,191.51931762695312,0,1.0021911748467183,2.0,1.0150718338749782,3.0,0.9275110649292397,35.0,0.9569914168597166,135.0,1.3400303831377036,538.0
2022-01-26 00:00:00-05:00,194.8119994798524,196.5643979640607,188.50334804855635,191.51931762695312,1682500,WHR,184.3068084716797,0,0.998893501542958,1.0,1.0120578916585288,3.0,0.9255922646612434,34.0,0.954400749206835,135.0,1.3366006555087075,537.0
2022-01-27 00:00:00-05:00,195.08870819274,197.4682903324369,182.0840187038851,184.3068084716797,1654400,WHR,189.2504425048828,1,0.9808089202575008,0.0,0.9754371556236064,3.0,0.8916186796937311,33.0,0.9181578519764048,134.0,1.285863417278332,537.0
2022-01-28 00:00:00-05:00,184.10390610866287,189.37956646865365,182.5544044699564,189.2504425048828,936300,WHR,193.8620147705078,1,1.0132339394303802,1.0,0.9980252923388437,3.0,0.9161452095442645,33.0,0.9424440560368822,134.0,1.319847095307973,538.0
2022-01-31 00:00:00-05:00,187.99607196664812,193.9542381226756,187.99607196664812,193.8620147705078,799200,WHR,192.2848358154297,0,1.0120371242909234,2.0,1.0193797629848003,3.0,0.9389284279470745,33.0,0.9649881549459102,134.0,1.3514621006177279,538.0
2022-02-01 00:00:00-05:00,193.59452557161475,194.7843235682771,189.1581786329111,192.2848358154297,818200,WHR,194.86734008789065,1,0.995915598035605,1.0,1.0107238317328093,2.0,0.9318716952903445,32.0,0.9566954461506937,134.0,1.3399710293061604,537.0
2022-02-02 00:00:00-05:00,193.17949650953983,194.87655820117087,188.7339312006524,194.86734008789065,641400,WHR,189.6470184326172,0,1.0066705146792354,1.0,1.0207058978790418,3.0,0.9447778549427975,33.0,0.9691455354348741,134.0,1.357434191028213,538.0
2022-02-03 00:00:00-05:00,192.9397003745404,193.53920143180576,189.16742321618707,189.6470184326172,477000,WHR,186.3082427978516,0,0.9864235976119081,1.0,0.9878357977750956,3.0,0.9202682290088127,32.0,0.9430087247357531,133.0,1.320606600702257,537.0
2022-02-04 00:00:00-05:00,188.37424025967795,189.43490036899607,184.54661197594527,186.3082427978516,581000,WHR,184.61117553710935,0,0.9911192208779362,0.0,0.973428370294957,2.0,0.905264040624698,31.0,0.9262784904368694,133.0,1.2969731385640928,536.0
2022-02-07 00:00:00-05:00,186.7878465951334,188.3188837899181,183.8641002036846,184.61117553710935,453600,WHR,184.95245361328125,1,0.9954247009542927,0.0,0.97397673248619,1.0,0.8983345945093427,30.0,0.9177174752507361,133.0,1.2847647115629544,536.0
2022-02-08 00:00:00-05:00,185.4505132849684,187.5257290789299,183.449070556816,184.95245361328125,713400,WHR,190.19119262695312,1,1.0009234622924243,1.0,0.9833855899883224,2.0,0.901554275118259,30.0,0.9192670083895165,134.0,1.2867112360897695,537.0
2022-02-09 00:00:00-05:00,187.04608500732735,191.49165025406413,186.335896237922,190.19119262695312,672000,WHR,184.07623291015625,0,1.01396462146214,2.0,1.0162933801866767,2.0,0.9288001977874365,30.0,0.9451118225888678,134.0,1.3226519526508567,538.0
2022-02-10 00:00:00-05:00,187.74705470493743,190.5877959075398,183.79031657448252,184.07623291015625,630500,WHR,180.46995544433597,0,0.983661523019212,1.0,0.9895089553135196,2.0,0.9012034676225366,29.0,0.914588284384467,134.0,1.279708274283389,537.0
2022-02-11 00:00:00-05:00,184.4635939419948,186.05920008902552,178.44085872566507,180.46995544433597,887600,WHR,181.34616088867188,1,0.990107488211306,0.0,0.9762509911062144,2.0,0.8860909327439398,28.0,0.8965648030944878,134.0,1.2542798802371895,536.0
2022-02-14 00:00:00-05:00,180.7927785320369,183.49516352023792,179.37240092908308,181.34616088867188,573800,WHR,188.5033416748047,1,1.0024216871631266,1.0,0.9844683691949183,3.0,0.8927445771712195,29.0,0.9007468701330928,135.0,1.2599791602649748,537.0
2022-02-15 00:00:00-05:00,185.9208486747745,189.28730346556705,185.4320213012831,188.5033416748047,728000,WHR,190.33876037597656,1,1.0193516031156604,2.0,1.019392255231177,3.0,0.9297536304210061,30.0,0.936059930770629,135.0,1.3092149598640577,538.0
2022-02-16 00:00:00-05:00,187.22133511871007,191.02128075962187,186.6956071056071,190.33876037597656,753400,WHR,189.01060485839844,0,1.0048448118391178,2.0,1.0291536132867272,3.0,0.9404407241270257,31.0,0.9448561162262049,136.0,1.3214285490745468,539.0
2022-02-17 00:00:00-05:00,189.42565918175077,191.77755862232252,187.53490462837837,189.01060485839844,602600,WHR,188.6509246826172,0,0.9964988592593069,1.0,1.0165480444919652,3.0,0.9357041979465383,30.0,0.9379741816902676,135.0,1.3116844236143395,539.0
2022-02-18 00:00:00-05:00,188.6140381535388,191.03973908904385,187.47035872371848,188.6509246826172,571900,WHR,182.4437255859375,0,0.9990476123522076,0.0,1.0057630027494298,3.0,0.9358271900322368,29.0,0.9359196558674379,134.0,1.3086553426271406,539.0
2022-02-22 00:00:00-05:00,187.3320139147067,189.39801134936496,179.6214346918266,182.4437255859375,1127900,WHR,179.08648681640625,0,0.9832732724867156,0.0,0.9715333037110967,2.0,0.9073499727061912,29.0,0.9049083848609238,134.0,1.265135445649527,539.0
2022-02-23 00:00:00-05:00,184.3068101453132,186.26211982850484,178.68066463911228,179.08648681640625,988100,WHR,184.44732666015625,1,0.9907138085439039,0.0,0.9633168915358623,1.0,0.8928259640334835,29.0,0.8881345932624636,133.0,1.2414516903343602,538.0
2022-02-24 00:00:00-05:00,175.07512369012113,184.8847596599017,174.3863960689064,184.44732666015625,1044100,WHR,190.28286743164065,1,1.0147464682651746,1.0,0.9984816197685804,1.0,0.9211615220128347,30.0,0.914622545473333,133.0,1.27813064546063,539.0
2022-02-25 00:00:00-05:00,182.8651383617156,191.26011171866807,182.8651383617156,190.28286743164065,923800,WHR,187.3232269287109,0,1.0155726463025685,2.0,1.02865464514066,2.0,0.9511398651335741,31.0,0.9432869682341424,134.0,1.3180181680757372,539.0
2022-02-28 00:00:00-05:00,187.2394525838353,188.93334455864252,184.46595229036524,187.3232269287109,888800,WHR,187.28598022460935,0,0.9921620955086987,1.0,1.0141107970616627,2.0,0.9373023254914326,31.0,0.9283509789616837,134.0,1.2970423239789504,538.0
2022-03-01 00:00:00-05:00,186.8113252370336,188.41214082837843,183.45147572515185,187.28598022460935,771900,WHR,192.22802734375,1,0.9999005718402263,0.0,1.0086210576034615,2.0,0.9384831217408607,30.0,0.9278321325478907,134.0,1.2963041666850217,538.0
2022-03-02 00:00:00-05:00,189.39868711170115,194.85262530371276,187.25806028931376,192.22802734375,1026900,WHR,194.91778564453125,1,1.0130220414018591,1.0,1.020787367463652,3.0,0.9643336446028724,30.0,0.9520251588239301,134.0,1.329968168054181,539.0
2022-03-03 00:00:00-05:00,194.1080758240937,196.3696991935714,190.90644433891904,194.91778564453125,870300,WHR,189.7616729736328,0,1.006947662122495,2.0,1.0236871252118935,3.0,0.9790937077054115,30.0,0.965117458170012,134.0,1.347983237184052,540.0
2022-03-04 00:00:00-05:00,192.2280385465993,195.3272916750403,186.513503455498,189.7616729736328,1328700,WHR,176.6852569580078,0,0.9865963400036485,1.0,0.997153672377304,2.0,0.954953760773199,29.0,0.9394074937895074,134.0,1.311796469410023,539.0
2022-03-07 00:00:00-05:00,187.60245062224925,189.24048837869503,176.38743836658549,176.6852569580078,1926000,WHR,179.15162658691406,1,0.9643156622486526,0.0,0.9389374667093341,2.0,0.8916578097955482,29.0,0.874823989235795,133.0,1.2210147106273497,539.0
2022-03-08 00:00:00-05:00,176.01513729790307,186.09468630618449,175.27988570995262,179.15162658691406,1481500,WHR,182.79067993164065,1,1.006931180388991,1.0,0.9603468669643955,3.0,0.906340384595158,30.0,0.8871598201892146,133.0,1.2376337288650203,540.0
2022-03-09 00:00:00-05:00,182.79067993164065,185.6479545937001,180.24985614979084,182.79067993164065,1072100,WHR,175.0751495361328,0,1.010054235935362,2.0,0.9898694343130819,3.0,0.9270463652999185,30.0,0.9052781709946363,133.0,1.2623027994819,541.0
2022-03-10 00:00:00-05:00,180.21265190339403,180.4918524113022,174.3305817116609,175.0751495361328,1429800,WHR,172.55291748046875,0,0.9784401589640941,1.0,0.9689100768759145,2.0,0.8905807499912066,30.0,0.867371985859245,132.0,1.2086421015313773,540.0
2022-03-11 00:00:00-05:00,177.69041949273742,179.12371494106137,172.1806406946815,172.55291748046875,1070800,WHR,173.2788543701172,1,0.9927444522034419,0.0,0.9734940548950323,2.0,0.8808454731961259,29.0,0.8552084796332597,132.0,1.1908582239110088,540.0
2022-03-14 00:00:00-04:00,174.99136438216564,175.85691423591717,170.55189232185705,173.2788543701172,1171600,WHR,176.9179229736328,1,1.0020991040983998,1.0,0.981361533164921,3.0,0.8880345331170754,29.0,0.8591914406793857,132.0,1.1954701442329965,541.0
2022-03-15 00:00:00-04:00,175.7731584222366,178.69557507149372,174.20026280692764,176.9179229736328,769200,WHR,180.1660919189453,1,1.0103914965497913,2.0,1.0045128554591027,3.0,0.9100151808864155,29.0,0.8775490942955534,133.0,1.2201452890387572,541.0
2022-03-16 00:00:00-04:00,177.85794472409023,182.62315550093905,175.33572489718026,180.1660919189453,759300,WHR,181.9158172607422,1,1.0090963717496277,2.0,1.0260133930450555,3.0,0.9292960097501365,30.0,0.8939745148042022,133.0,1.2420757464123615,542.0
2022-03-17 00:00:00-04:00,178.32329121173305,182.35323605448977,177.23435259717584,181.9158172607422,576900,WHR,181.2270965576172,0,1.0048324019992076,2.0,1.0279685786400723,4.0,0.9400303194501103,31.0,0.9029924721539314,133.0,1.2536364838721976,543.0
2022-03-18 00:00:00-04:00,177.41119579061552,181.75759166048863,173.53015298006224,181.2270965576172,2281500,WHR,173.85589599609375,0,0.9981034444652017,1.0,1.014134994922451,4.0,0.9383265162028215,30.0,0.8997953942270516,133.0,1.2484102201677993,542.0
2022-03-21 00:00:00-04:00,180.836191492178,181.4225266568647,172.53429508634218,173.85589599609375,1267600,WHR,175.75454711914062,1,0.9792409078550602,0.0,0.9722583366538889,3.0,0.9027356114015006,29.0,0.8634939762637722,133.0,1.1972152619931549,542.0
2022-03-22 00:00:00-04:00,175.31711408963392,178.3139890485549,174.61908447252094,175.75454711914062,797300,WHR,170.1423797607422,0,1.0054307620393967,1.0,0.9841567867347771,3.0,0.9152762896557728,29.0,0.8732707893012067,133.0,1.2098576959768945,542.0
2022-03-23 00:00:00-04:00,174.628389976589,175.42879779013876,170.0586196201429,170.1423797607422,820100,WHR,170.12376403808594,0,0.9837750297204944,1.0,0.9635474082011937,2.0,0.8893352234722087,28.0,0.8459221419334298,132.0,1.1708543091910741,541.0
2022-03-24 00:00:00-04:00,170.69149533471162,171.08240439919666,168.45780634551613,170.12376403808594,1031400,WHR,168.8114776611328,0,0.9999452906996611,0.0,0.9764840125579426,1.0,0.8925567790724532,27.0,0.8462718480464643,132.0,1.1703628932748453,540.0
2022-03-25 00:00:00-04:00,170.36575515039183,171.342999399726,168.0389898907619,168.8114776611328,801400,WHR,169.85386657714844,1,0.9961282091222674,0.0,0.9829615935365665,1.0,0.8892613783342417,26.0,0.8402565686964821,131.0,1.1609584899084044,540.0
2022-03-28 00:00:00-04:00,168.56018564086537,170.97071107873592,167.76907975978972,169.85386657714844,1359300,WHR,174.14442443847656,1,1.0030779320463397,1.0,0.9936623484558074,2.0,0.8982744792101033,27.0,0.8459455719953928,131.0,1.167728875309672,541.0
2022-03-29 00:00:00-04:00,173.21371830908518,178.09992548838986,172.3667723229914,174.14442443847656,2259000,WHR,167.824951171875,0,1.0124726138861349,2.0,1.0206853920720707,2.0,0.9244106446225028,27.0,0.8678315149344595,131.0,1.1968030035193953,541.0
2022-03-30 00:00:00-04:00,173.7814652554541,174.0141418087415,167.80633307120607,167.824951171875,1173500,WHR,160.80740356445312,0,0.9815203532324422,1.0,0.9863254633980321,2.0,0.8945688059916769,27.0,0.837067641184038,130.0,1.1530094695954156,541.0
2022-03-31 00:00:00-04:00,167.57364108741,167.57364108741,160.66780332591523,160.80740356445312,1610900,WHR,160.490966796875,0,0.9786462059919442,0.0,0.9555464308833311,2.0,0.8617607940247964,26.0,0.8028902642220244,129.0,1.1045028805530452,540.0
2022-04-01 00:00:00-04:00,162.64089567780914,162.92011035617233,157.5220119797951,160.490966796875,1235100,WHR,162.9573516845703,1,0.9990151311155975,0.0,0.963190513722682,2.0,0.8644539268451016,26.0,0.8020817330651754,129.0,1.1020359806898443,540.0
2022-04-04 00:00:00-04:00,161.04940105776774,164.64192770189328,160.60266604025864,162.9573516845703,1124300,WHR,160.80740356445312,0,1.0076252827631775,1.0,0.9861559044068674,2.0,0.8819057238448881,27.0,0.8152053430308469,129.0,1.1186863706835857,540.0
2022-04-05 00:00:00-04:00,162.12900456125632,164.26963149467778,159.69986100055752,160.80740356445312,924500,WHR,156.29347229003906,0,0.9933595362519816,1.0,0.9891115896360575,1.0,0.8741018522283049,27.0,0.8053176129119517,128.0,1.1036617096244088,540.0
2022-04-06 00:00:00-04:00,158.22934272845933,159.58817991555807,155.800199181371,156.29347229003906,1166600,WHR,156.95428466796875,1,0.9857649990330353,0.0,0.9751805419680746,1.0,0.8533440034610803,27.0,0.7836354893885874,127.0,1.0724639527343212,539.0
2022-04-07 00:00:00-04:00,155.9212002727524,157.80123067335623,153.11977987198864,156.95428466796875,1173200,WHR,160.15591430664062,1,1.0021095518267933,1.0,0.9840351095647069,2.0,0.8610804640199547,27.0,0.7878131109058726,128.0,1.076758733861572,540.0
2022-04-08 00:00:00-04:00,156.8239846206163,161.598511664212,154.03186620007122,160.15591430664062,1327600,WHR,164.20449829101562,1,1.0100962682658094,2.0,1.0045299649351696,3.0,0.8824865518750522,28.0,0.8046901443745423,129.0,1.0984381665904033,541.0
2022-04-11 00:00:00-04:00,159.89533797323176,167.1269295746842,159.89533797323176,164.20449829101562,1328800,WHR,162.50131225585938,0,1.012481745080886,2.0,1.0283147261852819,3.0,0.9085454169081275,28.0,0.82577730903547,130.0,1.125888493301925,541.0
2022-04-12 00:00:00-04:00,165.45164927931216,169.10001597018453,162.3151596500542,162.50131225585938,1050500,WHR,164.88389587402344,1,0.9947867898881098,1.0,1.0154942289144047,3.0,0.9022551103859495,28.0,0.818037579777592,129.0,1.1139450265919308,540.0
2022-04-13 00:00:00-04:00,161.94286119342743,165.3864709187452,161.09591523516028,164.88389587402344,798800,WHR,158.73194885253906,0,1.0072776153564604,1.0,1.0194380806399643,4.0,0.9179108997493841,29.0,0.8308379875625204,129.0,1.1299869965507439,541.0
2022-04-14 00:00:00-04:00,163.88805506891347,165.77738756167386,158.63887254984698,158.73194885253906,1451800,WHR,158.9459991455078,1,0.9809899696762918,1.0,0.9792494870325698,3.0,0.8863000057819145,29.0,0.8007332398475279,128.0,1.0875947668049426,540.0
2022-04-18 00:00:00-04:00,158.30380961367695,160.28621830733763,156.47963346675792,158.9459991455078,997500,WHR,164.31617736816406,1,1.000673796510956,1.0,0.9820360314513691,3.0,0.8897148813321022,30.0,0.8026815376637133,129.0,1.0888396575230535,540.0
2022-04-19 00:00:00-04:00,159.99770130178794,164.82806860262173,159.99770130178794,164.31617736816406,932200,WHR,165.7494659423828,1,1.0166124545734756,2.0,1.015075197549241,3.0,0.9216277938319949,30.0,0.8305877104702452,130.0,1.1253391912602875,541.0
2022-04-20 00:00:00-04:00,165.52610554035567,167.71325661842016,163.3389402608414,165.7494659423828,1060500,WHR,165.75877380371094,1,1.0043424349164092,2.0,1.019836693667826,4.0,0.931875650593775,30.0,0.838691781968224,130.0,1.134859713832868,541.0
2022-04-21 00:00:00-04:00,168.35543775756375,169.83525715278574,164.11141991389732,165.75877380371094,886600,WHR,161.7753448486328,0,1.000028077315168,2.0,1.0187971228628685,4.0,0.9342201881767279,30.0,0.839556152610663,131.0,1.134617292385791,542.0
2022-04-22 00:00:00-04:00,164.96766002854068,164.96766002854068,160.73294433561426,161.7753448486328,1114200,WHR,166.47540283203125,1,0.9878381251654998,1.0,0.9906079521436445,4.0,0.9143240791829456,30.0,0.8202946431484359,130.0,1.1070667884841046,542.0
2022-04-25 00:00:00-04:00,161.47751540125148,166.59639917477818,158.0432074700536,166.47540283203125,2564400,WHR,174.19094848632812,1,1.0143184989420675,1.0,1.010074140952058,4.0,0.9424709639741593,31.0,0.8449282000458869,131.0,1.1389116578485938,542.0
2022-04-26 00:00:00-04:00,173.99549396633856,181.3666842103248,171.47328851264487,174.19094848632812,4429100,WHR,170.3378448486328,0,1.022648393727288,2.0,1.0443729352626407,4.0,0.9875544168802733,31.0,0.8848359243610069,131.0,1.1913006644640343,542.0
2022-04-27 00:00:00-04:00,171.48260944545868,178.5652838690387,168.99762571017868,170.3378448486328,1992500,WHR,172.4412384033203,1,0.9888163087897585,1.0,1.0156831347970803,3.0,0.9678610662591012,30.0,0.8660343664980704,131.0,1.1645970446057667,541.0
2022-04-28 00:00:00-04:00,172.1061836133593,175.91276844829892,169.01624650722917,172.4412384033203,953300,WHR,168.94178771972656,0,1.0061362949417232,1.0,1.0200958294107878,3.0,0.9816572881050835,31.0,0.8775456277261442,131.0,1.1786088768807068,541.0
2022-04-29 00:00:00-04:00,172.0782629637985,174.88899956969317,168.4391984358144,168.94178771972656,1236900,WHR,172.4319305419922,1,0.9897491954320763,1.0,0.9909920239409764,3.0,0.9641074320452335,30.0,0.8606432343440589,130.0,1.1543635517866573,540.0
2022-05-02 00:00:00-04:00,168.64394973532578,172.96242565706285,167.16413038100663,172.4319305419922,1019400,WHR,177.23435974121094,1,1.010223818166312,1.0,1.0044456579429406,3.0,0.9856386348725041,31.0,0.8793395021534738,130.0,1.1778519025062575,540.0
2022-05-03 00:00:00-04:00,173.1206403920531,178.34190229703196,171.91073379634955,177.23435974121094,1033300,WHR,184.45664978027344,1,1.0137343213591712,2.0,1.028772935755236,3.0,1.0139663410898931,32.0,0.9047416509103556,130.0,1.2102588703065427,540.0
2022-05-04 00:00:00-04:00,176.35950930697535,185.2756757173757,175.50326137339044,184.45664978027344,1415100,WHR,176.86209106445312,0,1.0199681215427985,2.0,1.0534288565943113,4.0,1.055300960558436,33.0,0.9424689074890008,130.0,1.2590985255242297,541.0
2022-05-05 00:00:00-04:00,180.48253747140024,182.33464784877023,174.88899854284722,176.86209106445312,925100,WHR,177.84864807128906,1,0.9789809997176869,1.0,1.0049818193748772,3.0,1.012632661987694,32.0,0.9046115010407337,130.0,1.2068779478028189,540.0
2022-05-06 00:00:00-04:00,175.09376561445254,179.06787094657042,171.5012390392178,177.84864807128906,818600,WHR,179.94271850585938,1,1.0027813000791566,1.0,1.0004607849216465,4.0,1.0194819863297706,32.0,0.9104984794764939,131.0,1.2132432725061235,540.0
2022-05-09 00:00:00-04:00,175.1775076980898,181.99958528739413,175.1775076980898,179.94271850585938,1304600,WHR,175.5218505859375,0,1.0058527696031447,2.0,1.0037587395132523,4.0,1.0318933325287767,33.0,0.9219256748713561,132.0,1.2271458808541216,540.0
2022-05-10 00:00:00-04:00,182.23224745602187,182.6976004810876,172.32021950125383,175.5218505859375,831900,WHR,164.2975616455078,0,0.9875631263863595,1.0,0.9809723932553991,3.0,1.0070178146161268,33.0,0.9001511826096089,131.0,1.1966754359399094,539.0
2022-05-11 00:00:00-04:00,174.6097878759401,175.70801435716726,163.72052835546978,164.2975616455078,1064700,WHR,169.816650390625,1,0.9669698418147312,0.0,0.9394091418145425,2.0,0.9441601169855177,32.0,0.8436119809045661,130.0,1.119930948713936,539.0
2022-05-12 00:00:00-04:00,164.26963548756328,172.35747420391365,163.50644962780947,169.816650390625,1155600,WHR,170.28199768066406,1,1.016518569238594,1.0,0.9788522052351647,3.0,0.9776260923649555,32.0,0.8728927660418637,131.0,1.1572838055610384,539.0
2022-05-13 00:00:00-04:00,171.08240551059097,174.3770989212747,168.3368110999981,170.28199768066406,693600,WHR,168.39263916015625,0,1.001368271507923,2.0,0.990171908507116,3.0,0.9821952396971462,32.0,0.8761412973554101,132.0,1.1600939575601095,540.0
2022-05-16 00:00:00-04:00,168.0948206082892,170.17029112770211,163.13415564729456,168.39263916015625,772600,WHR,173.69769287109375,1,0.9944213167595546,1.0,0.9925174777753855,2.0,0.9732263469300205,32.0,0.8672769939239386,132.0,1.1468804014182377,539.0
2022-05-17 00:00:00-04:00,171.7059822832872,174.06066770059988,168.31821247408033,173.69769287109375,668900,WHR,162.2593231201172,0,1.015507756911566,1.0,1.025992052469005,3.0,1.0053349951990307,33.0,0.8953785211224815,133.0,1.1826095837090123,540.0
2022-05-18 00:00:00-04:00,166.64295577663114,167.70396032640295,159.18798967558294,162.2593231201172,1744600,WHR,161.53538513183594,0,0.9659528772833373,1.0,0.9607416019482139,3.0,0.9409636269668789,33.0,0.8373401140089759,133.0,1.1044380309183355,540.0
2022-05-19 00:00:00-04:00,161.10291301846004,164.52503313382584,159.6456884273287,161.53538513183594,1042000,WHR,163.40626525878906,1,0.9977642068575193,0.0,0.9659277261466045,2.0,0.9383571985861515,33.0,0.8345096124562668,133.0,1.099195482578576,540.0
2022-05-20 00:00:00-04:00,163.73532107258936,163.73532107258936,157.27652840475668,163.40626525878906,1278300,WHR,163.47210693359375,1,1.0057575879383394,1.0,0.9852163176363772,2.0,0.9511627537792379,33.0,0.8450838306678471,133.0,1.1115971160100415,540.0
2022-05-23 00:00:00-04:00,164.31823008953012,165.2301701563789,160.95251565592946,163.47210693359375,806300,WHR,157.8594512939453,0,1.000201425607828,2.0,0.9914962552356541,3.0,0.9540274543807199,33.0,0.8463497297347018,133.0,1.1117398770210543,540.0
2022-05-24 00:00:00-04:00,161.92086253907422,161.9490656879993,155.92275855870562,157.8594512939453,1138400,WHR,163.46266174316406,1,0.982533132846933,1.0,0.9762096458540754,2.0,0.9239196712596808,33.0,0.8183423688973107,132.0,1.0733111325646714,540.0
2022-05-25 00:00:00-04:00,156.97568066531488,165.07970887972218,156.97568066531488,163.46266174316406,929400,WHR,168.24801635742188,1,1.017437985815099,1.0,1.009357913650424,3.0,0.9589426092678817,34.0,0.8483135165507576,133.0,1.1110934082611015,541.0
2022-05-26 00:00:00-04:00,164.5250433501874,170.75819672593985,164.5250433501874,168.24801635742188,1338400,WHR,171.8675537109375,1,1.0144262905302275,2.0,1.0303651487534222,4.0,0.9893351807954467,34.0,0.8740264173601647,133.0,1.143264463222128,541.0
2022-05-27 00:00:00-04:00,168.971911310642,171.88636058921298,168.6804692518739,171.8675537109375,864800,WHR,173.21197509765625,1,1.0106420807279952,2.0,1.0417354466286486,4.0,1.0129070169750165,34.0,0.8936436871951836,134.0,1.1674705956310165,541.0
2022-05-31 00:00:00-04:00,170.0342867339127,174.97003815678397,168.82150841057472,173.21197509765625,1395700,WHR,169.7240447998047,0,1.0038959754911003,2.0,1.0376328163277244,4.0,1.022492575181151,35.0,0.9013828294203625,135.0,1.1762124864535901,541.0
2022-06-01 00:00:00-04:00,173.22137852886442,173.92648590415152,169.71464853249486,169.7240447998047,916100,WHR,169.7240447998047,0,0.9898292098365915,1.0,1.0024878166974596,4.0,1.0025895295676586,35.0,0.8840239012148707,135.0,1.1521783940955643,540.0
2022-06-02 00:00:00-04:00,170.673584234164,170.95563005336808,167.5053063517501,169.7240447998047,862900,WHR,165.50279235839844,0,1.0,0.0,0.9951271933704535,3.0,1.0035209704638264,34.0,0.8848551599966693,134.0,1.1518258964412578,540.0
2022-06-03 00:00:00-04:00,168.21980546418433,168.82151084652048,164.7694818554836,165.50279235839844,860200,WHR,165.2583770751953,0,0.9874077729659391,0.0,0.973511007736414,2.0,0.9802320769871427,33.0,0.8636899126812404,134.0,1.1228948829796792,539.0
2022-06-06 00:00:00-04:00,166.01049453398932,167.33609994125095,164.70369600819558,165.2583770751953,710800,WHR,162.78578186035156,0,0.9992610520647823,0.0,0.979690636111937,1.0,0.9797338656525459,33.0,0.8632106680413324,134.0,1.1209338466771135,539.0
2022-06-07 00:00:00-04:00,159.40127510316813,162.9080050612773,156.83468830185095,162.78578186035156,1252900,WHR,160.1251983642578,0,0.9924626147197165,0.0,0.9771113504213127,0.0,0.9660073598109886,33.0,0.8510075606342838,134.0,1.1038741891210382,539.0
2022-06-08 00:00:00-04:00,161.17815416859418,162.35333318073634,159.0158219171632,160.1251983642578,634400,WHR,160.3978271484375,1,0.9917606285972589,0.0,0.9723459948078738,0.0,0.9514566538059109,32.0,0.8378994654910178,133.0,1.085546530508822,539.0
2022-06-09 00:00:00-04:00,159.89955241491413,163.7353382781205,159.35426765370158,160.3978271484375,622800,WHR,154.5125274658203,0,1.0008505747246819,1.0,0.9851599476597298,1.0,0.9546384164980065,32.0,0.8400475658260533,134.0,1.0870998943328996,540.0
2022-06-10 00:00:00-04:00,158.12267360267697,159.4200756984471,154.36210112375656,154.5125274658203,707700,WHR,148.5238037109375,0,0.9813111903232707,1.0,0.9619999433029799,1.0,0.9219570329264853,31.0,0.8100209590162283,133.0,1.0469587429290084,540.0
2022-06-13 00:00:00-04:00,153.4595550121796,153.4595550121796,147.2170053688074,148.5238037109375,975600,WHR,146.06063842773438,0,0.9802376047399094,0.0,0.944393221434855,1.0,0.8891758084257004,30.0,0.7793990799635949,133.0,1.0061809816259932,539.0
2022-06-14 00:00:00-04:00,148.4674025646594,149.85881039154808,143.8512963162508,146.06063842773438,869600,WHR,146.2110595703125,1,0.9916385085874847,0.0,0.948914005316963,1.0,0.8775085134821325,30.0,0.7672206200941,133.0,0.9893109671796231,539.0
2022-06-15 00:00:00-04:00,147.44264474144558,150.9211713576206,145.4401353391159,146.2110595703125,1125200,WHR,138.62408447265625,0,1.000514662020334,1.0,0.9673807497117822,2.0,0.8808504966415539,31.0,0.7687478662588857,134.0,0.9901482008715037,539.0
2022-06-16 00:00:00-04:00,142.1966307930752,142.90173805320617,137.1950630753999,138.62408447265625,1742500,WHR,142.1966552734375,1,0.9733636271494934,1.0,0.9443930977739131,1.0,0.838267907023263,30.0,0.7297290065397476,133.0,0.9386463562440203,538.0
2022-06-17 00:00:00-04:00,138.71812839368897,143.17439786381712,137.2233041877712,142.1966552734375,2112200,WHR,143.8607177734375,1,1.0127218908546833,1.0,0.9852650696075657,2.0,0.862300110548188,31.0,0.749390944752894,133.0,0.9626928116472578,538.0
2022-06-21 00:00:00-04:00,145.32733888334488,146.52132477479896,142.91116395181902,143.8607177734375,855300,WHR,143.65386962890625,0,1.0058172333832043,2.0,1.003278363909163,3.0,0.8747130346187197,32.0,0.7589856322702849,134.0,0.9738057929164758,538.0
2022-06-22 00:00:00-04:00,140.68301396766807,144.18034747359243,139.4796319382581,143.65386962890625,827100,WHR,153.7886199951172,1,0.9992805646962122,1.0,1.0052102445621163,3.0,0.8756878370842798,32.0,0.7587268175068609,133.0,0.9722581308936062,537.0
2022-06-23 00:00:00-04:00,144.02053312631756,153.96724949097543,144.02053312631756,153.7886199951172,1658300,WHR,156.392822265625,1,1.034072974506842,1.0,1.0648353416573841,3.0,0.9390000476734851,32.0,0.8129944235119823,133.0,1.0406169338875508,538.0
2022-06-24 00:00:00-04:00,155.04841007119128,157.68081381961238,152.14337111512148,156.392822265625,1530000,WHR,154.07066345214844,0,1.0083957384797981,2.0,1.0568615249861686,4.0,0.9566288526765268,32.0,0.8274623987432755,134.0,1.0579977873814148,538.0
2022-06-27 00:00:00-04:00,157.00390547893676,157.45517017257052,153.06470339949328,154.07066345214844,849700,WHR,151.39125061035156,0,0.9925203480592641,1.0,1.0247239260740417,3.0,0.9437479280417123,32.0,0.8159411697971647,133.0,1.0420798180747552,537.0
2022-06-28 00:00:00-04:00,154.77577169553834,156.05436695600378,151.1750217021287,151.39125061035156,756200,WHR,148.29820251464844,0,0.9912283243231147,0.0,0.996916921568553,2.0,0.9282276959841737,32.0,0.8025543181080911,132.0,1.0237939316599811,536.0
2022-06-29 00:00:00-04:00,151.0716222535426,151.9835623604137,147.75291770416743,148.29820251464844,723000,WHR,145.59996032714844,0,0.9896791559948124,0.0,0.9706122202609316,2.0,0.9103975591267068,32.0,0.7870204677528513,131.0,1.002733300307124,536.0
2022-06-30 00:00:00-04:00,145.72218352322662,147.46145403248852,142.50689577597404,145.59996032714844,955600,WHR,148.1571502685547,1,0.9908191253684275,0.0,0.9632775506853335,1.0,0.8954233618234616,31.0,0.773638565894108,130.0,0.984366455961909,535.0
2022-07-01 00:00:00-04:00,146.2392646231208,149.87761389299675,145.30851777353706,148.1571502685547,968300,WHR,151.12802124023438,1,1.0087051167415848,1.0,0.9909948886990377,1.0,0.9123327475068685,32.0,0.7880596276020073,131.0,1.0015194230000943,535.0
2022-07-05 00:00:00-04:00,146.01363987468682,151.14682812118846,145.33673561480862,151.12802124023438,886700,WHR,149.75538635253906,0,1.0099265558554158,2.0,1.0148615349808305,2.0,0.9311206112384995,33.0,0.8047416202436792,131.0,1.0214460121022433,535.0
2022-07-06 00:00:00-04:00,151.97412461665948,153.6569887796179,148.16655658211488,149.75538635253906,711100,WHR,152.53822326660156,1,0.9954379841059462,1.0,1.0078582673064138,2.0,0.923346177263109,32.0,0.7982916168370257,131.0,1.0120102941706233,535.0
2022-07-07 00:00:00-04:00,150.31008863284933,153.60058959699788,148.5238080736155,152.53822326660156,725200,WHR,151.18443298339844,0,1.0092057417871605,1.0,1.02076126369404,3.0,0.941241112814716,32.0,0.8140365499764052,131.0,1.0306200210446617,536.0
2022-07-08 00:00:00-04:00,152.33140889031523,153.2997552853511,150.8553914548076,151.18443298339844,592900,WHR,150.57333374023438,0,0.9955426760060705,1.0,1.0041964734015243,3.0,0.9341383357454368,31.0,0.8077393812976839,131.0,1.0212865038122771,536.0
2022-07-11 00:00:00-04:00,150.73315635788262,152.8860779079047,150.25368850493788,150.57333374023438,591400,WHR,154.47491455078125,1,0.9979748682202976,0.0,0.9969375106243126,2.0,0.9315066857798892,31.0,0.8053127124284123,131.0,1.0169875562157906,535.0
2022-07-12 00:00:00-04:00,151.8143077859687,157.04150126492937,151.70149520152788,154.47491455078125,936000,WHR,153.63819885253906,0,1.0127900449597886,1.0,1.0182568251445023,2.0,0.9566701525226415,31.0,0.8270140533689082,131.0,1.0431333523431867,536.0
2022-07-13 00:00:00-04:00,151.26903398985598,155.11423055111305,150.44171773506008,153.63819885253906,529900,WHR,149.72720336914062,0,0.9972843879022217,1.0,1.00758371174138,2.0,0.9519888554788181,31.0,0.823406978626962,130.0,1.0372780859297628,536.0
2022-07-14 00:00:00-04:00,151.02460559735937,151.99295196190187,147.56488544937207,149.72720336914062,617300,WHR,149.84002685546875,1,0.9871079712625221,0.0,0.9855685962240227,1.0,0.92863924437746,30.0,0.8033173774401413,130.0,1.0105769108517426,536.0
2022-07-15 00:00:00-04:00,151.43826741623494,152.4254206390586,147.90333417103292,149.84002685546875,797900,WHR,151.6638946533203,1,1.000376621589229,1.0,0.9880600076715165,2.0,0.9307317475592788,30.0,0.8046765953942187,131.0,1.011015290463358,537.0
2022-07-18 00:00:00-04:00,150.7049446564142,154.45610651545027,149.67078148862865,151.6638946533203,671000,WHR,155.33042907714844,1,1.006049234082013,2.0,0.9986504605382033,3.0,0.9434364354107981,30.0,0.8152163513658329,131.0,1.0230015722111798,537.0
2022-07-19 00:00:00-04:00,153.77919885065043,155.62187111463464,151.76727903999057,155.33042907714844,859600,WHR,157.29534912109375,1,1.0119433296983276,2.0,1.0216421966954896,3.0,0.9672901895812698,30.0,0.8356898361542767,131.0,1.0473811738181646,537.0
2022-07-20 00:00:00-04:00,156.11077390899976,157.61499435119825,153.8074260460939,157.29534912109375,543800,WHR,158.4517364501953,1,1.0062852144032068,2.0,1.029612670171865,4.0,0.9799820129052588,31.0,0.8469591087707029,132.0,1.0602604184728421,537.0
2022-07-21 00:00:00-04:00,156.29881472774687,158.74319290678085,154.53134083381622,158.4517364501953,694900,WHR,157.72779846191406,0,1.0036623848071606,2.0,1.025469478261895,5.0,0.9880097026208957,31.0,0.8539497147839912,132.0,1.0676932845106126,537.0
2022-07-22 00:00:00-04:00,159.2320186864549,161.51657368439308,156.14835072888553,157.72779846191406,713700,WHR,154.79457092285156,0,0.9977103578557591,1.0,1.0104677858711528,4.0,0.9851812123017277,30.0,0.8508342242192479,131.0,1.0624595304009918,537.0
2022-07-25 00:00:00-04:00,157.9346600886637,159.09103219883244,153.2339441256807,154.79457092285156,1687500,WHR,158.28250122070312,1,0.9906143437193412,0.0,0.9877143557380397,3.0,0.9684270134895903,30.0,0.8358251001587298,131.0,1.0423802967966553,536.0
2022-07-26 00:00:00-04:00,158.48933386122496,159.9371479994319,155.64070126592847,158.28250122070312,2780600,WHR,158.96881103515625,1,1.011140804000659,1.0,1.0061795662557165,3.0,0.9917123285017041,30.0,0.8554352922152425,131.0,1.0655301207623131,536.0
2022-07-27 00:00:00-04:00,158.21669360232892,159.94656800146583,156.674859320484,158.96881103515625,1165700,WHR,165.1925506591797,1,1.0021633001596526,2.0,1.0083968835983395,3.0,0.9970507233007639,31.0,0.8599912890809751,131.0,1.0697935203988982,537.0
2022-07-28 00:00:00-04:00,159.1474230575392,166.09508000307537,159.1474230575392,165.1925506591797,1013900,WHR,162.5225372314453,0,1.0191995109827185,2.0,1.0389909907323007,3.0,1.036870610530578,31.0,0.8943696486799813,132.0,1.111256694764616,538.0
2022-07-29 00:00:00-04:00,165.73782499359916,165.73782499359916,160.75507791348815,162.5225372314453,1589300,WHR,165.06094360351562,1,0.9918526380798631,1.0,1.0160694451877377,3.0,1.021684042265465,30.0,0.8806639774537867,131.0,1.0928996001077464,538.0
2022-08-01 00:00:00-04:00,161.5165998281432,165.26776190355707,160.31321771554846,165.06094360351562,756000,WHR,157.65260314941406,0,1.0077488839351738,1.0,1.0188603192045986,4.0,1.0397544618274004,30.0,0.8951926437524552,131.0,1.1095430795255277,539.0
2022-08-02 00:00:00-04:00,164.04557927754172,164.04557927754172,157.48336992704307,157.65260314941406,814900,WHR,156.19537353515625,0,0.977043602511755,1.0,0.9738886871406932,3.0,0.9950945805768756,30.0,0.8558205590659901,131.0,1.0593695063779416,539.0
2022-08-03 00:00:00-04:00,158.02864970490492,158.67735073699566,155.08601156669891,156.19537353515625,752600,WHR,157.96287536621094,1,0.9953568933926173,0.0,0.9682043427385224,2.0,0.9881475331000638,29.0,0.8487557399154713,130.0,1.0492010043573325,539.0
2022-08-04 00:00:00-04:00,155.12363868982928,159.31668396277564,155.12363868982928,157.96287536621094,561300,WHR,158.37652587890625,1,1.005626151270055,1.0,0.9880159820246601,2.0,1.0016507430423962,29.0,0.8591626260678762,131.0,1.060679306897694,540.0
2022-08-05 00:00:00-04:00,156.60905211594388,159.34487220339398,155.88513785306833,158.37652587890625,553200,WHR,154.9637908935547,0,1.00130761615868,2.0,0.9957677469445229,3.0,1.0060967593623167,30.0,0.8622132769307228,131.0,1.0630598675538832,540.0
2022-08-08 00:00:00-04:00,157.4739712814837,159.26023745634922,154.88857772313096,154.9637908935547,1335000,WHR,149.20071411132812,0,0.989108535344241,1.0,0.9868404776484581,2.0,0.9853909331693184,30.0,0.844521500142452,130.0,1.0398064223071042,539.0
2022-08-09 00:00:00-04:00,154.65354721662663,154.65354721662663,148.97508893781176,149.20071411132812,1376700,WHR,156.66546630859375,1,0.9810527635953641,0.0,0.9604792871225445,2.0,0.9508218573912945,29.0,0.8141773690956338,129.0,1.0008392882285788,539.0
2022-08-10 00:00:00-04:00,152.96129970993346,157.3705737267515,152.32200920328506,156.66546630859375,1095700,WHR,156.7782745361328,1,1.024405287917145,1.0,1.0079235739361445,3.0,0.9998390249796479,29.0,0.8559132461024154,129.0,1.0505535445763314,539.0
2022-08-11 00:00:00-04:00,157.55859511193646,159.89955683934735,156.32700981781213,156.7782745361328,715900,WHR,157.28594970703125,1,1.000359899442353,2.0,1.0101891187046577,3.0,1.001796567821709,30.0,0.8575610076055394,129.0,1.0509632200353098,539.0
2022-08-12 00:00:00-04:00,157.90644762042862,158.6209512402692,156.76886811253345,157.28594970703125,514300,WHR,160.17218017578125,1,1.0016164692814722,2.0,1.0148866168370627,3.0,1.0068002657148378,30.0,0.8613718383650919,129.0,1.0540061240095828,540.0
2022-08-15 00:00:00-04:00,156.15777934671496,160.66105861921548,156.08256617499848,160.17218017578125,628900,WHR,165.05152893066406,1,1.0090916886261991,2.0,1.0266097260071594,4.0,1.0255036087050762,31.0,0.8780203002193521,130.0,1.072946790705638,541.0
2022-08-16 00:00:00-04:00,158.84659275500175,167.39249053585726,158.41412059449829,165.05152893066406,1095500,WHR,162.58836364746094,0,1.0150030536466388,2.0,1.0368165334901527,5.0,1.0563473324884038,32.0,0.9054750217210616,131.0,1.105186729242148,541.0
2022-08-17 00:00:00-04:00,162.35332785274574,164.26181735819748,160.61405723367463,162.58836364746094,637800,WHR,162.3721160888672,0,0.9924820959260454,1.0,1.01379953651414,4.0,1.040673605633835,31.0,0.8926917334540653,131.0,1.0882950125378368,540.0
2022-08-18 00:00:00-04:00,162.76697445719603,163.5848943383454,161.41316613981442,162.3721160888672,349700,WHR,158.16969299316406,0,0.999334541976399,0.0,1.0054372808168688,3.0,1.0394114467730828,30.0,0.8922716153610263,130.0,1.0864462641081156,540.0
2022-08-19 00:00:00-04:00,161.60120984518483,161.60120984518483,157.39876870352418,158.16969299316406,609000,WHR,154.90737915039062,0,0.9868896257005036,0.0,0.9783443646854781,2.0,1.0124764759829867,30.0,0.8699904875303548,130.0,1.0579662569856014,540.0
2022-08-22 00:00:00-04:00,155.49965953528422,157.00389419992857,153.99543921608478,154.90737915039062,804200,WHR,155.18943786621094,1,0.9895798378960259,0.0,0.9644470510920453,1.0,0.9924996287743503,29.0,0.8529199654497047,129.0,1.035801367860237,540.0
2022-08-23 00:00:00-04:00,155.12362095938371,156.83468839153772,154.93559519700702,155.18943786621094,618900,WHR,155.33042907714844,1,1.0009095827507486,1.0,0.9782158188785656,1.0,0.9956952407051066,29.0,0.8553916781234876,129.0,1.0373326311169166,541.0
2022-08-24 00:00:00-04:00,154.9355707348661,157.14489819850135,152.73563953696,155.33042907714844,546800,WHR,159.87245178222656,1,1.0004540489222973,2.0,0.9881459585098356,2.0,0.9983653189379995,29.0,0.8570638953277775,130.0,1.0379135966323232,542.0
2022-08-25 00:00:00-04:00,155.89107904355714,159.92946192661486,155.2354333850529,159.87245178222656,517400,WHR,151.39659118652344,0,1.0144098388082452,2.0,1.0202852443595294,3.0,1.0290290032318397,29.0,0.8830464730722851,130.0,1.067875721938107,542.0
2022-08-26 00:00:00-04:00,160.46156606171556,160.5470957720523,151.08302091267151,151.39659118652344,646300,WHR,149.78125,0,0.9727699853642238,1.0,0.9746189940553501,3.0,0.9763932816162442,29.0,0.8372273198610277,130.0,1.0109494319707841,542.0
2022-08-29 00:00:00-04:00,150.37037415637667,151.84319904633782,149.66721521239657,149.78125,412100,WHR,149.94277954101562,1,0.9946365868745203,0.0,0.9706262487980469,3.0,0.9680506671154666,29.0,0.8292723678557572,130.0,0.99986148153379,542.0
2022-08-30 00:00:00-04:00,151.00700753655235,151.75767974691905,148.67900154680626,149.94277954101562,528000,WHR,148.80252075195312,0,1.0005389275636758,1.0,0.9783255976784732,3.0,0.9707216725125498,30.0,0.8311820079093424,130.0,1.0006413591120344,542.0
2022-08-31 00:00:00-04:00,151.04501134013566,151.50110694309987,147.65276313935632,148.80252075195312,737200,WHR,147.4437255859375,0,0.9961831741354783,1.0,0.9792273216086993,2.0,0.9650532189906773,30.0,0.8259377119892342,129.0,0.9927401359319367,542.0
2022-09-01 00:00:00-04:00,148.13737314023462,148.46995163149666,144.81164622368908,147.4437255859375,667600,WHR,146.0374298095703,0,0.9954132915342805,0.0,0.986421341936672,1.0,0.9578292088994644,30.0,0.8194805256839964,129.0,0.9833876057187209,542.0
2022-09-02 00:00:00-04:00,148.84053974140605,150.10431777487508,144.88767206515973,146.0374298095703,514400,WHR,143.48135375976562,0,0.9952082246150625,0.0,0.9840694961116917,1.0,0.9501428243299732,30.0,0.8126276406536078,129.0,0.9737373287204014,541.0
2022-09-06 00:00:00-04:00,146.60753051840717,146.60753051840717,142.17006257578532,143.48135375976562,713500,WHR,146.7405548095703,1,0.9911712945934212,0.0,0.9751245801466492,1.0,0.935228125635276,29.0,0.7993768757385002,129.0,0.9564332284564042,541.0
2022-09-07 00:00:00-04:00,144.11798701566542,147.26317189685685,143.8519300437773,146.7405548095703,484600,WHR,148.02334594726562,1,1.011230031067851,1.0,1.0016343757044768,1.0,0.957280218138724,30.0,0.8184909875655795,129.0,0.9778700877793158,542.0
2022-09-08 00:00:00-04:00,145.42928313317748,148.06136237255913,143.63339126203675,148.02334594726562,479800,WHR,152.2327880859375,1,1.0043519275406576,2.0,1.0114664712255315,2.0,0.9657012123002748,31.0,0.8265638394224916,130.0,0.9861137768855872,543.0
2022-09-09 00:00:00-04:00,149.62921366414676,153.20198953941235,149.32514022845464,152.2327880859375,607800,WHR,152.00473022460938,0,1.0140195042217068,2.0,1.033466327512243,3.0,0.9924974435845397,32.0,0.8509863021698053,130.0,1.0138198186296423,543.0
2022-09-12 00:00:00-04:00,152.81241258672867,155.02638381659423,151.74817008032147,152.00473022460938,623800,WHR,139.31944274902344,0,0.9992503953404743,1.0,1.0236246266416502,3.0,0.9903871078138349,31.0,0.8505908767109749,130.0,1.0119666484308292,542.0
2022-09-13 00:00:00-04:00,147.28218759548452,147.69076993057547,138.42624522698856,139.31944274902344,1532800,WHR,138.40724182128906,0,0.9564564541757609,0.0,0.9434884611432472,3.0,0.9076675551285265,31.0,0.7806524194802339,129.0,0.9272906684605292,541.0
2022-09-14 00:00:00-04:00,139.75653486683171,140.49769563129857,137.15296083587302,138.40724182128906,1100900,WHR,138.62579345703125,1,0.9967154725187978,0.0,0.9480109766493903,2.0,0.9020957403364702,30.0,0.7765258321162091,129.0,0.9209908920104802,541.0
2022-09-15 00:00:00-04:00,138.33123140541986,140.15562835325463,137.52354910343792,138.62579345703125,898500,WHR,137.8371124267578,0,1.0007889009898139,1.0,0.961890909959486,2.0,0.9040342810155999,30.0,0.7787039701759985,130.0,0.9222142759862776,542.0
2022-09-16 00:00:00-04:00,137.2574852095751,139.7755440542943,136.7063630605311,137.8371124267578,1993800,WHR,139.92758178710938,1,0.9971472446628882,1.0,0.9759149032399822,1.0,0.8994596357604351,30.0,0.7752110684438068,130.0,0.9167329244181455,542.0
2022-09-19 00:00:00-04:00,137.647089088712,140.98231292239743,137.0389567358714,139.92758178710938,665800,WHR,135.77517700195312,0,1.0075260441801936,1.0,1.007953609152919,2.0,0.9144796341668215,30.0,0.7878295779673907,131.0,0.9303831595304021,543.0
2022-09-20 00:00:00-04:00,138.14119938290554,138.43576144860663,134.37837052993552,135.77517700195312,692900,WHR,135.4045867919922,0,0.9849388348401213,1.0,0.9830618586765043,2.0,0.8893393199520875,29.0,0.7653870450118434,130.0,0.9025521433955688,543.0
2022-09-21 00:00:00-04:00,136.3547944186027,140.0035882250226,135.3475766542384,135.4045867919922,664800,WHR,133.19061279296875,0,0.9986334149540652,0.0,0.9846600147658916,2.0,0.8887229083729649,29.0,0.7642668093696633,129.0,0.8998692758200654,543.0
2022-09-22 00:00:00-04:00,134.41638885668263,135.49962506467543,133.14309950772838,133.19061279296875,519400,WHR,133.7797393798828,1,0.9917572093527937,0.0,0.9762774155315883,1.0,0.8759355493880494,29.0,0.7527813168734213,128.0,0.8849376236583039,543.0
2022-09-23 00:00:00-04:00,132.58248286462734,133.84626088023995,131.27119156290522,133.7797393798828,722400,WHR,130.58705139160156,0,1.0022067116521336,1.0,0.9864632019532612,2.0,0.8812122978583453,30.0,0.7571499558739595,128.0,0.8886241593128242,544.0
2022-09-26 00:00:00-04:00,132.7440271638869,134.45440410889245,130.47303109494135,130.58705139160156,644200,WHR,130.40650939941406,0,0.987923263814777,1.0,0.976370521676236,1.0,0.8616020115339109,30.0,0.7401259713878524,128.0,0.8672122799239994,544.0
2022-09-27 00:00:00-04:00,131.70828930305566,132.05036465352586,129.47529541817815,130.40650939941406,440400,WHR,134.93898010253906,1,0.9993082511628244,0.0,0.982911529921965,1.0,0.8620935773851738,29.0,0.7401701124520577,127.0,0.865797328495852,544.0
2022-09-28 00:00:00-04:00,130.8816039681699,135.6801408928416,130.72007041120835,134.93898010253906,488300,WHR,130.76756286621094,0,1.017081393437787,1.0,1.0177884386531222,2.0,0.8936509289633187,29.0,0.7668002966085486,128.0,0.8956442040829833,544.0
2022-09-29 00:00:00-04:00,132.98154827335603,133.18109824525197,130.14043688100313,130.76756286621094,490600,WHR,128.0974884033203,0,0.9843006604590135,1.0,0.9899436313195868,2.0,0.8678440230193536,29.0,0.7440661054908158,127.0,0.86771336574629,544.0
2022-09-30 00:00:00-04:00,131.09065114010184,131.43272646719066,127.97395677161612,128.0974884033203,744000,WHR,133.4471893310547,1,0.9896854579256799,0.0,0.9781456891140793,1.0,0.8524283948003839,28.0,0.7298725092778297,126.0,0.8497664283433767,544.0
2022-10-03 00:00:00-04:00,130.09295686701185,134.2168553498548,128.93370215999764,133.4471893310547,729900,WHR,138.94886779785156,1,1.0204542526885887,1.0,1.0145641358936677,2.0,0.8897785194517235,29.0,0.7612827323880744,127.0,0.8849815577505903,545.0
2022-10-04 00:00:00-04:00,136.09824470017853,139.09140765214653,135.92721427384717,138.94886779785156,623200,WHR,137.2480010986328,0,1.0201973498617614,2.0,1.0428463624982531,3.0,0.927660108276266,30.0,0.7934895680896754,128.0,0.9211463573141906,546.0
2022-10-05 00:00:00-04:00,136.07924969935837,138.38824742712143,135.11953065284035,137.2480010986328,512100,WHR,135.79420471191406,0,0.993841832074294,1.0,1.0265230432079422,2.0,0.9180644633755313,29.0,0.7846841063484454,127.0,0.9095719984258761,545.0
2022-10-06 00:00:00-04:00,136.72540432728098,138.0652008497815,135.7086894868236,135.79420471191406,393900,WHR,131.8223114013672,0,0.9946755616685594,0.0,1.008069760522676,2.0,0.9101504804503185,29.0,0.777197648593713,127.0,0.8996656369666518,544.0
2022-10-07 00:00:00-04:00,133.27612803612217,134.16932560236776,130.4635213371137,131.8223114013672,550200,WHR,134.1123046875,1,0.9851582653857374,0.0,0.9732023123424113,2.0,0.8852998543356995,29.0,0.7553314914407995,127.0,0.8731101859661968,544.0
2022-10-10 00:00:00-04:00,132.56346160664978,134.9294838315107,132.40192804898714,134.1123046875,580800,WHR,135.82269287109375,1,1.0086111139640714,1.0,0.9891372072607927,2.0,0.9022674916865031,29.0,0.7693160685632227,127.0,0.8880128161324081,545.0
2022-10-11 00:00:00-04:00,134.25484144459708,137.6946032263837,133.53268880207133,135.82269287109375,428900,WHR,135.83218383789062,1,1.0063362965123575,2.0,1.0063929352208087,2.0,0.9154004501091809,29.0,0.7799494023001862,128.0,0.8990591770768557,546.0
2022-10-12 00:00:00-04:00,135.8131756247219,136.7253813695799,133.36165258964164,135.83218383789062,552500,WHR,136.19326782226562,1,1.0000349375903421,2.0,1.0085793904738891,3.0,0.9174738640802379,29.0,0.7809334795906968,128.0,0.8988405013793683,547.0
2022-10-13 00:00:00-04:00,132.7725143920395,139.5760048260345,131.01463889238266,136.19326782226562,780200,WHR,132.27842712402344,0,1.0013273904414874,2.0,1.0106615646927497,4.0,0.9221033005214595,29.0,0.7839707895273546,128.0,0.900962494509686,547.0
2022-10-14 00:00:00-04:00,136.82991586237694,137.2290013770932,131.52775488282748,132.27842712402344,820000,WHR,133.89376831054688,1,0.985418050498674,1.0,0.9809463067565312,4.0,0.8982506253613494,28.0,0.7624391190578178,128.0,0.8748013949713216,547.0
2022-10-17 00:00:00-04:00,135.54712040230237,136.44031794562795,132.77251570328116,133.89376831054688,677400,WHR,136.9249267578125,1,1.0060687825934866,1.0,0.9932472387801876,4.0,0.9116789862870674,29.0,0.7727230731785066,129.0,0.8852429624177968,547.0
2022-10-18 00:00:00-04:00,135.8416906279026,137.865623042276,134.64441972183204,136.9249267578125,566200,WHR,130.9196014404297,0,1.0111925745986647,2.0,1.0140745700181533,4.0,0.9342125491119848,30.0,0.7912191565405184,129.0,0.9049849707642004,548.0
2022-10-19 00:00:00-04:00,134.9484868678382,136.44030525433666,130.2449621665984,130.9196014404297,1035800,WHR,124.79077911376952,0,0.9775790629072025,1.0,0.9767058318258806,3.0,0.8960273811506891,29.0,0.7575624248335164,129.0,0.865041346880649,548.0
2022-10-20 00:00:00-04:00,130.61555696065827,133.01958128429675,124.02111319579296,124.79077911376952,2536600,WHR,124.6862564086914,0,0.9760321723608669,0.0,0.9470959164362442,2.0,0.8574238645087012,28.0,0.723284874106652,128.0,0.8243704490430068,547.0
2022-10-21 00:00:00-04:00,119.46011402286427,127.66041116976636,118.23434521152006,124.6862564086914,4107100,WHR,126.28260040283205,1,0.9995810327597519,0.0,0.9573350800861371,2.0,0.8606981108226825,27.0,0.723792303650776,128.0,0.8234987536479561,547.0
2022-10-24 00:00:00-04:00,126.4726535463701,128.4205677764625,124.24915645853982,126.28260040283205,1378900,WHR,130.17845153808594,1,1.006360725447857,1.0,0.9810579813044297,2.0,0.8753672442716853,28.0,0.734125559694069,129.0,0.8338696092518288,547.0
2022-10-25 00:00:00-04:00,125.76948850391004,130.8435940111046,125.5034315147026,130.17845153808594,1065400,WHR,128.03099060058594,0,1.0151908100889777,2.0,1.0220372133855808,2.0,0.9060238109020582,28.0,0.7577444230748988,130.0,0.859401759564681,547.0
2022-10-26 00:00:00-04:00,126.82422276296404,130.50152191891578,124.94281557840952,128.03099060058594,1062300,WHR,128.30654907226562,1,0.9916832594512687,1.0,1.009757376428919,2.0,0.8941501169735554,28.0,0.7463680488852706,129.0,0.8450500489313867,546.0
2022-10-27 00:00:00-04:00,128.85767129748209,131.72730271187837,128.0024901370886,128.30654907226562,965400,WHR,132.94354248046875,1,1.0010749828996228,1.0,1.0063497938051769,3.0,0.8989928819948594,29.0,0.7491094590921743,129.0,0.8466910994285071,547.0
2022-10-28 00:00:00-04:00,128.02145980679634,133.03855453654495,127.33730920737456,132.94354248046875,714500,WHR,131.35670471191406,0,1.0177492508448256,2.0,1.029385690210105,4.0,0.9342119113710718,29.0,0.7773380549417045,129.0,0.8770853016912724,547.0
2022-10-31 00:00:00-04:00,132.12637055315878,132.21188575795986,129.38976800738428,131.35670471191406,984400,WHR,130.530029296875,0,0.9939960791357125,1.0,1.0091689248118483,3.0,0.9259913202020544,28.0,0.7692499764721603,128.0,0.8664234974332945,546.0
2022-11-01 00:00:00-04:00,133.02908022944277,133.63721258767376,129.99791529580028,130.530029296875,731000,WHR,125.06632232666016,0,0.9968433856790496,0.0,1.0022764182833885,2.0,0.9228128759372431,28.0,0.7656533505722659,127.0,0.8607796650534474,546.0
2022-11-02 00:00:00-04:00,130.5300161426189,131.9173256476301,125.02832040142124,125.06632232666016,938600,WHR,122.7763442993164,0,0.9786236895186115,0.0,0.9647154810503508,2.0,0.8867074652536698,28.0,0.7348971880443665,126.0,0.8245914643078357,546.0
2022-11-03 00:00:00-04:00,123.22292858286644,124.92380849920852,120.94243588384856,122.7763442993164,839600,WHR,126.6911849975586,1,0.9907603559204776,0.0,0.9552008188191454,1.0,0.8739715799503919,27.0,0.7227527441753449,126.0,0.8093574778557134,545.0
2022-11-04 00:00:00-04:00,124.68624631909267,127.00475525521642,122.73831777856134,126.6911849975586,658000,WHR,129.9694061279297,1,1.0156927865894056,1.0,0.995341664440999,1.0,0.9050696734491533,27.0,0.7470951972022774,126.0,0.8349893720611572,546.0
2022-11-07 00:00:00-05:00,127.96446733055876,130.3304896882867,126.24459373878446,129.9694061279297,643300,WHR,134.46389770507812,1,1.0127725924575943,2.0,1.0233275072243275,2.0,0.9315186850907563,27.0,0.7677432224950513,126.0,0.8563993731775636,546.0
2022-11-08 00:00:00-05:00,131.1286736174977,135.04352503073946,130.80560645211796,134.46389770507812,1131700,WHR,131.1761932373047,0,1.0169966925950702,2.0,1.0521972573770515,3.0,0.9667003578844225,27.0,0.79557553217716,126.0,0.8858046141948516,546.0
2022-11-09 00:00:00-05:00,133.5612096601572,136.10777417251654,130.84361469870234,131.1761932373047,765100,WHR,142.19857788085938,1,0.9876234627984428,1.0,1.0167482942001196,3.0,0.9469075805334909,26.0,0.7775052133708922,125.0,0.8639673655915259,545.0
2022-11-10 00:00:00-05:00,136.5923581962387,142.9777551619253,136.5923581962387,142.19857788085938,1110400,WHR,148.78353881835938,1,1.040319684945581,1.0,1.0699679175852712,4.0,1.0289979191202818,27.0,0.8442510137363485,125.0,0.9363032853646454,545.0
2022-11-11 00:00:00-05:00,142.15109244502997,149.65772825303432,141.88503542139065,148.78353881835938,944500,WHR,145.32476806640625,0,1.0226301224700578,2.0,1.083493708883995,4.0,1.078416339924782,28.0,0.8847373187514874,125.0,0.9793546121557518,545.0
2022-11-14 00:00:00-05:00,147.18716704034696,149.6482160044398,145.20123642562794,145.32476806640625,871000,WHR,146.81658935546875,1,0.9882398059796784,1.0,1.0351548841693257,3.0,1.0549834299140743,28.0,0.8656176607770838,124.0,0.9563135288570972,544.0
2022-11-15 00:00:00-05:00,148.6980110772603,150.142316369985,144.54559348837415,146.81658935546875,631500,WHR,141.885009765625,0,1.0051065049544088,1.0,1.0276960501635222,3.0,1.0668576534711525,29.0,0.8758959376070341,125.0,0.965864857150281,544.0
2022-11-16 00:00:00-05:00,145.19172824651895,145.37227001541856,140.32665533891998,141.885009765625,623800,WHR,142.12539672851562,1,0.9829180731770896,1.0,0.9785058583383025,3.0,1.0326857958952995,28.0,0.8478886353329027,125.0,0.9331970400553156,543.0
2022-11-17 00:00:00-05:00,139.56786691492687,142.2215355309229,137.01033710133808,142.12539672851562,551800,WHR,141.7407989501953,0,1.0008464019535692,1.0,0.9802626261435642,3.0,1.0360950728120217,28.0,0.8507354925557461,126.0,0.9345569614049262,543.0
2022-11-18 00:00:00-05:00,144.0387261458735,144.50985469663814,139.53902522886432,141.7407989501953,526200,WHR,139.644775390625,0,0.9986451441412362,1.0,0.9872006361529242,2.0,1.0355727169045723,27.0,0.8498774002153068,125.0,0.9318108573710331,542.0
2022-11-21 00:00:00-05:00,140.77930999500308,141.26965745895237,138.43330627704816,139.644775390625,513700,WHR,141.38504028320312,1,0.9925510624896798,0.0,0.9803588228812581,2.0,1.0217210374285497,27.0,0.8387915031038847,124.0,0.9178289321202615,542.0
2022-11-22 00:00:00-05:00,141.00044110361603,142.33689207689417,140.1062755191234,141.38504028320312,462300,WHR,142.63497924804688,1,1.006192456442408,1.0,1.000203995712312,2.0,1.0355140297976035,28.0,0.8507144116153079,125.0,0.9290534234950802,542.0
2022-11-23 00:00:00-05:00,141.6158023017071,143.346462142427,140.94277199447177,142.63497924804688,301500,WHR,143.03880310058594,1,1.0044008833141644,2.0,1.0079769023754814,3.0,1.0456013971782823,28.0,0.8595968061328242,126.0,0.9370152516473822,543.0
2022-11-25 00:00:00-05:00,142.0965459621572,144.00027919786842,142.0965459621572,143.03880310058594,190000,WHR,138.27947998046875,0,1.001413583876053,2.0,1.0095273793668438,3.0,1.0493005822059343,29.0,0.8633298470953531,127.0,0.9394162047217347,543.0
2022-11-28 00:00:00-05:00,141.93307690150965,142.90417701313024,137.95256700326243,138.27947998046875,463200,WHR,140.35626220703125,1,0.9830820696472617,1.0,0.980729072052238,3.0,1.0155250976719368,29.0,0.8358664902213152,127.0,0.9079381267556794,543.0
2022-11-29 00:00:00-05:00,137.53914457240555,140.78892347233042,137.20262210441763,140.35626220703125,834600,WHR,140.88507080078125,1,1.007453394924349,1.0,0.9944547485849186,4.0,1.0314942709674042,30.0,0.8496366196497348,128.0,0.9213185358271603,544.0
2022-11-30 00:00:00-05:00,139.85629915572454,141.14467341703096,136.14500137499135,140.88507080078125,908300,WHR,143.27915954589844,1,1.0018802662755666,2.0,0.9989091786322607,4.0,1.0357099083139734,31.0,0.8541586965535204,128.0,0.9245238391778753,545.0
2022-12-01 00:00:00-05:00,142.269606798192,145.29825037035164,141.8177118984659,143.27915954589844,539900,WHR,140.49087524414062,0,1.0084250179630152,2.0,1.0149567046458061,4.0,1.0537568412898926,31.0,0.8699908565462791,128.0,0.9399595246026686,545.0
2022-12-02 00:00:00-05:00,140.57741923827032,141.85616946989123,138.30833518129995,140.49087524414062,783700,WHR,136.01040649414062,0,0.9901741411709631,1.0,0.9988106321015556,3.0,1.0342050878813054,30.0,0.854511108870869,127.0,0.9214139470092427,545.0
2022-12-05 00:00:00-05:00,138.60638885688823,138.92367770925162,135.66427453437694,136.01040649414062,498600,WHR,136.39498901367188,1,0.983795848171724,0.0,0.9700868894657834,3.0,1.0032194299916564,29.0,0.8287871144842164,126.0,0.8917899510655228,545.0
2022-12-06 00:00:00-05:00,136.1546200082672,137.07764344424348,134.17398175108616,136.39498901367188,928600,WHR,137.26031494140625,1,1.0014118021370844,1.0,0.9783583261331015,3.0,1.0079904332056453,30.0,0.8326293002553138,127.0,0.8940615488674787,546.0
2022-12-07 00:00:00-05:00,136.5295984285456,139.43326019313423,135.31814389304924,137.26031494140625,617600,WHR,139.76016235351562,1,1.0031621017945862,2.0,0.9897118506203267,3.0,1.0146427290001592,31.0,0.8393714496734898,128.0,0.8994834869745822,546.0
2022-12-08 00:00:00-05:00,137.49107823771905,140.47165992803983,136.72189444625295,139.76016235351562,559900,WHR,138.2698516845703,0,1.0090240527939311,2.0,1.0128770083431855,3.0,1.0329496904892188,32.0,0.8561747260799712,128.0,0.9155823878776382,547.0
2022-12-09 00:00:00-05:00,139.14479830530863,140.154350969933,138.17371289377087,138.2698516845703,403000,WHR,141.76962280273438,1,0.9946397489706231,1.0,1.0053127187002227,3.0,1.021979801806596,31.0,0.848546351214872,128.0,0.9055435555605621,547.0
2022-12-12 00:00:00-05:00,138.53906309432213,142.03883488918885,137.20261213979506,141.76962280273438,683000,WHR,141.7888641357422,1,1.0124974206746082,1.0,1.0221977987497015,4.0,1.0473399361416689,32.0,0.8715693282759737,128.0,0.9281385670564238,548.0
2022-12-13 00:00:00-05:00,147.12505876613977,149.11530641852855,140.84662178193838,141.7888641357422,1007900,WHR,140.37548828125,0,1.0000678566641243,2.0,1.0144459066550486,4.0,1.0472420830394518,32.0,0.8733540825319974,128.0,0.9279228580920568,549.0
2022-12-14 00:00:00-05:00,140.78891589645653,143.75026357413768,138.8179019416032,140.37548828125,679600,WHR,138.51022338867188,0,0.9949909482101996,1.0,0.9998767061375128,3.0,1.036216191697989,32.0,0.8663430202972028,127.0,0.918365306563873,548.0
2022-12-15 00:00:00-05:00,137.85642678294298,139.57746228293067,137.34684570172524,138.51022338867188,628900,WHR,136.0392608642578,0,0.9933117229943075,0.0,0.9883505499194766,2.0,1.022056768932895,32.0,0.8563948364568729,127.0,0.9058732862542394,547.0
2022-12-16 00:00:00-05:00,136.2988488523519,137.76029665578767,134.5489699510338,136.0392608642578,1350900,WHR,134.19322204589844,0,0.9909999374752506,0.0,0.9738187713633567,2.0,1.003472168719966,32.0,0.8425137553665398,127.0,0.8894463193541889,546.0
2022-12-19 00:00:00-05:00,135.5392826746509,136.72189413212354,133.64517364428886,134.19322204589844,625100,WHR,131.7606658935547,0,0.9931687012661127,0.0,0.9711380159823637,1.0,0.9898048393921803,31.0,0.832524383874862,126.0,0.8771224749322879,546.0
2022-12-20 00:00:00-05:00,131.83758573483385,133.56824548621637,130.23192255939998,131.7606658935547,787800,WHR,135.77003479003906,1,0.9908534664742426,0.0,0.9675778875107046,0.0,0.971722188458634,31.0,0.8189601274649659,125.0,0.8609918991049426,545.0
2022-12-21 00:00:00-05:00,133.10674211558552,136.2892253838983,133.10674211558552,135.77003479003906,754300,WHR,134.21243286132812,0,1.0149865749472478,1.0,1.0038102444087977,1.0,1.0006312227650023,32.0,0.8454325773676327,125.0,0.8869285530095826,546.0
2022-12-22 00:00:00-05:00,133.84708195338197,134.3278199589066,131.0011065054541,134.21243286132812,798700,WHR,136.16424560546875,1,0.994230729342313,1.0,0.998640646883504,1.0,0.9892399114339289,31.0,0.8373705973639164,124.0,0.8765281763609515,545.0
2022-12-23 00:00:00-05:00,133.98170534112566,136.22193182624096,133.84709926900337,136.16424560546875,299500,WHR,136.23153686523438,1,1.007218865011615,1.0,1.0129751808219374,2.0,1.00296122358918,32.0,0.8511763036063842,124.0,0.8890516281104847,545.0
2022-12-27 00:00:00-05:00,135.84693766243882,137.01033007832606,135.34698070524382,136.23153686523438,404200,WHR,133.02020263671875,0,1.0002470348812131,2.0,1.0104114569620606,3.0,1.0024558609941916,33.0,0.8532769692346753,124.0,0.8892796981332496,545.0
2022-12-28 00:00:00-05:00,136.38536843859208,137.00071245552485,133.01057848787133,133.02020263671875,371700,WHR,137.58721923828125,1,0.9880731161311872,1.0,0.9847535339574239,3.0,0.978876610083491,32.0,0.8348675372695039,124.0,0.8681422249043339,544.0
2022-12-29 00:00:00-05:00,133.70284804550434,138.17372017561323,133.29902989256482,137.58721923828125,505200,WHR,136.01040649414062,0,1.0168769081421283,1.0,1.0158302000062907,3.0,1.0126537469809551,32.0,0.865243900168568,124.0,0.8977458953795413,544.0
2022-12-30 00:00:00-05:00,135.87580043595253,137.1641748030329,134.58741139791212,136.01040649414062,456400,WHR,138.1929473876953,1,0.9942367455129791,1.0,1.0015293090068917,3.0,1.0012002653894139,32.0,0.857022562608019,124.0,0.8872691972600169,543.0
2023-01-03 00:00:00-05:00,138.56792245717966,139.42363554759064,136.6642040021791,138.1929473876953,513000,WHR,142.5195770263672,1,1.007959570379636,1.0,1.0145694681997128,3.0,1.0169671056203928,33.0,0.8725933821676378,124.0,0.901307355324744,543.0
2023-01-04 00:00:00-05:00,140.09666817733938,143.7310461218399,140.08704402835383,142.5195770263672,570300,WHR,143.9906463623047,1,1.01541302671729,2.0,1.0367618456631764,3.0,1.0474326768508466,34.0,0.9016167953106003,125.0,0.9292935192381914,544.0
2023-01-05 00:00:00-05:00,140.84663027692244,144.22140589327955,139.63516107800444,143.9906463623047,619000,WHR,145.6636199951172,1,1.005134439248061,2.0,1.031007318638311,4.0,1.0569652215546173,34.0,0.9125766442275804,126.0,0.9386383196893007,545.0
2023-01-06 00:00:00-05:00,145.5001708289052,146.85585556573176,144.64445774052476,145.6636199951172,864800,WHR,146.47125244140625,1,1.0057757603706348,2.0,1.0310611707100596,4.0,1.0679599279325336,34.0,0.9246736737551409,127.0,0.9492958403927408,545.0
2023-01-09 00:00:00-05:00,146.1443541176996,149.13454510786724,145.6636161107335,146.47125244140625,545200,WHR,148.74032592773438,1,1.0027645876014495,2.0,1.0216481521050242,5.0,1.0724869611050885,34.0,0.9311884394058707,128.0,0.9543128318937747,545.0
2023-01-10 00:00:00-05:00,145.71168256589763,149.06722422837888,145.57707652028174,148.74032592773438,479200,WHR,148.31727600097656,0,1.0076862618291036,2.0,1.022431310001267,5.0,1.0874364195788815,34.0,0.9470808243297565,128.0,0.9688278132474737,546.0
2023-01-11 00:00:00-05:00,145.2405558695384,149.59604078564405,144.5963687381872,148.31727600097656,809600,WHR,148.20191955566406,0,0.9985758656771917,1.0,1.0114613376109984,4.0,1.0822284855766642,34.0,0.9458190933656923,128.0,0.9657731862394501,546.0
2023-01-12 00:00:00-05:00,149.97103198806684,149.97103198806684,146.82701582956767,148.20191955566406,475800,WHR,148.34613037109375,1,0.9996109646625206,0.0,1.0049026733688589,3.0,1.0795083739119882,33.0,0.946555138250682,127.0,0.9647403251714018,545.0
2023-01-13 00:00:00-05:00,146.06743687227984,149.3364641803291,146.06743687227984,148.34613037109375,344500,WHR,148.93263244628906,1,1.0004862983097185,1.0,1.0022345617718809,3.0,1.079062646007848,33.0,0.9487320990858562,128.0,0.9654078210924895,545.0
2023-01-17 00:00:00-05:00,146.5193328719933,152.96121939363286,145.12519555081877,148.93263244628906,1202900,WHR,144.56753540039062,0,1.001972902704643,2.0,1.0028616409074256,3.0,1.0809682529263558,34.0,0.9535691105253207,129.0,0.9689455484129095,546.0
2023-01-18 00:00:00-05:00,148.7691809260561,149.9421828477545,144.52908281469422,144.56753540039062,712700,WHR,139.88514709472656,0,0.9851274461683487,1.0,0.9789700129497046,2.0,1.0467816522882503,34.0,0.9267180346734897,129.0,0.9403643223928105,545.0
2023-01-19 00:00:00-05:00,143.31760875081676,143.64450706645215,139.27941252619797,139.88514709472656,583900,WHR,145.00982666015625,1,0.9835389553559776,0.0,0.9582049117592517,2.0,1.0110230953796144,34.0,0.897758524272132,129.0,0.9097368008250922,545.0
2023-01-20 00:00:00-05:00,140.7504800781461,145.12519909284694,138.94290038753624,145.00982666015625,517200,WHR,146.25973510742188,1,1.0179879606083848,1.0,0.9976716078511932,3.0,1.045702877204495,34.0,0.9316249308906451,129.0,0.9428616508461822,545.0
2023-01-23 00:00:00-05:00,145.64439100931838,147.53850004133204,144.86559773979246,146.25973510742188,399900,WHR,146.84622192382812,1,1.0042912429286484,2.0,1.0091682248221356,3.0,1.0526816937705594,34.0,0.9407391810742571,129.0,0.9507758550514273,546.0
2023-01-24 00:00:00-05:00,145.83666921334296,147.8557746343133,145.42324158511178,146.84622192382812,373200,WHR,146.17320251464844,0,1.0020009378940862,2.0,1.016140537510817,3.0,1.0545227887308783,35.0,0.9456086038445171,129.0,0.9543843008010833,546.0
2023-01-25 00:00:00-05:00,145.37517563368783,147.64425969552755,144.94251434595168,146.17320251464844,443400,WHR,144.28871154785156,0,0.9977031576986085,1.0,1.0092407046382055,3.0,1.0474498970634607,34.0,0.9423754397816224,129.0,0.9498111571887449,546.0
2023-01-26 00:00:00-05:00,145.9520609336526,147.4904137437194,143.69258644670006,144.28871154785156,674700,WHR,148.1634521484375,1,0.993512089277249,0.0,0.9902081273738658,3.0,1.032546930650973,33.0,0.9311871371982906,129.0,0.9373751565819993,546.0
2023-01-27 00:00:00-05:00,143.28876196140723,148.81724876290178,142.56765498729925,148.1634521484375,621400,WHR,147.62501525878906,0,1.013249143215811,1.0,1.0124170405330493,3.0,1.0581539403439404,34.0,0.9572085669349322,129.0,0.962326216653163,547.0
2023-01-30 00:00:00-05:00,146.23087802439085,150.46138113165338,145.19248220727076,147.62501525878906,1220300,WHR,149.59605407714844,1,0.9981796555681559,1.0,1.0068592227506081,2.0,1.05216756306608,34.0,0.9548709326466666,128.0,0.9586078342081786,547.0
2023-01-31 00:00:00-05:00,149.99026277598756,151.06711124992842,146.14435860224427,149.59605407714844,1656600,WHR,150.4709930419922,1,1.0066315581959353,1.0,1.0164896291572703,2.0,1.0631179838360223,35.0,0.96868994361698,129.0,0.9711683288273889,548.0
2023-02-01 00:00:00-05:00,149.02877905117438,152.24010534969847,145.8462958587899,150.4709930419922,1002100,WHR,152.82659912109375,1,1.0029158115602623,2.0,1.0164977834124422,3.0,1.0658396050209782,36.0,0.9754772297422304,129.0,0.9766218624003435,548.0
2023-02-02 00:00:00-05:00,151.63437833404583,154.5476492851097,151.15364035966618,152.82659912109375,1198100,WHR,148.99993896484375,0,1.007766649455743,2.0,1.0206374396774802,4.0,1.0791954079522676,36.0,0.9916950854175911,130.0,0.9916738233123442,548.0
2023-02-03 00:00:00-05:00,150.29793745127031,152.23049895658838,148.93262860184757,148.99993896484375,622200,WHR,144.20217895507812,0,0.987321657729247,1.0,0.993970922620397,3.0,1.049821841926627,35.0,0.9678010021963401,130.0,0.9666341694728716,548.0
2023-02-06 00:00:00-05:00,146.78855196811614,147.84618152878767,143.24070287118062,144.20217895507812,931400,WHR,143.8560333251953,0,0.9836366802402294,0.0,0.9663784857256194,3.0,1.014857291996728,34.0,0.9376224442711554,130.0,0.9353449430685287,547.0
2023-02-07 00:00:00-05:00,143.1349263307098,144.41369116144594,141.62541665115225,143.8560333251953,647200,WHR,138.4141082763672,0,0.9987983483368076,0.0,0.9715331758146348,2.0,1.0109176815791414,34.0,0.9363726073604764,129.0,0.9329495587022096,546.0
2023-02-08 00:00:00-05:00,142.70228354300107,142.7599697626747,138.3083453166451,138.4141082763672,759100,WHR,135.68350219726562,0,0.980720861873837,0.0,0.950256248748947,1.0,0.9731070330660894,33.0,0.9021667995949492,128.0,0.8975499036451026,545.0
2023-02-09 00:00:00-05:00,139.5774833266994,140.80817155793838,134.73165025006602,135.68350219726562,765200,WHR,136.06808471679688,1,0.9900378333310417,0.0,0.9539647254585988,0.0,0.9553762498465752,32.0,0.8854862254114917,128.0,0.8797542740502687,544.0
2023-02-10 00:00:00-05:00,134.60663712019476,137.17377622475766,134.60663712019476,136.06808471679688,608400,WHR,141.9138641357422,1,1.0014151987993831,1.0,0.9743871791049075,1.0,0.9591260796605425,33.0,0.8890265144562732,129.0,0.8821698517415866,544.0
2023-02-13 00:00:00-05:00,136.04885463977783,141.95231672070085,135.73156579777063,141.9138641357422,716300,WHR,144.76943969726562,1,1.0210293490029683,2.0,1.0195905025857381,2.0,1.000908713111929,33.0,0.9281775542335645,129.0,0.9199490084100533,545.0
2023-02-14 00:00:00-05:00,140.96198850992846,145.69244838628407,139.9043591048463,144.76943969726562,874200,WHR,142.1446075439453,0,1.0099607320110515,2.0,1.0387432564310575,3.0,1.0207028099906763,34.0,0.9479388314176816,129.0,0.9383124802552261,546.0
2023-02-15 00:00:00-05:00,144.02910694889252,144.6925277326288,141.8850195884515,142.1446075439453,832900,WHR,139.52940368652344,0,0.99085150351278,1.0,1.0144787842828045,3.0,1.0021940619691443,33.0,0.9319279979117682,128.0,0.9211688647606057,546.0
2023-02-16 00:00:00-05:00,139.00060358061228,141.80811196668736,138.20257667568944,139.52940368652344,664000,WHR,139.4140167236328,0,0.9907154946741533,0.0,0.9903774319469875,3.0,0.9840112061199631,33.0,0.915970801976938,128.0,0.9041064394192566,546.0
2023-02-17 00:00:00-05:00,138.76022010105822,139.8659116066896,136.61611810835592,139.4140167236328,688900,WHR,135.4623565673828,0,0.9995863427690068,0.0,0.9848803593924539,2.0,0.9832241242258248,33.0,0.9163981352639846,128.0,0.903243992109338,546.0
2023-02-21 00:00:00-05:00,136.3084601640398,138.80828902631575,135.24122118951468,135.4623565673828,847800,WHR,134.9912109375,0,0.9856238638885623,0.0,0.9657673424409753,1.0,0.9560203988097655,32.0,0.8915243053750906,128.0,0.877560610761931,545.0
2023-02-22 00:00:00-05:00,136.6930273939894,137.0103162025524,134.60662644461286,134.9912109375,639500,WHR,135.693115234375,1,0.9982579426323362,0.0,0.9760165680844167,0.0,0.9535526394118135,31.0,0.8894560366074177,128.0,0.8744252517721021,545.0
2023-02-23 00:00:00-05:00,135.80848766192935,136.02962303839507,133.2798010376585,135.693115234375,570900,WHR,133.731689453125,0,1.0025930732924273,1.0,0.9903304296076011,1.0,0.9593404065433437,31.0,0.8952312188623686,128.0,0.8788698944909985,546.0
2023-02-24 00:00:00-05:00,132.95289626299146,136.05845954534882,132.95289626299146,133.731689453125,811500,WHR,133.58749389648438,0,0.9927199509951394,1.0,0.9843455604333213,1.0,0.9459801975089744,31.0,0.8836094516217011,127.0,0.8660695081418313,546.0
2023-02-27 00:00:00-05:00,135.53928923817193,136.481531723927,133.03944546833543,133.58749389648438,650800,WHR,132.66445922851562,0,0.9994605865735717,0.0,0.991791125749919,1.0,0.9457148849463257,30.0,0.8839120348961487,127.0,0.8650405934370415,545.0
2023-02-28 00:00:00-05:00,133.49132920562283,134.54895871272277,132.57792990637836,132.66445922851562,798300,WHR,131.30877685546875,0,0.9965332285561286,0.0,0.9890472291063598,1.0,0.9400922220053006,29.0,0.8790754127710101,127.0,0.8589697712005453,545.0
2023-03-01 00:00:00-05:00,132.5298407425728,132.6067605786906,130.04923104386785,131.30877685546875,939800,WHR,133.8897705078125,1,0.9948643188485383,0.0,0.9843450122260552,1.0,0.931802867506541,28.0,0.8714994368742394,126.0,0.8501273307774075,544.0
2023-03-02 00:00:00-05:00,130.4322227542572,134.15274286363496,129.79915711914418,133.8897705078125,615500,WHR,135.12669372558594,1,1.0097323068998874,1.0,1.0064142766631081,1.0,0.9508606584283281,29.0,0.8900716263864864,126.0,0.8667573111451612,544.0
2023-03-03 00:00:00-05:00,135.0682438677726,136.2272541680895,133.96768342526903,135.12669372558594,530600,WHR,133.66575622558594,0,1.0045979461565604,2.0,1.01358623501175,2.0,0.9597454496944582,30.0,0.8996013856787572,127.0,0.8746720170006371,545.0
2023-03-06 00:00:00-05:00,135.70132114711876,136.93824970070054,133.31513139391677,133.66575622558594,953200,WHR,131.19189453125,0,0.99456481199429,1.0,1.002510029084046,2.0,0.9496758706046133,29.0,0.8908958571556106,127.0,0.8650991779747602,545.0
2023-03-07 00:00:00-05:00,134.32803462113657,135.15590331905634,131.17241124645173,131.19189453125,578300,WHR,133.1300811767578,1,0.9906596555271603,0.0,0.9861340102060343,2.0,0.9327697176264826,28.0,0.8755267886903174,126.0,0.848988233330639,544.0
2023-03-08 00:00:00-05:00,131.815234304711,133.31513524067182,130.51013650638149,133.1300811767578,686100,WHR,130.7536163330078,0,1.0073326731170051,1.0,0.9979703421792804,3.0,0.9472944079299612,28.0,0.8896409058830644,126.0,0.8614136134255254,545.0
2023-03-09 00:00:00-05:00,133.20799005218024,134.6494410282185,130.73413304834204,130.7536163330078,844500,WHR,127.96810150146484,0,0.9909942718471191,1.0,0.9847861929053858,2.0,0.9312145982845218,28.0,0.874796578203762,126.0,0.8459266787008249,545.0
2023-03-10 00:00:00-05:00,130.99710580638794,130.99710580638794,126.57535130182411,127.96810150146484,831400,WHR,128.367431640625,1,0.9892335484826785,0.0,0.9743129290027731,1.0,0.9128719147851202,27.0,0.8571830751826588,126.0,0.8278285711620953,544.0
2023-03-13 00:00:00-04:00,126.92598060887744,131.5717410372638,125.72800376859854,128.367431640625,1209900,WHR,128.53298950195312,1,1.0015578415300652,1.0,0.9853027272488026,2.0,0.9171841379794391,27.0,0.8608939018165452,126.0,0.8303099712805629,545.0
2023-03-14 00:00:00-04:00,130.58803749612474,131.74704764914256,127.54929917730828,128.53298950195312,1057500,WHR,125.42607879638672,0,1.000644443713217,2.0,0.9906169528905816,3.0,0.9196639966037092,28.0,0.8631245230940879,126.0,0.8312781021942455,545.0
2023-03-15 00:00:00-04:00,126.61430655450188,128.82519129937418,123.61451966199738,125.42607879638672,1085700,WHR,126.08837890625,1,0.9877660966139766,1.0,0.9782889595421623,2.0,0.8988362537342351,28.0,0.8435012520133771,125.0,0.8111088039817568,544.0
2023-03-16 00:00:00-04:00,123.82879334012291,127.28634089685757,123.51712764663924,126.08837890625,895500,WHR,125.10467529296876,0,1.002633248664561,1.0,0.9906642917882669,3.0,0.9046576656589002,29.0,0.8492306330746646,125.0,0.8153160468064504,544.0
2023-03-17 00:00:00-04:00,125.94227824871768,126.69222871013528,123.98463156835469,125.10467529296876,3073100,WHR,127.59800720214844,1,0.9960838741484426,1.0,0.9873781675386208,3.0,0.8985763776522684,29.0,0.8438811251963523,125.0,0.8088864052149843,543.0
2023-03-20 00:00:00-04:00,125.18259978308078,129.1271256989257,124.73458821557458,127.59800720214844,1069700,WHR,127.57852172851562,0,1.0098666618199743,1.0,1.0082811619707166,3.0,0.9169418969911045,30.0,0.8617752391744439,126.0,0.8249278340594702,543.0
2023-03-21 00:00:00-04:00,129.0491901682567,129.90627633784965,126.52664730075831,127.57852172851562,671800,WHR,123.84827423095705,0,0.9999236392401979,1.0,1.0096501876852395,2.0,0.917702223448803,29.0,0.8627665202255788,125.0,0.8247294829673211,542.0
2023-03-22 00:00:00-04:00,126.66300706068822,127.90966981051706,123.76061430880236,123.84827423095705,549000,WHR,122.8061294555664,0,0.9851636835949664,0.0,0.9825830289036543,2.0,0.8919779882279919,29.0,0.8385903811461652,125.0,0.80056493428027,541.0
2023-03-23 00:00:00-04:00,124.53977767355596,125.81565044303106,121.52050761313656,122.8061294555664,576700,WHR,123.8580093383789,1,0.9957748786974219,0.0,0.9794158116567314,1.0,0.8858927640495193,28.0,0.8326009413212073,125.0,0.7937758713720515,541.0
2023-03-24 00:00:00-04:00,121.52051295020152,124.16967502808949,120.86796407341627,123.8580093383789,468200,WHR,124.50082397460938,1,1.0042644216056522,1.0,0.9897730408281272,2.0,0.8948119379805943,28.0,0.8407574451757523,126.0,0.8005238691196371,541.0
2023-03-27 00:00:00-04:00,125.03650286181536,125.36764440612728,123.38077284816715,124.50082397460938,413600,WHR,123.7216567993164,0,1.0025882495406169,2.0,0.9998592354399943,2.0,0.900379563886887,29.0,0.8461629174343697,126.0,0.804631177084627,541.0
2023-03-28 00:00:00-04:00,124.59821887893284,125.49426424403862,123.10806705893305,123.7216567993164,358700,WHR,125.39686584472656,1,0.996861012858853,1.0,0.9997953731016062,2.0,0.896242531134924,28.0,0.8420215792486309,125.0,0.7995602117061198,540.0
2023-03-29 00:00:00-04:00,125.27024677793668,125.58191990806785,123.96514898364624,125.39686584472656,550700,WHR,125.34815979003906,0,1.0067245463228915,1.0,1.010802873151746,3.0,0.9095432839134979,29.0,0.8544095359761621,126.0,0.8103280879076804,541.0
2023-03-30 00:00:00-04:00,126.78961080280595,127.19868548425126,124.87093076400656,125.34815979003906,371200,WHR,128.58169555664062,1,0.9998057546523039,1.0,1.0062863243462796,3.0,0.9106039790164162,28.0,0.8549038721092562,126.0,0.8099653294579022,540.0
2023-03-31 00:00:00-04:00,125.8838328500382,128.6596138322939,125.8838328500382,128.58169555664062,456700,WHR,128.27978515625,0,1.0127339723885045,1.0,1.0244750145004877,3.0,0.9356733133023764,28.0,0.8777214145800631,127.0,0.8308051852482302,540.0
2023-04-03 00:00:00-04:00,128.64014421571605,129.14660563057677,127.13050904499602,128.27978515625,564400,WHR,127.0525894165039,0,0.9988246178463478,1.0,1.0159517081957468,2.0,0.9352584210377565,27.0,0.8764904352057951,126.0,0.8288025657844628,539.0
2023-04-04 00:00:00-04:00,128.39665379266725,128.39665379266725,125.40660098167037,127.0525894165039,426100,WHR,126.07862854003906,0,0.9951937323192973,0.0,1.0009514577548633,2.0,0.9284108006496214,26.0,0.868907040945263,126.0,0.8208131248146006,539.0
2023-04-05 00:00:00-04:00,126.32211759278592,126.77014398885277,125.39686216462636,126.07862854003906,626600,WHR,124.1307144165039,0,0.9961523478442235,0.0,0.9922125018509368,1.0,0.9235875864355162,25.0,0.8629594463666928,126.0,0.8144702431376106,538.0
2023-04-06 00:00:00-04:00,126.390299928489,126.49743570468472,124.052803568022,124.1307144165039,559300,WHR,125.71826934814452,1,0.992214862560614,0.0,0.9787583288592554,1.0,0.912058556204498,24.0,0.8503909387304245,125.0,0.8018448120204883,538.0
2023-04-10 00:00:00-04:00,123.43920795318176,125.76697013091449,122.91327070819034,125.71826934814452,582100,WHR,130.5296173095703,1,1.00635405799023,1.0,0.9957725181506919,1.0,0.9262866826753107,25.0,0.8620804551437379,125.0,0.812058876059557,538.0
2023-04-11 00:00:00-04:00,130.0523734096801,131.95158507431654,128.5914390735917,130.5296173095703,1586000,WHR,130.46144104003906,0,1.0187761468950283,2.0,1.0302098987926824,2.0,0.9638281305147709,26.0,0.8959005408799525,125.0,0.8430696635241942,538.0
2023-04-12 00:00:00-04:00,132.02951124897655,133.26643988867096,129.08815911528023,130.46144104003906,854100,WHR,130.8997039794922,1,0.9997387792901321,1.0,1.0241609097910256,2.0,0.9654496761505111,25.0,0.8962209530404525,125.0,0.8425649555342086,537.0
2023-04-13 00:00:00-04:00,131.376947855358,131.7178384611753,129.75044282642472,130.8997039794922,796300,WHR,131.43539428710938,1,1.0016768481000509,1.0,1.0198815390216567,3.0,0.9708522526335003,25.0,0.9000721726765293,125.0,0.8453251091719562,538.0
2023-04-14 00:00:00-04:00,130.8997153719433,132.03925727392985,129.81862332911467,131.43539428710938,900600,WHR,133.4125213623047,1,1.0020420077647132,2.0,1.0125300289870112,4.0,0.9764103482334989,26.0,0.9044346247339867,126.0,0.8486916084644821,539.0
2023-04-17 00:00:00-04:00,131.78601622769668,133.48070543245484,131.54252716811956,133.4125213623047,513900,WHR,135.9545440673828,1,1.0074651411560003,2.0,1.0157199951505607,4.0,0.991892979287449,27.0,0.9186853090483053,126.0,0.8613623839250021,539.0
2023-04-18 00:00:00-04:00,133.7728916637773,135.97402735281284,133.46121854246658,135.9545440673828,850200,WHR,135.9058380126953,0,1.0094370211927102,2.0,1.0265933003182768,4.0,1.0119278146172392,27.0,0.9369217266680536,126.0,0.8776699234360564,539.0
2023-04-19 00:00:00-04:00,135.56496226855077,136.12985863296976,134.26959877346115,135.9058380126953,483200,WHR,137.00640869140625,1,0.999820841660286,1.0,1.0178565690105206,4.0,1.0128662386209646,26.0,0.9373571998323563,125.0,0.877252348964034,538.0
2023-04-20 00:00:00-04:00,135.75974601874287,137.57130503704923,135.37016950655732,137.00640869140625,600200,WHR,137.30833435058594,1,1.0040326906982089,1.0,1.0167984117435347,4.0,1.0223179662374715,26.0,0.9456981129233445,125.0,0.8842506812084363,538.0
2023-04-21 00:00:00-04:00,137.5518233889456,138.1654205212572,136.80188785099975,137.30833435058594,668800,WHR,137.03564453125,0,1.0011006541457872,2.0,1.010232712887777,4.0,1.025701686610341,27.0,0.9484228796184683,126.0,0.8861040719079564,538.0
2023-04-24 00:00:00-04:00,137.36678609707565,139.26601271704945,136.25647654118296,137.03564453125,1072900,WHR,129.09788513183594,0,0.9990060295092046,1.0,1.0028797160266196,3.0,1.0245898962115592,27.0,0.9473098764017064,125.0,0.8842515272389808,537.0
2023-04-25 00:00:00-04:00,139.1685877252668,140.24967959997224,128.97126608210758,129.09788513183594,2265400,WHR,125.65983581542967,0,0.9701737717548671,0.0,0.9543660863895114,2.0,0.9675394604437549,26.0,0.8935513218240672,124.0,0.8329754344856614,537.0
2023-04-26 00:00:00-04:00,128.1921130736137,128.5135204099641,124.53978467495486,125.65983581542967,1571200,WHR,131.8639373779297,1,0.986504631523541,0.0,0.9432390493979471,2.0,0.9443636200046017,26.0,0.8708320359543741,124.0,0.8107457597725799,537.0
2023-04-27 00:00:00-04:00,126.78961872697248,131.89315487680295,126.3513413824805,131.8639373779297,1284100,WHR,135.9545440673828,1,1.0240913741110873,1.0,0.9975097792914954,2.0,0.9931948257833108,26.0,0.9148559662001485,124.0,0.8506877112540192,538.0
2023-04-28 00:00:00-04:00,133.07164200222056,136.25646811528233,132.66258217654453,135.9545440673828,1059500,WHR,136.1493377685547,1,1.0152738028659476,2.0,1.030564753357764,2.0,1.0258745816515342,26.0,0.9441003709524859,125.0,0.8769500013090298,539.0
2023-05-01 00:00:00-04:00,136.58762997055558,138.67189575293796,136.0714343465118,136.1493377685547,919800,WHR,135.37991333007812,0,1.000715879905342,2.0,1.0334299299769885,3.0,1.0295036849336814,26.0,0.9464068715630016,125.0,0.8780803352811728,539.0
2023-05-02 00:00:00-04:00,135.61366817082126,136.38308703850473,132.8963220197299,135.37991333007812,993100,WHR,137.4739227294922,1,0.9971663294640876,1.0,1.0178825006764272,3.0,1.0254457812750055,26.0,0.9421548602388836,124.0,0.8729671684068671,539.0
2023-05-03 00:00:00-04:00,136.5584163115139,140.8340837785465,135.9253358138197,137.4739227294922,1039100,WHR,132.2145538330078,0,1.0076744730059684,1.0,1.0155845462269701,4.0,1.0421922528322334,27.0,0.9579807029461161,124.0,0.8863096716627765,539.0
2023-05-04 00:00:00-04:00,136.56813922548122,137.0258998272951,132.0587172746473,132.2145538330078,762400,WHR,133.4514923095703,1,0.9804983551261764,1.0,0.9762253960541211,3.0,1.0037973736612769,27.0,0.9224790554988831,124.0,0.8522842186372962,538.0
2023-05-05 00:00:00-04:00,134.006639655683,134.32804700822962,132.4580527527347,133.4514923095703,577000,WHR,133.30538940429688,0,1.0046559900842529,1.0,0.9890142336370801,3.0,1.0138250727402818,28.0,0.932264476475081,124.0,0.8601342418972562,538.0
2023-05-08 00:00:00-04:00,134.18195896074667,134.18195896074667,132.00029157427284,133.30538940429688,417400,WHR,132.39959716796875,0,0.9994522993958591,1.0,0.9921135378365692,2.0,1.0130201628638191,28.0,0.9324590076484071,123.0,0.8590638789357423,538.0
2023-05-09 00:00:00-04:00,132.195059844008,133.0424117731129,131.7275650681718,132.39959716796875,472400,WHR,130.04263305664062,0,0.9965909851824261,0.0,0.9897629943251295,2.0,1.0066045242781763,27.0,0.9272418326750516,123.0,0.8531080463454556,537.0
2023-05-10 00:00:00-04:00,133.25669141653873,133.25669141653873,127.5785251150435,130.04263305664062,755500,WHR,128.97128295898438,0,0.991019112627907,0.0,0.9830658163447277,1.0,0.9901745120079173,26.0,0.9116099474740246,123.0,0.8378311249057864,536.0
2023-05-11 00:00:00-04:00,129.12711952344387,130.07185826106456,128.04602750726932,128.97128295898438,449200,WHR,127.18893432617188,0,0.9958637353770922,0.0,0.9797712261053412,1.0,0.9839897545533802,25.0,0.9051363609259355,122.0,0.8308383386093103,536.0
2023-05-12 00:00:00-04:00,129.48747151169317,129.48747151169317,124.87092871719967,127.18893432617188,684300,WHR,127.89019012451172,1,0.9930420552742255,0.0,0.9755131563400617,0.0,0.9722402323052874,25.0,0.8937087645815709,121.0,0.8192543432929824,536.0
2023-05-15 00:00:00-04:00,127.52008200163672,128.07524418594923,126.7701464050852,127.89019012451172,411500,WHR,124.77352905273438,0,1.0027491696933255,1.0,0.9891078620206928,1.0,0.9790524618581702,26.0,0.8996603821602729,122.0,0.8236597455992019,537.0
2023-05-16 00:00:00-04:00,125.67930118291612,126.02992600846213,122.57238596585027,124.77352905273438,1058400,WHR,127.9194107055664,1,0.987664785898323,1.0,0.9765226027296079,1.0,0.9569807525830384,26.0,0.8789458236565044,121.0,0.8034840434829597,537.0
2023-05-17 00:00:00-04:00,124.78327038191452,128.571959611726,124.70535209830535,127.9194107055664,605800,WHR,131.92706298828125,1,1.0124494244114657,1.0,1.0044817215170847,2.0,0.9820557581080832,27.0,0.9019792109233303,122.0,0.8236095692523618,538.0
2023-05-18 00:00:00-04:00,128.17606222650062,132.21333292707885,127.3962379704074,131.92706298828125,867700,WHR,129.73568725585938,0,1.0154231543947627,2.0,1.0311649444192423,3.0,1.013220330788036,28.0,0.9310152589805359,123.0,0.8492519465362734,539.0
2023-05-19 00:00:00-04:00,131.92706974179814,131.92706974179814,128.88678824625384,129.73568725585938,440700,WHR,129.75543212890625,1,0.9916251903246556,1.0,1.0100157219398158,3.0,0.9971506182207903,27.0,0.9164216425405575,122.0,0.834976464583203,539.0
2023-05-22 00:00:00-04:00,129.71595440927982,130.5845997998086,128.7189650092368,129.75543212890625,370400,WHR,131.03866577148438,1,1.0000760907467419,1.0,1.007244151440428,3.0,0.9978106221070424,28.0,0.9174351247032445,122.0,0.8349456755019191,539.0
2023-05-23 00:00:00-04:00,128.64986478294932,132.09487919620258,128.02798154925236,131.03866577148438,806000,WHR,130.9991912841797,0,1.0049204857506715,2.0,1.0074065895576219,4.0,1.0080078911896735,29.0,0.9272115532701428,123.0,0.8430761031934882,539.0
2023-05-24 00:00:00-04:00,130.8807280078381,131.7197763577281,128.9460035518841,130.9991912841797,598200,WHR,130.5845947265625,0,0.9998493557848922,1.0,1.002356573203507,3.0,1.0079194263493332,29.0,0.9277847119773828,122.0,0.8426945234546288,539.0
2023-05-25 00:00:00-04:00,131.51247925360693,132.15410890375247,129.22239505216845,130.5845947265625,408700,WHR,132.48973083496094,1,0.9984150525384622,0.0,1.0012411986218472,2.0,1.0048227968009436,29.0,0.925836239337993,121.0,0.8399144966969343,538.0
2023-05-26 00:00:00-04:00,130.37731882078364,133.13134546472074,129.72582346429672,132.48973083496094,454500,WHR,131.0485382080078,0,1.0072418169440593,1.0,1.0115764457701122,3.0,1.0196655262576029,29.0,0.9403937095404222,121.0,0.8520458648956806,538.0
2023-05-30 00:00:00-04:00,133.23005493944504,133.693997207279,130.95970204491178,131.0485382080078,595000,WHR,127.6232681274414,0,0.9945313724940716,1.0,0.9986009071314086,2.0,1.0091017058187604,28.0,0.9312791408759332,120.0,0.842671251586909,537.0
2023-05-31 00:00:00-04:00,128.955870802587,129.6962022749829,125.6786704526894,127.6232681274414,982500,WHR,129.70606994628906,1,0.9867582396044954,0.0,0.9775885295161503,1.0,0.9834890656788117,28.0,0.9080245754108776,120.0,0.8205609374840933,536.0
2023-06-01 00:00:00-04:00,127.2679103878318,129.79492117153424,125.34305907327068,129.70606994628906,855600,WHR,133.94078063964844,1,1.0080939151145327,1.0,0.9955148634027958,2.0,0.9997303134355179,29.0,0.9238956840464425,121.0,0.8338541847710419,537.0
2023-06-02 00:00:00-04:00,131.581591471559,134.96736705057268,130.4760194958522,133.94078063964844,728800,WHR,131.7493896484375,0,1.0160620568155774,2.0,1.022747899569419,3.0,1.03226252132789,29.0,0.9549182308043475,122.0,0.8609766745110793,537.0
2023-06-05 00:00:00-04:00,133.27941103267818,133.76308462016735,130.3674435954937,131.7493896484375,667300,WHR,135.47079467773438,1,0.9917520810467515,1.0,1.007153539600201,2.0,1.0152439285544779,29.0,0.9401933600034663,122.0,0.846805121149928,536.0
2023-06-06 00:00:00-04:00,131.5124794061589,135.85576644343527,131.1571196945825,135.47079467773438,521000,WHR,144.09811401367188,1,1.0139263620324221,1.0,1.0286468460690272,3.0,1.0429156666959971,30.0,0.9675045124257791,123.0,0.8706270327762811,536.0
2023-06-07 00:00:00-04:00,136.37893233665997,144.14747245773347,136.37893233665997,144.09811401367188,1037100,WHR,142.06468200683594,0,1.0308593662160785,2.0,1.0674485508104126,4.0,1.1070981580433952,30.0,1.0295904466226429,124.0,0.9259365070879753,536.0
2023-06-08 00:00:00-04:00,144.10800424146902,144.61142425509234,141.15654381213793,142.06468200683594,781100,WHR,140.22865295410156,0,0.9928941426519672,1.0,1.0334626130411182,3.0,1.0895874565756596,29.0,1.0155935785652268,123.0,0.9127495184654794,535.0
2023-06-09 00:00:00-04:00,141.7882864346134,142.3213184803688,140.0016221811023,140.22865295410156,595200,WHR,142.49900817871094,1,0.9934960240808078,0.0,1.010858571436994,2.0,1.0734745377457753,29.0,1.0028777799710078,123.0,0.9008411011332158,535.0
2023-06-12 00:00:00-04:00,140.57414928496485,142.99256251362445,139.21193450073704,142.49900817871094,501900,WHR,144.79896545410156,1,1.0080301842964805,1.0,1.0115477520112803,3.0,1.0885752725556797,29.0,1.0192904282748076,124.0,0.9153009508333553,535.0
2023-06-13 00:00:00-04:00,143.13074948124904,145.76632768148838,142.93333077024306,144.79896545410156,636400,WHR,144.07838439941406,0,1.0080054768445048,2.0,1.0144396208443665,3.0,1.1033783674240951,30.0,1.035779332734626,125.0,0.9299252039780258,536.0
2023-06-14 00:00:00-04:00,145.50968892172995,146.95085910814254,143.6736662402106,144.07838439941406,552700,WHR,146.3585968017578,1,0.9975055813304404,1.0,1.0094192440423144,2.0,1.095594379775658,29.0,1.0306877501834686,124.0,0.9251410091544789,536.0
2023-06-15 00:00:00-04:00,143.98952711702432,146.58562756309212,143.98952711702432,146.3585968017578,443900,WHR,144.62127685546875,0,1.0078509712947483,1.0,1.0192619459686947,3.0,1.1102908540882794,30.0,1.0467679430646974,125.0,0.9396208450992635,536.0
2023-06-16 00:00:00-04:00,146.87188327860557,147.3259598659776,144.0487520549049,144.62127685546875,887900,WHR,144.5620574951172,0,0.9940294154215779,1.0,1.0010384801223853,3.0,1.0942374296164703,30.0,1.0342707556763182,124.0,0.9283310719791023,535.0
2023-06-20 00:00:00-04:00,144.12772728304458,145.0358654255225,142.78525892849404,144.5620574951172,476500,WHR,142.79513549804688,0,0.9997952186266731,0.0,0.9977789195118615,2.0,1.0907967562551204,30.0,1.033826502228606,123.0,0.9278154480317303,534.0
2023-06-21 00:00:00-04:00,143.6736615606818,144.21657430996902,141.0676954261852,142.79513549804688,750800,WHR,140.75181579589844,0,0.993851130091209,0.0,0.9883172853690965,1.0,1.0749045050607886,29.0,1.0212155560927005,123.0,0.916367940779078,533.0
2023-06-22 00:00:00-04:00,142.47925589666917,142.47925589666917,139.5080643456932,140.75181579589844,395600,WHR,138.77760314941406,0,0.9927937165509138,0.0,0.9786816291545962,1.0,1.0573674013033878,28.0,1.0069780633155332,122.0,0.9031577470054252,533.0
2023-06-23 00:00:00-04:00,139.18232131565736,139.63639792740787,137.64243421316206,138.77760314941406,1031700,WHR,140.9393768310547,1,0.9929373707642893,0.0,0.9752358711345537,0.0,1.0405749959123218,28.0,0.9933547380469249,121.0,0.8904118662814333,532.0
2023-06-26 00:00:00-04:00,139.2316830234883,141.274990169035,137.43513798709387,140.9393768310547,559300,WHR,146.08221435546875,1,1.007728432080854,1.0,0.9955792741946401,1.0,1.0547356457216064,28.0,1.0092079061021435,122.0,0.9041824895997624,533.0
2023-06-27 00:00:00-04:00,141.0677006122107,146.98047177867676,140.90975961350588,146.08221435546875,634200,WHR,144.7792205810547,0,1.0179179465320152,2.0,1.0296962579936988,2.0,1.090402763809476,29.0,1.0461927011220276,123.0,0.9370411122359052,534.0
2023-06-28 00:00:00-04:00,144.8976687964827,147.44441086276083,143.5946932405278,144.7792205810547,804100,WHR,147.53326416015625,1,0.9955202250353389,1.0,1.0176653144346044,2.0,1.0785035713232667,28.0,1.0369656224607282,123.0,0.9285485344530513,534.0
2023-06-29 00:00:00-04:00,144.81871539650504,148.04654980894725,144.11786163384605,147.53326416015625,670600,WHR,146.87188720703125,0,1.0094215735654937,1.0,1.0272306415469563,3.0,1.0963984155979956,29.0,1.0566326387827927,124.0,0.9460542074775268,535.0
2023-06-30 00:00:00-04:00,148.02681756487092,148.34268449585838,146.50666183186632,146.87188720703125,429000,WHR,147.2371368408203,1,0.997753514332023,1.0,1.011227493733589,3.0,1.0888105623778253,29.0,1.0519345921674972,123.0,0.9416632144952513,534.0
2023-07-03 00:00:00-04:00,146.60538787730346,147.70107913331836,146.1118335288658,147.2371368408203,312800,WHR,145.4208526611328,0,1.0012418851647669,1.0,1.0050265424505478,3.0,1.0886722169226326,30.0,1.0546681688470447,123.0,0.9438721586569706,534.0
2023-07-05 00:00:00-04:00,146.33885647023584,146.67446979428968,144.9865224478478,145.4208526611328,345800,WHR,144.67063903808594,0,0.9937938336049582,1.0,0.9935257940861166,2.0,1.0724289161875298,30.0,1.041787403517262,123.0,0.9320955694376731,534.0
2023-07-06 00:00:00-04:00,143.62430629562488,144.98652103087244,142.73591454955707,144.67063903808594,441700,WHR,146.36846923828125,1,0.9974138723660854,0.0,0.9885469484299886,2.0,1.064416838177851,29.0,1.0366466261537886,122.0,0.9271827010906576,533.0
2023-07-07 00:00:00-04:00,144.789089375377,147.69119121276603,144.31528144133878,146.36846923828125,770900,WHR,151.41259765625,1,1.0058336840373463,1.0,1.0017429718920796,2.0,1.0748210897291783,29.0,1.048957330243609,123.0,0.9379515283069225,533.0
2023-07-10 00:00:00-04:00,146.6744730476282,151.56065793129824,146.4573079361688,151.41259765625,524200,WHR,155.94342041015625,1,1.0169390501235436,2.0,1.0298639685791406,3.0,1.1090177135720574,30.0,1.0850802363302117,124.0,0.9701337169601396,533.0
2023-07-11 00:00:00-04:00,152.3997039692714,157.33524722245343,151.57053631763665,155.94342041015625,989200,WHR,155.95330810546875,1,1.014741285309492,2.0,1.0482661357920176,3.0,1.1387223063601002,30.0,1.117502792815516,124.0,0.9989771584113599,534.0
2023-07-12 00:00:00-04:00,157.4833145326603,158.54939373043734,155.85459121116068,155.95330810546875,550200,WHR,154.9958038330078,0,1.0000317018243814,2.0,1.033695444861224,4.0,1.1354065776925586,30.0,1.117499490411872,125.0,0.9988548361855554,534.0
2023-07-13 00:00:00-04:00,156.683751183127,157.6017700563126,153.90011263331814,154.9958038330078,525000,WHR,151.80743408203125,0,0.9969207042705741,1.0,1.0134768873046942,4.0,1.1254879697706464,29.0,1.1104707018713356,125.0,0.9925118354669737,534.0
2023-07-14 00:00:00-04:00,155.30180717061836,155.30180717061836,151.29414842390975,151.80743408203125,782000,WHR,149.744384765625,0,0.9896077702026747,0.0,0.9856184742422824,3.0,1.1002250510146552,28.0,1.0875662403282658,124.0,0.9719309246299994,533.0
2023-07-17 00:00:00-04:00,150.91904651277565,151.93576725514836,149.66541426323602,149.744384765625,622400,WHR,153.1104278564453,1,0.9931585578747628,0.0,0.974334605573636,2.0,1.0834619962234961,28.0,1.0728453266941624,123.0,0.9585753593755275,532.0
2023-07-18 00:00:00-04:00,149.17185880348933,153.37695141725305,149.17185880348933,153.1104278564453,898700,WHR,154.08766174316406,1,1.011114378740353,1.0,0.9999226508858796,2.0,1.105669502509732,28.0,1.0970311743331138,123.0,0.9799617654311643,532.0
2023-07-19 00:00:00-04:00,153.12028445000897,155.50908550507262,152.6958349728329,154.08766174316406,649500,WHR,149.51734924316406,0,1.0031811196742546,2.0,1.0087628595852474,2.0,1.1104838634673357,28.0,1.1041345281379937,123.0,0.9860486311973347,532.0
2023-07-20 00:00:00-04:00,147.78990909615908,151.17568455448912,147.26674271374705,149.51734924316406,1254600,WHR,147.79977416992188,0,0.9849465182239505,1.0,0.9859145817437237,2.0,1.0759333229495773,28.0,1.0716598115481595,122.0,0.9566763028537419,531.0
2023-07-21 00:00:00-04:00,150.76110012438602,151.13620623181794,147.33583189875588,147.79977416992188,763200,WHR,148.81649780273438,1,0.9942230872762218,0.0,0.9797672751216403,2.0,1.0611933286807629,28.0,1.0596507723249509,122.0,0.945545444671155,531.0
2023-07-24 00:00:00-04:00,148.2637193569629,150.0997420873227,148.22424163744336,148.81649780273438,1050500,WHR,144.42385864257812,0,1.0034277405823044,1.0,0.9877222455009279,3.0,1.0655406682679402,29.0,1.0671231211792205,123.0,0.9518727497245658,532.0
2023-07-25 00:00:00-04:00,147.60234957886234,147.8392610681424,141.62047379880013,144.42385864257812,1966800,WHR,141.7191925048828,0,0.9850203457211544,1.0,0.9697495530015492,2.0,1.0325413306804097,28.0,1.0360365171480757,122.0,0.9236083218415423,532.0
2023-07-26 00:00:00-04:00,143.30842293135254,145.5195516734499,141.38356412523856,141.7191925048828,1114700,WHR,139.9522705078125,0,0.9905478531564916,0.0,0.9676615263976083,1.0,1.0125091523385,27.0,1.0171378194106606,121.0,0.9061506705963309,532.0
2023-07-27 00:00:00-04:00,143.08140328443295,143.9500637617072,139.52782099592477,139.9522705078125,900600,WHR,140.75181579589844,1,0.993727010971677,0.0,0.9682442605166196,1.0,0.9994328474727683,26.0,1.0051847497233681,120.0,0.8947196020016156,531.0
2023-07-28 00:00:00-04:00,141.15653394869307,143.01230299110168,140.495172974705,140.75181579589844,662600,WHR,142.40028381347656,1,1.0028483564262076,1.0,0.9833657102471184,2.0,1.0045003479601369,27.0,1.0115600447952113,121.0,0.8997033340619714,531.0
2023-07-31 00:00:00-04:00,141.14666671328803,142.8050019617652,141.0973082699705,142.40028381347656,1892400,WHR,141.43292236328125,0,1.0058218463499027,2.0,1.0038829859935532,2.0,1.015669786810908,27.0,1.0240744286388723,121.0,0.9101189335045462,531.0
2023-08-01 00:00:00-04:00,141.12692109994418,142.2028658846075,139.97200581795485,141.43292236328125,533300,WHR,143.66378784179688,1,0.9965917960649294,1.0,1.0012858314937434,2.0,1.0076658490851862,27.0,1.0175924146496442,121.0,0.9037944561187052,531.0
2023-08-02 00:00:00-04:00,139.5475465343904,146.58563610459893,139.28103804071804,143.66378784179688,1329800,WHR,139.73509216308594,0,1.007824942900642,1.0,1.0142867035476912,3.0,1.0223203515487416,27.0,1.0340161372021255,122.0,0.9178852262600107,532.0
2023-08-03 00:00:00-04:00,143.19985301750688,143.19985301750688,139.46856862149616,139.73509216308594,557900,WHR,139.67587280273438,0,0.9861372222831535,1.0,0.9868521852882403,3.0,0.9936058180990796,27.0,1.0062675236841463,121.0,0.8926495963962109,531.0
2023-08-04 00:00:00-04:00,140.2780096766641,141.6797021404501,139.6265143582321,139.67587280273438,533500,WHR,141.02821350097656,1,0.9997880564194794,0.0,0.9879353530225402,2.0,0.9923290292243853,27.0,1.0063831810421437,120.0,0.8921083398612537,531.0
2023-08-07 00:00:00-04:00,140.31749404031586,142.53848858935973,140.12007531503974,141.02821350097656,685900,WHR,139.93251037597656,0,1.0048176737148706,1.0,0.9994403953458194,2.0,1.0006351382564593,28.0,1.0165352468530033,121.0,0.9005702783403584,532.0
2023-08-08 00:00:00-04:00,139.30076147146966,140.1595561997502,137.65229190911697,139.93251037597656,451000,WHR,137.9879150390625,0,0.9961001555310632,1.0,0.9937887720867697,2.0,0.9915755171394871,28.0,1.0089069905659496,121.0,0.8934183204081277,531.0
2023-08-09 00:00:00-04:00,138.590051933244,139.45871238703586,137.2081058131961,137.9879150390625,489700,WHR,138.15573120117188,1,0.9930030499413275,0.0,0.9879431332515216,1.0,0.9765504532361361,28.0,0.9954227388361557,120.0,0.8808779316622413,530.0
2023-08-10 00:00:00-04:00,138.59004634848316,139.5475429295332,137.32654850047365,138.15573120117188,750900,WHR,138.74798583984375,1,1.000607713283989,1.0,0.991386686153855,2.0,0.9765556545942076,28.0,0.9971691767955307,120.0,0.8818322211015571,530.0
2023-08-11 00:00:00-04:00,138.25443152762912,138.87631478088588,137.58320489281672,138.74798583984375,501700,WHR,137.38577270507812,0,1.002138846834563,2.0,0.9969642601052817,3.0,0.9791300623045411,29.0,1.0019801710778153,120.0,0.8855061516377835,530.0
2023-08-14 00:00:00-04:00,138.07676079982537,138.56043439164952,136.6849340084047,137.38577270507812,507600,WHR,136.6553192138672,0,0.9950668359350782,1.0,0.9923707367951918,2.0,0.9684388205880117,28.0,0.9927963093204294,119.0,0.876710508159686,530.0
2023-08-15 00:00:00-04:00,137.48448683643716,137.8102344871787,136.10254079882054,136.6553192138672,546100,WHR,134.2171630859375,0,0.9973345110906688,0.0,0.991790014129601,2.0,0.9627550136918226,27.0,0.9883290271169547,118.0,0.8719294356392684,530.0
2023-08-16 00:00:00-04:00,136.22099242166644,137.48449027684282,134.16780464148417,134.2171630859375,454300,WHR,132.58843994140625,0,0.9909988784861834,0.0,0.9794557240615975,2.0,0.9450805666518083,27.0,0.9714929645234467,118.0,0.8562746160081276,529.0
2023-08-17 00:00:00-04:00,135.4016905321204,135.4016905321204,132.01591512194972,132.58843994140625,659700,WHR,133.40773010253906,1,0.9938954687380972,0.0,0.9754964517087765,1.0,0.9333017306884046,26.0,0.9605322016838872,118.0,0.8457874513742245,529.0
2023-08-18 00:00:00-04:00,131.61120016381352,133.94077721661574,131.2854524967851,133.40773010253906,596300,WHR,131.51248168945312,0,1.0030800825477955,1.0,0.9892981428551837,1.0,0.9388078596155011,26.0,0.9671615052908032,119.0,0.8509273878260615,529.0
2023-08-21 00:00:00-04:00,133.73347615984554,133.9999997136758,131.16700269797505,131.51248168945312,492500,WHR,134.2467803955078,1,0.9928459652048971,1.0,0.9838135383614822,1.0,0.9254150341936175,26.0,0.9540688471577227,119.0,0.8387702381668152,528.0
2023-08-22 00:00:00-04:00,131.89745691871985,134.47381117438164,131.69017253081685,134.2467803955078,982100,WHR,134.0,0,1.0102886299600748,1.0,1.0079001850834388,2.0,0.9442499467309711,27.0,0.9744972800750399,119.0,0.8561318085879467,528.0
2023-08-23 00:00:00-04:00,134.24677716390423,134.24677716390423,133.01289134438306,134.0,722400,WHR,133.5500030517578,0,0.9990800247624819,1.0,1.0063755662609026,2.0,0.9423473316092262,26.0,0.9733087203901889,118.0,0.8544603416736453,528.0
2023-08-24 00:00:00-04:00,134.55999755859375,134.91000366210938,133.07000732421875,133.5500030517578,741700,WHR,134.0,1,0.9983180828140183,0.0,1.0015494130596754,2.0,0.9389074754090162,26.0,0.9707825960428571,117.0,0.851511067020919,527.0
2023-08-25 00:00:00-04:00,133.9199981689453,134.64999389648438,132.64999389648438,134.0,541000,WHR,136.5,1,1.0016819171859817,1.0,1.004032215651509,2.0,0.9413677535763554,27.0,0.9745466017833753,118.0,0.8543225162273839,527.0
2023-08-28 00:00:00-04:00,134.69000244140625,137.52999877929688,134.69000244140625,136.5,759800,WHR,137.97999572753906,1,1.009242144177449,2.0,1.0151766553164459,3.0,0.9581683896526574,27.0,0.9931121442399472,119.0,0.8701931183521223,527.0
2023-08-29 00:00:00-04:00,136.22000122070312,138.5800018310547,135.67999267578125,137.97999572753906,440400,WHR,138.6300048828125,1,1.0053919985083655,2.0,1.0205168112116967,3.0,0.9680998085561668,27.0,1.0042295381458792,119.0,0.8795701850167417,527.0
2023-08-30 00:00:00-04:00,138.02000427246094,139.63999938964844,137.85000610351562,138.6300048828125,426500,WHR,139.9600067138672,1,1.0023499119838009,2.0,1.0183498673122466,4.0,0.9718784508813821,28.0,1.0092592448549011,120.0,0.8836652242259635,527.0
2023-08-31 00:00:00-04:00,138.8000030517578,140.02999877929688,138.0500030517578,139.9600067138672,582000,WHR,141.9499969482422,1,1.0047740470788313,2.0,1.0185279900292752,5.0,0.9806881473320621,28.0,1.0191640824178059,121.0,0.8920970726435618,527.0
2023-09-01 00:00:00-04:00,140.41000366210938,142.52000427246094,140.41000366210938,141.9499969482422,557100,WHR,137.66000366210938,0,1.0070589557253178,2.0,1.021193606483556,5.0,0.9948814209375976,28.0,1.0337779176250361,122.0,0.9047133834843756,528.0
2023-09-05 00:00:00-04:00,141.30999755859375,141.6300048828125,137.1199951171875,137.66000366210938,633900,WHR,138.17999267578125,1,0.9846572251465673,1.0,0.9886811032574725,4.0,0.9653109193647148,28.0,1.002705262696107,122.0,0.8773248495655662,528.0
2023-09-06 00:00:00-04:00,137.5,138.6999969482422,137.49000549316406,138.17999267578125,480500,WHR,136.1199951171875,0,1.0018851110084663,1.0,0.9921306736760364,4.0,0.9691892823073176,29.0,1.006743924183992,122.0,0.8805840274187418,529.0
2023-09-07 00:00:00-04:00,137.5,138.1999969482422,135.52999877929688,136.1199951171875,689700,WHR,136.5,1,0.9924899830467782,1.0,0.9808753518315648,3.0,0.9554530205858879,28.0,0.9920794626419089,121.0,0.8674300126979986,528.0
2023-09-08 00:00:00-04:00,136.11000061035156,137.8800048828125,135.9499969482422,136.5,347700,WHR,136.9600067138672,1,1.0013938995290832,1.0,0.988543056247472,3.0,0.9590514618351714,28.0,0.9953055475091808,121.0,0.869808061012827,529.0
2023-09-11 00:00:00-04:00,136.6999969482422,138.02000427246094,136.41000366210938,136.9600067138672,380200,WHR,136.36000061035156,0,1.001682171807845,2.0,0.9990954967738531,3.0,0.9630862715085815,29.0,0.9990981453366635,122.0,0.8726908692542193,530.0
2023-09-12 00:00:00-04:00,136.52999877929688,137.8000030517578,136.00999450683594,136.36000061035156,340500,WHR,135.08999633789062,0,0.9978047486922395,1.0,0.9966087936590243,3.0,0.9599920343068371,28.0,0.9948071167114637,122.0,0.8688228893769903,529.0
2023-09-13 00:00:00-04:00,136.49000549316406,136.88999938964844,134.89999389648438,135.08999633789062,352600,WHR,136.55999755859375,1,0.9953214062009988,0.0,0.9918065032379695,2.0,0.9521158458814245,28.0,0.9856372810246925,122.0,0.8606975979172712,528.0
2023-09-14 00:00:00-04:00,136.3300018310547,138.0,135.0,136.55999755859375,481500,WHR,137.97999572753906,1,1.0054113795462234,1.0,1.0019516436084983,3.0,0.9633819881259621,29.0,0.9964227086087326,122.0,0.8700202381437199,529.0
2023-09-15 00:00:00-04:00,135.50999450683594,138.0800018310547,134.35000610351562,137.97999572753906,1572500,WHR,137.02000427246094,0,1.005172281648107,2.0,1.01017641367671,3.0,0.9739509716369561,30.0,1.0067796586483078,123.0,0.8790211531655718,529.0
2023-09-18 00:00:00-04:00,137.82000732421875,138.22999572753906,135.97000122070312,137.02000427246094,488600,WHR,137.22999572753906,1,0.9965091219815341,1.0,1.0030600238243628,2.0,0.9675995391156296,30.0,0.9998598704165187,122.0,0.8728866998039543,528.0
2023-09-19 00:00:00-04:00,136.5500030517578,137.64999389648438,136.1199951171875,137.22999572753906,342000,WHR,136.35000610351562,0,1.0007656935463196,1.0,1.003319279768545,3.0,0.9692589913064283,31.0,1.001349694603533,123.0,0.8742077355186858,528.0
2023-09-20 00:00:00-04:00,138.05999755859375,138.89999389648438,136.0500030517578,136.35000610351562,243200,WHR,132.64999389648438,0,0.9967834285469197,1.0,0.9950521515674311,3.0,0.9635641649739192,30.0,0.9949010693638504,123.0,0.8686037851645104,527.0
2023-09-21 00:00:00-04:00,135.36000061035156,135.36000061035156,132.61000061035156,132.64999389648438,410100,WHR,130.9199981689453,0,0.986245307780553,0.0,0.9736065259047865,2.0,0.938902153896453,29.0,0.9679185720478362,123.0,0.8450384333729296,527.0
2023-09-22 00:00:00-04:00,132.8800048828125,133.1199951171875,130.55999755859375,130.9199981689453,313100,WHR,131.7899932861328,1,0.9934362947997905,0.0,0.9709717024231704,1.0,0.9281746784950918,29.0,0.9553749069689066,122.0,0.834023396021234,527.0
2023-09-25 00:00:00-04:00,130.33999633789062,132.67999267578125,130.33999633789062,131.7899932861328,330900,WHR,130.14999389648438,0,1.003311617926554,1.0,0.9850658938867922,2.0,0.9360839588503818,29.0,0.9616898365987366,123.0,0.8395677839567458,527.0
2023-09-26 00:00:00-04:00,130.94000244140625,131.3800048828125,129.8000030517578,130.14999389648438,408400,WHR,130.6300048828125,1,0.9937390262277708,1.0,0.9832139483953858,1.0,0.9262688925524404,29.0,0.9497296448058229,123.0,0.8291409398333827,526.0
2023-09-27 00:00:00-04:00,130.89999389648438,132.22000122070312,129.7899932861328,130.6300048828125,441600,WHR,133.14999389648438,1,1.001840674087641,1.0,0.9954431069754764,2.0,0.9315200671129295,29.0,0.9533522843326396,123.0,0.8322246393253749,526.0
2023-09-28 00:00:00-04:00,130.33999633789062,134.0399932861328,130.27000427246094,133.14999389648438,589600,WHR,133.6999969482422,1,1.0095533741198488,2.0,1.0138736378711704,3.0,0.9508768075824968,30.0,0.9716758649720981,124.0,0.8482828495877084,527.0
2023-09-29 00:00:00-04:00,134.49000549316406,135.4499969482422,133.6199951171875,133.6999969482422,419500,WHR,132.07000732421875,0,1.0020610945123767,2.0,1.0137696795159024,4.0,0.9560529743513699,31.0,0.9755300314450833,125.0,0.8517924386666602,527.0
2023-10-02 00:00:00-04:00,133.22999572753906,134.27999877929688,130.72000122070312,132.07000732421875,463800,WHR,128.08999633789062,0,0.9938669165149563,1.0,1.000985356489099,3.0,0.9460094245688249,30.0,0.9636756923276361,124.0,0.8414278922217013,526.0
2023-10-03 00:00:00-04:00,131.27999877929688,131.75,128.00999450683594,128.08999633789062,487400,WHR,128.75,1,0.984701680003444,0.0,0.973861052070815,3.0,0.9200625840856673,29.0,0.934931045182067,123.0,0.8161150696992427,525.0
2023-10-04 00:00:00-04:00,128.22999572753906,128.8800048828125,126.6999969482422,128.75,471000,WHR,125.7699966430664,0,1.002569707489176,1.0,0.9816853809207009,3.0,0.9278238599052417,29.0,0.9399816402171451,124.0,0.8203622652438808,525.0
2023-10-05 00:00:00-04:00,128.6199951171875,129.1300048828125,125.6999969482422,125.7699966430664,595100,WHR,124.26000213623048,0,0.9882916729677916,1.0,0.9698787530139479,2.0,0.9096464321032993,28.0,0.9184940274749135,124.0,0.8014313876089824,524.0
2023-10-06 00:00:00-04:00,124.5,125.33000183105467,122.63999938964844,124.26000213623048,829200,WHR,125.83000183105467,1,0.9939607466535694,0.0,0.9723917868769353,1.0,0.9020673822499891,28.0,0.9076671006846107,124.0,0.7918773007296926,523.0
2023-10-09 00:00:00-04:00,123.20999908447266,126.08000183105467,121.87999725341795,125.83000183105467,532100,WHR,127.88999938964844,1,1.0062777386937447,1.0,0.9943891452345632,2.0,0.9163449456243311,29.0,0.9193577686845923,124.0,0.8019460312478456,523.0
2023-10-10 00:00:00-04:00,126.44000244140624,128.5,125.8000030517578,127.88999938964844,436500,WHR,128.16000366210938,1,1.0081191768433022,2.0,1.0109881374675767,3.0,0.9338236864594625,30.0,0.9346255074128138,124.0,0.8151327720079299,523.0
2023-10-11 00:00:00-04:00,128.7100067138672,129.33999633789062,127.06999969482422,128.16000366210938,449600,WHR,123.52999877929688,0,1.0010544982200464,2.0,1.014068482215691,3.0,0.9386452725042673,30.0,0.9368088123143513,124.0,0.8169084871002601,524.0
2023-10-12 00:00:00-04:00,127.75,127.75,123.11000061035156,123.52999877929688,562700,WHR,123.29000091552734,0,0.9816043353414867,1.0,0.980910617003877,3.0,0.9081224331467339,29.0,0.9032994048153629,123.0,0.7874721197387303,524.0
2023-10-13 00:00:00-04:00,123.3499984741211,123.98999786376952,122.4499969482422,123.29000091552734,463600,WHR,126.56999969482422,1,0.9990276401261394,0.0,0.9805153492750018,3.0,0.909280054982937,29.0,0.9017815321816429,123.0,0.7860258106524647,523.0
2023-10-16 00:00:00-04:00,124.44000244140624,127.33000183105467,124.23999786376952,126.56999969482422,1078500,WHR,130.91000366210938,1,1.0131273463991217,1.0,1.0054175076567877,3.0,0.9359127813106759,30.0,0.9259708774355645,123.0,0.8069989293204746,524.0
2023-10-17 00:00:00-04:00,126.0,132.30999755859375,126.0,130.91000366210938,907500,WHR,130.3000030517578,0,1.016855693299292,2.0,1.0349271279799255,3.0,0.9701455510788066,30.0,0.9578904296570216,123.0,0.8347057976238825,525.0
